300
3 5
6 9
7 9
7 10
8 10
9 10
6 11
6 12
7 12
10 12
1 13
2 13
3 13
5 13
6 13
7 14
9 14
11 14
10 15
13 15
8 16
9 16
11 16
12 16
13 16
14 16
1 17
2 17
9 17
14 17
16 17
3 18
9 18
10 18
11 18
15 18
17 18
2 19
3 19
9 19
11 19
15 19
16 19
2 20
9 20
10 20
12 20
16 20
18 20
19 20
1 21
3 21
4 21
6 21
7 21
13 21
14 21
15 21
18 21
7 22
9 22
10 22
11 22
14 22
15 22
16 22
17 22
18 22
19 22
20 22
21 22
10 23
13 23
15 23
16 23
17 23
1 24
2 24
3 24
12 24
15 24
16 24
17 24
19 24
20 24
21 24
1 25
3 25
4 25
6 25
13 25
14 25
19 25
22 25
24 25
2 26
3 26
15 26
16 26
17 26
19 26
20 26
21 26
22 26
23 26
24 26
2 27
3 27
5 27
7 27
8 27
15 27
17 27
18 27
20 27
21 27
25 27
26 27
2 28
3 28
4 28
5 28
14 28
15 28
16 28
17 28
19 28
20 28
23 28
25 28
27 28
2 29
3 29
8 29
9 29
11 29
12 29
13 29
14 29
16 29
18 29
21 29
22 29
23 29
25 29
27 29
2 30
11 30
13 30
14 30
15 30
17 30
21 30
22 30
23 30
25 30
29 30
3 31
5 31
14 31
15 31
25 31
27 31
28 31
29 31
2 32
4 32
5 32
7 32
9 32
16 32
17 32
20 32
24 32
26 32
27 32
28 32
30 32
1 33
3 33
5 33
6 33
7 33
8 33
9 33
11 33
19 33
21 33
22 33
25 33
27 33
29 33
32 33
1 34
4 34
5 34
7 34
8 34
9 34
10 34
12 34
17 34
18 34
19 34
20 34
21 34
22 34
26 34
27 34
28 34
31 34
32 34
1 35
4 35
7 35
8 35
9 35
10 35
11 35
17 35
21 35
23 35
24 35
25 35
26 35
28 35
30 35
32 35
33 35
34 35
1 36
4 36
6 36
7 36
8 36
15 36
16 36
18 36
20 36
21 36
23 36
27 36
28 36
29 36
31 36
33 36
34 36
1 37
2 37
6 37
8 37
9 37
12 37
16 37
19 37
20 37
23 37
27 37
28 37
31 37
33 37
34 37
36 37
2 38
3 38
6 38
16 38
18 38
19 38
20 38
21 38
23 38
25 38
26 38
27 38
28 38
33 38
35 38
37 38
9 39
10 39
18 39
19 39
20 39
23 39
25 39
29 39
31 39
32 39
33 39
34 39
38 39
1 40
2 40
5 40
8 40
9 40
12 40
24 40
28 40
31 40
32 40
33 40
35 40
36 40
38 40
39 40
1 41
3 41
4 41
6 41
7 41
8 41
9 41
12 41
15 41
23 41
25 41
27 41
29 41
30 41
35 41
37 41
40 41
2 42
4 42
5 42
9 42
11 42
14 42
16 42
21 42
22 42
26 42
30 42
31 42
34 42
36 42
37 42
39 42
41 42
1 43
2 43
6 43
8 43
20 43
21 43
22 43
25 43
26 43
28 43
31 43
33 43
37 43
39 43
42 43
1 44
2 44
7 44
9 44
10 44
12 44
14 44
15 44
19 44
20 44
21 44
25 44
26 44
30 44
31 44
32 44
34 44
35 44
36 44
40 44
41 44
2 45
4 45
5 45
6 45
7 45
9 45
10 45
12 45
15 45
17 45
22 45
23 45
26 45
32 45
40 45
43 45
44 45
4 46
6 46
21 46
22 46
23 46
24 46
25 46
28 46
29 46
31 46
32 46
33 46
34 46
35 46
36 46
37 46
38 46
39 46
42 46
44 46
2 47
5 47
7 47
10 47
12 47
23 47
25 47
26 47
27 47
29 47
30 47
32 47
34 47
41 47
44 47
46 47
1 48
3 48
8 48
15 48
16 48
24 48
26 48
32 48
33 48
34 48
36 48
37 48
38 48
39 48
43 48
46 48
47 48
1 49
5 49
6 49
8 49
9 49
10 49
11 49
12 49
14 49
19 49
30 49
31 49
34 49
39 49
43 49
44 49
45 49
46 49
47 49
48 49
1 50
2 50
4 50
6 50
13 50
14 50
16 50
17 50
20 50
25 50
27 50
28 50
30 50
31 50
32 50
34 50
38 50
43 50
45 50
46 50
47 50
48 50
4 51
5 51
6 51
9 51
10 51
11 51
12 51
13 51
15 51
18 51
19 51
20 51
24 51
25 51
26 51
33 51
38 51
42 51
43 51
44 51
46 51
48 51
49 51
2 52
4 52
5 52
6 52
8 52
11 52
12 52
13 52
14 52
15 52
17 52
18 52
22 52
23 52
25 52
26 52
35 52
37 52
39 52
43 52
44 52
45 52
47 52
48 52
49 52
51 52
2 53
8 53
11 53
12 53
20 53
23 53
27 53
29 53
30 53
32 53
33 53
35 53
37 53
39 53
42 53
43 53
44 53
46 53
47 53
49 53
50 53
2 54
4 54
5 54
6 54
8 54
10 54
12 54
23 54
26 54
27 54
28 54
29 54
30 54
31 54
32 54
35 54
36 54
42 54
43 54
44 54
45 54
49 54
52 54
53 54
2 55
6 55
7 55
11 55
16 55
29 55
30 55
31 55
35 55
37 55
38 55
39 55
40 55
41 55
42 55
43 55
45 55
46 55
47 55
48 55
50 55
53 55
54 55
8 56
9 56
10 56
12 56
16 56
19 56
30 56
31 56
32 56
33 56
37 56
38 56
39 56
41 56
43 56
44 56
46 56
49 56
55 56
3 57
9 57
14 57
16 57
20 57
21 57
22 57
23 57
31 57
32 57
36 57
37 57
38 57
39 57
40 57
42 57
43 57
44 57
47 57
49 57
50 57
51 57
53 57
56 57
3 58
4 58
9 58
12 58
21 58
23 58
24 58
31 58
34 58
37 58
38 58
40 58
43 58
44 58
49 58
51 58
53 58
4 59
9 59
10 59
12 59
14 59
17 59
19 59
21 59
22 59
23 59
24 59
28 59
30 59
31 59
34 59
43 59
44 59
49 59
51 59
53 59
4 60
5 60
6 60
8 60
10 60
11 60
12 60
14 60
15 60
17 60
18 60
19 60
22 60
26 60
27 60
30 60
31 60
32 60
34 60
37 60
40 60
41 60
43 60
44 60
47 60
49 60
50 60
51 60
53 60
56 60
57 60
58 60
2 61
3 61
4 61
7 61
8 61
9 61
11 61
12 61
14 61
15 61
17 61
19 61
21 61
25 61
26 61
29 61
33 61
38 61
41 61
43 61
44 61
47 61
51 61
52 61
55 61
59 61
1 62
2 62
4 62
7 62
9 62
10 62
11 62
12 62
14 62
15 62
18 62
27 62
28 62
29 62
30 62
32 62
34 62
35 62
37 62
38 62
40 62
42 62
43 62
44 62
50 62
54 62
55 62
56 62
61 62
2 63
3 63
5 63
8 63
12 63
13 63
20 63
21 63
22 63
31 63
36 63
37 63
39 63
43 63
44 63
46 63
50 63
52 63
54 63
58 63
59 63
61 63
2 64
4 64
10 64
11 64
13 64
17 64
20 64
23 64
24 64
25 64
32 64
33 64
35 64
37 64
38 64
39 64
41 64
42 64
43 64
45 64
47 64
49 64
50 64
51 64
52 64
53 64
54 64
55 64
56 64
59 64
60 64
62 64
63 64
2 65
4 65
5 65
7 65
12 65
18 65
19 65
20 65
25 65
26 65
27 65
34 65
36 65
37 65
38 65
41 65
44 65
46 65
47 65
48 65
49 65
51 65
54 65
55 65
57 65
58 65
62 65
2 66
3 66
7 66
8 66
12 66
13 66
17 66
19 66
20 66
25 66
28 66
33 66
38 66
39 66
41 66
42 66
44 66
46 66
48 66
49 66
50 66
58 66
61 66
62 66
63 66
64 66
65 66
1 67
3 67
4 67
5 67
6 67
11 67
12 67
13 67
14 67
15 67
17 67
18 67
19 67
20 67
23 67
25 67
28 67
33 67
34 67
35 67
39 67
40 67
43 67
44 67
45 67
46 67
47 67
48 67
49 67
51 67
52 67
56 67
59 67
60 67
61 67
62 67
63 67
1 68
2 68
4 68
7 68
9 68
11 68
14 68
17 68
22 68
23 68
25 68
26 68
27 68
30 68
31 68
32 68
35 68
36 68
38 68
39 68
40 68
42 68
44 68
45 68
51 68
54 68
57 68
59 68
60 68
61 68
63 68
65 68
67 68
1 69
3 69
5 69
6 69
9 69
10 69
11 69
12 69
16 69
17 69
19 69
20 69
21 69
22 69
23 69
27 69
28 69
29 69
33 69
35 69
36 69
38 69
39 69
43 69
44 69
45 69
49 69
51 69
52 69
56 69
59 69
60 69
61 69
62 69
64 69
4 70
5 70
7 70
8 70
9 70
10 70
12 70
13 70
18 70
19 70
22 70
32 70
33 70
36 70
37 70
41 70
45 70
47 70
51 70
55 70
57 70
61 70
64 70
66 70
67 70
69 70
5 71
6 71
7 71
11 71
12 71
14 71
15 71
16 71
18 71
19 71
23 71
24 71
25 71
34 71
35 71
41 71
44 71
45 71
48 71
49 71
53 71
57 71
58 71
60 71
63 71
64 71
65 71
2 72
3 72
5 72
7 72
8 72
10 72
11 72
12 72
14 72
15 72
16 72
21 72
24 72
25 72
29 72
36 72
41 72
42 72
43 72
46 72
50 72
51 72
53 72
54 72
56 72
57 72
58 72
59 72
60 72
61 72
63 72
71 72
2 73
3 73
4 73
9 73
14 73
16 73
17 73
18 73
19 73
20 73
21 73
26 73
28 73
30 73
31 73
38 73
39 73
40 73
43 73
44 73
45 73
46 73
47 73
48 73
49 73
52 73
54 73
56 73
57 73
58 73
63 73
65 73
66 73
69 73
70 73
71 73
72 73
5 74
6 74
7 74
8 74
10 74
11 74
12 74
13 74
15 74
16 74
17 74
18 74
19 74
20 74
24 74
27 74
28 74
29 74
31 74
32 74
37 74
39 74
40 74
42 74
44 74
46 74
48 74
49 74
50 74
54 74
55 74
56 74
58 74
61 74
62 74
64 74
65 74
67 74
69 74
70 74
73 74
1 75
7 75
10 75
11 75
12 75
14 75
19 75
20 75
22 75
24 75
25 75
26 75
27 75
28 75
29 75
31 75
38 75
46 75
49 75
58 75
59 75
63 75
64 75
67 75
70 75
74 75
2 76
3 76
7 76
8 76
13 76
15 76
17 76
20 76
21 76
25 76
27 76
29 76
30 76
31 76
34 76
36 76
37 76
39 76
40 76
45 76
51 76
55 76
56 76
58 76
59 76
60 76
61 76
62 76
63 76
67 76
72 76
74 76
75 76
3 77
4 77
5 77
6 77
7 77
8 77
9 77
18 77
19 77
20 77
21 77
22 77
25 77
28 77
29 77
31 77
32 77
33 77
34 77
35 77
36 77
38 77
42 77
45 77
47 77
48 77
50 77
52 77
54 77
57 77
58 77
59 77
60 77
62 77
63 77
64 77
66 77
68 77
70 77
71 77
72 77
73 77
75 77
76 77
9 78
13 78
17 78
18 78
20 78
21 78
22 78
24 78
25 78
37 78
40 78
42 78
43 78
49 78
50 78
61 78
62 78
68 78
70 78
72 78
73 78
74 78
77 78
2 79
3 79
4 79
6 79
8 79
10 79
12 79
16 79
18 79
19 79
20 79
22 79
25 79
26 79
27 79
29 79
30 79
41 79
42 79
43 79
46 79
47 79
48 79
49 79
52 79
55 79
57 79
59 79
61 79
62 79
63 79
64 79
69 79
70 79
74 79
76 79
78 79
4 80
5 80
6 80
8 80
9 80
10 80
11 80
12 80
18 80
19 80
24 80
25 80
26 80
29 80
31 80
32 80
33 80
41 80
42 80
43 80
50 80
51 80
53 80
54 80
56 80
57 80
58 80
62 80
63 80
66 80
69 80
74 80
76 80
77 80
79 80
3 81
4 81
5 81
6 81
10 81
11 81
14 81
15 81
16 81
17 81
20 81
21 81
22 81
25 81
26 81
27 81
28 81
29 81
32 81
42 81
43 81
46 81
48 81
49 81
50 81
51 81
55 81
57 81
58 81
61 81
63 81
64 81
67 81
69 81
70 81
71 81
72 81
73 81
75 81
76 81
78 81
1 82
2 82
5 82
9 82
12 82
13 82
14 82
16 82
17 82
19 82
21 82
23 82
24 82
27 82
28 82
31 82
33 82
34 82
41 82
42 82
44 82
46 82
47 82
48 82
49 82
50 82
51 82
55 82
56 82
57 82
58 82
59 82
62 82
64 82
66 82
67 82
68 82
69 82
71 82
74 82
76 82
77 82
79 82
80 82
81 82
2 83
12 83
17 83
19 83
20 83
22 83
23 83
25 83
26 83
27 83
28 83
30 83
31 83
35 83
42 83
43 83
45 83
46 83
47 83
48 83
49 83
51 83
52 83
53 83
54 83
55 83
57 83
59 83
61 83
62 83
69 83
70 83
71 83
74 83
75 83
76 83
78 83
80 83
82 83
1 84
2 84
3 84
6 84
8 84
10 84
12 84
13 84
16 84
17 84
19 84
21 84
22 84
24 84
25 84
34 84
47 84
50 84
53 84
54 84
55 84
58 84
61 84
64 84
66 84
70 84
72 84
75 84
77 84
78 84
79 84
80 84
81 84
82 84
1 85
2 85
3 85
4 85
7 85
8 85
9 85
11 85
13 85
15 85
17 85
23 85
24 85
26 85
28 85
29 85
30 85
31 85
32 85
33 85
35 85
36 85
37 85
38 85
39 85
40 85
44 85
45 85
47 85
50 85
51 85
53 85
55 85
58 85
63 85
65 85
66 85
67 85
69 85
71 85
74 85
75 85
82 85
83 85
84 85
1 86
2 86
3 86
5 86
7 86
10 86
17 86
19 86
23 86
25 86
29 86
39 86
40 86
41 86
42 86
43 86
45 86
47 86
48 86
49 86
50 86
51 86
53 86
56 86
59 86
60 86
70 86
74 86
75 86
78 86
82 86
83 86
85 86
1 87
5 87
6 87
7 87
8 87
9 87
12 87
13 87
16 87
17 87
19 87
21 87
24 87
26 87
28 87
31 87
43 87
44 87
47 87
48 87
50 87
54 87
57 87
58 87
60 87
69 87
71 87
78 87
79 87
84 87
1 88
2 88
3 88
7 88
8 88
9 88
15 88
17 88
19 88
21 88
22 88
26 88
27 88
28 88
29 88
30 88
33 88
35 88
36 88
37 88
44 88
47 88
48 88
49 88
52 88
58 88
59 88
61 88
62 88
64 88
66 88
67 88
70 88
71 88
72 88
73 88
74 88
76 88
78 88
79 88
80 88
82 88
84 88
85 88
87 88
1 89
3 89
4 89
6 89
8 89
9 89
11 89
13 89
15 89
17 89
18 89
19 89
28 89
30 89
34 89
36 89
46 89
48 89
50 89
51 89
52 89
53 89
56 89
57 89
60 89
61 89
68 89
70 89
72 89
79 89
80 89
83 89
4 90
5 90
7 90
8 90
14 90
16 90
17 90
19 90
21 90
26 90
27 90
29 90
32 90
34 90
37 90
38 90
40 90
45 90
48 90
50 90
52 90
54 90
55 90
56 90
58 90
59 90
61 90
62 90
67 90
68 90
69 90
73 90
75 90
76 90
77 90
81 90
83 90
84 90
86 90
89 90
3 91
4 91
6 91
7 91
8 91
9 91
10 91
11 91
15 91
19 91
21 91
22 91
25 91
26 91
27 91
30 91
31 91
34 91
35 91
44 91
46 91
47 91
49 91
50 91
53 91
54 91
56 91
57 91
58 91
60 91
63 91
64 91
69 91
70 91
71 91
72 91
73 91
74 91
75 91
77 91
81 91
82 91
83 91
85 91
88 91
89 91
2 92
3 92
4 92
6 92
7 92
10 92
11 92
13 92
14 92
15 92
19 92
22 92
23 92
24 92
26 92
27 92
28 92
30 92
31 92
32 92
35 92
36 92
44 92
48 92
50 92
53 92
54 92
58 92
59 92
60 92
62 92
63 92
65 92
66 92
69 92
76 92
78 92
79 92
80 92
81 92
82 92
86 92
87 92
88 92
89 92
91 92
1 93
2 93
4 93
5 93
7 93
12 93
13 93
16 93
21 93
22 93
23 93
24 93
27 93
30 93
31 93
33 93
34 93
35 93
36 93
40 93
41 93
43 93
48 93
49 93
50 93
52 93
54 93
56 93
58 93
60 93
63 93
65 93
66 93
67 93
72 93
73 93
74 93
75 93
76 93
77 93
78 93
80 93
81 93
84 93
87 93
88 93
89 93
90 93
91 93
92 93
1 94
4 94
7 94
11 94
12 94
13 94
14 94
16 94
17 94
18 94
19 94
20 94
21 94
24 94
26 94
27 94
28 94
30 94
31 94
32 94
34 94
45 94
47 94
48 94
50 94
54 94
55 94
57 94
61 94
62 94
63 94
64 94
65 94
66 94
68 94
71 94
72 94
74 94
83 94
87 94
88 94
1 95
2 95
7 95
8 95
10 95
11 95
16 95
17 95
20 95
22 95
28 95
29 95
31 95
32 95
33 95
34 95
36 95
37 95
38 95
47 95
48 95
49 95
53 95
54 95
55 95
59 95
60 95
61 95
63 95
65 95
66 95
67 95
70 95
71 95
72 95
74 95
75 95
78 95
81 95
82 95
87 95
94 95
3 96
6 96
10 96
12 96
16 96
18 96
22 96
25 96
26 96
27 96
28 96
29 96
31 96
33 96
35 96
41 96
48 96
49 96
50 96
52 96
53 96
55 96
56 96
58 96
59 96
60 96
62 96
63 96
64 96
65 96
66 96
68 96
71 96
77 96
79 96
80 96
81 96
83 96
84 96
85 96
90 96
91 96
93 96
1 97
3 97
6 97
7 97
8 97
10 97
15 97
17 97
18 97
20 97
21 97
27 97
28 97
30 97
31 97
32 97
33 97
34 97
35 97
37 97
38 97
43 97
49 97
50 97
53 97
55 97
59 97
64 97
68 97
70 97
74 97
75 97
76 97
77 97
78 97
79 97
80 97
82 97
84 97
86 97
87 97
93 97
96 97
1 98
8 98
9 98
11 98
12 98
13 98
14 98
15 98
16 98
17 98
21 98
23 98
25 98
26 98
27 98
35 98
36 98
38 98
40 98
41 98
42 98
43 98
52 98
53 98
55 98
56 98
58 98
59 98
60 98
62 98
63 98
64 98
66 98
67 98
68 98
70 98
73 98
77 98
78 98
80 98
82 98
83 98
84 98
85 98
86 98
88 98
89 98
91 98
94 98
2 99
3 99
4 99
12 99
14 99
15 99
18 99
20 99
22 99
24 99
25 99
31 99
35 99
36 99
41 99
43 99
48 99
50 99
54 99
55 99
57 99
60 99
62 99
63 99
64 99
65 99
66 99
69 99
70 99
73 99
74 99
75 99
76 99
78 99
79 99
80 99
81 99
85 99
86 99
88 99
91 99
94 99
95 99
98 99
4 100
6 100
7 100
8 100
9 100
10 100
11 100
12 100
14 100
15 100
16 100
17 100
22 100
25 100
26 100
28 100
30 100
36 100
37 100
39 100
46 100
48 100
51 100
52 100
53 100
54 100
59 100
61 100
62 100
66 100
70 100
73 100
74 100
79 100
81 100
83 100
87 100
88 100
89 100
92 100
95 100
99 100
2 101
3 101
4 101
5 101
6 101
7 101
8 101
9 101
10 101
11 101
14 101
15 101
16 101
18 101
20 101
23 101
28 101
29 101
33 101
34 101
35 101
36 101
37 101
39 101
43 101
47 101
48 101
50 101
53 101
54 101
55 101
56 101
57 101
59 101
61 101
62 101
63 101
64 101
65 101
68 101
70 101
71 101
73 101
74 101
75 101
76 101
77 101
78 101
79 101
80 101
86 101
88 101
89 101
91 101
95 101
98 101
99 101
100 101
1 102
6 102
8 102
9 102
13 102
14 102
16 102
17 102
20 102
22 102
23 102
24 102
25 102
27 102
30 102
31 102
33 102
38 102
49 102
54 102
57 102
59 102
63 102
64 102
65 102
68 102
70 102
72 102
73 102
74 102
78 102
80 102
84 102
86 102
87 102
89 102
90 102
97 102
2 103
5 103
6 103
7 103
11 103
12 103
16 103
18 103
21 103
22 103
24 103
26 103
30 103
31 103
35 103
36 103
37 103
38 103
39 103
50 103
51 103
57 103
59 103
60 103
61 103
65 103
67 103
69 103
71 103
74 103
76 103
79 103
80 103
81 103
84 103
86 103
90 103
95 103
101 103
102 103
1 104
4 104
6 104
10 104
11 104
12 104
13 104
15 104
17 104
20 104
21 104
23 104
25 104
26 104
28 104
33 104
34 104
35 104
42 104
43 104
53 104
60 104
63 104
66 104
68 104
70 104
72 104
74 104
76 104
77 104
79 104
80 104
86 104
87 104
88 104
97 104
98 104
101 104
102 104
103 104
2 105
5 105
6 105
7 105
8 105
10 105
12 105
13 105
15 105
17 105
18 105
20 105
23 105
24 105
25 105
29 105
33 105
34 105
35 105
37 105
41 105
42 105
43 105
44 105
45 105
54 105
55 105
58 105
59 105
61 105
63 105
65 105
66 105
68 105
71 105
75 105
77 105
80 105
81 105
82 105
90 105
92 105
94 105
96 105
98 105
99 105
102 105
104 105
3 106
4 106
5 106
10 106
13 106
15 106
16 106
17 106
18 106
20 106
24 106
25 106
26 106
27 106
28 106
29 106
31 106
32 106
35 106
36 106
37 106
38 106
39 106
40 106
42 106
44 106
46 106
48 106
53 106
54 106
56 106
58 106
60 106
61 106
64 106
65 106
68 106
69 106
70 106
71 106
72 106
74 106
77 106
79 106
82 106
83 106
85 106
87 106
91 106
92 106
96 106
99 106
103 106
105 106
1 107
4 107
5 107
13 107
21 107
25 107
28 107
29 107
30 107
31 107
35 107
36 107
39 107
40 107
42 107
43 107
46 107
47 107
48 107
54 107
55 107
56 107
57 107
58 107
60 107
61 107
67 107
71 107
74 107
75 107
77 107
78 107
79 107
80 107
82 107
88 107
90 107
92 107
97 107
98 107
99 107
101 107
104 107
106 107
1 108
4 108
6 108
10 108
11 108
19 108
22 108
24 108
25 108
26 108
29 108
34 108
35 108
38 108
42 108
43 108
45 108
50 108
51 108
52 108
53 108
54 108
56 108
57 108
59 108
60 108
64 108
66 108
69 108
70 108
73 108
74 108
75 108
78 108
82 108
85 108
88 108
90 108
92 108
93 108
95 108
97 108
99 108
100 108
101 108
103 108
2 109
5 109
9 109
10 109
11 109
12 109
15 109
16 109
17 109
18 109
23 109
25 109
27 109
28 109
29 109
32 109
37 109
39 109
42 109
43 109
45 109
47 109
50 109
53 109
55 109
56 109
57 109
59 109
64 109
67 109
68 109
70 109
73 109
74 109
75 109
76 109
80 109
81 109
83 109
84 109
85 109
88 109
90 109
91 109
94 109
95 109
96 109
97 109
99 109
100 109
102 109
103 109
105 109
1 110
2 110
6 110
7 110
8 110
9 110
10 110
11 110
12 110
13 110
22 110
23 110
24 110
25 110
26 110
27 110
30 110
32 110
33 110
36 110
41 110
52 110
54 110
58 110
59 110
63 110
65 110
66 110
70 110
71 110
72 110
73 110
74 110
76 110
77 110
84 110
85 110
89 110
93 110
96 110
97 110
102 110
103 110
108 110
1 111
2 111
3 111
4 111
10 111
11 111
13 111
14 111
16 111
18 111
20 111
21 111
27 111
30 111
34 111
35 111
36 111
39 111
40 111
42 111
45 111
46 111
56 111
59 111
62 111
64 111
65 111
67 111
68 111
69 111
70 111
73 111
75 111
77 111
78 111
79 111
80 111
82 111
84 111
90 111
91 111
94 111
99 111
106 111
107 111
109 111
110 111
1 112
8 112
10 112
11 112
12 112
13 112
15 112
16 112
18 112
21 112
22 112
24 112
25 112
26 112
27 112
28 112
29 112
30 112
32 112
33 112
34 112
35 112
36 112
37 112
39 112
40 112
44 112
47 112
56 112
58 112
60 112
65 112
66 112
67 112
69 112
70 112
71 112
72 112
75 112
78 112
80 112
81 112
82 112
84 112
86 112
87 112
88 112
89 112
90 112
92 112
93 112
97 112
100 112
103 112
104 112
105 112
107 112
108 112
110 112
111 112
1 113
2 113
3 113
4 113
5 113
7 113
9 113
11 113
13 113
14 113
16 113
17 113
20 113
22 113
24 113
25 113
26 113
28 113
29 113
30 113
33 113
34 113
35 113
36 113
37 113
39 113
41 113
44 113
45 113
46 113
48 113
50 113
51 113
57 113
58 113
60 113
61 113
62 113
63 113
66 113
69 113
70 113
73 113
75 113
76 113
79 113
81 113
84 113
86 113
89 113
90 113
93 113
95 113
96 113
99 113
100 113
101 113
103 113
104 113
106 113
107 113
108 113
110 113
112 113
3 114
4 114
6 114
9 114
14 114
16 114
17 114
18 114
19 114
21 114
26 114
27 114
30 114
31 114
33 114
34 114
35 114
37 114
38 114
41 114
44 114
46 114
47 114
48 114
50 114
52 114
57 114
59 114
60 114
67 114
70 114
71 114
72 114
74 114
77 114
84 114
90 114
91 114
92 114
93 114
94 114
98 114
103 114
105 114
107 114
108 114
110 114
2 115
3 115
4 115
5 115
9 115
12 115
13 115
14 115
15 115
23 115
25 115
26 115
27 115
29 115
30 115
31 115
33 115
35 115
36 115
37 115
39 115
41 115
45 115
47 115
48 115
49 115
59 115
62 115
68 115
69 115
74 115
77 115
81 115
82 115
84 115
90 115
91 115
93 115
94 115
96 115
99 115
100 115
105 115
106 115
112 115
5 116
7 116
10 116
11 116
12 116
13 116
14 116
16 116
19 116
20 116
22 116
24 116
27 116
31 116
32 116
34 116
35 116
37 116
39 116
45 116
46 116
47 116
49 116
50 116
51 116
56 116
58 116
60 116
62 116
63 116
64 116
70 116
73 116
74 116
75 116
76 116
78 116
83 116
86 116
87 116
91 116
92 116
93 116
95 116
96 116
97 116
98 116
100 116
101 116
102 116
103 116
110 116
112 116
115 116
1 117
5 117
6 117
8 117
10 117
11 117
12 117
13 117
14 117
15 117
16 117
19 117
21 117
29 117
30 117
33 117
35 117
37 117
41 117
46 117
48 117
49 117
51 117
52 117
54 117
57 117
61 117
64 117
66 117
68 117
69 117
74 117
76 117
80 117
82 117
83 117
86 117
87 117
88 117
90 117
91 117
93 117
95 117
96 117
97 117
99 117
100 117
104 117
105 117
106 117
108 117
110 117
112 117
113 117
2 118
3 118
4 118
5 118
6 118
8 118
9 118
12 118
13 118
15 118
16 118
17 118
20 118
28 118
29 118
32 118
33 118
34 118
35 118
37 118
38 118
41 118
43 118
44 118
46 118
56 118
57 118
58 118
62 118
64 118
66 118
68 118
69 118
71 118
73 118
74 118
77 118
83 118
85 118
89 118
91 118
92 118
95 118
96 118
98 118
102 118
105 118
106 118
109 118
110 118
112 118
115 118
117 118
1 119
6 119
8 119
9 119
10 119
13 119
14 119
16 119
18 119
19 119
20 119
22 119
26 119
32 119
37 119
39 119
45 119
46 119
47 119
48 119
50 119
58 119
59 119
60 119
61 119
63 119
65 119
68 119
70 119
71 119
72 119
76 119
77 119
78 119
79 119
80 119
82 119
83 119
86 119
88 119
89 119
90 119
99 119
101 119
102 119
104 119
105 119
106 119
110 119
111 119
112 119
113 119
115 119
116 119
1 120
3 120
5 120
7 120
8 120
11 120
12 120
13 120
16 120
18 120
22 120
23 120
25 120
27 120
29 120
30 120
32 120
33 120
34 120
36 120
37 120
39 120
40 120
44 120
45 120
46 120
49 120
52 120
60 120
61 120
62 120
63 120
65 120
67 120
69 120
70 120
72 120
74 120
77 120
78 120
79 120
80 120
82 120
83 120
86 120
87 120
90 120
91 120
95 120
96 120
97 120
100 120
101 120
103 120
104 120
106 120
109 120
111 120
113 120
116 120
117 120
1 121
2 121
3 121
6 121
8 121
9 121
10 121
12 121
15 121
16 121
18 121
19 121
21 121
23 121
24 121
27 121
28 121
30 121
31 121
32 121
33 121
42 121
45 121
46 121
50 121
53 121
54 121
55 121
61 121
62 121
63 121
67 121
68 121
70 121
71 121
74 121
75 121
78 121
83 121
85 121
93 121
96 121
97 121
99 121
100 121
102 121
104 121
105 121
107 121
108 121
109 121
112 121
113 121
115 121
1 122
3 122
4 122
5 122
6 122
7 122
8 122
9 122
12 122
13 122
14 122
15 122
19 122
21 122
23 122
25 122
26 122
28 122
29 122
30 122
31 122
32 122
39 122
43 122
44 122
48 122
52 122
54 122
56 122
61 122
64 122
65 122
67 122
68 122
73 122
75 122
77 122
82 122
84 122
86 122
87 122
88 122
89 122
91 122
92 122
93 122
95 122
97 122
98 122
99 122
100 122
101 122
103 122
107 122
108 122
110 122
114 122
115 122
116 122
119 122
120 122
1 123
2 123
6 123
7 123
10 123
11 123
13 123
15 123
17 123
21 123
22 123
25 123
26 123
28 123
37 123
38 123
39 123
45 123
51 123
52 123
53 123
55 123
60 123
61 123
62 123
64 123
65 123
68 123
69 123
70 123
71 123
76 123
78 123
80 123
83 123
84 123
86 123
88 123
89 123
90 123
91 123
92 123
94 123
98 123
100 123
102 123
103 123
106 123
107 123
109 123
110 123
112 123
118 123
120 123
122 123
2 124
3 124
4 124
5 124
7 124
10 124
16 124
17 124
18 124
19 124
20 124
25 124
32 124
33 124
35 124
38 124
40 124
44 124
47 124
48 124
49 124
51 124
52 124
55 124
60 124
61 124
63 124
64 124
65 124
66 124
67 124
68 124
70 124
72 124
73 124
78 124
79 124
80 124
83 124
84 124
85 124
89 124
96 124
98 124
99 124
100 124
102 124
103 124
104 124
106 124
110 124
112 124
116 124
118 124
119 124
122 124
123 124
2 125
3 125
4 125
5 125
6 125
9 125
11 125
12 125
13 125
17 125
18 125
21 125
23 125
25 125
28 125
30 125
32 125
36 125
40 125
41 125
43 125
44 125
45 125
46 125
49 125
50 125
51 125
52 125
56 125
57 125
59 125
61 125
63 125
64 125
65 125
67 125
68 125
69 125
70 125
76 125
78 125
79 125
83 125
84 125
85 125
87 125
88 125
91 125
93 125
94 125
95 125
96 125
97 125
99 125
101 125
103 125
106 125
113 125
115 125
116 125
119 125
121 125
122 125
123 125
124 125
2 126
4 126
7 126
8 126
10 126
11 126
15 126
18 126
20 126
21 126
22 126
26 126
28 126
29 126
30 126
31 126
34 126
36 126
37 126
41 126
44 126
47 126
50 126
59 126
60 126
62 126
63 126
64 126
66 126
67 126
70 126
71 126
73 126
74 126
75 126
77 126
78 126
79 126
84 126
86 126
87 126
89 126
94 126
95 126
97 126
98 126
99 126
100 126
106 126
107 126
108 126
109 126
110 126
112 126
119 126
121 126
122 126
123 126
1 127
3 127
9 127
10 127
11 127
14 127
19 127
20 127
23 127
26 127
27 127
28 127
34 127
37 127
38 127
40 127
42 127
44 127
45 127
48 127
52 127
62 127
65 127
68 127
69 127
74 127
75 127
76 127
78 127
79 127
80 127
81 127
82 127
84 127
85 127
86 127
88 127
90 127
91 127
92 127
93 127
95 127
97 127
106 127
107 127
111 127
114 127
115 127
118 127
121 127
122 127
124 127
126 127
1 128
5 128
6 128
9 128
12 128
14 128
15 128
16 128
17 128
21 128
23 128
25 128
28 128
29 128
30 128
31 128
34 128
35 128
37 128
38 128
39 128
45 128
47 128
52 128
53 128
55 128
56 128
64 128
67 128
71 128
72 128
74 128
77 128
78 128
81 128
82 128
83 128
88 128
90 128
91 128
92 128
96 128
97 128
100 128
101 128
102 128
103 128
104 128
106 128
107 128
109 128
110 128
111 128
114 128
116 128
118 128
119 128
122 128
124 128
125 128
126 128
127 128
3 129
4 129
5 129
7 129
8 129
9 129
11 129
14 129
16 129
19 129
20 129
24 129
28 129
32 129
36 129
37 129
39 129
41 129
43 129
44 129
45 129
47 129
49 129
50 129
51 129
52 129
54 129
55 129
56 129
65 129
68 129
70 129
75 129
79 129
81 129
84 129
90 129
92 129
95 129
96 129
98 129
99 129
100 129
101 129
102 129
105 129
109 129
110 129
113 129
115 129
116 129
117 129
118 129
122 129
124 129
126 129
128 129
2 130
4 130
5 130
6 130
7 130
10 130
11 130
12 130
13 130
14 130
17 130
18 130
19 130
20 130
21 130
22 130
23 130
25 130
28 130
31 130
39 130
40 130
44 130
45 130
46 130
48 130
49 130
50 130
51 130
53 130
54 130
56 130
58 130
65 130
66 130
69 130
71 130
72 130
73 130
74 130
75 130
76 130
77 130
78 130
79 130
80 130
81 130
83 130
84 130
87 130
88 130
89 130
91 130
93 130
94 130
96 130
98 130
99 130
100 130
101 130
102 130
104 130
106 130
107 130
108 130
109 130
111 130
114 130
115 130
120 130
121 130
122 130
124 130
127 130
1 131
3 131
4 131
6 131
10 131
14 131
16 131
20 131
22 131
23 131
25 131
26 131
27 131
30 131
31 131
32 131
34 131
38 131
39 131
40 131
42 131
44 131
47 131
48 131
51 131
52 131
56 131
58 131
65 131
68 131
71 131
75 131
76 131
80 131
81 131
82 131
83 131
86 131
88 131
92 131
93 131
96 131
97 131
98 131
99 131
100 131
102 131
106 131
107 131
110 131
112 131
114 131
116 131
119 131
121 131
123 131
125 131
126 131
130 131
3 132
6 132
7 132
10 132
12 132
13 132
15 132
17 132
19 132
20 132
21 132
22 132
29 132
30 132
31 132
34 132
35 132
38 132
39 132
43 132
44 132
46 132
47 132
48 132
49 132
51 132
53 132
55 132
56 132
58 132
63 132
64 132
66 132
68 132
69 132
70 132
71 132
74 132
76 132
79 132
82 132
89 132
90 132
93 132
94 132
101 132
104 132
106 132
108 132
109 132
111 132
112 132
115 132
116 132
117 132
118 132
120 132
121 132
125 132
126 132
2 133
3 133
4 133
5 133
6 133
7 133
8 133
10 133
11 133
13 133
15 133
16 133
19 133
21 133
22 133
27 133
28 133
29 133
30 133
32 133
33 133
36 133
37 133
38 133
39 133
42 133
46 133
47 133
48 133
49 133
50 133
51 133
52 133
54 133
55 133
56 133
57 133
59 133
60 133
61 133
62 133
64 133
65 133
66 133
68 133
69 133
75 133
77 133
78 133
81 133
83 133
86 133
87 133
88 133
89 133
91 133
92 133
93 133
95 133
96 133
99 133
100 133
102 133
104 133
107 133
109 133
116 133
119 133
120 133
121 133
124 133
125 133
126 133
127 133
130 133
131 133
1 134
2 134
5 134
6 134
10 134
12 134
13 134
15 134
18 134
19 134
21 134
24 134
29 134
32 134
36 134
40 134
41 134
42 134
44 134
45 134
46 134
49 134
50 134
51 134
53 134
54 134
66 134
68 134
70 134
72 134
76 134
80 134
86 134
88 134
90 134
92 134
97 134
98 134
99 134
103 134
104 134
105 134
107 134
108 134
109 134
110 134
111 134
114 134
115 134
118 134
119 134
121 134
122 134
127 134
128 134
131 134
1 135
2 135
3 135
5 135
6 135
10 135
14 135
16 135
18 135
19 135
20 135
22 135
24 135
25 135
26 135
29 135
30 135
33 135
40 135
42 135
46 135
49 135
51 135
53 135
54 135
57 135
58 135
75 135
79 135
80 135
81 135
85 135
86 135
88 135
90 135
95 135
98 135
100 135
101 135
103 135
105 135
106 135
109 135
110 135
112 135
114 135
115 135
116 135
118 135
119 135
120 135
123 135
124 135
126 135
130 135
132 135
2 136
4 136
5 136
7 136
8 136
9 136
10 136
11 136
12 136
17 136
18 136
21 136
23 136
27 136
28 136
29 136
31 136
33 136
34 136
37 136
38 136
44 136
46 136
47 136
48 136
51 136
53 136
55 136
56 136
57 136
58 136
59 136
69 136
70 136
71 136
72 136
80 136
81 136
83 136
84 136
85 136
88 136
90 136
92 136
93 136
95 136
98 136
101 136
102 136
103 136
104 136
105 136
106 136
107 136
108 136
110 136
111 136
113 136
116 136
119 136
120 136
122 136
128 136
130 136
132 136
133 136
1 137
2 137
3 137
7 137
15 137
16 137
17 137
18 137
20 137
22 137
24 137
25 137
28 137
29 137
38 137
42 137
44 137
45 137
46 137
47 137
48 137
49 137
54 137
55 137
58 137
60 137
61 137
69 137
72 137
74 137
76 137
77 137
78 137
79 137
80 137
81 137
82 137
83 137
84 137
86 137
89 137
90 137
91 137
95 137
98 137
99 137
103 137
108 137
109 137
110 137
111 137
112 137
113 137
114 137
117 137
118 137
120 137
122 137
125 137
126 137
127 137
130 137
133 137
6 138
8 138
9 138
11 138
12 138
13 138
14 138
17 138
19 138
24 138
26 138
28 138
31 138
32 138
39 138
40 138
41 138
45 138
46 138
47 138
53 138
54 138
55 138
57 138
59 138
60 138
62 138
63 138
64 138
74 138
76 138
77 138
78 138
80 138
83 138
84 138
86 138
87 138
88 138
89 138
91 138
94 138
95 138
96 138
106 138
107 138
112 138
117 138
119 138
120 138
123 138
124 138
125 138
126 138
127 138
128 138
129 138
130 138
131 138
136 138
137 138
1 139
3 139
4 139
7 139
9 139
12 139
13 139
14 139
18 139
20 139
21 139
22 139
24 139
25 139
26 139
34 139
35 139
41 139
43 139
45 139
46 139
47 139
49 139
50 139
52 139
54 139
55 139
59 139
60 139
61 139
62 139
63 139
64 139
68 139
72 139
77 139
80 139
82 139
85 139
87 139
91 139
94 139
97 139
99 139
100 139
102 139
104 139
110 139
111 139
113 139
115 139
116 139
117 139
119 139
121 139
123 139
128 139
129 139
130 139
131 139
133 139
136 139
138 139
6 140
7 140
8 140
10 140
11 140
14 140
16 140
17 140
18 140
19 140
21 140
23 140
25 140
27 140
28 140
32 140
34 140
35 140
37 140
41 140
42 140
44 140
45 140
46 140
47 140
57 140
61 140
66 140
67 140
69 140
72 140
73 140
74 140
77 140
78 140
84 140
85 140
86 140
87 140
92 140
95 140
97 140
100 140
102 140
103 140
106 140
108 140
109 140
110 140
111 140
115 140
116 140
117 140
118 140
119 140
120 140
122 140
123 140
126 140
128 140
130 140
131 140
133 140
136 140
1 141
2 141
7 141
13 141
16 141
17 141
18 141
19 141
20 141
21 141
22 141
25 141
27 141
28 141
29 141
30 141
31 141
33 141
37 141
39 141
41 141
42 141
43 141
44 141
46 141
48 141
51 141
54 141
55 141
56 141
58 141
61 141
64 141
65 141
68 141
70 141
71 141
76 141
77 141
78 141
79 141
81 141
83 141
84 141
86 141
87 141
90 141
92 141
93 141
95 141
96 141
97 141
100 141
101 141
102 141
104 141
105 141
106 141
108 141
111 141
112 141
115 141
116 141
119 141
121 141
122 141
123 141
124 141
126 141
127 141
128 141
131 141
132 141
135 141
138 141
139 141
1 142
2 142
6 142
9 142
13 142
16 142
17 142
18 142
22 142
23 142
27 142
28 142
30 142
35 142
40 142
43 142
44 142
45 142
47 142
49 142
53 142
57 142
58 142
67 142
70 142
71 142
72 142
76 142
77 142
78 142
80 142
82 142
85 142
88 142
90 142
92 142
93 142
96 142
99 142
100 142
101 142
102 142
103 142
104 142
105 142
107 142
111 142
114 142
115 142
117 142
118 142
120 142
121 142
122 142
125 142
127 142
131 142
132 142
134 142
137 142
138 142
139 142
140 142
1 143
4 143
6 143
9 143
14 143
15 143
16 143
17 143
18 143
20 143
22 143
26 143
27 143
28 143
32 143
38 143
45 143
47 143
48 143
50 143
52 143
53 143
54 143
58 143
61 143
62 143
71 143
73 143
74 143
75 143
76 143
82 143
83 143
84 143
85 143
86 143
87 143
89 143
90 143
97 143
99 143
101 143
102 143
103 143
108 143
110 143
111 143
112 143
115 143
117 143
120 143
121 143
122 143
123 143
126 143
129 143
131 143
135 143
137 143
138 143
3 144
5 144
6 144
9 144
11 144
12 144
13 144
16 144
17 144
19 144
20 144
22 144
28 144
29 144
30 144
31 144
34 144
35 144
36 144
39 144
40 144
41 144
45 144
46 144
48 144
50 144
51 144
55 144
56 144
59 144
60 144
61 144
64 144
65 144
75 144
76 144
77 144
78 144
80 144
83 144
84 144
88 144
91 144
95 144
97 144
98 144
99 144
101 144
103 144
109 144
111 144
113 144
114 144
115 144
117 144
119 144
120 144
123 144
124 144
125 144
128 144
130 144
135 144
137 144
138 144
2 145
3 145
4 145
5 145
8 145
11 145
13 145
15 145
17 145
18 145
20 145
25 145
26 145
30 145
31 145
32 145
33 145
35 145
36 145
37 145
39 145
42 145
43 145
46 145
50 145
53 145
54 145
55 145
56 145
57 145
64 145
66 145
73 145
78 145
81 145
85 145
87 145
88 145
91 145
92 145
93 145
95 145
97 145
98 145
100 145
102 145
103 145
104 145
106 145
107 145
108 145
112 145
113 145
118 145
119 145
122 145
124 145
129 145
131 145
132 145
133 145
134 145
135 145
138 145
142 145
1 146
2 146
3 146
7 146
8 146
14 146
22 146
24 146
27 146
28 146
30 146
32 146
33 146
35 146
37 146
39 146
40 146
41 146
42 146
43 146
44 146
46 146
47 146
48 146
52 146
53 146
54 146
55 146
57 146
59 146
60 146
61 146
66 146
68 146
73 146
78 146
84 146
85 146
86 146
88 146
90 146
91 146
92 146
98 146
101 146
110 146
111 146
113 146
114 146
119 146
120 146
121 146
122 146
123 146
128 146
129 146
132 146
133 146
134 146
135 146
137 146
138 146
139 146
140 146
142 146
143 146
145 146
3 147
9 147
10 147
12 147
13 147
14 147
17 147
18 147
20 147
27 147
28 147
29 147
33 147
36 147
37 147
38 147
41 147
42 147
44 147
45 147
47 147
48 147
49 147
52 147
55 147
58 147
61 147
62 147
66 147
75 147
77 147
78 147
79 147
84 147
85 147
86 147
89 147
90 147
91 147
93 147
94 147
96 147
98 147
99 147
100 147
101 147
102 147
105 147
106 147
108 147
111 147
112 147
114 147
119 147
120 147
122 147
126 147
128 147
131 147
133 147
134 147
135 147
139 147
140 147
142 147
143 147
144 147
145 147
146 147
3 148
4 148
7 148
8 148
9 148
10 148
11 148
20 148
24 148
31 148
32 148
35 148
36 148
40 148
43 148
46 148
48 148
49 148
50 148
51 148
52 148
54 148
55 148
57 148
58 148
61 148
62 148
64 148
66 148
72 148
74 148
77 148
79 148
80 148
81 148
82 148
83 148
84 148
86 148
87 148
88 148
89 148
90 148
92 148
93 148
95 148
97 148
98 148
99 148
101 148
104 148
105 148
106 148
109 148
118 148
119 148
121 148
125 148
126 148
128 148
134 148
137 148
138 148
139 148
140 148
141 148
145 148
146 148
147 148
3 149
8 149
10 149
11 149
12 149
14 149
17 149
18 149
19 149
21 149
22 149
23 149
27 149
28 149
29 149
32 149
34 149
35 149
36 149
37 149
38 149
39 149
40 149
41 149
42 149
43 149
44 149
46 149
47 149
50 149
55 149
56 149
58 149
60 149
61 149
62 149
63 149
64 149
68 149
70 149
71 149
72 149
73 149
79 149
80 149
82 149
83 149
87 149
88 149
91 149
93 149
94 149
95 149
99 149
101 149
104 149
107 149
111 149
116 149
120 149
127 149
128 149
132 149
136 149
137 149
139 149
142 149
144 149
148 149
1 150
3 150
6 150
7 150
8 150
9 150
10 150
12 150
14 150
15 150
16 150
20 150
22 150
23 150
24 150
27 150
28 150
31 150
35 150
38 150
40 150
41 150
45 150
47 150
50 150
53 150
56 150
59 150
61 150
62 150
75 150
78 150
80 150
81 150
82 150
83 150
84 150
86 150
87 150
90 150
92 150
95 150
96 150
98 150
103 150
104 150
107 150
109 150
110 150
111 150
113 150
114 150
116 150
117 150
118 150
119 150
120 150
121 150
125 150
126 150
127 150
128 150
132 150
133 150
137 150
139 150
140 150
142 150
143 150
144 150
146 150
149 150
1 151
2 151
3 151
10 151
12 151
14 151
17 151
18 151
19 151
20 151
21 151
26 151
29 151
30 151
31 151
32 151
35 151
42 151
43 151
44 151
45 151
47 151
48 151
50 151
52 151
55 151
61 151
64 151
66 151
76 151
78 151
81 151
82 151
83 151
84 151
85 151
86 151
87 151
89 151
93 151
94 151
95 151
98 151
100 151
101 151
102 151
103 151
104 151
105 151
107 151
108 151
109 151
110 151
112 151
113 151
114 151
115 151
117 151
118 151
120 151
125 151
129 151
131 151
132 151
135 151
139 151
141 151
143 151
144 151
145 151
146 151
147 151
148 151
149 151
2 152
4 152
6 152
8 152
14 152
16 152
17 152
23 152
27 152
30 152
31 152
32 152
34 152
37 152
41 152
42 152
43 152
46 152
47 152
50 152
52 152
53 152
54 152
57 152
58 152
60 152
61 152
66 152
67 152
68 152
77 152
79 152
81 152
82 152
84 152
86 152
87 152
90 152
92 152
93 152
96 152
98 152
99 152
101 152
103 152
105 152
107 152
108 152
109 152
111 152
113 152
116 152
117 152
118 152
119 152
120 152
125 152
128 152
130 152
133 152
134 152
135 152
137 152
138 152
139 152
140 152
141 152
143 152
144 152
145 152
147 152
149 152
150 152
151 152
1 153
3 153
8 153
9 153
14 153
16 153
18 153
19 153
20 153
21 153
22 153
23 153
25 153
26 153
28 153
29 153
31 153
32 153
33 153
34 153
35 153
36 153
37 153
38 153
39 153
40 153
42 153
43 153
44 153
47 153
48 153
49 153
50 153
52 153
53 153
57 153
62 153
64 153
65 153
70 153
71 153
77 153
79 153
80 153
82 153
86 153
88 153
89 153
91 153
93 153
94 153
95 153
97 153
102 153
106 153
107 153
108 153
110 153
121 153
122 153
123 153
124 153
126 153
131 153
135 153
137 153
140 153
141 153
143 153
146 153
147 153
149 153
150 153
151 153
152 153
2 154
5 154
7 154
9 154
10 154
11 154
12 154
14 154
15 154
17 154
18 154
19 154
21 154
23 154
24 154
31 154
32 154
37 154
39 154
40 154
44 154
47 154
48 154
49 154
51 154
52 154
54 154
55 154
57 154
60 154
62 154
66 154
69 154
77 154
78 154
79 154
81 154
88 154
91 154
94 154
96 154
97 154
99 154
100 154
101 154
102 154
103 154
105 154
106 154
107 154
109 154
114 154
116 154
117 154
118 154
119 154
122 154
124 154
125 154
126 154
127 154
130 154
132 154
133 154
134 154
136 154
137 154
138 154
139 154
140 154
141 154
146 154
147 154
149 154
150 154
152 154
4 155
9 155
10 155
11 155
13 155
14 155
18 155
19 155
20 155
23 155
24 155
27 155
28 155
29 155
30 155
31 155
35 155
38 155
39 155
41 155
44 155
45 155
49 155
54 155
55 155
57 155
58 155
61 155
62 155
67 155
71 155
77 155
79 155
80 155
82 155
84 155
86 155
87 155
88 155
91 155
93 155
96 155
98 155
100 155
101 155
107 155
108 155
111 155
117 155
119 155
120 155
122 155
125 155
127 155
130 155
134 155
137 155
138 155
139 155
140 155
142 155
145 155
148 155
151 155
152 155
153 155
1 156
2 156
3 156
5 156
6 156
8 156
9 156
10 156
14 156
17 156
18 156
19 156
22 156
23 156
25 156
26 156
27 156
30 156
31 156
34 156
35 156
40 156
41 156
43 156
44 156
47 156
52 156
53 156
54 156
56 156
57 156
62 156
65 156
66 156
68 156
71 156
74 156
75 156
79 156
80 156
81 156
82 156
83 156
86 156
88 156
92 156
93 156
94 156
95 156
96 156
97 156
99 156
101 156
103 156
104 156
106 156
107 156
108 156
109 156
110 156
111 156
115 156
116 156
118 156
119 156
121 156
122 156
126 156
127 156
128 156
129 156
130 156
131 156
132 156
133 156
134 156
137 156
138 156
142 156
150 156
151 156
155 156
2 157
3 157
4 157
5 157
6 157
8 157
10 157
12 157
13 157
14 157
15 157
17 157
18 157
23 157
25 157
26 157
27 157
28 157
32 157
33 157
34 157
35 157
36 157
37 157
40 157
41 157
42 157
44 157
51 157
52 157
60 157
61 157
63 157
64 157
68 157
73 157
74 157
76 157
77 157
85 157
87 157
89 157
90 157
91 157
93 157
94 157
97 157
99 157
100 157
101 157
103 157
111 157
112 157
115 157
117 157
118 157
122 157
123 157
126 157
128 157
131 157
132 157
133 157
134 157
135 157
136 157
137 157
139 157
140 157
141 157
142 157
144 157
145 157
147 157
148 157
149 157
154 157
156 157
4 158
5 158
6 158
7 158
8 158
10 158
12 158
13 158
14 158
18 158
20 158
21 158
22 158
25 158
26 158
27 158
32 158
34 158
35 158
37 158
39 158
43 158
45 158
47 158
48 158
49 158
57 158
62 158
64 158
65 158
66 158
75 158
78 158
79 158
92 158
93 158
94 158
101 158
102 158
105 158
106 158
107 158
110 158
111 158
113 158
117 158
118 158
119 158
120 158
122 158
123 158
130 158
133 158
134 158
140 158
141 158
142 158
145 158
149 158
151 158
154 158
157 158
3 159
4 159
9 159
12 159
13 159
15 159
16 159
18 159
19 159
20 159
23 159
26 159
27 159
28 159
31 159
32 159
34 159
35 159
36 159
37 159
38 159
39 159
41 159
42 159
44 159
45 159
46 159
47 159
48 159
50 159
51 159
54 159
55 159
59 159
60 159
61 159
64 159
67 159
68 159
78 159
81 159
82 159
83 159
86 159
90 159
91 159
93 159
94 159
95 159
97 159
101 159
102 159
106 159
109 159
111 159
112 159
113 159
114 159
115 159
120 159
123 159
124 159
126 159
130 159
131 159
132 159
134 159
135 159
136 159
139 159
141 159
142 159
143 159
144 159
147 159
148 159
149 159
156 159
158 159
1 160
6 160
7 160
9 160
10 160
15 160
19 160
20 160
21 160
24 160
25 160
28 160
29 160
32 160
33 160
35 160
36 160
37 160
42 160
44 160
47 160
49 160
50 160
52 160
53 160
54 160
55 160
56 160
57 160
58 160
59 160
61 160
63 160
64 160
65 160
66 160
68 160
70 160
71 160
73 160
82 160
84 160
88 160
91 160
92 160
93 160
95 160
96 160
101 160
102 160
104 160
105 160
116 160
117 160
121 160
123 160
124 160
128 160
130 160
132 160
133 160
134 160
136 160
137 160
138 160
139 160
140 160
141 160
144 160
145 160
146 160
150 160
151 160
154 160
158 160
159 160
4 161
8 161
9 161
10 161
12 161
13 161
14 161
17 161
18 161
19 161
20 161
22 161
25 161
26 161
28 161
30 161
33 161
36 161
41 161
44 161
45 161
50 161
51 161
52 161
55 161
57 161
59 161
65 161
69 161
70 161
71 161
72 161
82 161
83 161
88 161
92 161
94 161
95 161
96 161
97 161
98 161
99 161
100 161
102 161
103 161
104 161
105 161
106 161
107 161
108 161
109 161
110 161
115 161
116 161
119 161
120 161
122 161
123 161
127 161
128 161
130 161
132 161
133 161
134 161
136 161
137 161
138 161
139 161
142 161
143 161
147 161
149 161
151 161
153 161
157 161
158 161
159 161
1 162
2 162
4 162
8 162
12 162
14 162
15 162
17 162
18 162
24 162
25 162
29 162
30 162
32 162
33 162
35 162
39 162
40 162
45 162
46 162
47 162
54 162
55 162
57 162
58 162
59 162
60 162
62 162
65 162
66 162
67 162
71 162
72 162
74 162
75 162
82 162
84 162
86 162
87 162
91 162
92 162
93 162
94 162
97 162
99 162
100 162
101 162
106 162
107 162
108 162
109 162
113 162
114 162
118 162
119 162
121 162
122 162
126 162
127 162
128 162
131 162
132 162
136 162
137 162
138 162
143 162
146 162
147 162
150 162
154 162
155 162
156 162
157 162
158 162
159 162
161 162
1 163
2 163
3 163
9 163
10 163
14 163
18 163
19 163
21 163
24 163
25 163
26 163
27 163
29 163
30 163
32 163
35 163
37 163
40 163
41 163
42 163
45 163
48 163
53 163
54 163
55 163
58 163
59 163
61 163
63 163
64 163
65 163
67 163
69 163
70 163
73 163
75 163
76 163
86 163
87 163
93 163
94 163
95 163
97 163
99 163
101 163
102 163
103 163
107 163
109 163
110 163
114 163
115 163
116 163
117 163
118 163
119 163
125 163
128 163
129 163
131 163
133 163
136 163
137 163
142 163
143 163
147 163
148 163
151 163
152 163
153 163
154 163
156 163
157 163
162 163
1 164
3 164
4 164
5 164
8 164
10 164
14 164
17 164
20 164
21 164
22 164
24 164
26 164
27 164
28 164
33 164
35 164
36 164
39 164
40 164
41 164
44 164
46 164
47 164
51 164
52 164
53 164
55 164
56 164
60 164
62 164
64 164
65 164
67 164
71 164
74 164
78 164
79 164
81 164
82 164
83 164
88 164
92 164
93 164
97 164
98 164
100 164
101 164
102 164
104 164
108 164
112 164
113 164
114 164
115 164
116 164
117 164
118 164
119 164
122 164
123 164
125 164
126 164
128 164
133 164
134 164
137 164
138 164
140 164
145 164
147 164
149 164
151 164
152 164
155 164
157 164
158 164
159 164
162 164
3 165
5 165
7 165
9 165
10 165
11 165
12 165
13 165
14 165
15 165
16 165
19 165
20 165
21 165
24 165
25 165
28 165
29 165
30 165
32 165
33 165
35 165
37 165
38 165
41 165
44 165
46 165
48 165
49 165
50 165
52 165
53 165
55 165
58 165
59 165
64 165
66 165
67 165
68 165
69 165
70 165
75 165
79 165
84 165
85 165
86 165
87 165
89 165
91 165
94 165
96 165
99 165
100 165
104 165
107 165
108 165
110 165
113 165
115 165
119 165
120 165
121 165
124 165
126 165
127 165
129 165
131 165
134 165
135 165
136 165
137 165
138 165
139 165
140 165
141 165
142 165
143 165
145 165
148 165
150 165
153 165
157 165
160 165
162 165
164 165
1 166
2 166
3 166
4 166
7 166
8 166
11 166
15 166
19 166
21 166
22 166
23 166
26 166
29 166
30 166
35 166
39 166
48 166
49 166
50 166
51 166
52 166
55 166
61 166
62 166
65 166
66 166
69 166
79 166
80 166
82 166
83 166
84 166
85 166
90 166
92 166
93 166
95 166
96 166
97 166
98 166
99 166
100 166
101 166
102 166
103 166
106 166
107 166
110 166
114 166
117 166
121 166
123 166
124 166
126 166
127 166
129 166
133 166
136 166
137 166
138 166
140 166
141 166
142 166
143 166
144 166
152 166
153 166
154 166
156 166
159 166
162 166
163 166
164 166
165 166
1 167
5 167
6 167
7 167
9 167
10 167
12 167
14 167
15 167
20 167
21 167
23 167
26 167
31 167
32 167
34 167
36 167
37 167
40 167
43 167
46 167
48 167
49 167
53 167
54 167
57 167
60 167
63 167
68 167
70 167
71 167
72 167
74 167
84 167
85 167
89 167
90 167
92 167
95 167
96 167
99 167
100 167
108 167
109 167
114 167
115 167
119 167
120 167
122 167
123 167
124 167
126 167
127 167
128 167
129 167
130 167
131 167
132 167
135 167
136 167
142 167
143 167
145 167
146 167
147 167
150 167
152 167
154 167
158 167
159 167
161 167
162 167
164 167
165 167
1 168
4 168
7 168
8 168
9 168
10 168
12 168
13 168
14 168
18 168
20 168
22 168
24 168
25 168
26 168
29 168
31 168
32 168
36 168
37 168
39 168
40 168
41 168
42 168
43 168
44 168
47 168
48 168
50 168
53 168
54 168
55 168
56 168
57 168
58 168
59 168
61 168
63 168
65 168
66 168
67 168
69 168
70 168
71 168
73 168
77 168
85 168
86 168
88 168
89 168
90 168
91 168
92 168
93 168
94 168
96 168
99 168
103 168
104 168
107 168
109 168
111 168
113 168
116 168
117 168
118 168
120 168
122 168
123 168
124 168
131 168
134 168
139 168
141 168
144 168
145 168
146 168
147 168
148 168
149 168
151 168
153 168
157 168
160 168
161 168
162 168
163 168
166 168
1 169
2 169
4 169
6 169
7 169
8 169
10 169
12 169
14 169
15 169
18 169
27 169
28 169
29 169
31 169
32 169
33 169
35 169
37 169
39 169
40 169
41 169
43 169
44 169
48 169
49 169
52 169
54 169
57 169
60 169
61 169
62 169
64 169
68 169
71 169
72 169
73 169
76 169
77 169
78 169
79 169
87 169
88 169
89 169
91 169
92 169
93 169
94 169
95 169
96 169
97 169
99 169
100 169
102 169
104 169
109 169
110 169
111 169
113 169
114 169
115 169
116 169
118 169
120 169
121 169
122 169
129 169
133 169
135 169
136 169
137 169
138 169
139 169
140 169
146 169
147 169
148 169
149 169
150 169
151 169
152 169
155 169
157 169
159 169
161 169
164 169
165 169
166 169
168 169
3 170
5 170
7 170
9 170
10 170
12 170
18 170
20 170
21 170
26 170
27 170
29 170
30 170
40 170
41 170
42 170
44 170
46 170
47 170
50 170
55 170
62 170
65 170
73 170
74 170
75 170
76 170
80 170
88 170
89 170
91 170
93 170
94 170
96 170
97 170
100 170
101 170
102 170
103 170
104 170
107 170
108 170
109 170
110 170
114 170
115 170
116 170
117 170
121 170
123 170
125 170
127 170
129 170
131 170
132 170
133 170
134 170
139 170
140 170
141 170
142 170
143 170
144 170
146 170
148 170
150 170
151 170
153 170
159 170
160 170
161 170
164 170
165 170
166 170
1 171
5 171
7 171
8 171
9 171
11 171
16 171
17 171
18 171
19 171
21 171
23 171
24 171
25 171
28 171
29 171
35 171
38 171
39 171
42 171
45 171
47 171
50 171
51 171
55 171
57 171
58 171
60 171
61 171
63 171
65 171
68 171
69 171
70 171
71 171
74 171
80 171
84 171
85 171
86 171
90 171
91 171
94 171
95 171
96 171
100 171
102 171
103 171
104 171
105 171
106 171
110 171
116 171
117 171
120 171
121 171
122 171
126 171
127 171
128 171
131 171
132 171
137 171
138 171
139 171
140 171
141 171
142 171
143 171
146 171
148 171
149 171
150 171
156 171
158 171
159 171
165 171
167 171
168 171
170 171
2 172
5 172
10 172
13 172
17 172
19 172
20 172
21 172
22 172
28 172
31 172
35 172
36 172
39 172
40 172
41 172
44 172
45 172
49 172
50 172
51 172
53 172
54 172
55 172
56 172
58 172
59 172
61 172
62 172
64 172
65 172
68 172
69 172
74 172
75 172
76 172
77 172
78 172
86 172
88 172
89 172
90 172
93 172
95 172
99 172
101 172
102 172
103 172
104 172
105 172
107 172
108 172
109 172
110 172
112 172
114 172
115 172
117 172
118 172
120 172
121 172
124 172
127 172
130 172
131 172
132 172
133 172
136 172
138 172
139 172
140 172
141 172
142 172
143 172
145 172
147 172
148 172
151 172
152 172
153 172
154 172
156 172
158 172
159 172
161 172
162 172
163 172
166 172
171 172
1 173
3 173
4 173
5 173
7 173
9 173
10 173
11 173
16 173
18 173
20 173
21 173
22 173
23 173
25 173
26 173
27 173
30 173
31 173
32 173
36 173
37 173
38 173
42 173
43 173
44 173
45 173
46 173
48 173
50 173
52 173
55 173
58 173
61 173
62 173
63 173
64 173
65 173
66 173
67 173
68 173
70 173
73 173
74 173
76 173
77 173
80 173
83 173
85 173
95 173
96 173
99 173
100 173
101 173
103 173
106 173
107 173
108 173
109 173
111 173
112 173
118 173
119 173
121 173
128 173
131 173
133 173
134 173
135 173
138 173
141 173
142 173
146 173
147 173
148 173
149 173
150 173
153 173
157 173
158 173
159 173
162 173
166 173
167 173
169 173
171 173
172 173
1 174
3 174
4 174
5 174
6 174
7 174
9 174
10 174
11 174
12 174
13 174
17 174
20 174
23 174
25 174
27 174
28 174
29 174
30 174
31 174
32 174
36 174
50 174
52 174
54 174
55 174
58 174
61 174
62 174
68 174
69 174
71 174
72 174
74 174
84 174
85 174
86 174
87 174
88 174
89 174
90 174
91 174
95 174
96 174
105 174
107 174
110 174
111 174
113 174
121 174
124 174
125 174
129 174
130 174
131 174
132 174
133 174
134 174
136 174
137 174
143 174
144 174
147 174
148 174
149 174
150 174
151 174
152 174
153 174
154 174
155 174
156 174
158 174
159 174
161 174
165 174
166 174
170 174
171 174
173 174
1 175
2 175
3 175
5 175
6 175
7 175
8 175
12 175
23 175
25 175
26 175
30 175
32 175
33 175
35 175
41 175
43 175
44 175
48 175
49 175
50 175
52 175
53 175
56 175
57 175
58 175
60 175
62 175
63 175
65 175
66 175
72 175
74 175
75 175
78 175
86 175
87 175
89 175
90 175
94 175
100 175
105 175
107 175
109 175
110 175
111 175
113 175
114 175
119 175
120 175
121 175
122 175
123 175
125 175
126 175
127 175
128 175
129 175
130 175
131 175
134 175
137 175
139 175
140 175
142 175
144 175
146 175
147 175
151 175
152 175
153 175
155 175
157 175
158 175
159 175
160 175
166 175
168 175
169 175
170 175
171 175
172 175
173 175
174 175
1 176
5 176
7 176
12 176
13 176
16 176
18 176
21 176
25 176
27 176
31 176
32 176
33 176
35 176
38 176
40 176
41 176
43 176
44 176
47 176
48 176
53 176
55 176
60 176
70 176
73 176
76 176
77 176
78 176
79 176
88 176
89 176
94 176
95 176
97 176
99 176
100 176
102 176
103 176
107 176
109 176
112 176
113 176
115 176
116 176
120 176
121 176
123 176
125 176
126 176
127 176
133 176
134 176
135 176
136 176
138 176
141 176
142 176
143 176
145 176
147 176
148 176
150 176
152 176
154 176
156 176
157 176
159 176
160 176
161 176
163 176
164 176
167 176
168 176
170 176
172 176
173 176
174 176
175 176
1 177
4 177
5 177
7 177
10 177
12 177
14 177
15 177
17 177
18 177
20 177
21 177
22 177
24 177
25 177
26 177
27 177
28 177
29 177
30 177
32 177
33 177
34 177
35 177
36 177
41 177
46 177
47 177
53 177
55 177
57 177
59 177
60 177
61 177
62 177
67 177
69 177
70 177
74 177
75 177
76 177
79 177
80 177
90 177
91 177
92 177
93 177
94 177
96 177
99 177
110 177
111 177
112 177
113 177
119 177
120 177
122 177
123 177
124 177
130 177
131 177
132 177
134 177
139 177
140 177
141 177
142 177
146 177
147 177
149 177
150 177
159 177
162 177
164 177
166 177
167 177
168 177
169 177
170 177
171 177
173 177
174 177
175 177
5 178
6 178
9 178
12 178
14 178
16 178
17 178
20 178
23 178
26 178
30 178
31 178
32 178
33 178
35 178
37 178
38 178
40 178
42 178
44 178
46 178
51 178
58 178
59 178
61 178
62 178
65 178
66 178
69 178
73 178
75 178
78 178
82 178
84 178
89 178
91 178
92 178
98 178
99 178
100 178
102 178
106 178
114 178
115 178
116 178
117 178
119 178
128 178
136 178
138 178
143 178
145 178
150 178
151 178
152 178
153 178
156 178
157 178
158 178
159 178
160 178
163 178
164 178
165 178
167 178
168 178
169 178
171 178
172 178
176 178
177 178
1 179
2 179
3 179
6 179
7 179
8 179
10 179
16 179
21 179
22 179
23 179
24 179
26 179
28 179
30 179
34 179
35 179
38 179
39 179
42 179
46 179
48 179
52 179
56 179
57 179
58 179
59 179
60 179
62 179
63 179
67 179
68 179
70 179
71 179
72 179
76 179
78 179
79 179
80 179
81 179
82 179
83 179
89 179
91 179
92 179
93 179
95 179
98 179
101 179
102 179
103 179
104 179
106 179
109 179
112 179
114 179
115 179
116 179
118 179
119 179
125 179
126 179
127 179
128 179
129 179
131 179
133 179
134 179
136 179
138 179
139 179
140 179
141 179
142 179
144 179
148 179
149 179
151 179
153 179
155 179
156 179
158 179
159 179
160 179
161 179
163 179
167 179
168 179
170 179
173 179
174 179
175 179
176 179
2 180
3 180
4 180
5 180
10 180
14 180
17 180
18 180
20 180
25 180
26 180
29 180
32 180
43 180
45 180
47 180
48 180
49 180
51 180
54 180
57 180
58 180
63 180
64 180
65 180
66 180
67 180
68 180
70 180
71 180
77 180
78 180
80 180
82 180
87 180
88 180
89 180
90 180
91 180
92 180
94 180
97 180
99 180
100 180
102 180
103 180
104 180
106 180
109 180
110 180
113 180
115 180
117 180
118 180
120 180
124 180
125 180
126 180
127 180
128 180
129 180
130 180
134 180
138 180
140 180
141 180
143 180
144 180
146 180
148 180
149 180
150 180
152 180
154 180
155 180
159 180
160 180
161 180
163 180
164 180
166 180
167 180
170 180
172 180
174 180
176 180
179 180
1 181
2 181
6 181
7 181
9 181
11 181
16 181
17 181
18 181
19 181
20 181
22 181
24 181
25 181
26 181
28 181
29 181
30 181
31 181
34 181
35 181
39 181
40 181
43 181
45 181
46 181
48 181
49 181
50 181
51 181
52 181
55 181
56 181
57 181
58 181
59 181
62 181
65 181
69 181
76 181
78 181
79 181
80 181
87 181
88 181
90 181
91 181
93 181
95 181
96 181
97 181
98 181
99 181
100 181
101 181
105 181
107 181
109 181
114 181
117 181
124 181
125 181
126 181
127 181
129 181
130 181
131 181
132 181
133 181
137 181
138 181
140 181
147 181
148 181
149 181
150 181
151 181
152 181
153 181
156 181
157 181
158 181
159 181
160 181
161 181
162 181
163 181
164 181
167 181
169 181
170 181
173 181
4 182
5 182
6 182
11 182
12 182
16 182
22 182
23 182
24 182
25 182
30 182
32 182
33 182
34 182
36 182
38 182
39 182
41 182
43 182
45 182
52 182
57 182
59 182
61 182
63 182
64 182
67 182
68 182
69 182
71 182
73 182
75 182
76 182
90 182
91 182
99 182
102 182
107 182
110 182
111 182
112 182
115 182
120 182
122 182
125 182
127 182
129 182
130 182
133 182
135 182
136 182
138 182
146 182
149 182
150 182
155 182
161 182
165 182
166 182
167 182
169 182
171 182
173 182
174 182
176 182
177 182
179 182
180 182
181 182
8 183
10 183
11 183
12 183
14 183
16 183
17 183
22 183
23 183
24 183
26 183
27 183
31 183
32 183
34 183
38 183
40 183
41 183
42 183
46 183
47 183
49 183
50 183
51 183
52 183
57 183
58 183
62 183
64 183
65 183
66 183
69 183
70 183
74 183
75 183
76 183
77 183
79 183
80 183
81 183
82 183
90 183
92 183
93 183
95 183
96 183
99 183
103 183
108 183
110 183
112 183
115 183
120 183
121 183
122 183
124 183
126 183
127 183
130 183
131 183
132 183
135 183
136 183
139 183
141 183
144 183
148 183
149 183
152 183
153 183
157 183
161 183
162 183
163 183
165 183
166 183
169 183
171 183
172 183
176 183
178 183
1 184
2 184
4 184
6 184
7 184
8 184
9 184
10 184
14 184
16 184
18 184
25 184
26 184
29 184
31 184
35 184
36 184
37 184
38 184
40 184
41 184
43 184
44 184
46 184
51 184
52 184
53 184
56 184
59 184
62 184
64 184
65 184
68 184
74 184
77 184
83 184
84 184
85 184
94 184
96 184
98 184
100 184
103 184
104 184
106 184
107 184
109 184
110 184
112 184
113 184
120 184
121 184
122 184
127 184
129 184
134 184
135 184
136 184
139 184
140 184
142 184
143 184
145 184
149 184
151 184
152 184
153 184
154 184
156 184
158 184
162 184
163 184
165 184
166 184
171 184
174 184
177 184
179 184
183 184
3 185
4 185
5 185
7 185
8 185
12 185
17 185
18 185
19 185
22 185
23 185
25 185
28 185
30 185
33 185
34 185
36 185
37 185
41 185
49 185
50 185
51 185
54 185
57 185
62 185
64 185
66 185
69 185
72 185
73 185
76 185
83 185
84 185
85 185
86 185
93 185
96 185
97 185
98 185
99 185
101 185
104 185
105 185
108 185
109 185
110 185
113 185
114 185
115 185
120 185
123 185
125 185
126 185
128 185
132 185
133 185
134 185
138 185
142 185
148 185
149 185
151 185
158 185
159 185
160 185
162 185
163 185
165 185
166 185
167 185
168 185
171 185
172 185
173 185
175 185
176 185
178 185
180 185
184 185
3 186
5 186
7 186
8 186
9 186
10 186
11 186
12 186
13 186
14 186
15 186
17 186
21 186
22 186
26 186
27 186
28 186
29 186
33 186
34 186
36 186
39 186
41 186
43 186
44 186
45 186
46 186
50 186
51 186
53 186
58 186
59 186
61 186
64 186
65 186
66 186
68 186
69 186
72 186
73 186
75 186
77 186
78 186
79 186
80 186
82 186
84 186
85 186
86 186
93 186
97 186
103 186
104 186
105 186
106 186
109 186
110 186
112 186
114 186
117 186
118 186
122 186
123 186
124 186
127 186
128 186
129 186
130 186
131 186
132 186
135 186
137 186
138 186
140 186
144 186
146 186
147 186
150 186
152 186
154 186
156 186
157 186
158 186
160 186
162 186
163 186
165 186
168 186
174 186
175 186
176 186
177 186
178 186
180 186
182 186
3 187
6 187
9 187
10 187
12 187
13 187
16 187
22 187
25 187
26 187
27 187
30 187
32 187
33 187
34 187
35 187
37 187
47 187
55 187
56 187
58 187
61 187
63 187
64 187
66 187
67 187
68 187
72 187
74 187
75 187
76 187
78 187
81 187
84 187
86 187
88 187
93 187
94 187
97 187
99 187
100 187
101 187
103 187
104 187
107 187
109 187
110 187
111 187
120 187
121 187
123 187
125 187
127 187
133 187
134 187
135 187
136 187
142 187
144 187
147 187
148 187
150 187
152 187
153 187
155 187
156 187
157 187
158 187
159 187
164 187
165 187
166 187
167 187
171 187
174 187
175 187
183 187
5 188
6 188
7 188
8 188
9 188
16 188
21 188
22 188
25 188
29 188
30 188
31 188
33 188
35 188
38 188
41 188
44 188
45 188
46 188
48 188
49 188
52 188
53 188
54 188
55 188
56 188
58 188
59 188
61 188
63 188
69 188
74 188
78 188
79 188
80 188
81 188
83 188
84 188
86 188
90 188
93 188
95 188
96 188
97 188
100 188
101 188
107 188
108 188
109 188
111 188
114 188
115 188
117 188
118 188
124 188
125 188
129 188
131 188
135 188
136 188
137 188
138 188
142 188
143 188
145 188
147 188
149 188
150 188
151 188
153 188
154 188
155 188
167 188
168 188
169 188
170 188
171 188
172 188
175 188
179 188
180 188
184 188
185 188
1 189
3 189
4 189
8 189
12 189
13 189
16 189
17 189
18 189
20 189
21 189
25 189
26 189
31 189
32 189
33 189
36 189
40 189
41 189
42 189
45 189
48 189
49 189
51 189
52 189
53 189
54 189
56 189
58 189
66 189
67 189
69 189
71 189
77 189
78 189
79 189
80 189
83 189
84 189
85 189
88 189
90 189
99 189
100 189
103 189
107 189
108 189
109 189
111 189
112 189
113 189
114 189
119 189
121 189
122 189
123 189
124 189
126 189
129 189
130 189
134 189
135 189
136 189
138 189
140 189
141 189
142 189
146 189
150 189
154 189
159 189
160 189
164 189
168 189
169 189
170 189
171 189
172 189
173 189
174 189
177 189
179 189
182 189
183 189
184 189
185 189
186 189
188 189
1 190
2 190
7 190
8 190
10 190
11 190
12 190
16 190
18 190
19 190
21 190
24 190
28 190
29 190
32 190
34 190
37 190
38 190
39 190
40 190
41 190
43 190
44 190
46 190
47 190
49 190
51 190
52 190
53 190
57 190
59 190
60 190
61 190
62 190
64 190
66 190
68 190
69 190
70 190
73 190
74 190
75 190
79 190
80 190
81 190
93 190
94 190
95 190
96 190
101 190
102 190
107 190
108 190
110 190
114 190
117 190
120 190
126 190
127 190
128 190
129 190
131 190
135 190
141 190
142 190
143 190
144 190
146 190
147 190
148 190
149 190
151 190
155 190
158 190
161 190
164 190
165 190
168 190
173 190
174 190
175 190
177 190
178 190
179 190
180 190
181 190
185 190
4 191
8 191
12 191
15 191
16 191
18 191
19 191
22 191
23 191
25 191
26 191
31 191
33 191
34 191
36 191
38 191
39 191
40 191
41 191
47 191
48 191
49 191
50 191
51 191
52 191
53 191
55 191
56 191
59 191
61 191
62 191
63 191
64 191
65 191
66 191
67 191
68 191
70 191
71 191
72 191
73 191
74 191
75 191
78 191
79 191
80 191
81 191
86 191
95 191
98 191
99 191
102 191
103 191
104 191
106 191
107 191
108 191
109 191
110 191
112 191
113 191
114 191
119 191
120 191
122 191
124 191
125 191
126 191
128 191
130 191
131 191
132 191
142 191
143 191
145 191
151 191
154 191
155 191
157 191
160 191
163 191
164 191
168 191
170 191
171 191
178 191
183 191
184 191
187 191
8 192
10 192
12 192
13 192
14 192
19 192
20 192
22 192
24 192
27 192
28 192
29 192
31 192
33 192
34 192
35 192
37 192
44 192
45 192
49 192
54 192
55 192
56 192
58 192
60 192
62 192
65 192
67 192
71 192
72 192
74 192
75 192
76 192
77 192
80 192
82 192
84 192
86 192
88 192
89 192
97 192
99 192
100 192
101 192
104 192
107 192
111 192
112 192
114 192
116 192
119 192
121 192
122 192
123 192
124 192
126 192
127 192
129 192
131 192
132 192
135 192
136 192
137 192
140 192
141 192
142 192
143 192
144 192
148 192
149 192
150 192
152 192
153 192
154 192
155 192
157 192
158 192
159 192
162 192
163 192
165 192
169 192
170 192
171 192
179 192
181 192
185 192
188 192
189 192
190 192
4 193
6 193
7 193
10 193
11 193
12 193
13 193
16 193
17 193
18 193
20 193
21 193
22 193
24 193
25 193
26 193
27 193
28 193
29 193
32 193
34 193
37 193
48 193
49 193
50 193
51 193
56 193
57 193
58 193
60 193
61 193
62 193
65 193
66 193
68 193
69 193
72 193
73 193
74 193
76 193
77 193
78 193
79 193
81 193
82 193
83 193
85 193
87 193
89 193
91 193
99 193
100 193
101 193
104 193
106 193
107 193
108 193
111 193
112 193
114 193
118 193
119 193
120 193
123 193
124 193
128 193
129 193
130 193
131 193
132 193
134 193
137 193
140 193
143 193
145 193
146 193
147 193
148 193
149 193
152 193
153 193
154 193
155 193
156 193
158 193
160 193
162 193
163 193
164 193
168 193
169 193
170 193
171 193
172 193
173 193
175 193
179 193
180 193
181 193
182 193
183 193
186 193
187 193
189 193
5 194
7 194
8 194
14 194
15 194
17 194
18 194
21 194
24 194
27 194
29 194
32 194
33 194
34 194
35 194
36 194
37 194
41 194
42 194
43 194
44 194
45 194
48 194
56 194
62 194
65 194
66 194
67 194
68 194
69 194
72 194
73 194
76 194
77 194
79 194
81 194
84 194
85 194
86 194
88 194
89 194
90 194
91 194
98 194
99 194
102 194
103 194
104 194
108 194
110 194
113 194
115 194
119 194
122 194
124 194
125 194
126 194
130 194
131 194
133 194
136 194
138 194
139 194
141 194
143 194
145 194
155 194
156 194
161 194
167 194
170 194
172 194
173 194
175 194
176 194
183 194
185 194
186 194
187 194
192 194
1 195
5 195
6 195
10 195
11 195
12 195
15 195
17 195
23 195
24 195
26 195
28 195
33 195
36 195
37 195
38 195
39 195
41 195
45 195
46 195
47 195
48 195
49 195
50 195
52 195
54 195
55 195
59 195
61 195
62 195
64 195
66 195
67 195
68 195
70 195
71 195
72 195
73 195
77 195
79 195
80 195
81 195
82 195
87 195
88 195
89 195
91 195
92 195
97 195
98 195
102 195
104 195
105 195
106 195
107 195
109 195
110 195
111 195
117 195
118 195
119 195
120 195
121 195
122 195
123 195
124 195
125 195
126 195
130 195
131 195
133 195
136 195
139 195
141 195
143 195
144 195
146 195
156 195
159 195
161 195
162 195
163 195
164 195
166 195
168 195
169 195
173 195
174 195
176 195
179 195
183 195
184 195
185 195
186 195
188 195
189 195
191 195
4 196
5 196
6 196
8 196
11 196
12 196
15 196
16 196
18 196
19 196
20 196
21 196
22 196
24 196
28 196
29 196
30 196
31 196
34 196
35 196
36 196
37 196
38 196
39 196
43 196
44 196
50 196
51 196
52 196
55 196
57 196
58 196
59 196
60 196
61 196
63 196
66 196
70 196
71 196
74 196
75 196
76 196
78 196
79 196
82 196
87 196
88 196
91 196
95 196
100 196
103 196
106 196
107 196
108 196
109 196
110 196
112 196
120 196
121 196
123 196
127 196
128 196
132 196
133 196
134 196
135 196
136 196
140 196
141 196
144 196
147 196
149 196
150 196
152 196
155 196
160 196
161 196
162 196
163 196
165 196
168 196
171 196
173 196
176 196
177 196
178 196
180 196
181 196
184 196
189 196
191 196
193 196
1 197
4 197
5 197
7 197
8 197
10 197
11 197
12 197
13 197
14 197
16 197
17 197
18 197
19 197
22 197
23 197
24 197
29 197
30 197
34 197
36 197
39 197
40 197
42 197
44 197
45 197
46 197
48 197
50 197
53 197
54 197
55 197
59 197
61 197
67 197
70 197
71 197
77 197
78 197
81 197
82 197
83 197
88 197
89 197
91 197
93 197
94 197
96 197
100 197
101 197
104 197
106 197
109 197
110 197
112 197
115 197
117 197
118 197
119 197
122 197
123 197
124 197
125 197
137 197
138 197
142 197
144 197
146 197
149 197
155 197
157 197
160 197
162 197
165 197
166 197
167 197
168 197
171 197
172 197
175 197
176 197
178 197
179 197
181 197
183 197
186 197
188 197
193 197
1 198
8 198
9 198
14 198
16 198
17 198
21 198
22 198
23 198
25 198
26 198
28 198
29 198
33 198
34 198
36 198
37 198
38 198
39 198
40 198
42 198
43 198
45 198
48 198
49 198
50 198
53 198
54 198
55 198
57 198
60 198
62 198
64 198
65 198
69 198
71 198
74 198
77 198
79 198
80 198
81 198
82 198
84 198
86 198
95 198
96 198
97 198
98 198
101 198
102 198
103 198
104 198
106 198
108 198
109 198
111 198
114 198
118 198
119 198
124 198
126 198
128 198
130 198
135 198
137 198
138 198
139 198
141 198
142 198
148 198
151 198
153 198
155 198
157 198
159 198
161 198
163 198
166 198
168 198
169 198
171 198
174 198
176 198
177 198
181 198
182 198
183 198
184 198
185 198
187 198
188 198
194 198
5 199
7 199
11 199
12 199
13 199
16 199
17 199
18 199
21 199
23 199
24 199
26 199
28 199
29 199
30 199
31 199
32 199
34 199
35 199
38 199
39 199
47 199
52 199
54 199
60 199
61 199
63 199
66 199
69 199
70 199
71 199
72 199
73 199
74 199
75 199
78 199
83 199
85 199
87 199
98 199
99 199
100 199
102 199
110 199
111 199
113 199
115 199
116 199
117 199
120 199
121 199
123 199
126 199
128 199
129 199
130 199
131 199
133 199
136 199
138 199
139 199
140 199
141 199
147 199
150 199
152 199
155 199
159 199
161 199
164 199
166 199
169 199
170 199
172 199
175 199
176 199
177 199
180 199
181 199
184 199
185 199
186 199
187 199
188 199
189 199
192 199
195 199
196 199
197 199
198 199
9 200
12 200
13 200
14 200
15 200
17 200
18 200
22 200
26 200
28 200
29 200
32 200
33 200
34 200
35 200
42 200
43 200
44 200
45 200
46 200
47 200
49 200
51 200
56 200
60 200
63 200
64 200
66 200
67 200
69 200
70 200
72 200
74 200
75 200
79 200
81 200
82 200
83 200
87 200
89 200
92 200
100 200
101 200
103 200
106 200
108 200
112 200
116 200
118 200
119 200
121 200
122 200
123 200
125 200
127 200
130 200
131 200
133 200
140 200
143 200
144 200
150 200
157 200
159 200
160 200
163 200
165 200
173 200
179 200
180 200
183 200
184 200
185 200
188 200
189 200
191 200
192 200
193 200
1 201
4 201
5 201
6 201
8 201
9 201
15 201
16 201
19 201
21 201
22 201
24 201
28 201
32 201
33 201
35 201
38 201
39 201
42 201
44 201
50 201
51 201
53 201
57 201
59 201
62 201
64 201
65 201
66 201
67 201
68 201
71 201
72 201
73 201
74 201
75 201
76 201
77 201
78 201
79 201
83 201
86 201
87 201
88 201
93 201
94 201
102 201
103 201
104 201
105 201
106 201
108 201
109 201
110 201
112 201
114 201
115 201
116 201
118 201
121 201
125 201
126 201
128 201
131 201
132 201
138 201
140 201
142 201
144 201
145 201
147 201
148 201
149 201
151 201
153 201
154 201
160 201
162 201
164 201
167 201
168 201
169 201
171 201
172 201
173 201
174 201
175 201
179 201
181 201
182 201
183 201
184 201
185 201
186 201
187 201
188 201
189 201
191 201
192 201
194 201
199 201
2 202
3 202
4 202
8 202
11 202
12 202
13 202
18 202
19 202
21 202
22 202
26 202
28 202
29 202
30 202
32 202
33 202
34 202
35 202
36 202
39 202
40 202
41 202
44 202
45 202
47 202
49 202
51 202
52 202
54 202
58 202
60 202
62 202
67 202
69 202
71 202
74 202
75 202
77 202
78 202
79 202
80 202
83 202
84 202
88 202
90 202
91 202
92 202
93 202
94 202
95 202
96 202
104 202
106 202
109 202
110 202
111 202
112 202
115 202
117 202
121 202
123 202
125 202
126 202
130 202
133 202
135 202
137 202
138 202
139 202
141 202
144 202
148 202
150 202
152 202
153 202
156 202
158 202
159 202
162 202
165 202
166 202
167 202
171 202
178 202
184 202
187 202
188 202
189 202
191 202
192 202
199 202
200 202
2 203
3 203
6 203
8 203
12 203
13 203
15 203
16 203
17 203
19 203
20 203
21 203
26 203
27 203
29 203
30 203
31 203
32 203
33 203
34 203
36 203
37 203
39 203
40 203
41 203
42 203
43 203
44 203
47 203
49 203
50 203
51 203
53 203
54 203
55 203
58 203
60 203
61 203
62 203
64 203
65 203
66 203
69 203
70 203
74 203
76 203
77 203
80 203
83 203
84 203
89 203
92 203
96 203
104 203
108 203
109 203
110 203
111 203
112 203
116 203
117 203
121 203
122 203
124 203
130 203
131 203
132 203
135 203
137 203
139 203
140 203
141 203
142 203
143 203
146 203
147 203
148 203
150 203
151 203
153 203
155 203
157 203
158 203
161 203
162 203
163 203
166 203
167 203
168 203
169 203
171 203
172 203
176 203
182 203
183 203
184 203
185 203
189 203
191 203
192 203
193 203
196 203
197 203
199 203
200 203
201 203
1 204
2 204
3 204
5 204
7 204
8 204
10 204
11 204
13 204
15 204
16 204
17 204
20 204
23 204
26 204
27 204
28 204
32 204
36 204
39 204
40 204
42 204
43 204
46 204
47 204
48 204
51 204
53 204
54 204
56 204
57 204
58 204
60 204
61 204
64 204
65 204
67 204
71 204
72 204
79 204
80 204
84 204
86 204
89 204
90 204
92 204
93 204
94 204
95 204
104 204
106 204
113 204
115 204
116 204
119 204
120 204
121 204
125 204
126 204
131 204
132 204
133 204
134 204
136 204
137 204
139 204
140 204
141 204
144 204
145 204
148 204
149 204
150 204
151 204
153 204
154 204
157 204
159 204
160 204
163 204
166 204
168 204
171 204
173 204
174 204
176 204
180 204
183 204
184 204
185 204
188 204
191 204
192 204
196 204
197 204
198 204
202 204
1 205
3 205
4 205
6 205
7 205
11 205
14 205
16 205
20 205
25 205
26 205
27 205
28 205
29 205
31 205
33 205
38 205
39 205
40 205
42 205
43 205
44 205
45 205
46 205
47 205
49 205
50 205
52 205
53 205
56 205
57 205
59 205
60 205
63 205
64 205
65 205
67 205
69 205
70 205
71 205
72 205
73 205
75 205
76 205
77 205
81 205
85 205
86 205
87 205
95 205
99 205
101 205
102 205
103 205
104 205
107 205
110 205
111 205
112 205
113 205
114 205
117 205
118 205
120 205
121 205
123 205
127 205
128 205
129 205
130 205
136 205
137 205
138 205
140 205
142 205
145 205
146 205
150 205
156 205
157 205
158 205
160 205
161 205
164 205
170 205
174 205
175 205
176 205
177 205
179 205
180 205
181 205
183 205
190 205
193 205
201 205
203 205
1 206
2 206
5 206
6 206
7 206
10 206
13 206
16 206
17 206
18 206
20 206
25 206
26 206
27 206
29 206
34 206
35 206
40 206
45 206
48 206
50 206
51 206
54 206
56 206
57 206
58 206
60 206
63 206
64 206
68 206
70 206
74 206
76 206
77 206
78 206
82 206
83 206
84 206
85 206
86 206
88 206
90 206
100 206
101 206
102 206
104 206
107 206
110 206
111 206
112 206
114 206
118 206
120 206
122 206
124 206
129 206
130 206
133 206
139 206
141 206
143 206
144 206
146 206
149 206
151 206
152 206
153 206
156 206
161 206
162 206
167 206
168 206
169 206
170 206
171 206
173 206
174 206
175 206
176 206
179 206
182 206
183 206
184 206
186 206
188 206
192 206
196 206
197 206
199 206
203 206
1 207
7 207
12 207
18 207
20 207
23 207
26 207
27 207
28 207
30 207
31 207
32 207
33 207
39 207
42 207
43 207
44 207
46 207
47 207
50 207
54 207
55 207
57 207
59 207
60 207
62 207
63 207
66 207
69 207
71 207
72 207
73 207
75 207
76 207
77 207
78 207
83 207
84 207
85 207
88 207
92 207
94 207
102 207
103 207
104 207
109 207
110 207
111 207
115 207
117 207
118 207
119 207
120 207
121 207
122 207
124 207
125 207
127 207
128 207
133 207
135 207
136 207
137 207
138 207
140 207
141 207
147 207
148 207
151 207
152 207
153 207
154 207
155 207
156 207
157 207
158 207
159 207
160 207
163 207
164 207
168 207
169 207
170 207
175 207
177 207
178 207
179 207
180 207
181 207
182 207
184 207
186 207
187 207
193 207
196 207
200 207
201 207
202 207
203 207
205 207
206 207
1 208
2 208
4 208
6 208
7 208
8 208
9 208
11 208
14 208
17 208
20 208
24 208
25 208
26 208
27 208
28 208
30 208
31 208
32 208
33 208
34 208
37 208
40 208
42 208
43 208
46 208
48 208
50 208
51 208
53 208
54 208
57 208
59 208
60 208
67 208
68 208
72 208
73 208
74 208
75 208
77 208
79 208
80 208
81 208
83 208
84 208
87 208
90 208
91 208
95 208
96 208
104 208
105 208
109 208
110 208
111 208
116 208
117 208
120 208
121 208
128 208
129 208
130 208
132 208
133 208
138 208
141 208
143 208
144 208
147 208
150 208
152 208
153 208
155 208
157 208
158 208
161 208
163 208
164 208
165 208
166 208
168 208
169 208
170 208
171 208
172 208
173 208
177 208
179 208
181 208
183 208
184 208
186 208
187 208
188 208
191 208
192 208
193 208
194 208
195 208
198 208
199 208
201 208
203 208
204 208
206 208
2 209
5 209
6 209
7 209
15 209
21 209
23 209
26 209
27 209
30 209
31 209
32 209
33 209
37 209
39 209
41 209
42 209
44 209
46 209
47 209
49 209
50 209
54 209
57 209
59 209
62 209
65 209
68 209
70 209
71 209
72 209
73 209
74 209
75 209
76 209
77 209
79 209
80 209
87 209
91 209
92 209
94 209
95 209
96 209
99 209
105 209
108 209
110 209
112 209
115 209
118 209
119 209
120 209
123 209
124 209
125 209
126 209
131 209
132 209
133 209
134 209
136 209
137 209
141 209
142 209
144 209
145 209
147 209
148 209
150 209
151 209
154 209
155 209
156 209
157 209
158 209
163 209
165 209
170 209
171 209
172 209
177 209
179 209
182 209
183 209
185 209
188 209
191 209
193 209
195 209
199 209
200 209
201 209
202 209
204 209
205 209
206 209
3 210
9 210
10 210
13 210
22 210
25 210
26 210
27 210
28 210
30 210
31 210
34 210
36 210
39 210
42 210
48 210
52 210
53 210
55 210
56 210
57 210
58 210
62 210
65 210
66 210
67 210
69 210
72 210
74 210
76 210
79 210
80 210
81 210
91 210
92 210
95 210
100 210
105 210
106 210
109 210
111 210
112 210
113 210
114 210
115 210
116 210
119 210
121 210
122 210
123 210
124 210
126 210
127 210
130 210
132 210
136 210
137 210
138 210
143 210
144 210
146 210
150 210
151 210
154 210
155 210
156 210
157 210
158 210
159 210
161 210
162 210
166 210
168 210
170 210
172 210
174 210
175 210
178 210
180 210
182 210
185 210
186 210
187 210
188 210
190 210
191 210
192 210
193 210
195 210
196 210
197 210
200 210
201 210
202 210
203 210
206 210
207 210
209 210
1 211
3 211
4 211
7 211
8 211
12 211
20 211
21 211
22 211
24 211
25 211
28 211
29 211
32 211
33 211
34 211
37 211
38 211
40 211
41 211
42 211
44 211
45 211
49 211
52 211
53 211
56 211
57 211
60 211
63 211
67 211
68 211
69 211
70 211
74 211
76 211
77 211
78 211
84 211
85 211
86 211
90 211
91 211
94 211
95 211
96 211
98 211
99 211
105 211
106 211
107 211
108 211
110 211
111 211
112 211
113 211
118 211
123 211
125 211
127 211
130 211
131 211
133 211
135 211
136 211
143 211
145 211
146 211
147 211
148 211
149 211
151 211
152 211
153 211
154 211
155 211
156 211
161 211
162 211
166 211
168 211
170 211
172 211
175 211
176 211
177 211
179 211
180 211
181 211
182 211
183 211
184 211
185 211
189 211
190 211
194 211
197 211
198 211
200 211
208 211
210 211
2 212
3 212
10 212
11 212
12 212
13 212
16 212
18 212
22 212
23 212
25 212
26 212
30 212
32 212
33 212
34 212
35 212
37 212
39 212
42 212
45 212
47 212
49 212
50 212
52 212
53 212
56 212
57 212
58 212
59 212
60 212
63 212
64 212
65 212
66 212
67 212
69 212
70 212
71 212
73 212
74 212
75 212
76 212
77 212
80 212
81 212
82 212
85 212
88 212
92 212
93 212
95 212
96 212
98 212
99 212
102 212
103 212
104 212
105 212
107 212
109 212
113 212
114 212
115 212
117 212
119 212
120 212
123 212
128 212
130 212
132 212
136 212
138 212
140 212
142 212
143 212
149 212
155 212
157 212
158 212
159 212
160 212
163 212
164 212
165 212
167 212
168 212
169 212
170 212
173 212
177 212
180 212
181 212
187 212
188 212
190 212
193 212
194 212
197 212
199 212
201 212
205 212
206 212
2 213
3 213
5 213
7 213
8 213
9 213
14 213
17 213
18 213
20 213
21 213
25 213
26 213
27 213
30 213
31 213
35 213
36 213
39 213
40 213
41 213
42 213
43 213
44 213
46 213
51 213
52 213
54 213
55 213
56 213
57 213
60 213
62 213
65 213
68 213
69 213
70 213
71 213
74 213
75 213
76 213
78 213
79 213
80 213
85 213
88 213
91 213
92 213
94 213
95 213
96 213
100 213
101 213
103 213
109 213
112 213
113 213
114 213
118 213
120 213
122 213
123 213
124 213
126 213
127 213
128 213
130 213
132 213
137 213
143 213
145 213
146 213
149 213
152 213
153 213
154 213
159 213
160 213
161 213
163 213
164 213
166 213
167 213
169 213
170 213
174 213
175 213
176 213
177 213
178 213
179 213
180 213
181 213
185 213
187 213
188 213
191 213
192 213
193 213
194 213
196 213
197 213
200 213
201 213
202 213
203 213
205 213
207 213
208 213
211 213
1 214
2 214
3 214
4 214
6 214
7 214
8 214
10 214
15 214
16 214
17 214
23 214
27 214
29 214
31 214
32 214
33 214
34 214
38 214
42 214
45 214
46 214
47 214
50 214
52 214
54 214
55 214
56 214
57 214
60 214
61 214
63 214
64 214
65 214
68 214
69 214
71 214
72 214
74 214
75 214
78 214
79 214
81 214
82 214
88 214
89 214
90 214
91 214
92 214
93 214
94 214
103 214
105 214
106 214
107 214
109 214
110 214
111 214
112 214
113 214
116 214
117 214
119 214
121 214
122 214
124 214
125 214
127 214
129 214
130 214
133 214
135 214
137 214
139 214
141 214
142 214
143 214
145 214
150 214
151 214
152 214
153 214
154 214
155 214
156 214
158 214
160 214
162 214
163 214
165 214
167 214
171 214
172 214
174 214
176 214
177 214
178 214
180 214
181 214
182 214
183 214
185 214
188 214
189 214
190 214
192 214
194 214
204 214
207 214
208 214
209 214
211 214
213 214
2 215
4 215
6 215
10 215
13 215
16 215
19 215
21 215
24 215
26 215
28 215
30 215
34 215
35 215
37 215
40 215
42 215
43 215
45 215
49 215
51 215
54 215
55 215
56 215
59 215
63 215
65 215
66 215
73 215
74 215
75 215
76 215
77 215
79 215
81 215
83 215
84 215
87 215
88 215
89 215
93 215
97 215
98 215
106 215
108 215
109 215
110 215
112 215
113 215
115 215
116 215
120 215
121 215
123 215
124 215
126 215
128 215
129 215
130 215
132 215
139 215
140 215
141 215
145 215
146 215
148 215
149 215
150 215
154 215
166 215
167 215
168 215
169 215
171 215
172 215
173 215
175 215
176 215
177 215
178 215
179 215
182 215
183 215
184 215
188 215
189 215
190 215
192 215
194 215
195 215
196 215
198 215
200 215
201 215
203 215
204 215
208 215
210 215
213 215
1 216
2 216
4 216
6 216
7 216
8 216
10 216
11 216
12 216
13 216
14 216
18 216
21 216
23 216
27 216
28 216
30 216
34 216
37 216
39 216
41 216
44 216
45 216
47 216
51 216
52 216
53 216
54 216
58 216
59 216
61 216
62 216
64 216
65 216
67 216
70 216
71 216
73 216
74 216
75 216
76 216
77 216
78 216
80 216
81 216
82 216
84 216
86 216
87 216
91 216
92 216
94 216
95 216
97 216
98 216
100 216
109 216
110 216
112 216
115 216
118 216
119 216
121 216
126 216
128 216
129 216
130 216
131 216
133 216
134 216
137 216
138 216
139 216
141 216
142 216
143 216
144 216
149 216
151 216
153 216
155 216
159 216
160 216
161 216
162 216
164 216
165 216
167 216
168 216
169 216
170 216
172 216
180 216
181 216
182 216
188 216
190 216
196 216
198 216
199 216
202 216
203 216
208 216
212 216
213 216
215 216
1 217
3 217
4 217
12 217
13 217
14 217
16 217
17 217
18 217
20 217
22 217
23 217
24 217
26 217
28 217
29 217
33 217
35 217
36 217
37 217
39 217
40 217
41 217
44 217
47 217
48 217
49 217
50 217
53 217
57 217
59 217
60 217
63 217
65 217
67 217
68 217
71 217
72 217
76 217
79 217
81 217
83 217
85 217
87 217
88 217
90 217
92 217
94 217
95 217
96 217
97 217
98 217
99 217
103 217
114 217
115 217
117 217
119 217
120 217
122 217
123 217
124 217
128 217
129 217
130 217
131 217
133 217
134 217
136 217
138 217
139 217
140 217
141 217
142 217
144 217
145 217
146 217
147 217
149 217
151 217
152 217
156 217
158 217
161 217
163 217
166 217
167 217
168 217
170 217
171 217
173 217
175 217
176 217
183 217
184 217
185 217
186 217
188 217
193 217
194 217
196 217
199 217
200 217
204 217
205 217
206 217
209 217
210 217
213 217
214 217
215 217
216 217
1 218
2 218
5 218
6 218
11 218
12 218
14 218
17 218
19 218
22 218
23 218
25 218
27 218
30 218
32 218
37 218
43 218
44 218
45 218
47 218
50 218
51 218
52 218
53 218
54 218
55 218
60 218
61 218
62 218
64 218
66 218
67 218
70 218
71 218
72 218
75 218
76 218
78 218
79 218
80 218
81 218
82 218
83 218
84 218
86 218
88 218
89 218
90 218
95 218
98 218
99 218
100 218
102 218
103 218
104 218
113 218
116 218
117 218
118 218
120 218
123 218
126 218
127 218
130 218
132 218
134 218
135 218
142 218
145 218
146 218
147 218
148 218
149 218
150 218
154 218
155 218
158 218
159 218
163 218
165 218
167 218
169 218
172 218
173 218
177 218
180 218
182 218
188 218
190 218
191 218
194 218
195 218
197 218
201 218
202 218
203 218
204 218
207 218
214 218
216 218
217 218
4 219
9 219
10 219
11 219
12 219
13 219
14 219
16 219
22 219
23 219
24 219
25 219
29 219
30 219
31 219
33 219
36 219
38 219
42 219
44 219
46 219
47 219
49 219
51 219
55 219
56 219
57 219
58 219
61 219
64 219
65 219
66 219
67 219
70 219
73 219
76 219
78 219
81 219
82 219
84 219
86 219
87 219
88 219
89 219
90 219
91 219
92 219
93 219
94 219
95 219
96 219
98 219
99 219
100 219
101 219
104 219
110 219
113 219
115 219
116 219
117 219
118 219
121 219
122 219
123 219
127 219
128 219
129 219
132 219
140 219
143 219
144 219
149 219
152 219
153 219
155 219
156 219
157 219
160 219
163 219
165 219
167 219
173 219
174 219
175 219
176 219
183 219
184 219
187 219
191 219
193 219
196 219
197 219
200 219
201 219
203 219
204 219
205 219
206 219
209 219
210 219
212 219
217 219
218 219
3 220
4 220
5 220
6 220
7 220
9 220
13 220
14 220
15 220
16 220
19 220
20 220
21 220
24 220
25 220
26 220
28 220
34 220
41 220
43 220
44 220
47 220
48 220
50 220
53 220
56 220
58 220
61 220
63 220
69 220
70 220
71 220
73 220
75 220
78 220
81 220
88 220
91 220
93 220
94 220
97 220
99 220
102 220
103 220
107 220
108 220
109 220
110 220
115 220
117 220
118 220
122 220
123 220
125 220
127 220
130 220
131 220
135 220
138 220
139 220
140 220
142 220
143 220
145 220
146 220
147 220
148 220
151 220
152 220
153 220
155 220
157 220
159 220
162 220
163 220
166 220
171 220
175 220
176 220
179 220
181 220
182 220
183 220
186 220
191 220
195 220
196 220
199 220
200 220
202 220
204 220
206 220
209 220
212 220
214 220
216 220
218 220
4 221
5 221
7 221
11 221
17 221
20 221
21 221
22 221
23 221
26 221
28 221
30 221
31 221
33 221
35 221
36 221
40 221
41 221
43 221
45 221
47 221
50 221
51 221
52 221
54 221
55 221
56 221
57 221
60 221
64 221
69 221
71 221
74 221
77 221
82 221
87 221
94 221
97 221
98 221
99 221
104 221
105 221
106 221
107 221
108 221
109 221
111 221
112 221
115 221
116 221
117 221
119 221
120 221
121 221
123 221
126 221
129 221
130 221
132 221
133 221
134 221
135 221
139 221
141 221
144 221
146 221
147 221
148 221
149 221
154 221
155 221
156 221
158 221
162 221
166 221
167 221
168 221
169 221
172 221
173 221
175 221
177 221
180 221
183 221
186 221
189 221
190 221
192 221
195 221
196 221
198 221
201 221
203 221
205 221
206 221
208 221
209 221
211 221
215 221
216 221
1 222
2 222
4 222
5 222
7 222
14 222
15 222
17 222
18 222
19 222
22 222
26 222
27 222
29 222
31 222
33 222
35 222
37 222
39 222
41 222
42 222
43 222
44 222
45 222
46 222
50 222
52 222
55 222
58 222
59 222
60 222
61 222
62 222
64 222
66 222
68 222
69 222
71 222
72 222
74 222
76 222
77 222
78 222
79 222
81 222
83 222
84 222
88 222
92 222
93 222
107 222
108 222
109 222
110 222
113 222
115 222
116 222
119 222
120 222
121 222
123 222
124 222
126 222
127 222
128 222
129 222
130 222
131 222
132 222
133 222
138 222
139 222
141 222
144 222
146 222
147 222
148 222
150 222
152 222
153 222
154 222
155 222
158 222
160 222
161 222
165 222
167 222
168 222
170 222
171 222
172 222
174 222
176 222
177 222
178 222
179 222
181 222
182 222
183 222
184 222
185 222
186 222
188 222
190 222
193 222
195 222
199 222
200 222
206 222
209 222
212 222
213 222
214 222
216 222
217 222
219 222
221 222
3 223
4 223
8 223
10 223
12 223
19 223
23 223
24 223
26 223
27 223
28 223
29 223
30 223
34 223
35 223
36 223
38 223
40 223
41 223
45 223
47 223
48 223
53 223
54 223
58 223
59 223
60 223
63 223
64 223
65 223
67 223
68 223
69 223
71 223
75 223
77 223
78 223
82 223
85 223
87 223
88 223
90 223
92 223
95 223
96 223
97 223
112 223
113 223
117 223
118 223
120 223
122 223
123 223
126 223
127 223
128 223
129 223
132 223
133 223
134 223
135 223
136 223
140 223
141 223
143 223
145 223
146 223
149 223
150 223
153 223
154 223
155 223
157 223
160 223
161 223
163 223
164 223
165 223
166 223
167 223
168 223
169 223
173 223
174 223
175 223
176 223
179 223
180 223
182 223
183 223
191 223
192 223
193 223
194 223
195 223
197 223
198 223
202 223
205 223
207 223
208 223
211 223
212 223
214 223
215 223
216 223
217 223
219 223
220 223
3 224
9 224
12 224
18 224
21 224
24 224
25 224
30 224
31 224
35 224
37 224
38 224
41 224
42 224
43 224
44 224
46 224
48 224
49 224
50 224
56 224
57 224
58 224
59 224
60 224
64 224
65 224
67 224
68 224
73 224
74 224
76 224
77 224
78 224
79 224
83 224
85 224
86 224
90 224
91 224
92 224
95 224
97 224
99 224
100 224
112 224
113 224
114 224
116 224
117 224
118 224
119 224
122 224
123 224
124 224
126 224
127 224
128 224
129 224
131 224
133 224
134 224
135 224
140 224
141 224
142 224
144 224
145 224
149 224
150 224
152 224
157 224
162 224
164 224
168 224
170 224
172 224
173 224
175 224
177 224
178 224
180 224
182 224
190 224
195 224
200 224
201 224
205 224
207 224
210 224
211 224
212 224
214 224
217 224
219 224
221 224
3 225
8 225
9 225
10 225
13 225
15 225
18 225
19 225
21 225
23 225
29 225
30 225
33 225
36 225
46 225
47 225
49 225
50 225
52 225
54 225
58 225
61 225
62 225
68 225
70 225
71 225
72 225
75 225
78 225
79 225
81 225
84 225
87 225
91 225
92 225
98 225
101 225
103 225
104 225
106 225
113 225
117 225
118 225
119 225
122 225
123 225
124 225
125 225
128 225
129 225
134 225
135 225
136 225
138 225
139 225
142 225
143 225
147 225
149 225
150 225
151 225
154 225
155 225
157 225
160 225
161 225
162 225
165 225
166 225
167 225
168 225
171 225
174 225
175 225
179 225
185 225
187 225
192 225
195 225
196 225
199 225
202 225
203 225
205 225
206 225
207 225
208 225
209 225
213 225
214 225
215 225
216 225
217 225
218 225
221 225
224 225
1 226
2 226
3 226
4 226
7 226
9 226
12 226
14 226
15 226
18 226
20 226
22 226
23 226
25 226
26 226
28 226
29 226
30 226
31 226
36 226
40 226
44 226
50 226
59 226
60 226
61 226
65 226
66 226
68 226
69 226
70 226
71 226
73 226
74 226
75 226
77 226
81 226
83 226
84 226
88 226
89 226
90 226
91 226
93 226
95 226
102 226
104 226
105 226
107 226
108 226
114 226
116 226
118 226
122 226
126 226
128 226
131 226
133 226
135 226
136 226
137 226
138 226
142 226
143 226
145 226
146 226
148 226
151 226
152 226
153 226
154 226
155 226
156 226
158 226
166 226
167 226
168 226
169 226
170 226
175 226
177 226
179 226
181 226
188 226
190 226
191 226
192 226
197 226
199 226
200 226
201 226
202 226
203 226
204 226
207 226
209 226
210 226
211 226
212 226
213 226
218 226
222 226
224 226
1 227
3 227
6 227
7 227
10 227
11 227
16 227
17 227
19 227
22 227
23 227
25 227
27 227
28 227
29 227
31 227
32 227
33 227
34 227
37 227
38 227
40 227
43 227
45 227
46 227
47 227
55 227
56 227
58 227
65 227
67 227
68 227
70 227
73 227
75 227
79 227
81 227
82 227
84 227
85 227
86 227
87 227
88 227
89 227
90 227
93 227
95 227
97 227
98 227
99 227
102 227
104 227
106 227
113 227
115 227
119 227
121 227
124 227
125 227
127 227
133 227
135 227
136 227
142 227
145 227
147 227
150 227
151 227
152 227
153 227
154 227
156 227
158 227
159 227
161 227
162 227
163 227
164 227
165 227
166 227
170 227
171 227
172 227
174 227
177 227
178 227
180 227
182 227
184 227
185 227
187 227
189 227
190 227
191 227
194 227
195 227
198 227
199 227
200 227
202 227
207 227
209 227
211 227
216 227
217 227
221 227
222 227
223 227
3 228
6 228
8 228
9 228
10 228
11 228
13 228
15 228
17 228
18 228
23 228
24 228
25 228
26 228
28 228
29 228
31 228
33 228
36 228
38 228
42 228
43 228
45 228
46 228
49 228
50 228
52 228
54 228
56 228
59 228
60 228
64 228
65 228
66 228
69 228
71 228
73 228
75 228
78 228
79 228
81 228
82 228
84 228
85 228
86 228
89 228
90 228
91 228
93 228
96 228
97 228
98 228
99 228
102 228
103 228
105 228
113 228
115 228
116 228
117 228
121 228
124 228
125 228
127 228
128 228
129 228
130 228
135 228
139 228
141 228
143 228
144 228
149 228
150 228
152 228
153 228
156 228
157 228
160 228
161 228
163 228
164 228
167 228
169 228
170 228
171 228
172 228
173 228
174 228
175 228
179 228
180 228
181 228
183 228
184 228
186 228
192 228
193 228
194 228
196 228
197 228
198 228
200 228
201 228
202 228
205 228
206 228
208 228
212 228
215 228
216 228
217 228
219 228
221 228
222 228
223 228
225 228
227 228
1 229
3 229
4 229
5 229
7 229
10 229
13 229
15 229
18 229
23 229
25 229
28 229
29 229
33 229
36 229
39 229
41 229
44 229
45 229
46 229
48 229
53 229
55 229
56 229
57 229
59 229
62 229
63 229
64 229
66 229
68 229
72 229
74 229
75 229
76 229
80 229
84 229
89 229
91 229
93 229
94 229
95 229
97 229
98 229
99 229
101 229
102 229
103 229
104 229
105 229
107 229
108 229
109 229
114 229
117 229
118 229
120 229
124 229
125 229
126 229
127 229
128 229
129 229
132 229
134 229
135 229
136 229
138 229
139 229
141 229
142 229
144 229
146 229
147 229
149 229
150 229
152 229
156 229
158 229
161 229
162 229
163 229
165 229
167 229
168 229
169 229
173 229
177 229
179 229
180 229
186 229
188 229
190 229
192 229
193 229
195 229
197 229
198 229
200 229
202 229
203 229
204 229
205 229
209 229
211 229
212 229
214 229
216 229
217 229
220 229
221 229
224 229
226 229
1 230
5 230
6 230
7 230
9 230
11 230
16 230
18 230
19 230
22 230
24 230
26 230
28 230
29 230
35 230
37 230
40 230
41 230
42 230
44 230
48 230
50 230
55 230
56 230
59 230
63 230
65 230
67 230
69 230
71 230
74 230
77 230
79 230
80 230
82 230
87 230
88 230
90 230
91 230
93 230
96 230
97 230
100 230
102 230
111 230
112 230
113 230
114 230
117 230
120 230
121 230
122 230
123 230
130 230
131 230
132 230
133 230
137 230
138 230
143 230
144 230
147 230
149 230
150 230
152 230
153 230
156 230
158 230
159 230
162 230
163 230
166 230
171 230
173 230
174 230
176 230
182 230
183 230
184 230
185 230
189 230
191 230
192 230
194 230
200 230
201 230
205 230
207 230
208 230
210 230
215 230
216 230
217 230
218 230
221 230
222 230
226 230
228 230
229 230
1 231
3 231
4 231
6 231
9 231
10 231
11 231
14 231
18 231
20 231
21 231
22 231
24 231
26 231
29 231
31 231
38 231
39 231
40 231
41 231
42 231
43 231
44 231
45 231
47 231
51 231
52 231
56 231
58 231
60 231
62 231
63 231
65 231
69 231
71 231
72 231
73 231
74 231
76 231
78 231
83 231
87 231
88 231
89 231
91 231
93 231
97 231
100 231
103 231
106 231
115 231
116 231
117 231
119 231
120 231
131 231
140 231
143 231
144 231
145 231
147 231
148 231
153 231
154 231
156 231
157 231
159 231
160 231
161 231
162 231
166 231
167 231
169 231
170 231
172 231
173 231
174 231
175 231
177 231
178 231
179 231
181 231
182 231
183 231
184 231
185 231
191 231
192 231
194 231
195 231
196 231
197 231
204 231
209 231
210 231
212 231
214 231
215 231
216 231
217 231
219 231
220 231
221 231
223 231
224 231
226 231
227 231
228 231
229 231
230 231
1 232
2 232
3 232
9 232
10 232
12 232
13 232
14 232
17 232
21 232
22 232
28 232
30 232
31 232
35 232
36 232
37 232
40 232
42 232
43 232
50 232
51 232
52 232
56 232
57 232
60 232
61 232
63 232
65 232
66 232
68 232
71 232
73 232
78 232
79 232
89 232
91 232
92 232
93 232
94 232
95 232
97 232
98 232
99 232
101 232
102 232
104 232
107 232
117 232
120 232
121 232
122 232
123 232
124 232
125 232
126 232
128 232
131 232
138 232
143 232
146 232
149 232
152 232
153 232
154 232
155 232
156 232
157 232
160 232
161 232
165 232
166 232
168 232
170 232
173 232
174 232
175 232
176 232
177 232
185 232
187 232
188 232
189 232
191 232
192 232
193 232
195 232
197 232
198 232
200 232
204 232
208 232
209 232
212 232
213 232
217 232
218 232
221 232
223 232
225 232
229 232
1 233
2 233
3 233
4 233
6 233
7 233
9 233
15 233
17 233
20 233
22 233
23 233
24 233
29 233
30 233
35 233
39 233
41 233
42 233
50 233
52 233
53 233
56 233
57 233
59 233
61 233
62 233
63 233
64 233
67 233
68 233
69 233
75 233
77 233
78 233
80 233
82 233
88 233
95 233
97 233
99 233
100 233
105 233
107 233
108 233
118 233
120 233
121 233
124 233
126 233
128 233
129 233
132 233
135 233
137 233
138 233
139 233
140 233
142 233
145 233
149 233
150 233
152 233
154 233
156 233
159 233
161 233
164 233
165 233
169 233
170 233
173 233
176 233
178 233
179 233
180 233
181 233
184 233
185 233
187 233
192 233
193 233
195 233
197 233
200 233
201 233
202 233
204 233
205 233
206 233
209 233
215 233
216 233
217 233
222 233
224 233
226 233
227 233
229 233
230 233
231 233
232 233
3 234
6 234
8 234
9 234
16 234
19 234
20 234
21 234
32 234
34 234
36 234
37 234
40 234
41 234
42 234
43 234
50 234
51 234
54 234
58 234
60 234
61 234
63 234
64 234
65 234
66 234
67 234
68 234
72 234
73 234
79 234
82 234
84 234
85 234
86 234
87 234
89 234
90 234
91 234
92 234
93 234
98 234
100 234
101 234
106 234
108 234
109 234
111 234
112 234
117 234
124 234
125 234
126 234
127 234
128 234
131 234
132 234
137 234
138 234
144 234
148 234
150 234
152 234
153 234
157 234
158 234
161 234
163 234
167 234
168 234
169 234
170 234
172 234
174 234
175 234
176 234
179 234
180 234
183 234
185 234
186 234
187 234
188 234
191 234
192 234
193 234
195 234
196 234
197 234
198 234
199 234
200 234
202 234
203 234
206 234
209 234
210 234
211 234
213 234
215 234
217 234
219 234
222 234
223 234
224 234
225 234
226 234
228 234
229 234
230 234
231 234
233 234
1 235
3 235
6 235
11 235
12 235
13 235
14 235
15 235
19 235
23 235
26 235
29 235
30 235
32 235
33 235
38 235
39 235
40 235
43 235
46 235
47 235
51 235
52 235
53 235
55 235
57 235
58 235
59 235
60 235
62 235
63 235
64 235
66 235
68 235
72 235
73 235
74 235
76 235
78 235
79 235
85 235
89 235
90 235
91 235
92 235
98 235
101 235
102 235
105 235
109 235
111 235
116 235
117 235
118 235
119 235
120 235
121 235
122 235
123 235
125 235
126 235
128 235
130 235
131 235
132 235
133 235
134 235
135 235
136 235
137 235
138 235
139 235
142 235
147 235
148 235
149 235
150 235
151 235
152 235
153 235
157 235
159 235
160 235
162 235
166 235
167 235
170 235
175 235
176 235
177 235
178 235
179 235
180 235
181 235
183 235
186 235
187 235
190 235
191 235
193 235
198 235
201 235
202 235
203 235
204 235
205 235
206 235
207 235
208 235
210 235
211 235
212 235
213 235
216 235
218 235
219 235
222 235
225 235
226 235
228 235
229 235
230 235
2 236
3 236
4 236
5 236
7 236
9 236
10 236
14 236
15 236
18 236
19 236
20 236
22 236
23 236
24 236
28 236
29 236
30 236
33 236
34 236
39 236
40 236
42 236
43 236
44 236
45 236
47 236
49 236
54 236
55 236
59 236
63 236
64 236
66 236
68 236
70 236
71 236
72 236
74 236
77 236
84 236
85 236
86 236
88 236
89 236
91 236
94 236
100 236
104 236
105 236
109 236
110 236
116 236
117 236
118 236
119 236
120 236
121 236
122 236
123 236
125 236
126 236
127 236
128 236
129 236
134 236
136 236
137 236
140 236
141 236
144 236
145 236
146 236
148 236
149 236
152 236
154 236
155 236
157 236
158 236
159 236
160 236
161 236
163 236
167 236
169 236
170 236
171 236
173 236
175 236
177 236
179 236
180 236
181 236
182 236
185 236
186 236
187 236
190 236
191 236
193 236
195 236
196 236
197 236
201 236
202 236
208 236
212 236
213 236
219 236
225 236
228 236
230 236
233 236
235 236
1 237
2 237
5 237
6 237
7 237
9 237
10 237
14 237
17 237
18 237
24 237
25 237
27 237
29 237
30 237
31 237
34 237
35 237
36 237
39 237
41 237
42 237
44 237
47 237
50 237
57 237
64 237
67 237
68 237
69 237
70 237
75 237
76 237
80 237
86 237
88 237
89 237
91 237
103 237
113 237
115 237
116 237
118 237
119 237
120 237
121 237
123 237
124 237
126 237
129 237
130 237
133 237
136 237
140 237
142 237
143 237
145 237
146 237
148 237
149 237
150 237
152 237
157 237
158 237
161 237
162 237
165 237
167 237
168 237
169 237
170 237
172 237
173 237
176 237
177 237
179 237
181 237
182 237
183 237
185 237
186 237
188 237
189 237
193 237
195 237
196 237
199 237
201 237
203 237
205 237
206 237
207 237
209 237
210 237
211 237
214 237
216 237
217 237
221 237
222 237
224 237
225 237
226 237
227 237
229 237
4 238
7 238
9 238
10 238
13 238
18 238
19 238
21 238
24 238
25 238
27 238
28 238
29 238
30 238
31 238
32 238
38 238
39 238
40 238
44 238
45 238
46 238
50 238
56 238
61 238
62 238
64 238
65 238
66 238
68 238
71 238
72 238
74 238
82 238
83 238
85 238
88 238
90 238
97 238
102 238
104 238
105 238
106 238
115 238
116 238
117 238
118 238
119 238
120 238
123 238
125 238
126 238
130 238
131 238
132 238
133 238
137 238
138 238
139 238
140 238
142 238
145 238
152 238
154 238
160 238
161 238
165 238
166 238
177 238
180 238
181 238
182 238
186 238
187 238
188 238
190 238
195 238
196 238
197 238
198 238
201 238
203 238
204 238
206 238
209 238
210 238
211 238
212 238
213 238
215 238
216 238
220 238
221 238
224 238
225 238
227 238
228 238
231 238
233 238
235 238
236 238
237 238
1 239
2 239
3 239
7 239
8 239
9 239
10 239
12 239
13 239
14 239
17 239
23 239
27 239
28 239
33 239
34 239
36 239
37 239
38 239
41 239
45 239
46 239
47 239
50 239
51 239
56 239
57 239
58 239
61 239
65 239
66 239
67 239
68 239
75 239
76 239
78 239
81 239
82 239
84 239
85 239
87 239
90 239
95 239
96 239
98 239
103 239
104 239
106 239
110 239
119 239
121 239
122 239
124 239
125 239
132 239
133 239
134 239
135 239
138 239
139 239
142 239
143 239
145 239
147 239
149 239
150 239
151 239
152 239
153 239
154 239
155 239
156 239
157 239
158 239
161 239
163 239
164 239
166 239
167 239
169 239
172 239
174 239
177 239
179 239
180 239
182 239
185 239
187 239
190 239
193 239
194 239
195 239
197 239
202 239
203 239
205 239
206 239
207 239
209 239
210 239
212 239
214 239
215 239
219 239
226 239
229 239
230 239
231 239
232 239
234 239
235 239
236 239
237 239
3 240
4 240
5 240
6 240
8 240
12 240
13 240
16 240
17 240
18 240
19 240
21 240
22 240
25 240
26 240
29 240
31 240
32 240
33 240
38 240
41 240
46 240
47 240
49 240
50 240
51 240
52 240
57 240
62 240
65 240
67 240
71 240
73 240
74 240
76 240
78 240
80 240
82 240
88 240
89 240
92 240
96 240
97 240
98 240
99 240
100 240
102 240
103 240
104 240
106 240
107 240
112 240
113 240
120 240
121 240
122 240
123 240
125 240
126 240
129 240
130 240
132 240
133 240
136 240
138 240
140 240
142 240
145 240
148 240
149 240
150 240
151 240
154 240
155 240
165 240
166 240
167 240
171 240
174 240
176 240
177 240
178 240
180 240
181 240
182 240
183 240
185 240
188 240
189 240
190 240
191 240
192 240
193 240
194 240
195 240
199 240
203 240
204 240
205 240
206 240
211 240
212 240
213 240
214 240
215 240
220 240
222 240
223 240
224 240
225 240
226 240
232 240
233 240
235 240
237 240
238 240
5 241
6 241
7 241
10 241
12 241
13 241
16 241
19 241
20 241
22 241
23 241
25 241
26 241
32 241
34 241
35 241
36 241
37 241
38 241
39 241
40 241
41 241
42 241
44 241
45 241
48 241
49 241
52 241
53 241
57 241
58 241
60 241
62 241
64 241
67 241
72 241
75 241
80 241
81 241
84 241
86 241
89 241
91 241
93 241
94 241
95 241
97 241
101 241
102 241
105 241
108 241
111 241
113 241
115 241
121 241
123 241
125 241
127 241
130 241
131 241
136 241
137 241
138 241
143 241
148 241
149 241
150 241
153 241
159 241
161 241
163 241
164 241
165 241
166 241
168 241
169 241
172 241
176 241
177 241
178 241
181 241
182 241
184 241
185 241
192 241
193 241
197 241
202 241
203 241
206 241
207 241
211 241
212 241
213 241
215 241
216 241
218 241
220 241
221 241
222 241
223 241
227 241
229 241
230 241
232 241
235 241
236 241
237 241
238 241
3 242
4 242
5 242
6 242
8 242
9 242
11 242
16 242
20 242
21 242
22 242
25 242
27 242
29 242
31 242
33 242
34 242
36 242
38 242
40 242
42 242
43 242
45 242
46 242
47 242
48 242
54 242
56 242
57 242
64 242
67 242
69 242
70 242
74 242
75 242
78 242
80 242
84 242
85 242
87 242
88 242
89 242
90 242
92 242
95 242
99 242
100 242
102 242
107 242
112 242
121 242
122 242
123 242
124 242
125 242
127 242
128 242
130 242
131 242
132 242
134 242
136 242
137 242
139 242
143 242
144 242
145 242
146 242
147 242
148 242
150 242
152 242
154 242
155 242
157 242
158 242
159 242
160 242
162 242
164 242
165 242
166 242
168 242
169 242
171 242
173 242
174 242
175 242
176 242
177 242
182 242
184 242
185 242
191 242
192 242
194 242
196 242
197 242
200 242
201 242
205 242
206 242
207 242
212 242
215 242
216 242
218 242
219 242
220 242
221 242
223 242
224 242
225 242
227 242
230 242
231 242
232 242
235 242
238 242
2 243
4 243
6 243
7 243
11 243
13 243
15 243
17 243
18 243
20 243
21 243
23 243
27 243
29 243
31 243
34 243
35 243
36 243
37 243
38 243
39 243
41 243
43 243
45 243
48 243
50 243
51 243
52 243
57 243
63 243
65 243
66 243
75 243
79 243
80 243
83 243
84 243
85 243
87 243
89 243
90 243
93 243
99 243
100 243
102 243
107 243
111 243
112 243
114 243
115 243
122 243
125 243
127 243
128 243
129 243
131 243
132 243
136 243
137 243
138 243
140 243
142 243
146 243
148 243
149 243
150 243
153 243
158 243
161 243
162 243
163 243
164 243
166 243
169 243
172 243
173 243
175 243
178 243
179 243
180 243
181 243
184 243
188 243
189 243
193 243
197 243
199 243
200 243
201 243
203 243
205 243
206 243
210 243
212 243
213 243
214 243
215 243
217 243
218 243
221 243
222 243
224 243
225 243
227 243
229 243
230 243
235 243
238 243
240 243
242 243
1 244
2 244
3 244
10 244
12 244
14 244
16 244
17 244
18 244
20 244
23 244
24 244
27 244
36 244
38 244
39 244
42 244
47 244
51 244
52 244
56 244
62 244
63 244
66 244
67 244
68 244
69 244
71 244
73 244
76 244
77 244
78 244
80 244
81 244
82 244
83 244
84 244
85 244
86 244
89 244
94 244
95 244
96 244
100 244
105 244
107 244
108 244
111 244
115 244
118 244
123 244
125 244
126 244
127 244
128 244
129 244
131 244
133 244
136 244
137 244
138 244
139 244
143 244
148 244
150 244
153 244
154 244
156 244
159 244
160 244
161 244
162 244
164 244
165 244
167 244
168 244
169 244
170 244
172 244
176 244
179 244
183 244
186 244
187 244
189 244
190 244
191 244
194 244
195 244
199 244
203 244
205 244
207 244
208 244
210 244
211 244
213 244
215 244
216 244
221 244
224 244
227 244
228 244
229 244
231 244
233 244
234 244
239 244
240 244
243 244
1 245
2 245
4 245
5 245
6 245
7 245
11 245
12 245
14 245
16 245
18 245
20 245
21 245
23 245
24 245
25 245
26 245
27 245
29 245
32 245
37 245
38 245
39 245
40 245
42 245
43 245
46 245
47 245
48 245
49 245
52 245
54 245
56 245
57 245
58 245
61 245
62 245
63 245
67 245
69 245
73 245
75 245
79 245
81 245
82 245
86 245
87 245
92 245
93 245
95 245
96 245
101 245
102 245
107 245
109 245
111 245
116 245
119 245
120 245
122 245
128 245
130 245
131 245
132 245
136 245
137 245
144 245
146 245
147 245
148 245
149 245
152 245
155 245
156 245
157 245
162 245
167 245
173 245
175 245
181 245
183 245
184 245
187 245
188 245
190 245
191 245
192 245
194 245
197 245
202 245
205 245
207 245
210 245
211 245
214 245
217 245
218 245
221 245
223 245
224 245
225 245
228 245
231 245
232 245
236 245
239 245
240 245
242 245
243 245
4 246
5 246
10 246
13 246
14 246
16 246
17 246
18 246
20 246
22 246
23 246
24 246
25 246
27 246
29 246
30 246
34 246
35 246
37 246
38 246
41 246
42 246
43 246
44 246
46 246
48 246
52 246
53 246
55 246
62 246
63 246
68 246
74 246
75 246
79 246
80 246
81 246
84 246
86 246
92 246
93 246
94 246
95 246
98 246
104 246
105 246
106 246
108 246
121 246
122 246
123 246
125 246
128 246
134 246
136 246
138 246
140 246
141 246
142 246
144 246
146 246
147 246
148 246
149 246
151 246
152 246
153 246
157 246
158 246
159 246
163 246
164 246
167 246
169 246
171 246
176 246
177 246
178 246
181 246
185 246
187 246
188 246
191 246
192 246
193 246
196 246
198 246
199 246
201 246
202 246
205 246
207 246
208 246
209 246
210 246
212 246
216 246
217 246
219 246
220 246
223 246
225 246
226 246
228 246
231 246
234 246
235 246
236 246
237 246
239 246
242 246
245 246
7 247
9 247
13 247
15 247
16 247
17 247
20 247
23 247
24 247
25 247
27 247
28 247
30 247
31 247
33 247
35 247
37 247
43 247
44 247
46 247
47 247
50 247
54 247
55 247
56 247
57 247
58 247
59 247
60 247
62 247
63 247
68 247
70 247
73 247
77 247
84 247
85 247
87 247
88 247
89 247
92 247
93 247
96 247
99 247
103 247
104 247
105 247
106 247
109 247
112 247
113 247
114 247
123 247
125 247
127 247
128 247
129 247
132 247
135 247
136 247
139 247
142 247
143 247
144 247
146 247
147 247
150 247
152 247
154 247
155 247
164 247
167 247
169 247
172 247
176 247
178 247
179 247
180 247
181 247
182 247
183 247
184 247
185 247
187 247
192 247
194 247
195 247
197 247
201 247
206 247
208 247
210 247
211 247
212 247
213 247
216 247
218 247
220 247
221 247
222 247
226 247
227 247
230 247
231 247
232 247
234 247
239 247
241 247
242 247
244 247
245 247
246 247
1 248
3 248
7 248
10 248
11 248
13 248
15 248
16 248
20 248
23 248
26 248
28 248
32 248
33 248
34 248
38 248
40 248
42 248
43 248
49 248
51 248
53 248
55 248
57 248
59 248
63 248
64 248
65 248
66 248
69 248
70 248
72 248
77 248
78 248
79 248
82 248
84 248
85 248
89 248
93 248
95 248
96 248
99 248
100 248
101 248
102 248
103 248
105 248
106 248
109 248
111 248
112 248
113 248
127 248
131 248
132 248
134 248
135 248
136 248
138 248
140 248
142 248
143 248
146 248
149 248
151 248
155 248
156 248
157 248
158 248
159 248
160 248
163 248
165 248
166 248
168 248
170 248
172 248
173 248
178 248
180 248
182 248
187 248
190 248
195 248
196 248
197 248
198 248
200 248
202 248
204 248
206 248
207 248
208 248
209 248
212 248
215 248
216 248
221 248
224 248
225 248
226 248
231 248
233 248
238 248
240 248
241 248
242 248
243 248
245 248
246 248
247 248
2 249
3 249
7 249
11 249
13 249
14 249
17 249
19 249
22 249
25 249
26 249
27 249
30 249
32 249
34 249
35 249
36 249
41 249
45 249
46 249
47 249
50 249
51 249
54 249
55 249
57 249
58 249
60 249
62 249
63 249
64 249
65 249
67 249
68 249
70 249
71 249
73 249
75 249
76 249
77 249
78 249
80 249
81 249
84 249
86 249
87 249
89 249
92 249
96 249
97 249
98 249
102 249
104 249
107 249
109 249
112 249
114 249
115 249
117 249
119 249
129 249
131 249
133 249
135 249
138 249
139 249
142 249
144 249
145 249
146 249
150 249
151 249
154 249
155 249
158 249
163 249
164 249
168 249
170 249
171 249
173 249
174 249
179 249
180 249
182 249
183 249
185 249
187 249
189 249
190 249
191 249
205 249
209 249
211 249
213 249
214 249
215 249
216 249
217 249
218 249
219 249
221 249
222 249
223 249
224 249
226 249
227 249
228 249
229 249
231 249
233 249
237 249
239 249
242 249
244 249
245 249
246 249
247 249
248 249
2 250
3 250
6 250
7 250
9 250
11 250
12 250
13 250
16 250
17 250
18 250
20 250
21 250
22 250
23 250
24 250
26 250
28 250
40 250
41 250
43 250
47 250
48 250
52 250
53 250
54 250
56 250
58 250
59 250
60 250
64 250
65 250
66 250
67 250
69 250
70 250
73 250
74 250
76 250
77 250
82 250
85 250
87 250
89 250
90 250
93 250
94 250
98 250
102 250
103 250
106 250
109 250
110 250
111 250
116 250
117 250
118 250
129 250
131 250
132 250
134 250
136 250
138 250
139 250
140 250
141 250
143 250
144 250
145 250
148 250
149 250
152 250
154 250
156 250
157 250
158 250
160 250
161 250
162 250
163 250
164 250
166 250
167 250
168 250
170 250
172 250
173 250
174 250
176 250
178 250
179 250
180 250
181 250
185 250
186 250
189 250
190 250
191 250
193 250
194 250
196 250
199 250
201 250
202 250
203 250
204 250
207 250
211 250
212 250
214 250
215 250
216 250
222 250
225 250
226 250
227 250
228 250
229 250
233 250
235 250
236 250
237 250
238 250
239 250
240 250
243 250
246 250
248 250
249 250
1 251
6 251
9 251
11 251
12 251
14 251
15 251
16 251
18 251
20 251
21 251
23 251
24 251
25 251
26 251
29 251
31 251
41 251
46 251
55 251
56 251
57 251
61 251
63 251
67 251
68 251
69 251
72 251
73 251
75 251
76 251
79 251
80 251
83 251
84 251
87 251
89 251
90 251
92 251
93 251
95 251
97 251
98 251
100 251
102 251
107 251
109 251
113 251
119 251
120 251
124 251
127 251
129 251
130 251
132 251
134 251
136 251
138 251
139 251
140 251
142 251
146 251
150 251
155 251
161 251
162 251
163 251
164 251
167 251
168 251
171 251
174 251
175 251
178 251
184 251
187 251
189 251
193 251
194 251
195 251
201 251
202 251
207 251
210 251
212 251
213 251
214 251
215 251
219 251
220 251
221 251
222 251
224 251
225 251
227 251
229 251
233 251
234 251
238 251
239 251
242 251
245 251
246 251
247 251
248 251
249 251
2 252
4 252
7 252
9 252
11 252
12 252
14 252
15 252
18 252
19 252
20 252
22 252
24 252
25 252
27 252
28 252
35 252
36 252
38 252
39 252
40 252
41 252
48 252
49 252
50 252
52 252
53 252
54 252
55 252
56 252
57 252
58 252
61 252
62 252
67 252
69 252
70 252
71 252
72 252
74 252
75 252
80 252
81 252
82 252
85 252
86 252
87 252
88 252
93 252
95 252
96 252
97 252
101 252
102 252
114 252
115 252
117 252
119 252
124 252
126 252
130 252
131 252
132 252
133 252
134 252
135 252
136 252
137 252
140 252
144 252
145 252
146 252
152 252
153 252
156 252
160 252
161 252
162 252
164 252
167 252
169 252
170 252
171 252
172 252
174 252
176 252
177 252
180 252
183 252
187 252
189 252
193 252
195 252
196 252
197 252
201 252
202 252
203 252
205 252
206 252
209 252
212 252
213 252
217 252
220 252
221 252
222 252
229 252
231 252
232 252
236 252
237 252
239 252
241 252
244 252
246 252
248 252
249 252
251 252
2 253
3 253
5 253
10 253
11 253
14 253
15 253
16 253
17 253
18 253
20 253
21 253
23 253
25 253
26 253
27 253
29 253
31 253
35 253
38 253
43 253
45 253
47 253
50 253
51 253
52 253
54 253
55 253
57 253
60 253
61 253
62 253
64 253
65 253
66 253
67 253
69 253
70 253
73 253
74 253
79 253
82 253
83 253
84 253
85 253
87 253
88 253
94 253
95 253
96 253
97 253
98 253
99 253
100 253
104 253
106 253
107 253
108 253
110 253
111 253
113 253
114 253
116 253
117 253
121 253
122 253
124 253
125 253
127 253
128 253
129 253
132 253
134 253
135 253
136 253
142 253
143 253
145 253
149 253
151 253
152 253
153 253
157 253
158 253
159 253
165 253
168 253
169 253
170 253
173 253
174 253
176 253
178 253
179 253
181 253
183 253
185 253
189 253
190 253
193 253
194 253
195 253
197 253
199 253
205 253
206 253
207 253
209 253
213 253
214 253
219 253
222 253
223 253
225 253
226 253
228 253
229 253
231 253
233 253
235 253
236 253
237 253
241 253
244 253
247 253
250 253
252 253
4 254
9 254
13 254
16 254
17 254
18 254
19 254
20 254
21 254
25 254
26 254
31 254
34 254
37 254
38 254
39 254
42 254
43 254
45 254
46 254
50 254
54 254
55 254
57 254
58 254
60 254
62 254
63 254
64 254
66 254
73 254
75 254
76 254
77 254
80 254
86 254
89 254
91 254
95 254
96 254
97 254
98 254
99 254
100 254
101 254
110 254
112 254
113 254
123 254
126 254
129 254
131 254
132 254
139 254
140 254
141 254
144 254
148 254
153 254
154 254
155 254
158 254
159 254
160 254
161 254
162 254
164 254
165 254
166 254
167 254
170 254
171 254
172 254
175 254
179 254
181 254
182 254
183 254
185 254
187 254
189 254
190 254
191 254
192 254
194 254
198 254
203 254
205 254
210 254
211 254
213 254
214 254
216 254
218 254
220 254
221 254
223 254
224 254
228 254
229 254
230 254
232 254
235 254
236 254
239 254
240 254
241 254
242 254
245 254
246 254
249 254
250 254
252 254
1 255
3 255
4 255
6 255
7 255
10 255
13 255
15 255
19 255
23 255
24 255
27 255
30 255
36 255
37 255
39 255
43 255
45 255
47 255
49 255
50 255
51 255
55 255
57 255
59 255
60 255
62 255
63 255
64 255
66 255
67 255
68 255
71 255
72 255
74 255
75 255
78 255
79 255
83 255
85 255
89 255
90 255
92 255
96 255
97 255
99 255
101 255
102 255
104 255
106 255
107 255
108 255
110 255
112 255
113 255
116 255
117 255
118 255
129 255
130 255
133 255
134 255
137 255
139 255
141 255
144 255
146 255
147 255
149 255
150 255
152 255
153 255
154 255
156 255
159 255
161 255
168 255
169 255
170 255
173 255
175 255
176 255
177 255
178 255
179 255
183 255
184 255
185 255
186 255
187 255
189 255
190 255
191 255
193 255
194 255
197 255
198 255
199 255
202 255
207 255
208 255
209 255
210 255
211 255
213 255
216 255
218 255
219 255
221 255
224 255
225 255
226 255
228 255
229 255
230 255
235 255
239 255
240 255
243 255
247 255
248 255
249 255
254 255
2 256
3 256
4 256
6 256
7 256
8 256
10 256
14 256
15 256
16 256
17 256
18 256
21 256
24 256
27 256
29 256
30 256
35 256
38 256
41 256
43 256
46 256
49 256
51 256
53 256
54 256
58 256
61 256
62 256
71 256
72 256
75 256
78 256
79 256
80 256
81 256
82 256
86 256
88 256
89 256
90 256
91 256
95 256
100 256
101 256
102 256
103 256
106 256
107 256
108 256
110 256
113 256
116 256
118 256
128 256
129 256
130 256
131 256
134 256
136 256
138 256
141 256
143 256
144 256
147 256
154 256
155 256
156 256
158 256
161 256
163 256
164 256
168 256
171 256
173 256
174 256
176 256
178 256
179 256
180 256
181 256
182 256
185 256
186 256
190 256
191 256
192 256
193 256
194 256
196 256
202 256
203 256
205 256
208 256
209 256
214 256
216 256
217 256
218 256
219 256
221 256
222 256
224 256
225 256
228 256
230 256
235 256
236 256
240 256
243 256
245 256
248 256
249 256
251 256
252 256
255 256
3 257
6 257
8 257
9 257
10 257
11 257
12 257
13 257
15 257
20 257
24 257
25 257
28 257
31 257
32 257
33 257
34 257
35 257
37 257
39 257
40 257
46 257
47 257
48 257
51 257
52 257
53 257
55 257
56 257
57 257
59 257
61 257
66 257
70 257
73 257
74 257
77 257
78 257
79 257
80 257
84 257
87 257
88 257
89 257
90 257
91 257
95 257
96 257
97 257
98 257
100 257
101 257
102 257
108 257
112 257
113 257
114 257
116 257
119 257
120 257
121 257
129 257
132 257
135 257
136 257
137 257
138 257
139 257
140 257
142 257
149 257
151 257
152 257
153 257
154 257
156 257
161 257
162 257
164 257
166 257
168 257
169 257
171 257
172 257
176 257
180 257
181 257
183 257
186 257
187 257
188 257
193 257
194 257
195 257
197 257
199 257
203 257
204 257
206 257
207 257
213 257
215 257
217 257
221 257
223 257
224 257
225 257
227 257
228 257
229 257
234 257
236 257
237 257
239 257
240 257
242 257
249 257
251 257
252 257
254 257
256 257
3 258
5 258
6 258
8 258
15 258
18 258
20 258
23 258
24 258
27 258
30 258
31 258
32 258
36 258
37 258
38 258
39 258
40 258
41 258
42 258
45 258
46 258
48 258
49 258
50 258
51 258
52 258
53 258
54 258
55 258
56 258
57 258
58 258
59 258
61 258
62 258
64 258
65 258
67 258
68 258
69 258
72 258
75 258
76 258
77 258
78 258
82 258
85 258
86 258
89 258
92 258
93 258
94 258
95 258
96 258
100 258
101 258
103 258
104 258
105 258
107 258
112 258
113 258
114 258
116 258
119 258
120 258
121 258
122 258
124 258
129 258
135 258
137 258
138 258
139 258
142 258
143 258
144 258
148 258
150 258
152 258
155 258
156 258
158 258
159 258
160 258
162 258
164 258
165 258
166 258
173 258
174 258
175 258
176 258
179 258
180 258
181 258
185 258
186 258
187 258
188 258
193 258
195 258
199 258
200 258
201 258
203 258
205 258
206 258
207 258
208 258
211 258
213 258
214 258
215 258
216 258
217 258
222 258
223 258
224 258
226 258
229 258
230 258
231 258
241 258
242 258
244 258
248 258
252 258
253 258
254 258
255 258
256 258
257 258
3 259
9 259
10 259
12 259
19 259
22 259
27 259
28 259
29 259
30 259
32 259
33 259
34 259
35 259
36 259
37 259
40 259
41 259
42 259
43 259
45 259
46 259
47 259
48 259
51 259
54 259
55 259
58 259
63 259
65 259
67 259
68 259
71 259
77 259
80 259
81 259
83 259
86 259
87 259
89 259
93 259
95 259
102 259
104 259
105 259
109 259
110 259
112 259
113 259
114 259
117 259
118 259
119 259
121 259
122 259
123 259
129 259
136 259
138 259
139 259
140 259
141 259
143 259
149 259
150 259
151 259
153 259
155 259
158 259
160 259
161 259
162 259
163 259
164 259
166 259
167 259
168 259
169 259
171 259
172 259
174 259
175 259
176 259
179 259
181 259
183 259
184 259
187 259
188 259
190 259
191 259
192 259
194 259
195 259
196 259
197 259
198 259
199 259
202 259
203 259
204 259
206 259
207 259
208 259
209 259
212 259
213 259
215 259
216 259
217 259
218 259
219 259
222 259
223 259
224 259
225 259
226 259
228 259
231 259
232 259
234 259
236 259
239 259
241 259
244 259
246 259
247 259
248 259
250 259
251 259
252 259
253 259
258 259
1 260
2 260
3 260
6 260
8 260
10 260
11 260
14 260
16 260
19 260
20 260
21 260
30 260
31 260
32 260
33 260
34 260
36 260
40 260
41 260
45 260
47 260
48 260
49 260
50 260
51 260
53 260
55 260
63 260
64 260
65 260
67 260
68 260
69 260
71 260
73 260
74 260
75 260
77 260
78 260
79 260
81 260
83 260
84 260
85 260
87 260
92 260
96 260
99 260
100 260
102 260
103 260
105 260
107 260
109 260
112 260
113 260
122 260
126 260
127 260
128 260
131 260
132 260
133 260
135 260
137 260
138 260
139 260
141 260
142 260
149 260
150 260
156 260
158 260
162 260
163 260
164 260
165 260
167 260
169 260
172 260
173 260
174 260
175 260
177 260
180 260
182 260
184 260
185 260
188 260
189 260
192 260
193 260
194 260
195 260
199 260
200 260
204 260
205 260
206 260
207 260
210 260
215 260
216 260
219 260
221 260
222 260
223 260
224 260
225 260
226 260
231 260
233 260
235 260
237 260
240 260
241 260
243 260
245 260
246 260
247 260
249 260
253 260
254 260
256 260
257 260
7 261
8 261
12 261
13 261
14 261
15 261
19 261
24 261
26 261
27 261
36 261
38 261
39 261
40 261
41 261
43 261
44 261
45 261
47 261
48 261
49 261
50 261
53 261
56 261
58 261
61 261
64 261
66 261
70 261
71 261
72 261
73 261
76 261
77 261
78 261
81 261
82 261
84 261
88 261
89 261
94 261
98 261
99 261
104 261
109 261
110 261
111 261
113 261
115 261
119 261
120 261
126 261
128 261
129 261
130 261
131 261
132 261
133 261
134 261
136 261
138 261
139 261
146 261
147 261
150 261
151 261
153 261
155 261
156 261
157 261
160 261
163 261
164 261
166 261
172 261
175 261
176 261
180 261
184 261
186 261
188 261
189 261
190 261
191 261
192 261
194 261
196 261
197 261
202 261
205 261
206 261
210 261
212 261
214 261
217 261
218 261
220 261
222 261
223 261
224 261
227 261
229 261
230 261
231 261
233 261
234 261
235 261
237 261
238 261
241 261
244 261
246 261
247 261
249 261
251 261
253 261
256 261
1 262
2 262
4 262
5 262
9 262
10 262
11 262
15 262
20 262
21 262
23 262
24 262
27 262
33 262
34 262
36 262
37 262
38 262
39 262
40 262
42 262
47 262
48 262
50 262
51 262
55 262
56 262
57 262
58 262
60 262
62 262
63 262
64 262
67 262
68 262
72 262
73 262
76 262
77 262
78 262
79 262
80 262
81 262
82 262
84 262
85 262
87 262
88 262
90 262
91 262
93 262
96 262
99 262
104 262
105 262
128 262
129 262
131 262
132 262
133 262
134 262
135 262
137 262
138 262
139 262
143 262
144 262
147 262
149 262
151 262
152 262
157 262
159 262
160 262
162 262
163 262
164 262
166 262
167 262
170 262
172 262
173 262
178 262
179 262
180 262
181 262
182 262
183 262
184 262
186 262
187 262
194 262
199 262
201 262
203 262
205 262
211 262
213 262
214 262
215 262
216 262
217 262
218 262
220 262
224 262
225 262
229 262
231 262
232 262
233 262
235 262
238 262
241 262
242 262
245 262
246 262
248 262
250 262
251 262
253 262
254 262
256 262
257 262
258 262
259 262
261 262
1 263
4 263
5 263
10 263
11 263
16 263
17 263
18 263
25 263
26 263
27 263
29 263
31 263
36 263
37 263
40 263
41 263
42 263
45 263
46 263
48 263
49 263
50 263
53 263
56 263
66 263
68 263
72 263
74 263
75 263
80 263
85 263
86 263
87 263
88 263
90 263
91 263
93 263
96 263
97 263
99 263
100 263
102 263
104 263
107 263
108 263
109 263
111 263
112 263
113 263
114 263
116 263
117 263
122 263
133 263
134 263
138 263
139 263
140 263
141 263
144 263
145 263
146 263
149 263
155 263
156 263
157 263
158 263
161 263
163 263
166 263
168 263
172 263
173 263
175 263
176 263
179 263
182 263
183 263
184 263
186 263
187 263
189 263
195 263
196 263
200 263
204 263
205 263
208 263
212 263
213 263
214 263
215 263
218 263
221 263
224 263
226 263
227 263
232 263
233 263
234 263
235 263
237 263
238 263
240 263
242 263
244 263
246 263
249 263
252 263
254 263
255 263
257 263
258 263
260 263
262 263
1 264
2 264
4 264
5 264
9 264
11 264
13 264
15 264
18 264
20 264
22 264
27 264
28 264
29 264
35 264
38 264
39 264
40 264
42 264
43 264
45 264
46 264
47 264
48 264
51 264
52 264
53 264
57 264
60 264
61 264
62 264
63 264
67 264
68 264
69 264
71 264
77 264
81 264
86 264
88 264
89 264
93 264
96 264
99 264
101 264
102 264
103 264
104 264
107 264
108 264
109 264
110 264
111 264
113 264
114 264
116 264
120 264
124 264
125 264
134 264
136 264
137 264
138 264
139 264
140 264
141 264
142 264
145 264
146 264
147 264
148 264
149 264
150 264
153 264
154 264
156 264
157 264
158 264
160 264
166 264
167 264
170 264
171 264
172 264
174 264
176 264
178 264
179 264
181 264
185 264
186 264
187 264
188 264
189 264
193 264
195 264
197 264
198 264
199 264
200 264
201 264
202 264
205 264
209 264
210 264
211 264
216 264
219 264
220 264
225 264
227 264
228 264
229 264
232 264
233 264
235 264
236 264
237 264
239 264
241 264
244 264
245 264
248 264
249 264
250 264
251 264
253 264
255 264
256 264
258 264
259 264
261 264
263 264
1 265
2 265
5 265
10 265
11 265
13 265
14 265
15 265
16 265
17 265
18 265
22 265
23 265
24 265
26 265
29 265
35 265
36 265
37 265
39 265
40 265
41 265
42 265
43 265
44 265
45 265
46 265
49 265
51 265
55 265
56 265
60 265
61 265
62 265
66 265
67 265
68 265
69 265
72 265
73 265
74 265
76 265
77 265
79 265
80 265
81 265
82 265
83 265
84 265
86 265
87 265
88 265
89 265
90 265
94 265
98 265
102 265
108 265
114 265
115 265
117 265
118 265
119 265
124 265
127 265
135 265
136 265
138 265
139 265
144 265
145 265
149 265
152 265
154 265
158 265
159 265
160 265
161 265
163 265
165 265
167 265
168 265
169 265
171 265
172 265
174 265
175 265
176 265
178 265
180 265
181 265
182 265
184 265
186 265
187 265
188 265
189 265
191 265
193 265
196 265
197 265
198 265
199 265
200 265
205 265
206 265
208 265
209 265
210 265
211 265
214 265
216 265
217 265
218 265
220 265
223 265
224 265
227 265
228 265
230 265
231 265
234 265
235 265
236 265
238 265
239 265
242 265
244 265
246 265
247 265
253 265
255 265
258 265
259 265
260 265
261 265
262 265
263 265
264 265
1 266
2 266
4 266
5 266
6 266
7 266
10 266
11 266
12 266
14 266
17 266
22 266
24 266
27 266
28 266
29 266
31 266
38 266
39 266
46 266
47 266
48 266
53 266
54 266
55 266
57 266
58 266
61 266
62 266
64 266
66 266
67 266
70 266
71 266
72 266
74 266
75 266
80 266
81 266
82 266
83 266
84 266
87 266
89 266
92 266
93 266
94 266
100 266
101 266
102 266
104 266
107 266
114 266
119 266
121 266
122 266
127 266
133 266
136 266
139 266
144 266
145 266
148 266
150 266
151 266
153 266
154 266
156 266
157 266
158 266
160 266
163 266
165 266
167 266
168 266
169 266
170 266
171 266
175 266
181 266
183 266
184 266
185 266
188 266
189 266
190 266
192 266
194 266
197 266
198 266
199 266
201 266
205 266
206 266
207 266
208 266
209 266
210 266
213 266
215 266
218 266
220 266
226 266
227 266
228 266
231 266
235 266
241 266
242 266
243 266
244 266
245 266
246 266
249 266
251 266
255 266
259 266
260 266
263 266
1 267
2 267
3 267
5 267
8 267
9 267
12 267
13 267
14 267
21 267
23 267
27 267
32 267
33 267
34 267
35 267
40 267
42 267
46 267
47 267
48 267
49 267
50 267
51 267
52 267
53 267
54 267
55 267
57 267
58 267
60 267
64 267
65 267
69 267
71 267
73 267
79 267
81 267
82 267
83 267
86 267
91 267
92 267
94 267
95 267
96 267
97 267
98 267
101 267
102 267
103 267
104 267
108 267
112 267
114 267
116 267
117 267
118 267
121 267
127 267
128 267
132 267
134 267
136 267
137 267
139 267
141 267
142 267
145 267
155 267
158 267
159 267
162 267
163 267
166 267
167 267
168 267
169 267
170 267
172 267
175 267
178 267
181 267
183 267
184 267
185 267
186 267
190 267
191 267
192 267
194 267
196 267
199 267
204 267
209 267
212 267
213 267
214 267
219 267
221 267
222 267
223 267
226 267
228 267
229 267
230 267
232 267
234 267
236 267
238 267
239 267
240 267
241 267
242 267
244 267
245 267
246 267
247 267
250 267
251 267
253 267
258 267
259 267
261 267
263 267
265 267
1 268
5 268
7 268
9 268
10 268
11 268
12 268
14 268
17 268
20 268
21 268
26 268
29 268
32 268
33 268
35 268
36 268
37 268
38 268
45 268
47 268
50 268
52 268
56 268
57 268
60 268
64 268
65 268
68 268
70 268
71 268
72 268
77 268
78 268
80 268
81 268
84 268
87 268
91 268
92 268
93 268
94 268
97 268
99 268
100 268
102 268
103 268
104 268
107 268
108 268
109 268
112 268
113 268
114 268
115 268
117 268
119 268
120 268
121 268
125 268
126 268
131 268
133 268
136 268
138 268
139 268
140 268
141 268
143 268
150 268
151 268
152 268
154 268
156 268
157 268
158 268
160 268
161 268
166 268
169 268
170 268
174 268
176 268
177 268
183 268
185 268
187 268
188 268
190 268
194 268
195 268
196 268
197 268
198 268
199 268
200 268
203 268
208 268
210 268
213 268
214 268
217 268
218 268
221 268
223 268
227 268
232 268
233 268
235 268
236 268
238 268
239 268
242 268
245 268
247 268
248 268
249 268
254 268
255 268
259 268
260 268
266 268
267 268
2 269
3 269
4 269
6 269
7 269
9 269
10 269
12 269
13 269
14 269
16 269
17 269
19 269
20 269
23 269
25 269
26 269
27 269
29 269
31 269
32 269
33 269
35 269
36 269
39 269
40 269
43 269
45 269
47 269
48 269
51 269
52 269
53 269
58 269
61 269
63 269
65 269
72 269
75 269
77 269
80 269
86 269
88 269
90 269
91 269
93 269
94 269
95 269
96 269
99 269
100 269
102 269
106 269
107 269
111 269
112 269
114 269
115 269
116 269
120 269
123 269
124 269
125 269
128 269
129 269
132 269
133 269
134 269
136 269
137 269
140 269
141 269
142 269
144 269
147 269
148 269
149 269
150 269
153 269
156 269
158 269
161 269
164 269
169 269
175 269
176 269
177 269
178 269
179 269
180 269
181 269
182 269
183 269
184 269
185 269
186 269
188 269
191 269
192 269
194 269
195 269
198 269
201 269
202 269
203 269
204 269
208 269
209 269
210 269
214 269
216 269
217 269
222 269
224 269
225 269
227 269
228 269
235 269
237 269
238 269
240 269
241 269
242 269
243 269
245 269
247 269
249 269
251 269
256 269
258 269
259 269
264 269
267 269
268 269
1 270
3 270
6 270
8 270
11 270
12 270
21 270
23 270
25 270
28 270
29 270
34 270
35 270
36 270
39 270
41 270
43 270
46 270
47 270
49 270
50 270
51 270
54 270
55 270
57 270
61 270
63 270
65 270
68 270
72 270
75 270
77 270
79 270
83 270
84 270
86 270
87 270
88 270
89 270
91 270
92 270
95 270
98 270
99 270
100 270
102 270
103 270
104 270
105 270
106 270
111 270
112 270
113 270
118 270
120 270
131 270
135 270
138 270
139 270
140 270
143 270
146 270
148 270
149 270
151 270
152 270
153 270
154 270
157 270
158 270
161 270
162 270
167 270
169 270
173 270
174 270
175 270
176 270
177 270
181 270
183 270
186 270
188 270
194 270
195 270
196 270
197 270
199 270
200 270
202 270
203 270
204 270
208 270
212 270
214 270
215 270
216 270
217 270
221 270
222 270
225 270
228 270
234 270
235 270
238 270
240 270
241 270
242 270
244 270
246 270
248 270
249 270
250 270
253 270
260 270
264 270
265 270
267 270
269 270
3 271
4 271
7 271
10 271
11 271
12 271
14 271
16 271
18 271
19 271
20 271
22 271
24 271
26 271
27 271
29 271
30 271
33 271
36 271
37 271
38 271
39 271
42 271
52 271
56 271
59 271
61 271
63 271
64 271
65 271
66 271
67 271
70 271
71 271
73 271
77 271
83 271
86 271
91 271
92 271
95 271
100 271
101 271
102 271
103 271
104 271
108 271
113 271
118 271
120 271
122 271
126 271
134 271
135 271
136 271
138 271
140 271
143 271
144 271
146 271
148 271
149 271
152 271
153 271
154 271
157 271
160 271
162 271
169 271
170 271
171 271
172 271
173 271
175 271
176 271
177 271
178 271
180 271
184 271
186 271
187 271
189 271
190 271
191 271
197 271
198 271
206 271
208 271
215 271
216 271
220 271
221 271
225 271
226 271
227 271
230 271
231 271
233 271
239 271
240 271
243 271
245 271
247 271
249 271
252 271
256 271
257 271
258 271
259 271
260 271
267 271
268 271
1 272
3 272
5 272
6 272
7 272
8 272
9 272
12 272
13 272
18 272
20 272
22 272
23 272
25 272
27 272
31 272
34 272
36 272
37 272
39 272
40 272
42 272
43 272
46 272
47 272
48 272
49 272
50 272
51 272
54 272
55 272
57 272
58 272
59 272
60 272
63 272
64 272
67 272
70 272
72 272
79 272
80 272
88 272
89 272
91 272
96 272
97 272
98 272
100 272
102 272
103 272
104 272
106 272
108 272
109 272
110 272
113 272
114 272
115 272
118 272
119 272
120 272
121 272
124 272
126 272
128 272
129 272
138 272
141 272
144 272
145 272
146 272
148 272
149 272
150 272
153 272
154 272
156 272
158 272
159 272
160 272
165 272
167 272
168 272
170 272
171 272
174 272
176 272
178 272
179 272
180 272
182 272
183 272
184 272
185 272
188 272
197 272
198 272
200 272
201 272
202 272
203 272
206 272
208 272
209 272
210 272
211 272
212 272
218 272
222 272
223 272
225 272
227 272
230 272
234 272
237 272
242 272
244 272
247 272
248 272
249 272
251 272
252 272
254 272
255 272
256 272
257 272
259 272
261 272
263 272
264 272
266 272
268 272
2 273
4 273
5 273
7 273
10 273
12 273
15 273
16 273
17 273
21 273
22 273
23 273
24 273
25 273
26 273
29 273
32 273
33 273
37 273
38 273
43 273
44 273
45 273
46 273
47 273
48 273
50 273
52 273
58 273
59 273
60 273
61 273
63 273
65 273
66 273
67 273
74 273
78 273
79 273
80 273
82 273
84 273
85 273
88 273
97 273
99 273
100 273
103 273
107 273
108 273
109 273
112 273
115 273
116 273
117 273
119 273
126 273
130 273
131 273
137 273
138 273
140 273
142 273
147 273
149 273
151 273
156 273
157 273
158 273
159 273
162 273
163 273
164 273
167 273
168 273
169 273
170 273
172 273
174 273
179 273
180 273
184 273
185 273
190 273
192 273
193 273
195 273
199 273
200 273
202 273
203 273
204 273
205 273
212 273
214 273
217 273
218 273
219 273
220 273
223 273
226 273
227 273
228 273
229 273
233 273
234 273
235 273
236 273
238 273
241 273
242 273
243 273
245 273
246 273
247 273
248 273
249 273
253 273
255 273
259 273
262 273
267 273
268 273
269 273
270 273
271 273
2 274
7 274
8 274
9 274
10 274
11 274
12 274
13 274
14 274
15 274
17 274
19 274
21 274
25 274
26 274
30 274
37 274
39 274
40 274
42 274
43 274
44 274
47 274
48 274
51 274
54 274
57 274
60 274
61 274
62 274
70 274
78 274
84 274
86 274
87 274
90 274
91 274
93 274
96 274
100 274
104 274
105 274
107 274
108 274
113 274
119 274
121 274
122 274
126 274
127 274
128 274
129 274
130 274
132 274
137 274
142 274
148 274
150 274
153 274
154 274
155 274
157 274
158 274
160 274
161 274
162 274
163 274
165 274
166 274
167 274
171 274
175 274
177 274
180 274
182 274
184 274
185 274
188 274
190 274
193 274
196 274
201 274
206 274
210 274
211 274
213 274
214 274
216 274
219 274
221 274
223 274
226 274
230 274
231 274
233 274
235 274
238 274
245 274
248 274
251 274
254 274
257 274
259 274
260 274
263 274
265 274
266 274
268 274
269 274
273 274
1 275
2 275
3 275
4 275
5 275
6 275
7 275
8 275
14 275
15 275
16 275
18 275
19 275
21 275
22 275
23 275
25 275
26 275
28 275
32 275
33 275
38 275
41 275
43 275
44 275
47 275
50 275
53 275
54 275
59 275
66 275
67 275
70 275
71 275
72 275
73 275
74 275
78 275
79 275
83 275
85 275
86 275
89 275
90 275
91 275
92 275
97 275
98 275
99 275
100 275
101 275
103 275
105 275
106 275
107 275
110 275
111 275
112 275
114 275
117 275
118 275
119 275
121 275
122 275
123 275
124 275
127 275
131 275
136 275
137 275
139 275
141 275
142 275
144 275
145 275
146 275
148 275
155 275
158 275
164 275
168 275
169 275
176 275
178 275
181 275
184 275
186 275
189 275
191 275
192 275
193 275
195 275
199 275
202 275
203 275
204 275
211 275
213 275
218 275
220 275
221 275
222 275
223 275
224 275
225 275
226 275
231 275
232 275
233 275
234 275
235 275
236 275
238 275
240 275
242 275
243 275
245 275
246 275
252 275
253 275
254 275
255 275
256 275
259 275
260 275
262 275
265 275
267 275
270 275
272 275
273 275
3 276
4 276
6 276
11 276
14 276
16 276
17 276
21 276
23 276
25 276
32 276
36 276
41 276
43 276
44 276
45 276
46 276
47 276
48 276
49 276
51 276
52 276
53 276
54 276
56 276
59 276
60 276
63 276
64 276
66 276
68 276
69 276
71 276
72 276
73 276
76 276
77 276
80 276
82 276
83 276
85 276
87 276
89 276
91 276
95 276
100 276
102 276
104 276
107 276
108 276
110 276
111 276
113 276
114 276
118 276
119 276
121 276
122 276
123 276
126 276
134 276
135 276
136 276
137 276
139 276
142 276
143 276
145 276
146 276
147 276
149 276
154 276
156 276
158 276
161 276
162 276
163 276
165 276
166 276
167 276
168 276
170 276
173 276
174 276
176 276
177 276
179 276
181 276
185 276
186 276
187 276
189 276
190 276
191 276
193 276
196 276
198 276
200 276
202 276
203 276
206 276
207 276
209 276
210 276
212 276
213 276
214 276
215 276
218 276
222 276
223 276
224 276
225 276
226 276
227 276
228 276
231 276
233 276
236 276
237 276
238 276
239 276
240 276
241 276
248 276
249 276
250 276
252 276
254 276
256 276
257 276
260 276
261 276
262 276
266 276
267 276
268 276
269 276
270 276
273 276
274 276
275 276
3 277
5 277
7 277
9 277
11 277
12 277
14 277
15 277
16 277
17 277
18 277
19 277
20 277
23 277
24 277
30 277
31 277
32 277
36 277
39 277
41 277
43 277
44 277
48 277
49 277
50 277
51 277
55 277
57 277
60 277
61 277
71 277
74 277
80 277
81 277
85 277
87 277
91 277
92 277
93 277
96 277
97 277
98 277
101 277
102 277
103 277
105 277
111 277
112 277
113 277
118 277
120 277
122 277
126 277
127 277
128 277
129 277
131 277
133 277
138 277
144 277
145 277
149 277
150 277
151 277
153 277
162 277
163 277
164 277
165 277
168 277
169 277
170 277
171 277
173 277
175 277
178 277
179 277
182 277
184 277
186 277
188 277
189 277
191 277
197 277
198 277
200 277
201 277
203 277
205 277
208 277
210 277
214 277
216 277
218 277
220 277
221 277
224 277
227 277
229 277
236 277
238 277
239 277
241 277
242 277
245 277
246 277
250 277
251 277
252 277
259 277
260 277
267 277
268 277
269 277
276 277
3 278
4 278
5 278
6 278
7 278
11 278
13 278
17 278
18 278
19 278
21 278
24 278
25 278
27 278
28 278
29 278
31 278
32 278
37 278
39 278
43 278
44 278
45 278
47 278
49 278
50 278
51 278
52 278
55 278
56 278
58 278
65 278
66 278
67 278
68 278
70 278
71 278
72 278
73 278
75 278
77 278
79 278
84 278
85 278
87 278
88 278
89 278
90 278
92 278
95 278
99 278
100 278
101 278
102 278
103 278
104 278
107 278
108 278
110 278
114 278
116 278
118 278
119 278
120 278
122 278
125 278
135 278
139 278
142 278
145 278
147 278
150 278
153 278
154 278
155 278
156 278
157 278
158 278
159 278
161 278
163 278
166 278
169 278
171 278
173 278
174 278
175 278
179 278
181 278
183 278
184 278
185 278
188 278
191 278
193 278
195 278
196 278
199 278
201 278
202 278
203 278
204 278
207 278
209 278
210 278
214 278
217 278
221 278
224 278
225 278
226 278
228 278
230 278
231 278
233 278
235 278
237 278
238 278
241 278
243 278
251 278
253 278
255 278
258 278
260 278
262 278
266 278
267 278
268 278
272 278
273 278
276 278
277 278
1 279
4 279
5 279
6 279
7 279
9 279
11 279
13 279
15 279
16 279
18 279
21 279
22 279
23 279
32 279
34 279
36 279
37 279
38 279
39 279
40 279
42 279
43 279
45 279
47 279
49 279
50 279
51 279
52 279
54 279
55 279
58 279
62 279
63 279
66 279
70 279
71 279
74 279
76 279
78 279
79 279
80 279
81 279
83 279
84 279
85 279
87 279
89 279
91 279
92 279
94 279
97 279
99 279
102 279
104 279
108 279
111 279
112 279
113 279
114 279
117 279
119 279
121 279
123 279
125 279
128 279
129 279
130 279
142 279
143 279
144 279
147 279
149 279
151 279
153 279
154 279
155 279
156 279
158 279
161 279
164 279
166 279
168 279
169 279
170 279
171 279
172 279
173 279
178 279
179 279
180 279
183 279
188 279
191 279
192 279
193 279
194 279
195 279
197 279
198 279
199 279
201 279
202 279
203 279
205 279
206 279
207 279
208 279
209 279
213 279
214 279
216 279
217 279
221 279
223 279
224 279
225 279
226 279
227 279
228 279
229 279
230 279
231 279
234 279
235 279
239 279
240 279
241 279
246 279
247 279
248 279
253 279
257 279
258 279
260 279
267 279
268 279
273 279
276 279
277 279
1 280
3 280
4 280
7 280
8 280
9 280
12 280
13 280
14 280
16 280
17 280
20 280
22 280
28 280
30 280
31 280
34 280
36 280
37 280
39 280
41 280
42 280
43 280
44 280
46 280
47 280
49 280
50 280
51 280
53 280
54 280
56 280
60 280
63 280
66 280
67 280
68 280
70 280
72 280
75 280
79 280
83 280
87 280
90 280
91 280
92 280
96 280
97 280
98 280
100 280
103 280
104 280
105 280
107 280
108 280
110 280
112 280
115 280
117 280
119 280
120 280
123 280
124 280
125 280
128 280
131 280
132 280
145 280
146 280
148 280
150 280
152 280
154 280
160 280
162 280
163 280
165 280
166 280
168 280
173 280
174 280
175 280
177 280
180 280
181 280
182 280
183 280
184 280
186 280
189 280
191 280
192 280
193 280
197 280
199 280
200 280
205 280
208 280
209 280
210 280
211 280
212 280
216 280
217 280
219 280
220 280
222 280
223 280
225 280
230 280
231 280
233 280
235 280
237 280
239 280
241 280
243 280
247 280
249 280
251 280
252 280
253 280
254 280
256 280
257 280
258 280
259 280
260 280
262 280
264 280
266 280
270 280
271 280
273 280
275 280
276 280
278 280
2 281
4 281
5 281
8 281
10 281
11 281
13 281
14 281
16 281
17 281
19 281
20 281
23 281
25 281
26 281
29 281
33 281
34 281
37 281
38 281
40 281
44 281
47 281
49 281
52 281
53 281
54 281
55 281
58 281
64 281
65 281
68 281
74 281
75 281
76 281
77 281
78 281
80 281
81 281
83 281
85 281
86 281
89 281
91 281
92 281
95 281
97 281
98 281
102 281
103 281
107 281
109 281
111 281
114 281
116 281
117 281
119 281
121 281
122 281
123 281
125 281
131 281
132 281
133 281
135 281
143 281
144 281
148 281
150 281
151 281
155 281
157 281
158 281
159 281
162 281
164 281
165 281
170 281
172 281
173 281
174 281
175 281
177 281
178 281
180 281
181 281
182 281
184 281
185 281
187 281
192 281
193 281
196 281
200 281
202 281
203 281
204 281
205 281
208 281
210 281
213 281
215 281
218 281
222 281
223 281
227 281
230 281
231 281
233 281
234 281
239 281
241 281
242 281
243 281
245 281
248 281
249 281
251 281
254 281
256 281
257 281
260 281
263 281
267 281
268 281
269 281
270 281
271 281
272 281
277 281
278 281
2 282
5 282
6 282
7 282
9 282
13 282
16 282
19 282
26 282
27 282
28 282
29 282
33 282
34 282
37 282
38 282
40 282
42 282
45 282
47 282
49 282
50 282
52 282
53 282
55 282
57 282
58 282
61 282
62 282
63 282
65 282
66 282
74 282
75 282
77 282
81 282
82 282
83 282
84 282
88 282
90 282
91 282
92 282
93 282
94 282
95 282
98 282
99 282
100 282
105 282
110 282
112 282
114 282
117 282
119 282
120 282
121 282
122 282
126 282
128 282
129 282
131 282
132 282
134 282
135 282
136 282
141 282
145 282
146 282
147 282
148 282
152 282
154 282
155 282
157 282
158 282
159 282
160 282
162 282
163 282
166 282
168 282
169 282
170 282
171 282
173 282
177 282
185 282
186 282
188 282
192 282
194 282
195 282
198 282
200 282
202 282
204 282
206 282
208 282
209 282
210 282
211 282
213 282
214 282
215 282
216 282
217 282
218 282
221 282
222 282
223 282
225 282
226 282
227 282
228 282
232 282
234 282
238 282
241 282
244 282
245 282
249 282
251 282
252 282
254 282
256 282
258 282
260 282
263 282
264 282
267 282
270 282
272 282
274 282
275 282
276 282
277 282
281 282
2 283
7 283
8 283
9 283
10 283
11 283
12 283
13 283
15 283
16 283
17 283
23 283
25 283
26 283
27 283
28 283
29 283
30 283
34 283
35 283
39 283
42 283
45 283
46 283
48 283
50 283
51 283
53 283
54 283
55 283
56 283
57 283
61 283
66 283
67 283
68 283
69 283
70 283
71 283
74 283
75 283
79 283
80 283
81 283
84 283
86 283
87 283
88 283
89 283
90 283
94 283
96 283
97 283
98 283
100 283
101 283
103 283
105 283
107 283
108 283
110 283
111 283
112 283
113 283
118 283
120 283
127 283
134 283
136 283
140 283
141 283
143 283
144 283
146 283
150 283
151 283
152 283
157 283
158 283
159 283
161 283
166 283
167 283
168 283
169 283
171 283
172 283
173 283
177 283
180 283
181 283
184 283
186 283
187 283
188 283
192 283
195 283
198 283
200 283
203 283
204 283
205 283
206 283
213 283
217 283
224 283
226 283
229 283
230 283
233 283
235 283
236 283
239 283
242 283
243 283
244 283
245 283
246 283
247 283
248 283
249 283
254 283
255 283
256 283
258 283
260 283
261 283
265 283
266 283
269 283
271 283
274 283
276 283
278 283
281 283
2 284
6 284
7 284
8 284
9 284
10 284
13 284
14 284
15 284
16 284
17 284
19 284
20 284
28 284
29 284
30 284
34 284
40 284
41 284
43 284
44 284
45 284
47 284
49 284
50 284
51 284
56 284
58 284
59 284
61 284
63 284
64 284
66 284
71 284
72 284
75 284
76 284
82 284
84 284
86 284
87 284
89 284
91 284
94 284
95 284
98 284
104 284
105 284
106 284
107 284
108 284
109 284
115 284
116 284
117 284
118 284
122 284
123 284
126 284
127 284
133 284
134 284
135 284
138 284
141 284
142 284
144 284
146 284
149 284
151 284
153 284
154 284
156 284
160 284
161 284
163 284
165 284
167 284
170 284
173 284
174 284
176 284
177 284
178 284
180 284
182 284
184 284
185 284
186 284
188 284
189 284
191 284
193 284
194 284
196 284
199 284
212 284
214 284
215 284
217 284
219 284
220 284
221 284
222 284
226 284
227 284
228 284
234 284
235 284
237 284
241 284
244 284
246 284
249 284
251 284
252 284
254 284
255 284
256 284
258 284
261 284
263 284
267 284
270 284
272 284
275 284
276 284
282 284
283 284
3 285
4 285
5 285
6 285
7 285
9 285
11 285
12 285
13 285
15 285
18 285
23 285
24 285
25 285
27 285
29 285
31 285
32 285
33 285
34 285
36 285
37 285
38 285
39 285
41 285
42 285
44 285
45 285
46 285
48 285
49 285
54 285
55 285
58 285
60 285
61 285
62 285
65 285
67 285
69 285
71 285
80 285
83 285
86 285
87 285
90 285
92 285
93 285
94 285
100 285
101 285
104 285
109 285
110 285
111 285
113 285
114 285
116 285
120 285
121 285
123 285
125 285
127 285
128 285
130 285
131 285
132 285
133 285
138 285
143 285
147 285
150 285
151 285
154 285
156 285
161 285
163 285
164 285
165 285
166 285
169 285
180 285
181 285
183 285
184 285
186 285
190 285
191 285
193 285
194 285
198 285
200 285
201 285
202 285
209 285
213 285
214 285
216 285
218 285
225 285
226 285
233 285
234 285
237 285
238 285
239 285
240 285
241 285
242 285
244 285
245 285
250 285
252 285
257 285
258 285
259 285
260 285
261 285
265 285
267 285
269 285
272 285
273 285
275 285
276 285
279 285
282 285
284 285
1 286
3 286
4 286
5 286
8 286
9 286
12 286
14 286
15 286
16 286
17 286
19 286
22 286
24 286
26 286
28 286
32 286
33 286
35 286
36 286
37 286
38 286
39 286
44 286
47 286
50 286
51 286
55 286
60 286
61 286
63 286
64 286
70 286
72 286
73 286
74 286
77 286
78 286
79 286
80 286
81 286
82 286
83 286
86 286
88 286
90 286
91 286
92 286
93 286
98 286
99 286
100 286
101 286
104 286
105 286
107 286
109 286
111 286
114 286
115 286
117 286
118 286
121 286
123 286
124 286
125 286
126 286
127 286
129 286
143 286
145 286
149 286
150 286
151 286
155 286
156 286
157 286
161 286
162 286
163 286
168 286
170 286
171 286
172 286
173 286
176 286
178 286
179 286
181 286
183 286
185 286
186 286
187 286
189 286
190 286
191 286
192 286
194 286
195 286
197 286
199 286
202 286
205 286
208 286
210 286
212 286
213 286
215 286
216 286
218 286
220 286
221 286
227 286
229 286
231 286
232 286
233 286
235 286
236 286
239 286
241 286
242 286
243 286
246 286
247 286
249 286
250 286
251 286
252 286
253 286
255 286
256 286
257 286
259 286
264 286
267 286
268 286
269 286
272 286
274 286
275 286
276 286
277 286
278 286
282 286
283 286
284 286
2 287
4 287
5 287
6 287
9 287
13 287
14 287
15 287
18 287
20 287
22 287
24 287
25 287
27 287
28 287
30 287
32 287
34 287
35 287
38 287
39 287
40 287
43 287
44 287
45 287
46 287
50 287
51 287
52 287
53 287
54 287
56 287
57 287
59 287
62 287
63 287
64 287
65 287
68 287
69 287
70 287
71 287
73 287
74 287
77 287
85 287
86 287
88 287
91 287
92 287
93 287
95 287
96 287
97 287
99 287
102 287
109 287
110 287
111 287
115 287
116 287
117 287
118 287
119 287
122 287
124 287
125 287
126 287
129 287
131 287
132 287
143 287
144 287
147 287
148 287
152 287
153 287
155 287
156 287
163 287
164 287
165 287
166 287
171 287
172 287
175 287
183 287
186 287
187 287
189 287
193 287
194 287
200 287
203 287
205 287
207 287
208 287
209 287
214 287
218 287
219 287
222 287
223 287
225 287
227 287
228 287
231 287
232 287
235 287
237 287
240 287
241 287
243 287
244 287
247 287
248 287
251 287
252 287
253 287
254 287
255 287
256 287
257 287
258 287
260 287
264 287
268 287
272 287
275 287
276 287
278 287
280 287
283 287
2 288
3 288
9 288
12 288
16 288
20 288
23 288
24 288
26 288
27 288
31 288
33 288
34 288
38 288
40 288
41 288
42 288
45 288
46 288
48 288
49 288
53 288
56 288
57 288
58 288
61 288
62 288
66 288
67 288
69 288
72 288
74 288
75 288
77 288
78 288
79 288
80 288
81 288
83 288
84 288
85 288
87 288
91 288
92 288
93 288
98 288
100 288
102 288
104 288
105 288
108 288
110 288
111 288
114 288
115 288
116 288
117 288
119 288
120 288
121 288
122 288
126 288
127 288
128 288
129 288
134 288
135 288
136 288
147 288
148 288
149 288
150 288
151 288
156 288
158 288
160 288
161 288
167 288
169 288
170 288
173 288
174 288
175 288
177 288
179 288
183 288
184 288
185 288
186 288
187 288
188 288
189 288
190 288
191 288
194 288
196 288
197 288
198 288
200 288
210 288
213 288
216 288
218 288
220 288
222 288
228 288
230 288
231 288
234 288
235 288
236 288
237 288
239 288
242 288
245 288
246 288
247 288
248 288
249 288
252 288
253 288
254 288
257 288
260 288
261 288
263 288
265 288
266 288
267 288
268 288
271 288
273 288
277 288
278 288
279 288
280 288
281 288
282 288
283 288
285 288
286 288
2 289
5 289
8 289
9 289
14 289
20 289
22 289
23 289
24 289
27 289
28 289
29 289
33 289
34 289
37 289
39 289
40 289
42 289
43 289
44 289
46 289
47 289
49 289
50 289
51 289
52 289
55 289
57 289
60 289
66 289
67 289
68 289
69 289
70 289
71 289
73 289
74 289
76 289
77 289
80 289
81 289
83 289
84 289
85 289
87 289
90 289
91 289
94 289
97 289
105 289
106 289
107 289
108 289
110 289
113 289
114 289
115 289
116 289
117 289
120 289
121 289
122 289
123 289
124 289
125 289
126 289
130 289
131 289
132 289
137 289
138 289
145 289
148 289
149 289
153 289
156 289
158 289
159 289
161 289
163 289
165 289
166 289
172 289
174 289
178 289
180 289
182 289
183 289
188 289
191 289
192 289
197 289
198 289
199 289
205 289
206 289
209 289
211 289
212 289
215 289
217 289
218 289
219 289
221 289
222 289
223 289
224 289
225 289
226 289
229 289
231 289
232 289
233 289
234 289
236 289
237 289
243 289
246 289
251 289
254 289
255 289
257 289
258 289
261 289
262 289
263 289
268 289
269 289
272 289
273 289
274 289
277 289
280 289
281 289
282 289
283 289
284 289
285 289
2 290
3 290
4 290
5 290
7 290
9 290
10 290
12 290
14 290
18 290
19 290
20 290
25 290
26 290
29 290
31 290
32 290
33 290
36 290
37 290
38 290
39 290
41 290
43 290
46 290
48 290
51 290
55 290
56 290
61 290
62 290
63 290
64 290
66 290
67 290
68 290
69 290
74 290
75 290
76 290
80 290
82 290
83 290
86 290
87 290
88 290
92 290
96 290
101 290
106 290
107 290
108 290
110 290
111 290
112 290
113 290
114 290
115 290
117 290
119 290
122 290
126 290
127 290
132 290
133 290
135 290
138 290
151 290
152 290
153 290
156 290
158 290
159 290
164 290
165 290
166 290
168 290
169 290
170 290
180 290
181 290
182 290
183 290
187 290
188 290
192 290
194 290
198 290
201 290
202 290
204 290
205 290
206 290
207 290
208 290
212 290
213 290
216 290
218 290
220 290
221 290
224 290
226 290
227 290
228 290
232 290
233 290
234 290
241 290
244 290
247 290
249 290
250 290
255 290
260 290
262 290
265 290
266 290
267 290
269 290
270 290
272 290
276 290
278 290
282 290
283 290
285 290
287 290
288 290
289 290
2 291
3 291
4 291
5 291
6 291
7 291
9 291
10 291
11 291
13 291
15 291
16 291
18 291
19 291
21 291
24 291
27 291
29 291
31 291
33 291
38 291
42 291
48 291
49 291
50 291
53 291
55 291
56 291
57 291
58 291
59 291
63 291
65 291
66 291
71 291
73 291
74 291
75 291
77 291
78 291
79 291
80 291
81 291
84 291
85 291
88 291
90 291
91 291
94 291
95 291
96 291
98 291
99 291
100 291
101 291
107 291
110 291
111 291
114 291
115 291
118 291
119 291
124 291
126 291
128 291
131 291
132 291
136 291
139 291
140 291
146 291
147 291
151 291
152 291
153 291
154 291
155 291
157 291
159 291
167 291
169 291
170 291
171 291
172 291
177 291
178 291
181 291
183 291
185 291
186 291
188 291
190 291
193 291
194 291
196 291
198 291
200 291
201 291
203 291
208 291
209 291
211 291
212 291
217 291
219 291
220 291
222 291
223 291
224 291
225 291
226 291
229 291
230 291
231 291
232 291
233 291
241 291
242 291
244 291
247 291
248 291
250 291
254 291
258 291
259 291
260 291
262 291
264 291
266 291
267 291
268 291
269 291
271 291
273 291
274 291
276 291
278 291
280 291
281 291
282 291
283 291
284 291
287 291
3 292
4 292
5 292
11 292
16 292
17 292
19 292
22 292
23 292
24 292
25 292
27 292
29 292
31 292
33 292
36 292
37 292
39 292
42 292
43 292
48 292
49 292
50 292
51 292
52 292
56 292
57 292
58 292
60 292
63 292
68 292
69 292
73 292
74 292
76 292
79 292
82 292
84 292
87 292
88 292
90 292
91 292
93 292
96 292
97 292
99 292
100 292
102 292
103 292
104 292
106 292
111 292
119 292
121 292
125 292
128 292
129 292
130 292
131 292
132 292
133 292
134 292
136 292
138 292
139 292
142 292
143 292
144 292
147 292
151 292
152 292
154 292
155 292
157 292
158 292
160 292
161 292
162 292
165 292
167 292
168 292
175 292
176 292
177 292
178 292
183 292
185 292
186 292
190 292
192 292
194 292
196 292
199 292
201 292
202 292
203 292
206 292
210 292
211 292
213 292
216 292
217 292
220 292
221 292
223 292
224 292
225 292
227 292
234 292
235 292
237 292
238 292
239 292
241 292
242 292
244 292
247 292
250 292
252 292
253 292
254 292
256 292
259 292
263 292
265 292
266 292
267 292
268 292
269 292
270 292
272 292
273 292
275 292
276 292
278 292
281 292
282 292
284 292
285 292
286 292
288 292
289 292
3 293
5 293
8 293
10 293
11 293
12 293
18 293
20 293
23 293
24 293
26 293
30 293
31 293
32 293
33 293
34 293
35 293
36 293
37 293
38 293
40 293
41 293
42 293
45 293
55 293
61 293
62 293
63 293
64 293
65 293
66 293
71 293
72 293
75 293
77 293
79 293
80 293
83 293
86 293
87 293
88 293
89 293
97 293
99 293
104 293
106 293
107 293
109 293
112 293
115 293
118 293
119 293
120 293
122 293
123 293
124 293
125 293
126 293
127 293
128 293
130 293
134 293
137 293
140 293
142 293
143 293
144 293
145 293
146 293
149 293
154 293
157 293
164 293
166 293
171 293
172 293
173 293
174 293
175 293
176 293
177 293
178 293
179 293
180 293
184 293
185 293
190 293
194 293
196 293
200 293
204 293
205 293
206 293
207 293
208 293
213 293
214 293
215 293
218 293
220 293
222 293
223 293
227 293
228 293
229 293
232 293
235 293
237 293
240 293
246 293
247 293
249 293
250 293
251 293
253 293
254 293
256 293
257 293
261 293
263 293
264 293
265 293
267 293
269 293
270 293
274 293
275 293
276 293
277 293
279 293
281 293
283 293
285 293
286 293
291 293
2 294
3 294
4 294
6 294
7 294
9 294
11 294
12 294
15 294
20 294
21 294
34 294
35 294
36 294
39 294
41 294
42 294
44 294
47 294
51 294
52 294
54 294
57 294
58 294
60 294
61 294
62 294
65 294
66 294
67 294
68 294
69 294
71 294
72 294
75 294
76 294
80 294
81 294
82 294
84 294
86 294
87 294
88 294
91 294
98 294
99 294
100 294
102 294
103 294
105 294
110 294
116 294
122 294
124 294
125 294
128 294
149 294
151 294
153 294
154 294
155 294
160 294
162 294
163 294
164 294
165 294
167 294
169 294
170 294
171 294
172 294
173 294
177 294
178 294
179 294
180 294
182 294
183 294
185 294
187 294
188 294
190 294
191 294
196 294
197 294
200 294
202 294
203 294
206 294
209 294
212 294
213 294
216 294
219 294
220 294
221 294
222 294
223 294
224 294
225 294
227 294
228 294
230 294
236 294
237 294
239 294
240 294
241 294
242 294
243 294
244 294
245 294
250 294
254 294
255 294
256 294
259 294
260 294
261 294
262 294
263 294
272 294
273 294
274 294
275 294
276 294
277 294
278 294
283 294
284 294
285 294
286 294
287 294
290 294
3 295
4 295
5 295
7 295
9 295
10 295
11 295
12 295
16 295
17 295
18 295
19 295
20 295
29 295
30 295
31 295
35 295
36 295
37 295
38 295
47 295
48 295
49 295
50 295
52 295
57 295
58 295
59 295
62 295
63 295
64 295
67 295
68 295
70 295
73 295
75 295
77 295
79 295
81 295
87 295
88 295
90 295
91 295
93 295
95 295
96 295
97 295
100 295
103 295
104 295
105 295
109 295
113 295
114 295
115 295
119 295
120 295
122 295
123 295
127 295
131 295
135 295
138 295
147 295
151 295
153 295
156 295
158 295
159 295
160 295
161 295
162 295
164 295
165 295
167 295
169 295
170 295
173 295
174 295
176 295
177 295
178 295
180 295
183 295
186 295
195 295
197 295
198 295
199 295
205 295
207 295
208 295
210 295
212 295
213 295
215 295
221 295
226 295
227 295
228 295
229 295
231 295
232 295
234 295
236 295
237 295
238 295
241 295
242 295
244 295
245 295
247 295
250 295
252 295
255 295
256 295
257 295
264 295
267 295
270 295
272 295
273 295
274 295
275 295
277 295
281 295
283 295
284 295
285 295
287 295
288 295
291 295
294 295
6 296
10 296
13 296
16 296
17 296
20 296
21 296
22 296
23 296
24 296
27 296
31 296
32 296
33 296
34 296
35 296
36 296
37 296
39 296
40 296
41 296
43 296
44 296
46 296
48 296
49 296
52 296
55 296
57 296
59 296
60 296
61 296
63 296
65 296
66 296
67 296
70 296
71 296
72 296
74 296
78 296
83 296
84 296
87 296
89 296
90 296
91 296
92 296
95 296
98 296
101 296
102 296
105 296
107 296
109 296
112 296
115 296
117 296
118 296
121 296
123 296
125 296
128 296
130 296
133 296
135 296
139 296
149 296
153 296
154 296
156 296
160 296
161 296
164 296
168 296
175 296
177 296
180 296
181 296
186 296
187 296
189 296
190 296
191 296
192 296
194 296
195 296
197 296
199 296
200 296
204 296
207 296
208 296
209 296
212 296
217 296
218 296
219 296
221 296
222 296
223 296
227 296
228 296
229 296
233 296
237 296
239 296
242 296
243 296
245 296
246 296
248 296
250 296
252 296
254 296
255 296
259 296
262 296
263 296
264 296
265 296
266 296
268 296
269 296
271 296
277 296
279 296
283 296
287 296
294 296
2 297
5 297
6 297
7 297
8 297
9 297
13 297
21 297
22 297
26 297
28 297
29 297
30 297
31 297
32 297
33 297
34 297
36 297
37 297
39 297
40 297
42 297
43 297
45 297
46 297
47 297
48 297
49 297
53 297
55 297
56 297
57 297
61 297
64 297
65 297
66 297
68 297
69 297
70 297
72 297
73 297
78 297
80 297
85 297
86 297
88 297
89 297
90 297
92 297
93 297
96 297
97 297
98 297
102 297
107 297
109 297
110 297
111 297
112 297
113 297
114 297
116 297
117 297
118 297
119 297
122 297
123 297
127 297
129 297
130 297
132 297
133 297
135 297
136 297
140 297
142 297
143 297
149 297
151 297
152 297
154 297
155 297
157 297
159 297
160 297
161 297
164 297
165 297
166 297
168 297
170 297
175 297
177 297
181 297
182 297
183 297
187 297
188 297
190 297
193 297
195 297
202 297
205 297
207 297
210 297
211 297
212 297
214 297
215 297
217 297
218 297
219 297
221 297
222 297
223 297
224 297
225 297
226 297
230 297
231 297
232 297
234 297
236 297
237 297
241 297
242 297
244 297
245 297
246 297
247 297
248 297
250 297
252 297
254 297
255 297
256 297
260 297
263 297
264 297
265 297
268 297
269 297
274 297
275 297
276 297
277 297
278 297
281 297
282 297
291 297
294 297
295 297
296 297
3 298
6 298
8 298
9 298
10 298
13 298
14 298
15 298
16 298
17 298
18 298
19 298
20 298
22 298
24 298
28 298
29 298
31 298
37 298
38 298
40 298
43 298
45 298
47 298
48 298
49 298
53 298
54 298
55 298
58 298
60 298
61 298
63 298
64 298
66 298
72 298
76 298
77 298
78 298
81 298
82 298
83 298
85 298
88 298
89 298
93 298
94 298
95 298
96 298
98 298
99 298
102 298
103 298
107 298
109 298
111 298
112 298
114 298
118 298
119 298
124 298
125 298
126 298
127 298
128 298
130 298
131 298
132 298
136 298
138 298
140 298
142 298
143 298
144 298
154 298
156 298
158 298
159 298
161 298
163 298
165 298
168 298
170 298
171 298
172 298
174 298
175 298
176 298
177 298
183 298
184 298
185 298
186 298
189 298
191 298
192 298
194 298
195 298
198 298
199 298
201 298
202 298
203 298
204 298
207 298
209 298
213 298
214 298
216 298
218 298
219 298
220 298
223 298
224 298
226 298
227 298
228 298
232 298
233 298
235 298
239 298
242 298
245 298
247 298
248 298
249 298
251 298
252 298
253 298
256 298
257 298
258 298
263 298
264 298
265 298
267 298
268 298
269 298
271 298
272 298
273 298
274 298
276 298
277 298
278 298
279 298
280 298
282 298
285 298
286 298
292 298
295 298
1 299
8 299
9 299
10 299
12 299
13 299
14 299
16 299
20 299
21 299
24 299
25 299
27 299
28 299
29 299
30 299
31 299
32 299
34 299
35 299
36 299
38 299
40 299
42 299
43 299
44 299
47 299
50 299
52 299
53 299
54 299
58 299
59 299
60 299
62 299
63 299
64 299
68 299
70 299
72 299
73 299
75 299
76 299
78 299
82 299
83 299
84 299
85 299
87 299
90 299
91 299
93 299
96 299
98 299
99 299
103 299
104 299
105 299
107 299
108 299
112 299
116 299
121 299
125 299
126 299
128 299
129 299
130 299
134 299
136 299
143 299
148 299
152 299
153 299
156 299
159 299
160 299
162 299
163 299
164 299
167 299
169 299
173 299
174 299
175 299
177 299
178 299
180 299
182 299
183 299
184 299
188 299
190 299
191 299
194 299
195 299
196 299
200 299
201 299
202 299
203 299
207 299
208 299
211 299
213 299
215 299
218 299
219 299
223 299
226 299
227 299
229 299
230 299
233 299
234 299
235 299
237 299
240 299
241 299
244 299
246 299
248 299
252 299
254 299
259 299
260 299
263 299
267 299
271 299
272 299
273 299
275 299
277 299
279 299
280 299
282 299
284 299
287 299
288 299
290 299
292 299
297 299
298 299
1 300
2 300
3 300
4 300
6 300
7 300
9 300
10 300
17 300
18 300
21 300
22 300
23 300
24 300
26 300
29 300
30 300
32 300
33 300
34 300
35 300
37 300
38 300
39 300
40 300
42 300
43 300
44 300
46 300
49 300
54 300
55 300
58 300
60 300
62 300
63 300
64 300
65 300
67 300
68 300
69 300
70 300
71 300
74 300
75 300
76 300
77 300
78 300
81 300
82 300
83 300
84 300
85 300
86 300
87 300
91 300
93 300
96 300
97 300
98 300
99 300
101 300
104 300
109 300
110 300
113 300
114 300
115 300
116 300
118 300
119 300
126 300
131 300
133 300
134 300
135 300
139 300
140 300
146 300
148 300
149 300
150 300
153 300
154 300
158 300
162 300
163 300
165 300
168 300
169 300
170 300
173 300
179 300
180 300
181 300
182 300
184 300
187 300
189 300
191 300
192 300
197 300
198 300
199 300
201 300
203 300
204 300
205 300
206 300
207 300
210 300
213 300
216 300
218 300
219 300
220 300
223 300
224 300
225 300
229 300
230 300
231 300
233 300
239 300
241 300
245 300
247 300
248 300
249 300
250 300
251 300
253 300
254 300
255 300
257 300
259 300
263 300
266 300
268 300
270 300
271 300
275 300
277 300
280 300
286 300
288 300
290 300
292 300
294 300
299 300
