300
3 5
2 7
4 8
5 8
6 8
5 9
6 9
7 9
8 10
4 11
6 11
7 11
2 12
4 12
11 12
1 13
3 13
5 13
3 14
5 14
6 14
11 14
8 15
10 15
11 15
13 15
14 15
8 16
10 16
11 16
13 16
14 16
15 16
1 17
9 17
14 17
2 18
3 18
4 18
12 18
13 18
15 18
4 19
8 19
10 19
12 19
15 19
2 20
6 20
7 20
9 20
11 20
12 20
13 20
14 20
16 20
1 21
3 21
4 21
5 21
7 21
10 21
12 21
18 21
11 22
12 22
16 22
18 22
20 22
21 22
1 23
11 23
13 23
15 23
17 23
18 23
19 23
20 23
22 23
1 24
3 24
5 24
12 24
15 24
16 24
17 24
1 25
2 25
3 25
4 25
5 25
6 25
13 25
14 25
15 25
16 25
17 25
23 25
6 26
14 26
16 26
18 26
20 26
22 26
24 26
25 26
3 27
4 27
6 27
7 27
8 27
15 27
17 27
18 27
21 27
22 27
25 27
1 28
5 28
7 28
12 28
16 28
18 28
22 28
23 28
24 28
25 28
26 28
2 29
3 29
4 29
7 29
8 29
10 29
11 29
12 29
13 29
14 29
15 29
16 29
19 29
20 29
22 29
23 29
24 29
26 29
28 29
2 30
15 30
17 30
19 30
20 30
23 30
29 30
3 31
6 31
14 31
15 31
16 31
17 31
18 31
20 31
23 31
24 31
28 31
1 32
2 32
3 32
6 32
7 32
16 32
17 32
18 32
21 32
27 32
28 32
5 33
8 33
17 33
19 33
21 33
22 33
24 33
26 33
28 33
30 33
32 33
3 34
4 34
6 34
12 34
18 34
19 34
20 34
21 34
23 34
24 34
25 34
28 34
31 34
33 34
4 35
5 35
6 35
7 35
9 35
10 35
16 35
21 35
23 35
24 35
27 35
28 35
29 35
30 35
31 35
33 35
5 36
6 36
7 36
8 36
11 36
14 36
15 36
16 36
18 36
20 36
23 36
25 36
27 36
28 36
30 36
31 36
32 36
35 36
1 37
2 37
3 37
5 37
6 37
8 37
9 37
11 37
12 37
13 37
15 37
21 37
22 37
29 37
30 37
31 37
32 37
33 37
34 37
36 37
4 38
5 38
6 38
15 38
17 38
18 38
19 38
20 38
26 38
28 38
29 38
32 38
34 38
37 38
4 39
8 39
18 39
19 39
20 39
21 39
23 39
26 39
27 39
29 39
30 39
32 39
33 39
35 39
36 39
1 40
3 40
6 40
7 40
10 40
22 40
24 40
26 40
27 40
28 40
31 40
34 40
35 40
37 40
39 40
2 41
6 41
7 41
8 41
10 41
12 41
14 41
15 41
21 41
22 41
30 41
31 41
33 41
34 41
35 41
37 41
38 41
5 42
6 42
8 42
12 42
21 42
22 42
23 42
25 42
29 42
31 42
34 42
36 42
40 42
1 43
2 43
3 43
5 43
6 43
7 43
8 43
10 43
13 43
16 43
20 43
21 43
23 43
26 43
29 43
34 43
35 43
36 43
37 43
39 43
41 43
42 43
1 44
2 44
3 44
4 44
5 44
7 44
8 44
11 44
12 44
19 44
20 44
22 44
25 44
26 44
27 44
28 44
29 44
30 44
33 44
34 44
35 44
36 44
37 44
40 44
41 44
43 44
4 45
8 45
9 45
10 45
15 45
16 45
17 45
20 45
24 45
25 45
28 45
29 45
30 45
31 45
33 45
35 45
36 45
37 45
39 45
42 45
44 45
1 46
3 46
5 46
8 46
10 46
22 46
23 46
25 46
26 46
27 46
28 46
29 46
32 46
35 46
36 46
39 46
43 46
44 46
45 46
2 47
3 47
4 47
7 47
8 47
9 47
10 47
12 47
13 47
22 47
23 47
24 47
27 47
30 47
31 47
33 47
34 47
42 47
44 47
3 48
4 48
9 48
10 48
11 48
13 48
14 48
17 48
26 48
27 48
29 48
32 48
33 48
35 48
37 48
38 48
40 48
41 48
42 48
43 48
45 48
46 48
47 48
2 49
7 49
8 49
10 49
12 49
16 49
18 49
19 49
28 49
29 49
30 49
31 49
32 49
35 49
36 49
41 49
42 49
44 49
45 49
47 49
2 50
3 50
4 50
5 50
7 50
8 50
9 50
10 50
13 50
14 50
16 50
26 50
29 50
32 50
33 50
34 50
37 50
38 50
43 50
45 50
48 50
49 50
3 51
4 51
7 51
11 51
12 51
13 51
15 51
17 51
25 51
26 51
28 51
34 51
35 51
37 51
38 51
41 51
42 51
44 51
48 51
50 51
2 52
3 52
5 52
8 52
9 52
11 52
13 52
14 52
16 52
18 52
19 52
27 52
28 52
29 52
30 52
31 52
32 52
38 52
45 52
47 52
48 52
49 52
51 52
1 53
3 53
6 53
9 53
12 53
17 53
20 53
21 53
23 53
25 53
26 53
29 53
32 53
36 53
42 53
44 53
46 53
47 53
51 53
6 54
7 54
11 54
13 54
30 54
35 54
38 54
41 54
44 54
46 54
50 54
53 54
1 55
2 55
3 55
5 55
6 55
9 55
11 55
13 55
14 55
15 55
18 55
26 55
27 55
29 55
32 55
33 55
34 55
38 55
39 55
40 55
41 55
44 55
46 55
47 55
51 55
52 55
53 55
54 55
2 56
7 56
8 56
10 56
14 56
15 56
16 56
31 56
34 56
35 56
36 56
38 56
42 56
43 56
46 56
49 56
2 57
3 57
4 57
5 57
6 57
8 57
10 57
12 57
13 57
17 57
18 57
19 57
20 57
21 57
22 57
23 57
29 57
30 57
31 57
33 57
34 57
36 57
39 57
41 57
44 57
45 57
47 57
50 57
54 57
55 57
1 58
3 58
6 58
7 58
8 58
10 58
11 58
12 58
13 58
15 58
17 58
18 58
19 58
29 58
34 58
35 58
36 58
37 58
43 58
44 58
47 58
48 58
53 58
55 58
56 58
1 59
3 59
6 59
8 59
9 59
12 59
13 59
15 59
17 59
18 59
20 59
21 59
28 59
29 59
32 59
33 59
34 59
36 59
41 59
42 59
43 59
47 59
48 59
57 59
58 59
3 60
4 60
6 60
8 60
9 60
11 60
12 60
13 60
15 60
17 60
18 60
20 60
21 60
23 60
28 60
29 60
30 60
35 60
37 60
39 60
40 60
43 60
48 60
49 60
52 60
53 60
54 60
57 60
58 60
1 61
2 61
6 61
7 61
8 61
10 61
13 61
14 61
15 61
16 61
19 61
21 61
25 61
26 61
30 61
33 61
35 61
36 61
40 61
41 61
43 61
45 61
46 61
47 61
50 61
56 61
57 61
1 62
2 62
5 62
8 62
9 62
10 62
12 62
13 62
16 62
17 62
18 62
28 62
31 62
33 62
37 62
41 62
42 62
43 62
44 62
46 62
50 62
52 62
53 62
54 62
55 62
56 62
58 62
61 62
1 63
3 63
4 63
9 63
11 63
12 63
14 63
18 63
19 63
20 63
31 63
32 63
34 63
36 63
38 63
39 63
42 63
43 63
44 63
45 63
46 63
47 63
48 63
51 63
52 63
54 63
58 63
59 63
61 63
62 63
2 64
5 64
8 64
10 64
11 64
13 64
17 64
19 64
20 64
22 64
25 64
32 64
35 64
36 64
37 64
38 64
39 64
44 64
45 64
46 64
50 64
51 64
52 64
55 64
57 64
60 64
62 64
63 64
1 65
2 65
5 65
8 65
9 65
10 65
13 65
16 65
17 65
19 65
20 65
23 65
25 65
33 65
36 65
37 65
42 65
44 65
46 65
47 65
51 65
55 65
57 65
59 65
60 65
61 65
62 65
2 66
3 66
4 66
5 66
6 66
7 66
8 66
10 66
12 66
13 66
14 66
16 66
17 66
24 66
25 66
26 66
28 66
33 66
35 66
36 66
37 66
39 66
44 66
45 66
46 66
48 66
50 66
51 66
52 66
53 66
59 66
61 66
1 67
3 67
4 67
7 67
8 67
9 67
10 67
11 67
12 67
13 67
16 67
17 67
18 67
21 67
27 67
28 67
36 67
37 67
38 67
40 67
41 67
50 67
52 67
53 67
54 67
55 67
56 67
58 67
59 67
60 67
62 67
66 67
2 68
3 68
6 68
8 68
9 68
10 68
11 68
13 68
16 68
17 68
18 68
19 68
20 68
21 68
22 68
25 68
27 68
30 68
31 68
33 68
34 68
36 68
38 68
43 68
45 68
47 68
48 68
50 68
53 68
54 68
58 68
59 68
60 68
63 68
66 68
67 68
1 69
2 69
3 69
4 69
6 69
10 69
11 69
12 69
14 69
15 69
22 69
23 69
24 69
25 69
33 69
34 69
38 69
40 69
49 69
50 69
51 69
52 69
55 69
56 69
58 69
60 69
62 69
66 69
67 69
68 69
2 70
6 70
7 70
12 70
16 70
17 70
22 70
34 70
39 70
41 70
42 70
43 70
44 70
48 70
49 70
50 70
52 70
53 70
56 70
58 70
59 70
63 70
64 70
65 70
66 70
67 70
68 70
69 70
2 71
5 71
7 71
9 71
10 71
11 71
13 71
16 71
17 71
19 71
21 71
23 71
24 71
25 71
34 71
35 71
40 71
41 71
43 71
45 71
47 71
53 71
54 71
55 71
56 71
64 71
69 71
70 71
4 72
7 72
8 72
10 72
12 72
13 72
15 72
16 72
21 72
23 72
24 72
26 72
29 72
37 72
38 72
40 72
41 72
42 72
43 72
45 72
47 72
50 72
54 72
56 72
58 72
59 72
60 72
61 72
63 72
67 72
70 72
71 72
2 73
3 73
8 73
9 73
12 73
13 73
15 73
18 73
19 73
21 73
23 73
24 73
26 73
30 73
37 73
41 73
42 73
43 73
46 73
48 73
50 73
53 73
57 73
62 73
63 73
64 73
67 73
72 73
1 74
3 74
5 74
6 74
8 74
9 74
12 74
13 74
17 74
19 74
20 74
21 74
22 74
23 74
26 74
27 74
28 74
29 74
37 74
40 74
41 74
42 74
44 74
45 74
46 74
48 74
49 74
55 74
58 74
61 74
62 74
63 74
64 74
66 74
69 74
71 74
1 75
3 75
4 75
5 75
9 75
11 75
14 75
17 75
18 75
19 75
20 75
22 75
23 75
28 75
30 75
32 75
37 75
39 75
40 75
41 75
42 75
44 75
46 75
48 75
49 75
50 75
51 75
53 75
54 75
57 75
59 75
60 75
62 75
63 75
65 75
71 75
72 75
73 75
1 76
2 76
3 76
4 76
7 76
10 76
13 76
14 76
15 76
18 76
23 76
24 76
26 76
28 76
30 76
31 76
34 76
36 76
40 76
41 76
47 76
48 76
50 76
52 76
57 76
63 76
65 76
69 76
73 76
74 76
4 77
7 77
8 77
12 77
15 77
16 77
19 77
20 77
25 77
27 77
31 77
34 77
35 77
39 77
40 77
41 77
43 77
44 77
45 77
48 77
50 77
51 77
52 77
59 77
62 77
71 77
1 78
4 78
8 78
12 78
13 78
16 78
20 78
21 78
23 78
25 78
26 78
36 78
38 78
39 78
40 78
43 78
44 78
46 78
47 78
48 78
50 78
51 78
53 78
54 78
56 78
57 78
60 78
63 78
64 78
67 78
68 78
69 78
70 78
76 78
77 78
2 79
5 79
9 79
13 79
14 79
18 79
19 79
21 79
22 79
23 79
25 79
27 79
29 79
38 79
40 79
45 79
46 79
48 79
49 79
53 79
55 79
57 79
59 79
61 79
62 79
63 79
66 79
67 79
69 79
71 79
72 79
74 79
75 79
76 79
77 79
3 80
4 80
5 80
7 80
8 80
9 80
10 80
14 80
16 80
20 80
23 80
24 80
25 80
27 80
29 80
31 80
32 80
33 80
42 80
49 80
51 80
57 80
58 80
60 80
62 80
64 80
65 80
67 80
69 80
70 80
71 80
74 80
1 81
2 81
6 81
8 81
9 81
10 81
11 81
13 81
16 81
17 81
18 81
21 81
22 81
28 81
30 81
43 81
44 81
46 81
49 81
51 81
53 81
55 81
60 81
61 81
63 81
67 81
68 81
69 81
71 81
72 81
73 81
77 81
79 81
80 81
1 82
2 82
3 82
4 82
5 82
7 82
8 82
9 82
10 82
11 82
12 82
14 82
16 82
17 82
18 82
19 82
21 82
25 82
26 82
29 82
31 82
32 82
35 82
36 82
45 82
46 82
47 82
49 82
52 82
53 82
54 82
57 82
59 82
60 82
61 82
62 82
65 82
66 82
67 82
70 82
74 82
75 82
79 82
81 82
1 83
2 83
6 83
7 83
9 83
12 83
14 83
15 83
16 83
20 83
22 83
25 83
27 83
28 83
30 83
31 83
33 83
34 83
40 83
44 83
45 83
46 83
47 83
49 83
51 83
52 83
53 83
54 83
55 83
57 83
60 83
64 83
66 83
67 83
68 83
69 83
70 83
71 83
73 83
75 83
76 83
79 83
80 83
1 84
2 84
6 84
8 84
11 84
12 84
13 84
14 84
16 84
17 84
20 84
22 84
25 84
27 84
30 84
32 84
33 84
35 84
38 84
40 84
41 84
44 84
46 84
47 84
48 84
49 84
50 84
51 84
57 84
59 84
61 84
62 84
63 84
64 84
65 84
66 84
68 84
70 84
74 84
76 84
78 84
81 84
83 84
1 85
2 85
6 85
9 85
14 85
15 85
17 85
19 85
21 85
23 85
24 85
27 85
28 85
30 85
32 85
35 85
37 85
39 85
40 85
42 85
43 85
44 85
45 85
46 85
47 85
48 85
49 85
50 85
51 85
52 85
54 85
55 85
56 85
57 85
58 85
59 85
64 85
67 85
68 85
72 85
73 85
74 85
76 85
1 86
4 86
5 86
6 86
7 86
8 86
10 86
12 86
14 86
15 86
19 86
23 86
24 86
25 86
26 86
27 86
28 86
30 86
40 86
41 86
43 86
49 86
50 86
54 86
57 86
59 86
62 86
65 86
68 86
79 86
81 86
82 86
1 87
2 87
3 87
4 87
5 87
6 87
11 87
12 87
13 87
14 87
17 87
18 87
20 87
24 87
27 87
29 87
30 87
31 87
43 87
46 87
47 87
49 87
50 87
52 87
53 87
55 87
56 87
57 87
60 87
62 87
63 87
65 87
66 87
67 87
69 87
70 87
71 87
74 87
79 87
80 87
82 87
83 87
84 87
85 87
2 88
5 88
10 88
14 88
16 88
17 88
18 88
21 88
24 88
27 88
28 88
30 88
35 88
36 88
37 88
49 88
50 88
51 88
52 88
56 88
57 88
62 88
67 88
68 88
71 88
72 88
75 88
77 88
78 88
79 88
80 88
81 88
1 89
3 89
4 89
7 89
10 89
14 89
16 89
18 89
19 89
20 89
21 89
24 89
25 89
26 89
27 89
28 89
29 89
33 89
36 89
37 89
45 89
51 89
52 89
53 89
55 89
57 89
58 89
59 89
61 89
63 89
64 89
65 89
66 89
67 89
69 89
71 89
72 89
75 89
76 89
81 89
83 89
84 89
85 89
87 89
3 90
4 90
5 90
6 90
13 90
14 90
23 90
25 90
27 90
28 90
30 90
38 90
40 90
45 90
49 90
51 90
56 90
58 90
60 90
61 90
62 90
65 90
66 90
67 90
68 90
71 90
72 90
73 90
74 90
76 90
81 90
82 90
85 90
86 90
89 90
1 91
2 91
4 91
8 91
9 91
11 91
12 91
13 91
14 91
15 91
18 91
20 91
22 91
23 91
24 91
25 91
26 91
28 91
30 91
34 91
37 91
38 91
39 91
45 91
47 91
49 91
54 91
56 91
57 91
60 91
62 91
64 91
65 91
66 91
68 91
70 91
71 91
72 91
74 91
75 91
76 91
79 91
85 91
87 91
88 91
89 91
90 91
1 92
4 92
5 92
7 92
13 92
15 92
17 92
20 92
23 92
25 92
26 92
32 92
35 92
37 92
39 92
42 92
43 92
45 92
50 92
51 92
53 92
54 92
56 92
58 92
59 92
60 92
61 92
63 92
64 92
65 92
66 92
67 92
68 92
71 92
74 92
75 92
76 92
77 92
78 92
84 92
85 92
89 92
1 93
4 93
5 93
9 93
10 93
11 93
13 93
16 93
19 93
20 93
21 93
23 93
26 93
29 93
31 93
32 93
33 93
34 93
36 93
43 93
44 93
48 93
50 93
51 93
52 93
53 93
54 93
55 93
57 93
58 93
59 93
60 93
62 93
63 93
65 93
68 93
69 93
75 93
76 93
78 93
80 93
82 93
84 93
88 93
90 93
92 93
1 94
2 94
5 94
6 94
10 94
12 94
14 94
16 94
17 94
18 94
21 94
22 94
23 94
27 94
29 94
31 94
32 94
33 94
46 94
48 94
49 94
50 94
53 94
55 94
57 94
58 94
61 94
62 94
63 94
66 94
67 94
68 94
70 94
72 94
73 94
74 94
75 94
78 94
79 94
83 94
84 94
85 94
86 94
89 94
90 94
91 94
93 94
2 95
4 95
7 95
9 95
10 95
11 95
13 95
15 95
16 95
17 95
20 95
21 95
23 95
24 95
25 95
26 95
28 95
29 95
31 95
36 95
46 95
49 95
50 95
51 95
54 95
55 95
56 95
57 95
59 95
61 95
62 95
66 95
68 95
69 95
70 95
71 95
72 95
73 95
76 95
77 95
79 95
80 95
81 95
83 95
84 95
85 95
88 95
89 95
90 95
91 95
93 95
2 96
3 96
5 96
8 96
11 96
12 96
13 96
15 96
17 96
19 96
22 96
23 96
25 96
32 96
38 96
41 96
48 96
49 96
52 96
53 96
54 96
57 96
58 96
61 96
62 96
66 96
67 96
69 96
71 96
74 96
75 96
76 96
78 96
80 96
82 96
86 96
88 96
90 96
91 96
1 97
3 97
5 97
9 97
10 97
14 97
15 97
16 97
18 97
20 97
22 97
24 97
25 97
26 97
27 97
30 97
31 97
32 97
34 97
35 97
39 97
41 97
42 97
50 97
51 97
53 97
55 97
57 97
59 97
63 97
65 97
68 97
75 97
76 97
78 97
81 97
84 97
86 97
93 97
94 97
95 97
1 98
2 98
3 98
4 98
7 98
8 98
10 98
12 98
13 98
14 98
15 98
17 98
18 98
22 98
24 98
25 98
29 98
32 98
33 98
35 98
37 98
40 98
42 98
44 98
50 98
51 98
53 98
54 98
56 98
57 98
59 98
60 98
61 98
62 98
63 98
65 98
66 98
68 98
70 98
73 98
75 98
77 98
78 98
82 98
84 98
85 98
87 98
88 98
89 98
90 98
91 98
92 98
93 98
94 98
95 98
97 98
1 99
2 99
4 99
5 99
9 99
11 99
12 99
16 99
17 99
18 99
25 99
28 99
30 99
33 99
35 99
36 99
37 99
38 99
40 99
43 99
48 99
49 99
50 99
52 99
57 99
60 99
64 99
65 99
66 99
69 99
70 99
71 99
72 99
75 99
76 99
77 99
79 99
81 99
82 99
84 99
85 99
87 99
88 99
89 99
90 99
91 99
92 99
94 99
95 99
97 99
2 100
4 100
8 100
13 100
14 100
17 100
19 100
20 100
22 100
23 100
25 100
27 100
29 100
30 100
33 100
34 100
35 100
37 100
39 100
40 100
47 100
54 100
56 100
59 100
60 100
62 100
63 100
65 100
70 100
71 100
72 100
75 100
81 100
82 100
84 100
85 100
86 100
87 100
88 100
91 100
93 100
94 100
95 100
96 100
97 100
4 101
5 101
7 101
8 101
10 101
11 101
15 101
17 101
18 101
19 101
22 101
23 101
24 101
28 101
31 101
33 101
37 101
38 101
39 101
43 101
47 101
49 101
50 101
51 101
52 101
53 101
55 101
58 101
59 101
60 101
62 101
63 101
67 101
69 101
71 101
73 101
74 101
75 101
77 101
79 101
81 101
84 101
85 101
86 101
88 101
90 101
92 101
95 101
96 101
97 101
98 101
100 101
3 102
4 102
8 102
12 102
13 102
14 102
15 102
19 102
23 102
25 102
29 102
30 102
33 102
35 102
36 102
37 102
47 102
50 102
52 102
53 102
54 102
56 102
57 102
58 102
61 102
62 102
63 102
64 102
67 102
68 102
69 102
71 102
72 102
73 102
75 102
76 102
80 102
81 102
84 102
85 102
86 102
87 102
90 102
91 102
92 102
94 102
95 102
101 102
4 103
5 103
6 103
9 103
11 103
12 103
16 103
19 103
23 103
25 103
26 103
27 103
28 103
29 103
33 103
34 103
37 103
38 103
41 103
42 103
50 103
54 103
60 103
61 103
62 103
63 103
64 103
65 103
66 103
67 103
68 103
70 103
73 103
77 103
78 103
79 103
80 103
81 103
82 103
84 103
86 103
87 103
88 103
92 103
93 103
94 103
95 103
98 103
100 103
101 103
102 103
5 104
6 104
9 104
10 104
17 104
20 104
22 104
25 104
29 104
30 104
32 104
33 104
34 104
35 104
36 104
37 104
39 104
41 104
42 104
43 104
53 104
55 104
58 104
59 104
63 104
65 104
67 104
70 104
72 104
73 104
74 104
75 104
77 104
79 104
81 104
83 104
84 104
86 104
90 104
94 104
95 104
97 104
98 104
99 104
100 104
1 105
5 105
6 105
7 105
8 105
13 105
14 105
15 105
17 105
20 105
22 105
23 105
24 105
29 105
30 105
36 105
39 105
42 105
57 105
61 105
63 105
64 105
67 105
72 105
73 105
75 105
76 105
78 105
80 105
81 105
83 105
84 105
91 105
93 105
96 105
98 105
99 105
100 105
101 105
103 105
104 105
1 106
2 106
5 106
6 106
7 106
14 106
15 106
17 106
19 106
21 106
26 106
28 106
29 106
30 106
32 106
37 106
38 106
40 106
41 106
42 106
45 106
46 106
47 106
58 106
59 106
60 106
62 106
64 106
65 106
67 106
68 106
69 106
73 106
74 106
75 106
77 106
81 106
85 106
87 106
96 106
97 106
102 106
103 106
104 106
105 106
2 107
8 107
18 107
19 107
20 107
22 107
24 107
27 107
28 107
33 107
34 107
36 107
37 107
38 107
41 107
42 107
43 107
44 107
45 107
47 107
52 107
54 107
55 107
56 107
59 107
60 107
62 107
64 107
66 107
67 107
69 107
70 107
71 107
72 107
73 107
75 107
76 107
78 107
80 107
84 107
85 107
86 107
87 107
90 107
91 107
92 107
95 107
96 107
97 107
102 107
104 107
2 108
3 108
4 108
10 108
14 108
16 108
18 108
19 108
20 108
23 108
26 108
32 108
35 108
36 108
37 108
38 108
39 108
40 108
42 108
43 108
46 108
51 108
52 108
53 108
56 108
58 108
60 108
62 108
63 108
64 108
65 108
67 108
68 108
69 108
70 108
72 108
74 108
81 108
82 108
83 108
86 108
89 108
90 108
93 108
100 108
101 108
105 108
107 108
3 109
8 109
9 109
13 109
17 109
19 109
20 109
22 109
25 109
26 109
28 109
29 109
30 109
32 109
33 109
36 109
37 109
41 109
43 109
44 109
47 109
48 109
49 109
50 109
53 109
55 109
58 109
62 109
65 109
66 109
67 109
68 109
70 109
73 109
74 109
75 109
79 109
80 109
81 109
82 109
85 109
86 109
88 109
93 109
97 109
99 109
100 109
2 110
3 110
5 110
6 110
7 110
8 110
12 110
13 110
17 110
22 110
25 110
27 110
29 110
30 110
31 110
32 110
33 110
34 110
36 110
39 110
40 110
51 110
52 110
53 110
56 110
61 110
62 110
63 110
64 110
66 110
68 110
69 110
71 110
73 110
74 110
75 110
77 110
78 110
80 110
81 110
82 110
83 110
85 110
88 110
90 110
91 110
92 110
93 110
94 110
101 110
103 110
104 110
105 110
106 110
107 110
1 111
3 111
5 111
6 111
7 111
8 111
9 111
16 111
18 111
19 111
24 111
29 111
30 111
33 111
36 111
39 111
40 111
41 111
43 111
55 111
57 111
59 111
60 111
62 111
66 111
70 111
73 111
76 111
79 111
80 111
83 111
84 111
86 111
87 111
90 111
92 111
93 111
94 111
96 111
99 111
101 111
102 111
104 111
106 111
107 111
108 111
110 111
1 112
2 112
3 112
5 112
7 112
9 112
12 112
16 112
17 112
18 112
19 112
20 112
22 112
23 112
24 112
26 112
27 112
33 112
41 112
45 112
49 112
57 112
61 112
62 112
63 112
64 112
65 112
67 112
68 112
70 112
71 112
72 112
73 112
74 112
75 112
77 112
78 112
81 112
85 112
86 112
87 112
89 112
96 112
97 112
99 112
100 112
101 112
102 112
107 112
108 112
110 112
1 113
3 113
5 113
6 113
7 113
8 113
10 113
12 113
15 113
17 113
18 113
20 113
21 113
22 113
32 113
34 113
35 113
37 113
38 113
39 113
43 113
45 113
46 113
61 113
63 113
64 113
67 113
70 113
71 113
72 113
77 113
79 113
84 113
85 113
86 113
93 113
94 113
96 113
98 113
100 113
105 113
108 113
109 113
110 113
111 113
1 114
2 114
3 114
7 114
8 114
9 114
11 114
13 114
15 114
16 114
19 114
21 114
22 114
23 114
24 114
28 114
29 114
32 114
36 114
37 114
38 114
40 114
41 114
42 114
43 114
45 114
46 114
47 114
48 114
49 114
50 114
52 114
57 114
58 114
59 114
60 114
62 114
63 114
66 114
67 114
68 114
69 114
71 114
72 114
73 114
75 114
77 114
78 114
79 114
82 114
88 114
89 114
90 114
91 114
94 114
95 114
101 114
107 114
2 115
6 115
8 115
11 115
13 115
16 115
17 115
18 115
21 115
23 115
24 115
25 115
28 115
29 115
31 115
35 115
39 115
41 115
44 115
45 115
46 115
47 115
49 115
50 115
51 115
57 115
58 115
59 115
60 115
63 115
64 115
65 115
67 115
68 115
70 115
73 115
75 115
78 115
79 115
81 115
82 115
83 115
87 115
89 115
90 115
92 115
97 115
99 115
100 115
101 115
105 115
107 115
109 115
113 115
1 116
5 116
9 116
11 116
14 116
15 116
16 116
18 116
19 116
22 116
25 116
27 116
28 116
29 116
31 116
32 116
33 116
34 116
37 116
39 116
40 116
43 116
50 116
54 116
55 116
56 116
57 116
59 116
60 116
62 116
63 116
64 116
65 116
66 116
70 116
71 116
72 116
75 116
76 116
82 116
83 116
84 116
85 116
86 116
87 116
88 116
90 116
95 116
97 116
98 116
99 116
101 116
103 116
104 116
109 116
111 116
112 116
113 116
114 116
115 116
2 117
3 117
11 117
12 117
13 117
14 117
15 117
16 117
21 117
22 117
23 117
26 117
30 117
39 117
42 117
44 117
46 117
51 117
54 117
55 117
56 117
57 117
58 117
59 117
62 117
63 117
64 117
68 117
69 117
70 117
71 117
72 117
73 117
76 117
83 117
84 117
88 117
89 117
90 117
91 117
93 117
95 117
100 117
110 117
111 117
113 117
114 117
115 117
1 118
2 118
3 118
4 118
6 118
8 118
9 118
10 118
11 118
12 118
16 118
17 118
18 118
19 118
20 118
21 118
26 118
28 118
29 118
34 118
35 118
37 118
38 118
40 118
43 118
45 118
55 118
56 118
58 118
61 118
62 118
63 118
66 118
67 118
68 118
69 118
71 118
75 118
77 118
78 118
82 118
92 118
93 118
95 118
96 118
99 118
104 118
107 118
108 118
111 118
114 118
117 118
1 119
3 119
7 119
10 119
12 119
14 119
15 119
18 119
19 119
21 119
22 119
28 119
31 119
32 119
33 119
36 119
37 119
38 119
40 119
43 119
44 119
46 119
58 119
60 119
61 119
64 119
74 119
75 119
77 119
78 119
79 119
80 119
81 119
85 119
86 119
87 119
88 119
91 119
92 119
93 119
96 119
100 119
102 119
104 119
105 119
107 119
111 119
113 119
114 119
115 119
118 119
1 120
3 120
5 120
8 120
9 120
11 120
12 120
14 120
15 120
18 120
20 120
21 120
24 120
25 120
26 120
27 120
29 120
30 120
31 120
35 120
42 120
43 120
46 120
47 120
50 120
52 120
60 120
61 120
62 120
65 120
68 120
71 120
74 120
76 120
78 120
79 120
80 120
83 120
86 120
94 120
97 120
98 120
99 120
100 120
103 120
104 120
107 120
109 120
110 120
111 120
113 120
115 120
116 120
1 121
6 121
7 121
8 121
9 121
11 121
12 121
13 121
15 121
16 121
17 121
19 121
20 121
21 121
27 121
30 121
32 121
35 121
38 121
40 121
41 121
42 121
48 121
50 121
51 121
52 121
53 121
54 121
61 121
62 121
64 121
69 121
70 121
71 121
73 121
74 121
75 121
76 121
77 121
78 121
80 121
81 121
82 121
83 121
84 121
85 121
88 121
90 121
91 121
92 121
96 121
99 121
100 121
102 121
103 121
109 121
110 121
112 121
114 121
116 121
119 121
120 121
4 122
7 122
12 122
13 122
18 122
21 122
24 122
26 122
27 122
28 122
30 122
35 122
37 122
38 122
42 122
44 122
45 122
46 122
49 122
51 122
52 122
55 122
61 122
62 122
64 122
67 122
68 122
69 122
70 122
74 122
78 122
80 122
82 122
85 122
86 122
88 122
90 122
92 122
97 122
98 122
101 122
102 122
103 122
105 122
106 122
107 122
108 122
111 122
113 122
114 122
116 122
117 122
120 122
1 123
3 123
4 123
9 123
11 123
12 123
13 123
14 123
15 123
16 123
19 123
20 123
22 123
23 123
24 123
30 123
35 123
38 123
42 123
44 123
45 123
47 123
48 123
49 123
50 123
51 123
52 123
53 123
54 123
61 123
62 123
63 123
65 123
66 123
69 123
75 123
77 123
79 123
81 123
82 123
84 123
86 123
88 123
89 123
90 123
91 123
94 123
95 123
96 123
101 123
102 123
104 123
105 123
106 123
107 123
109 123
111 123
115 123
118 123
121 123
122 123
2 124
12 124
15 124
16 124
22 124
23 124
25 124
27 124
32 124
36 124
37 124
42 124
43 124
44 124
46 124
49 124
51 124
52 124
53 124
54 124
55 124
60 124
62 124
63 124
64 124
65 124
67 124
68 124
69 124
70 124
71 124
72 124
73 124
75 124
77 124
78 124
80 124
85 124
87 124
89 124
91 124
92 124
94 124
96 124
98 124
102 124
106 124
113 124
114 124
116 124
118 124
119 124
120 124
121 124
122 124
123 124
1 125
4 125
5 125
8 125
9 125
11 125
13 125
16 125
19 125
21 125
22 125
24 125
25 125
26 125
29 125
30 125
31 125
33 125
34 125
38 125
40 125
43 125
44 125
45 125
47 125
51 125
53 125
56 125
58 125
59 125
60 125
61 125
62 125
66 125
68 125
69 125
72 125
73 125
74 125
79 125
80 125
81 125
84 125
85 125
86 125
87 125
91 125
94 125
95 125
97 125
98 125
104 125
105 125
108 125
109 125
111 125
112 125
114 125
116 125
117 125
119 125
120 125
121 125
123 125
124 125
8 126
9 126
12 126
13 126
16 126
17 126
22 126
23 126
24 126
26 126
29 126
30 126
31 126
34 126
35 126
43 126
61 126
62 126
63 126
68 126
72 126
75 126
76 126
77 126
78 126
81 126
84 126
86 126
87 126
90 126
92 126
93 126
95 126
97 126
98 126
99 126
100 126
103 126
108 126
109 126
112 126
115 126
116 126
117 126
119 126
120 126
121 126
122 126
124 126
125 126
1 127
2 127
4 127
5 127
8 127
9 127
10 127
11 127
14 127
16 127
17 127
18 127
19 127
20 127
22 127
26 127
27 127
28 127
29 127
31 127
32 127
33 127
35 127
39 127
42 127
43 127
49 127
50 127
52 127
65 127
66 127
70 127
71 127
72 127
74 127
80 127
81 127
90 127
92 127
93 127
95 127
96 127
97 127
98 127
99 127
102 127
104 127
105 127
107 127
108 127
111 127
119 127
121 127
1 128
3 128
4 128
5 128
6 128
10 128
11 128
12 128
13 128
14 128
17 128
20 128
21 128
24 128
25 128
26 128
27 128
28 128
29 128
30 128
31 128
32 128
33 128
38 128
40 128
43 128
44 128
48 128
49 128
50 128
52 128
53 128
54 128
55 128
66 128
69 128
72 128
73 128
74 128
76 128
78 128
81 128
84 128
86 128
87 128
88 128
90 128
91 128
94 128
99 128
101 128
104 128
105 128
107 128
108 128
111 128
114 128
116 128
119 128
125 128
1 129
2 129
4 129
5 129
6 129
9 129
11 129
12 129
16 129
17 129
18 129
20 129
21 129
29 129
30 129
34 129
35 129
36 129
40 129
41 129
44 129
48 129
49 129
50 129
51 129
52 129
53 129
54 129
55 129
59 129
68 129
70 129
72 129
74 129
75 129
76 129
80 129
81 129
82 129
83 129
88 129
89 129
92 129
98 129
99 129
100 129
104 129
105 129
106 129
108 129
109 129
113 129
114 129
115 129
116 129
118 129
120 129
122 129
127 129
4 130
6 130
9 130
15 130
17 130
18 130
21 130
22 130
26 130
28 130
29 130
31 130
32 130
37 130
39 130
41 130
43 130
45 130
46 130
50 130
52 130
54 130
55 130
56 130
57 130
58 130
59 130
69 130
70 130
74 130
78 130
79 130
80 130
83 130
84 130
88 130
89 130
92 130
95 130
98 130
100 130
102 130
110 130
112 130
113 130
114 130
117 130
118 130
120 130
121 130
123 130
128 130
6 131
7 131
8 131
9 131
10 131
11 131
13 131
18 131
21 131
22 131
26 131
27 131
33 131
35 131
37 131
38 131
39 131
42 131
45 131
46 131
47 131
48 131
51 131
52 131
54 131
55 131
58 131
65 131
71 131
73 131
75 131
78 131
79 131
83 131
84 131
85 131
86 131
88 131
90 131
91 131
93 131
96 131
97 131
100 131
104 131
108 131
109 131
110 131
111 131
112 131
113 131
118 131
119 131
123 131
124 131
125 131
127 131
128 131
1 132
2 132
3 132
7 132
8 132
9 132
13 132
20 132
24 132
26 132
27 132
28 132
31 132
33 132
34 132
35 132
36 132
37 132
38 132
39 132
41 132
50 132
53 132
62 132
64 132
67 132
68 132
71 132
73 132
77 132
80 132
82 132
84 132
85 132
86 132
87 132
90 132
96 132
97 132
100 132
101 132
105 132
106 132
111 132
112 132
113 132
118 132
120 132
125 132
129 132
130 132
4 133
5 133
12 133
13 133
14 133
15 133
16 133
18 133
26 133
28 133
29 133
30 133
31 133
34 133
35 133
36 133
37 133
38 133
42 133
44 133
45 133
46 133
47 133
49 133
52 133
53 133
55 133
57 133
59 133
61 133
62 133
63 133
64 133
65 133
66 133
67 133
69 133
70 133
77 133
81 133
86 133
87 133
91 133
92 133
94 133
95 133
97 133
98 133
100 133
101 133
102 133
106 133
107 133
108 133
109 133
110 133
115 133
117 133
120 133
121 133
125 133
127 133
128 133
130 133
131 133
132 133
3 134
4 134
6 134
8 134
10 134
14 134
18 134
19 134
22 134
24 134
25 134
26 134
27 134
29 134
31 134
33 134
35 134
37 134
38 134
40 134
41 134
43 134
44 134
46 134
48 134
50 134
51 134
54 134
63 134
70 134
71 134
74 134
75 134
76 134
77 134
78 134
80 134
84 134
85 134
88 134
90 134
93 134
95 134
97 134
98 134
100 134
105 134
106 134
107 134
108 134
109 134
112 134
113 134
119 134
120 134
124 134
127 134
132 134
4 135
6 135
9 135
10 135
13 135
14 135
19 135
23 135
26 135
28 135
31 135
33 135
34 135
36 135
38 135
39 135
41 135
45 135
48 135
50 135
53 135
56 135
58 135
67 135
68 135
76 135
77 135
81 135
82 135
83 135
86 135
88 135
89 135
90 135
92 135
93 135
94 135
96 135
100 135
102 135
104 135
106 135
107 135
108 135
110 135
111 135
119 135
121 135
122 135
126 135
127 135
128 135
129 135
132 135
3 136
4 136
5 136
6 136
7 136
12 136
13 136
15 136
17 136
19 136
24 136
28 136
31 136
32 136
34 136
36 136
37 136
38 136
40 136
41 136
44 136
48 136
49 136
52 136
53 136
58 136
68 136
71 136
73 136
74 136
76 136
77 136
78 136
79 136
80 136
81 136
82 136
83 136
84 136
86 136
89 136
91 136
92 136
93 136
94 136
98 136
99 136
103 136
105 136
107 136
110 136
113 136
114 136
115 136
116 136
121 136
124 136
125 136
126 136
127 136
130 136
1 137
3 137
4 137
7 137
8 137
10 137
14 137
15 137
16 137
18 137
21 137
22 137
26 137
29 137
36 137
38 137
41 137
42 137
44 137
45 137
46 137
47 137
49 137
56 137
58 137
69 137
70 137
71 137
73 137
74 137
75 137
76 137
81 137
82 137
91 137
95 137
97 137
98 137
99 137
100 137
108 137
109 137
113 137
115 137
116 137
117 137
123 137
127 137
132 137
2 138
4 138
6 138
9 138
12 138
13 138
15 138
16 138
17 138
18 138
19 138
20 138
21 138
23 138
24 138
26 138
28 138
29 138
32 138
33 138
36 138
38 138
39 138
40 138
41 138
43 138
45 138
46 138
47 138
50 138
52 138
54 138
57 138
59 138
61 138
62 138
63 138
69 138
70 138
71 138
72 138
73 138
76 138
77 138
80 138
81 138
84 138
85 138
86 138
92 138
93 138
96 138
97 138
98 138
101 138
102 138
104 138
107 138
108 138
117 138
118 138
119 138
121 138
123 138
124 138
127 138
131 138
134 138
136 138
137 138
1 139
2 139
7 139
8 139
9 139
10 139
12 139
13 139
17 139
18 139
20 139
30 139
31 139
37 139
38 139
41 139
42 139
43 139
44 139
46 139
47 139
50 139
51 139
52 139
54 139
68 139
70 139
74 139
77 139
81 139
83 139
84 139
85 139
88 139
90 139
92 139
93 139
94 139
97 139
99 139
100 139
105 139
106 139
108 139
111 139
114 139
115 139
116 139
118 139
123 139
125 139
126 139
130 139
131 139
135 139
137 139
4 140
6 140
9 140
11 140
13 140
16 140
17 140
18 140
26 140
28 140
30 140
31 140
32 140
33 140
36 140
39 140
40 140
41 140
42 140
45 140
46 140
47 140
49 140
50 140
51 140
53 140
56 140
57 140
59 140
61 140
62 140
68 140
69 140
70 140
71 140
72 140
74 140
75 140
76 140
78 140
83 140
84 140
86 140
88 140
90 140
91 140
92 140
93 140
94 140
95 140
96 140
98 140
100 140
104 140
105 140
106 140
113 140
114 140
115 140
119 140
120 140
122 140
127 140
128 140
129 140
131 140
134 140
136 140
2 141
7 141
8 141
9 141
12 141
13 141
16 141
17 141
18 141
20 141
21 141
22 141
24 141
29 141
31 141
36 141
38 141
42 141
43 141
44 141
50 141
52 141
56 141
58 141
60 141
64 141
65 141
67 141
71 141
72 141
74 141
75 141
76 141
78 141
80 141
81 141
82 141
83 141
87 141
89 141
90 141
96 141
97 141
100 141
102 141
104 141
105 141
106 141
110 141
111 141
115 141
117 141
119 141
123 141
124 141
127 141
132 141
133 141
134 141
135 141
139 141
3 142
4 142
7 142
10 142
13 142
17 142
23 142
29 142
30 142
31 142
33 142
36 142
37 142
38 142
44 142
45 142
46 142
49 142
51 142
52 142
53 142
55 142
70 142
74 142
77 142
78 142
79 142
84 142
86 142
89 142
90 142
91 142
92 142
93 142
94 142
96 142
98 142
105 142
110 142
112 142
116 142
119 142
127 142
130 142
133 142
134 142
135 142
137 142
138 142
140 142
141 142
2 143
3 143
4 143
5 143
8 143
9 143
12 143
15 143
17 143
19 143
22 143
23 143
24 143
25 143
27 143
29 143
31 143
32 143
35 143
37 143
38 143
40 143
41 143
42 143
44 143
46 143
47 143
50 143
51 143
54 143
71 143
74 143
77 143
80 143
82 143
83 143
86 143
88 143
92 143
94 143
97 143
101 143
102 143
103 143
106 143
107 143
111 143
112 143
114 143
116 143
117 143
118 143
120 143
121 143
123 143
124 143
126 143
129 143
130 143
132 143
136 143
138 143
140 143
141 143
1 144
2 144
6 144
7 144
8 144
10 144
12 144
15 144
16 144
17 144
18 144
20 144
21 144
22 144
26 144
29 144
34 144
35 144
36 144
38 144
42 144
43 144
47 144
48 144
49 144
51 144
52 144
53 144
55 144
57 144
59 144
60 144
62 144
64 144
75 144
76 144
78 144
79 144
81 144
85 144
86 144
89 144
90 144
91 144
95 144
97 144
98 144
101 144
102 144
106 144
107 144
109 144
110 144
111 144
112 144
113 144
117 144
118 144
119 144
120 144
121 144
123 144
127 144
129 144
131 144
134 144
135 144
136 144
137 144
138 144
139 144
7 145
8 145
10 145
12 145
17 145
18 145
19 145
22 145
23 145
24 145
27 145
28 145
30 145
31 145
36 145
37 145
38 145
40 145
42 145
45 145
47 145
51 145
52 145
53 145
57 145
60 145
62 145
64 145
65 145
66 145
67 145
75 145
76 145
78 145
80 145
82 145
88 145
90 145
94 145
95 145
96 145
99 145
102 145
104 145
107 145
110 145
115 145
116 145
117 145
120 145
121 145
123 145
124 145
130 145
132 145
134 145
137 145
138 145
139 145
141 145
142 145
143 145
1 146
2 146
3 146
4 146
7 146
8 146
12 146
15 146
16 146
18 146
23 146
24 146
27 146
35 146
36 146
40 146
41 146
42 146
43 146
44 146
45 146
46 146
48 146
50 146
52 146
53 146
55 146
59 146
63 146
66 146
67 146
68 146
76 146
79 146
82 146
85 146
87 146
91 146
92 146
93 146
94 146
95 146
96 146
97 146
98 146
99 146
100 146
102 146
103 146
106 146
108 146
109 146
110 146
111 146
112 146
114 146
115 146
116 146
118 146
123 146
124 146
127 146
129 146
132 146
134 146
136 146
138 146
139 146
145 146
1 147
2 147
3 147
4 147
5 147
8 147
9 147
10 147
13 147
14 147
17 147
19 147
21 147
24 147
25 147
31 147
34 147
39 147
40 147
43 147
44 147
45 147
47 147
48 147
50 147
51 147
52 147
53 147
56 147
58 147
60 147
61 147
65 147
67 147
68 147
72 147
73 147
77 147
79 147
81 147
82 147
85 147
86 147
88 147
90 147
91 147
92 147
98 147
100 147
101 147
103 147
106 147
107 147
111 147
115 147
117 147
118 147
121 147
126 147
127 147
128 147
129 147
131 147
133 147
134 147
136 147
137 147
141 147
142 147
145 147
3 148
9 148
11 148
12 148
14 148
19 148
22 148
23 148
25 148
26 148
27 148
29 148
32 148
34 148
35 148
37 148
38 148
39 148
41 148
42 148
43 148
45 148
48 148
50 148
54 148
56 148
58 148
64 148
67 148
71 148
75 148
76 148
77 148
79 148
80 148
82 148
85 148
86 148
87 148
90 148
91 148
94 148
97 148
98 148
102 148
106 148
109 148
110 148
114 148
115 148
116 148
119 148
121 148
122 148
123 148
124 148
126 148
127 148
128 148
132 148
135 148
136 148
139 148
141 148
142 148
143 148
145 148
146 148
1 149
3 149
5 149
6 149
9 149
12 149
13 149
14 149
16 149
19 149
23 149
27 149
28 149
29 149
33 149
34 149
40 149
41 149
42 149
45 149
47 149
48 149
51 149
56 149
57 149
58 149
59 149
64 149
67 149
69 149
70 149
71 149
72 149
77 149
79 149
80 149
83 149
86 149
91 149
92 149
98 149
105 149
108 149
115 149
116 149
118 149
119 149
124 149
129 149
130 149
135 149
136 149
140 149
141 149
142 149
143 149
145 149
146 149
147 149
1 150
3 150
4 150
6 150
7 150
9 150
13 150
14 150
17 150
19 150
20 150
21 150
22 150
23 150
26 150
27 150
29 150
35 150
36 150
40 150
43 150
46 150
50 150
53 150
56 150
57 150
75 150
77 150
80 150
81 150
84 150
86 150
87 150
89 150
95 150
99 150
101 150
102 150
105 150
110 150
111 150
113 150
114 150
115 150
117 150
118 150
121 150
125 150
126 150
129 150
133 150
134 150
135 150
138 150
139 150
142 150
143 150
148 150
1 151
2 151
4 151
6 151
7 151
8 151
10 151
11 151
15 151
20 151
21 151
23 151
25 151
29 151
31 151
32 151
35 151
36 151
38 151
40 151
41 151
43 151
44 151
46 151
47 151
48 151
49 151
50 151
51 151
52 151
55 151
57 151
58 151
59 151
61 151
62 151
65 151
66 151
75 151
76 151
79 151
80 151
82 151
83 151
84 151
87 151
88 151
93 151
94 151
96 151
97 151
99 151
104 151
105 151
108 151
110 151
113 151
116 151
118 151
119 151
121 151
123 151
124 151
125 151
126 151
129 151
130 151
131 151
132 151
133 151
134 151
135 151
137 151
139 151
140 151
142 151
145 151
146 151
148 151
149 151
2 152
3 152
4 152
5 152
6 152
9 152
11 152
13 152
15 152
18 152
21 152
22 152
25 152
26 152
28 152
30 152
32 152
33 152
34 152
37 152
38 152
42 152
43 152
45 152
46 152
48 152
50 152
52 152
54 152
55 152
56 152
64 152
65 152
77 152
78 152
82 152
83 152
84 152
85 152
88 152
92 152
93 152
94 152
95 152
99 152
100 152
103 152
105 152
109 152
111 152
112 152
114 152
120 152
122 152
124 152
125 152
129 152
130 152
131 152
132 152
137 152
138 152
140 152
142 152
144 152
145 152
146 152
148 152
149 152
151 152
2 153
3 153
9 153
10 153
11 153
12 153
13 153
16 153
18 153
20 153
23 153
24 153
26 153
29 153
32 153
36 153
38 153
40 153
43 153
44 153
45 153
47 153
49 153
50 153
55 153
57 153
58 153
59 153
60 153
61 153
64 153
66 153
67 153
70 153
71 153
77 153
78 153
80 153
82 153
85 153
86 153
89 153
90 153
91 153
92 153
94 153
96 153
97 153
99 153
100 153
105 153
110 153
113 153
114 153
119 153
120 153
121 153
123 153
125 153
128 153
129 153
130 153
133 153
135 153
136 153
139 153
141 153
143 153
144 153
146 153
147 153
150 153
152 153
1 154
2 154
5 154
7 154
8 154
10 154
12 154
15 154
17 154
20 154
21 154
22 154
23 154
25 154
29 154
30 154
33 154
36 154
37 154
38 154
39 154
41 154
44 154
45 154
50 154
54 154
55 154
56 154
57 154
58 154
62 154
63 154
64 154
67 154
68 154
69 154
70 154
71 154
72 154
77 154
78 154
86 154
87 154
90 154
93 154
94 154
98 154
100 154
101 154
102 154
104 154
106 154
107 154
110 154
111 154
112 154
113 154
121 154
122 154
124 154
128 154
129 154
130 154
131 154
136 154
140 154
142 154
146 154
147 154
149 154
2 155
4 155
7 155
11 155
16 155
17 155
18 155
20 155
21 155
22 155
25 155
26 155
27 155
28 155
30 155
31 155
32 155
33 155
35 155
37 155
38 155
39 155
40 155
41 155
42 155
44 155
46 155
49 155
52 155
56 155
57 155
59 155
61 155
62 155
64 155
66 155
69 155
77 155
79 155
82 155
85 155
88 155
90 155
91 155
97 155
100 155
102 155
103 155
106 155
108 155
109 155
110 155
113 155
114 155
115 155
116 155
118 155
119 155
121 155
124 155
125 155
127 155
130 155
131 155
132 155
136 155
139 155
147 155
149 155
150 155
151 155
154 155
1 156
6 156
7 156
8 156
10 156
12 156
13 156
18 156
20 156
22 156
23 156
25 156
26 156
27 156
28 156
31 156
33 156
35 156
39 156
40 156
46 156
48 156
49 156
51 156
52 156
57 156
58 156
60 156
64 156
65 156
67 156
70 156
71 156
74 156
77 156
78 156
81 156
82 156
83 156
84 156
87 156
89 156
91 156
94 156
95 156
96 156
98 156
100 156
103 156
105 156
107 156
112 156
113 156
115 156
116 156
117 156
118 156
119 156
120 156
122 156
127 156
128 156
131 156
132 156
134 156
138 156
139 156
142 156
144 156
145 156
148 156
150 156
155 156
1 157
2 157
3 157
4 157
6 157
7 157
8 157
9 157
10 157
13 157
14 157
15 157
16 157
20 157
21 157
22 157
23 157
26 157
27 157
28 157
29 157
30 157
34 157
36 157
38 157
39 157
45 157
51 157
52 157
54 157
55 157
57 157
58 157
61 157
63 157
65 157
66 157
69 157
71 157
73 157
74 157
75 157
76 157
80 157
83 157
84 157
85 157
86 157
99 157
102 157
103 157
106 157
107 157
109 157
111 157
112 157
113 157
114 157
123 157
124 157
125 157
127 157
128 157
129 157
130 157
131 157
135 157
136 157
137 157
140 157
142 157
144 157
147 157
148 157
150 157
151 157
154 157
5 158
6 158
11 158
12 158
15 158
16 158
18 158
20 158
23 158
28 158
29 158
32 158
33 158
35 158
36 158
38 158
42 158
43 158
45 158
47 158
50 158
51 158
53 158
55 158
57 158
62 158
75 158
76 158
78 158
85 158
87 158
88 158
90 158
93 158
95 158
96 158
99 158
103 158
104 158
105 158
107 158
108 158
110 158
111 158
113 158
116 158
117 158
118 158
119 158
120 158
121 158
122 158
123 158
124 158
125 158
127 158
130 158
135 158
136 158
137 158
139 158
141 158
144 158
145 158
146 158
148 158
149 158
153 158
156 158
157 158
1 159
3 159
4 159
9 159
11 159
16 159
17 159
19 159
20 159
24 159
25 159
27 159
28 159
30 159
31 159
33 159
41 159
42 159
44 159
48 159
49 159
50 159
51 159
52 159
53 159
56 159
58 159
60 159
62 159
64 159
65 159
69 159
79 159
80 159
81 159
84 159
86 159
88 159
91 159
93 159
98 159
103 159
105 159
106 159
108 159
111 159
112 159
114 159
115 159
119 159
120 159
122 159
123 159
124 159
125 159
127 159
131 159
132 159
133 159
134 159
135 159
137 159
138 159
142 159
146 159
148 159
149 159
150 159
152 159
155 159
156 159
5 160
6 160
7 160
11 160
13 160
14 160
15 160
17 160
22 160
23 160
24 160
30 160
34 160
37 160
39 160
40 160
41 160
43 160
44 160
45 160
46 160
47 160
49 160
51 160
52 160
56 160
57 160
59 160
60 160
64 160
65 160
66 160
68 160
70 160
72 160
82 160
84 160
85 160
86 160
89 160
92 160
94 160
95 160
101 160
102 160
104 160
109 160
112 160
113 160
114 160
116 160
117 160
118 160
120 160
121 160
123 160
127 160
130 160
131 160
136 160
138 160
140 160
141 160
142 160
148 160
149 160
150 160
2 161
3 161
4 161
7 161
8 161
13 161
16 161
18 161
20 161
21 161
22 161
24 161
25 161
26 161
27 161
28 161
30 161
33 161
36 161
40 161
43 161
45 161
46 161
48 161
49 161
51 161
52 161
59 161
61 161
62 161
63 161
64 161
67 161
70 161
72 161
73 161
74 161
82 161
89 161
93 161
94 161
97 161
102 161
106 161
107 161
109 161
111 161
114 161
115 161
116 161
119 161
122 161
123 161
124 161
125 161
129 161
130 161
131 161
133 161
136 161
138 161
141 161
143 161
144 161
148 161
150 161
156 161
158 161
159 161
160 161
1 162
2 162
4 162
5 162
7 162
11 162
17 162
18 162
19 162
20 162
21 162
23 162
28 162
29 162
34 162
37 162
39 162
41 162
43 162
45 162
46 162
48 162
51 162
54 162
56 162
57 162
59 162
60 162
62 162
66 162
68 162
69 162
70 162
71 162
72 162
73 162
75 162
76 162
83 162
84 162
88 162
89 162
90 162
92 162
93 162
96 162
98 162
99 162
101 162
104 162
105 162
106 162
108 162
109 162
116 162
117 162
118 162
119 162
121 162
125 162
126 162
127 162
128 162
129 162
130 162
133 162
135 162
136 162
137 162
139 162
143 162
145 162
146 162
147 162
149 162
151 162
152 162
153 162
156 162
158 162
160 162
161 162
1 163
3 163
6 163
8 163
11 163
13 163
14 163
15 163
16 163
17 163
18 163
19 163
20 163
24 163
27 163
30 163
34 163
35 163
41 163
42 163
44 163
45 163
48 163
49 163
52 163
53 163
57 163
58 163
59 163
61 163
63 163
65 163
69 163
70 163
72 163
74 163
75 163
76 163
81 163
83 163
86 163
87 163
91 163
93 163
95 163
96 163
97 163
99 163
102 163
105 163
106 163
108 163
110 163
111 163
112 163
114 163
115 163
119 163
120 163
122 163
124 163
125 163
126 163
131 163
132 163
133 163
135 163
137 163
144 163
146 163
147 163
149 163
150 163
154 163
157 163
158 163
159 163
161 163
162 163
4 164
6 164
7 164
8 164
9 164
13 164
14 164
15 164
17 164
18 164
19 164
20 164
21 164
22 164
23 164
25 164
26 164
27 164
29 164
31 164
32 164
35 164
36 164
37 164
41 164
43 164
47 164
49 164
50 164
52 164
53 164
54 164
56 164
61 164
62 164
64 164
66 164
67 164
68 164
69 164
70 164
74 164
82 164
83 164
85 164
86 164
87 164
88 164
93 164
99 164
100 164
101 164
102 164
105 164
106 164
112 164
113 164
115 164
117 164
118 164
122 164
123 164
124 164
125 164
126 164
129 164
132 164
134 164
136 164
138 164
140 164
141 164
142 164
144 164
145 164
148 164
150 164
153 164
157 164
159 164
161 164
163 164
1 165
2 165
4 165
9 165
11 165
12 165
15 165
17 165
18 165
20 165
21 165
23 165
24 165
27 165
29 165
33 165
34 165
35 165
36 165
39 165
40 165
41 165
46 165
49 165
51 165
54 165
56 165
57 165
58 165
59 165
60 165
61 165
69 165
71 165
73 165
75 165
80 165
81 165
83 165
86 165
88 165
91 165
93 165
94 165
96 165
101 165
102 165
104 165
108 165
111 165
113 165
116 165
117 165
118 165
120 165
121 165
122 165
124 165
125 165
126 165
128 165
129 165
130 165
132 165
133 165
136 165
138 165
139 165
143 165
144 165
145 165
146 165
153 165
155 165
156 165
159 165
160 165
161 165
163 165
5 166
7 166
9 166
11 166
15 166
16 166
17 166
21 166
22 166
25 166
27 166
30 166
31 166
32 166
35 166
36 166
38 166
40 166
41 166
44 166
45 166
48 166
49 166
53 166
54 166
55 166
58 166
59 166
62 166
63 166
64 166
66 166
68 166
79 166
80 166
81 166
82 166
84 166
85 166
86 166
87 166
89 166
92 166
93 166
94 166
95 166
96 166
97 166
98 166
100 166
104 166
106 166
107 166
110 166
111 166
112 166
113 166
115 166
119 166
120 166
124 166
125 166
126 166
127 166
128 166
129 166
131 166
132 166
135 166
139 166
141 166
143 166
144 166
147 166
148 166
149 166
151 166
152 166
153 166
154 166
155 166
159 166
160 166
163 166
4 167
6 167
9 167
10 167
11 167
15 167
16 167
17 167
18 167
20 167
21 167
22 167
25 167
26 167
31 167
32 167
33 167
34 167
35 167
40 167
41 167
43 167
44 167
45 167
48 167
50 167
53 167
54 167
55 167
57 167
58 167
59 167
63 167
66 167
67 167
68 167
69 167
73 167
74 167
82 167
83 167
86 167
87 167
92 167
94 167
98 167
99 167
105 167
108 167
109 167
111 167
113 167
114 167
115 167
116 167
117 167
120 167
121 167
122 167
123 167
124 167
125 167
126 167
127 167
131 167
132 167
139 167
141 167
142 167
149 167
151 167
156 167
157 167
158 167
160 167
161 167
162 167
163 167
1 168
3 168
4 168
6 168
9 168
10 168
12 168
13 168
14 168
16 168
17 168
18 168
19 168
21 168
22 168
32 168
33 168
35 168
36 168
38 168
42 168
43 168
49 168
52 168
53 168
54 168
57 168
58 168
60 168
61 168
62 168
63 168
65 168
66 168
67 168
87 168
88 168
90 168
95 168
98 168
99 168
101 168
102 168
105 168
110 168
111 168
115 168
116 168
117 168
118 168
119 168
122 168
123 168
124 168
126 168
128 168
129 168
132 168
134 168
135 168
137 168
139 168
141 168
142 168
143 168
144 168
145 168
148 168
150 168
151 168
152 168
153 168
156 168
160 168
161 168
162 168
164 168
165 168
3 169
4 169
5 169
8 169
11 169
12 169
13 169
14 169
17 169
23 169
30 169
31 169
35 169
39 169
42 169
44 169
45 169
48 169
51 169
52 169
54 169
55 169
56 169
57 169
58 169
61 169
63 169
66 169
67 169
68 169
69 169
71 169
72 169
74 169
78 169
85 169
86 169
87 169
92 169
94 169
96 169
99 169
101 169
102 169
104 169
105 169
106 169
109 169
110 169
114 169
116 169
117 169
120 169
121 169
122 169
123 169
127 169
128 169
130 169
131 169
133 169
135 169
136 169
140 169
142 169
146 169
152 169
154 169
155 169
158 169
159 169
160 169
162 169
163 169
164 169
165 169
166 169
167 169
1 170
3 170
5 170
6 170
8 170
10 170
11 170
12 170
15 170
16 170
17 170
18 170
20 170
21 170
24 170
25 170
26 170
28 170
30 170
32 170
34 170
35 170
36 170
37 170
40 170
42 170
43 170
48 170
51 170
53 170
58 170
64 170
65 170
66 170
68 170
69 170
70 170
72 170
73 170
74 170
75 170
76 170
80 170
85 170
89 170
91 170
93 170
95 170
98 170
99 170
100 170
102 170
103 170
104 170
105 170
107 170
108 170
113 170
116 170
127 170
129 170
132 170
133 170
135 170
136 170
138 170
141 170
143 170
145 170
147 170
152 170
154 170
155 170
156 170
157 170
158 170
159 170
160 170
162 170
163 170
164 170
168 170
169 170
1 171
5 171
9 171
10 171
11 171
12 171
14 171
15 171
17 171
18 171
20 171
21 171
23 171
25 171
26 171
27 171
28 171
31 171
32 171
33 171
36 171
37 171
39 171
47 171
54 171
56 171
57 171
60 171
61 171
66 171
67 171
68 171
69 171
71 171
72 171
73 171
74 171
75 171
77 171
79 171
87 171
88 171
90 171
91 171
98 171
111 171
112 171
113 171
115 171
117 171
118 171
119 171
122 171
123 171
124 171
125 171
126 171
127 171
130 171
131 171
133 171
134 171
135 171
136 171
138 171
139 171
140 171
141 171
142 171
145 171
147 171
148 171
149 171
150 171
155 171
157 171
158 171
162 171
163 171
165 171
166 171
167 171
1 172
3 172
4 172
7 172
15 172
16 172
18 172
23 172
25 172
30 172
31 172
35 172
41 172
44 172
48 172
49 172
50 172
51 172
52 172
55 172
56 172
57 172
59 172
61 172
62 172
64 172
66 172
67 172
68 172
69 172
70 172
73 172
76 172
77 172
82 172
84 172
88 172
89 172
90 172
91 172
92 172
93 172
94 172
95 172
97 172
104 172
107 172
109 172
110 172
112 172
115 172
119 172
120 172
122 172
126 172
127 172
128 172
135 172
138 172
139 172
142 172
144 172
145 172
148 172
152 172
153 172
155 172
157 172
159 172
160 172
163 172
165 172
167 172
168 172
170 172
171 172
1 173
2 173
3 173
4 173
11 173
13 173
14 173
23 173
26 173
27 173
28 173
29 173
32 173
34 173
40 173
41 173
42 173
43 173
44 173
46 173
47 173
53 173
54 173
57 173
65 173
66 173
67 173
72 173
74 173
77 173
79 173
80 173
82 173
83 173
84 173
85 173
87 173
93 173
94 173
97 173
101 173
102 173
105 173
106 173
108 173
110 173
111 173
112 173
115 173
116 173
119 173
121 173
123 173
124 173
127 173
130 173
131 173
137 173
139 173
140 173
143 173
146 173
147 173
149 173
153 173
155 173
156 173
157 173
160 173
161 173
162 173
166 173
167 173
168 173
169 173
172 173
2 174
4 174
5 174
8 174
9 174
10 174
11 174
13 174
16 174
18 174
20 174
21 174
22 174
26 174
29 174
30 174
32 174
34 174
35 174
42 174
44 174
45 174
46 174
47 174
49 174
51 174
52 174
55 174
57 174
58 174
59 174
60 174
62 174
63 174
68 174
69 174
71 174
72 174
73 174
83 174
85 174
89 174
90 174
91 174
92 174
93 174
96 174
98 174
100 174
101 174
102 174
103 174
104 174
105 174
108 174
109 174
113 174
117 174
122 174
124 174
125 174
126 174
127 174
128 174
130 174
133 174
134 174
138 174
139 174
140 174
143 174
144 174
145 174
148 174
150 174
151 174
152 174
153 174
156 174
157 174
158 174
161 174
162 174
164 174
165 174
167 174
169 174
171 174
1 175
2 175
3 175
6 175
9 175
10 175
11 175
14 175
20 175
22 175
23 175
25 175
27 175
31 175
32 175
33 175
34 175
36 175
37 175
43 175
44 175
47 175
52 175
53 175
54 175
55 175
58 175
59 175
61 175
63 175
65 175
66 175
67 175
74 175
88 175
92 175
96 175
101 175
103 175
104 175
106 175
108 175
110 175
114 175
115 175
117 175
118 175
119 175
120 175
121 175
125 175
127 175
130 175
131 175
132 175
133 175
134 175
143 175
146 175
147 175
150 175
152 175
154 175
159 175
161 175
166 175
167 175
172 175
173 175
1 176
3 176
4 176
5 176
7 176
9 176
10 176
12 176
13 176
16 176
21 176
23 176
25 176
26 176
29 176
32 176
33 176
35 176
36 176
38 176
40 176
42 176
43 176
44 176
50 176
54 176
56 176
57 176
58 176
59 176
62 176
63 176
64 176
67 176
68 176
69 176
72 176
73 176
75 176
76 176
77 176
79 176
81 176
88 176
89 176
90 176
91 176
93 176
99 176
102 176
103 176
104 176
105 176
108 176
111 176
113 176
114 176
115 176
119 176
123 176
124 176
125 176
129 176
130 176
131 176
132 176
134 176
135 176
137 176
140 176
143 176
144 176
145 176
146 176
147 176
150 176
151 176
153 176
155 176
157 176
163 176
164 176
166 176
167 176
170 176
171 176
172 176
173 176
174 176
175 176
5 177
6 177
9 177
10 177
11 177
12 177
13 177
16 177
20 177
21 177
22 177
23 177
26 177
28 177
32 177
33 177
34 177
40 177
41 177
42 177
43 177
48 177
56 177
57 177
61 177
63 177
65 177
66 177
68 177
69 177
72 177
73 177
81 177
83 177
89 177
92 177
93 177
94 177
95 177
96 177
97 177
98 177
100 177
103 177
105 177
107 177
110 177
112 177
114 177
117 177
121 177
125 177
131 177
133 177
136 177
139 177
144 177
145 177
146 177
155 177
157 177
160 177
163 177
164 177
165 177
169 177
173 177
174 177
175 177
1 178
2 178
3 178
5 178
8 178
10 178
12 178
15 178
16 178
17 178
18 178
20 178
22 178
23 178
24 178
26 178
27 178
30 178
32 178
33 178
35 178
36 178
38 178
39 178
40 178
41 178
44 178
45 178
47 178
48 178
49 178
50 178
51 178
54 178
56 178
57 178
58 178
62 178
66 178
67 178
68 178
69 178
70 178
72 178
73 178
75 178
77 178
78 178
79 178
81 178
82 178
83 178
93 178
94 178
95 178
98 178
100 178
102 178
104 178
105 178
107 178
110 178
112 178
113 178
117 178
118 178
119 178
120 178
126 178
128 178
132 178
135 178
142 178
143 178
146 178
149 178
151 178
153 178
155 178
156 178
157 178
158 178
159 178
161 178
164 178
165 178
166 178
170 178
171 178
172 178
4 179
12 179
17 179
23 179
24 179
26 179
27 179
28 179
29 179
33 179
37 179
40 179
41 179
42 179
45 179
51 179
54 179
55 179
57 179
59 179
60 179
61 179
62 179
63 179
65 179
66 179
67 179
72 179
73 179
74 179
77 179
78 179
79 179
81 179
82 179
89 179
90 179
91 179
94 179
99 179
103 179
107 179
109 179
110 179
111 179
112 179
113 179
114 179
118 179
123 179
127 179
128 179
131 179
132 179
133 179
134 179
139 179
142 179
143 179
147 179
150 179
152 179
153 179
155 179
156 179
161 179
163 179
164 179
168 179
170 179
171 179
173 179
177 179
178 179
1 180
8 180
9 180
10 180
13 180
14 180
15 180
16 180
17 180
18 180
19 180
21 180
24 180
26 180
28 180
30 180
31 180
32 180
34 180
36 180
40 180
41 180
43 180
44 180
46 180
48 180
49 180
50 180
51 180
52 180
54 180
56 180
59 180
60 180
61 180
63 180
67 180
68 180
71 180
74 180
75 180
77 180
78 180
79 180
80 180
81 180
82 180
87 180
88 180
91 180
92 180
93 180
94 180
96 180
99 180
100 180
102 180
103 180
105 180
106 180
107 180
108 180
110 180
112 180
113 180
114 180
115 180
116 180
117 180
118 180
120 180
122 180
123 180
129 180
131 180
133 180
134 180
139 180
144 180
149 180
153 180
154 180
156 180
162 180
163 180
164 180
165 180
168 180
169 180
171 180
174 180
177 180
178 180
179 180
1 181
8 181
9 181
10 181
13 181
14 181
15 181
17 181
18 181
19 181
21 181
24 181
26 181
27 181
30 181
31 181
32 181
33 181
34 181
37 181
38 181
39 181
41 181
44 181
49 181
50 181
53 181
54 181
55 181
56 181
57 181
59 181
60 181
61 181
62 181
64 181
69 181
73 181
76 181
77 181
79 181
80 181
84 181
85 181
86 181
90 181
92 181
94 181
95 181
96 181
97 181
99 181
102 181
104 181
108 181
111 181
112 181
115 181
116 181
118 181
121 181
125 181
129 181
135 181
136 181
143 181
145 181
146 181
147 181
149 181
150 181
155 181
159 181
161 181
163 181
166 181
167 181
168 181
169 181
170 181
172 181
174 181
175 181
176 181
179 181
180 181
2 182
7 182
8 182
12 182
16 182
17 182
18 182
19 182
21 182
22 182
23 182
25 182
27 182
32 182
33 182
36 182
38 182
39 182
40 182
42 182
44 182
47 182
48 182
49 182
50 182
51 182
56 182
57 182
59 182
61 182
62 182
63 182
64 182
65 182
66 182
68 182
73 182
74 182
75 182
76 182
87 182
90 182
95 182
96 182
97 182
99 182
106 182
107 182
111 182
112 182
114 182
116 182
120 182
121 182
122 182
123 182
124 182
126 182
128 182
130 182
132 182
134 182
136 182
140 182
142 182
149 182
151 182
153 182
154 182
157 182
158 182
159 182
160 182
163 182
165 182
166 182
167 182
171 182
173 182
174 182
176 182
177 182
179 182
181 182
1 183
5 183
8 183
10 183
11 183
12 183
14 183
18 183
20 183
21 183
23 183
24 183
25 183
27 183
28 183
33 183
34 183
35 183
36 183
37 183
38 183
40 183
41 183
42 183
45 183
50 183
56 183
57 183
59 183
60 183
63 183
64 183
68 183
69 183
71 183
73 183
74 183
79 183
91 183
96 183
97 183
98 183
99 183
104 183
105 183
106 183
107 183
109 183
112 183
113 183
114 183
120 183
121 183
122 183
123 183
128 183
130 183
132 183
133 183
137 183
140 183
142 183
143 183
145 183
147 183
150 183
151 183
152 183
153 183
154 183
156 183
157 183
160 183
161 183
162 183
164 183
165 183
169 183
172 183
173 183
174 183
175 183
176 183
177 183
1 184
5 184
7 184
10 184
11 184
12 184
13 184
16 184
17 184
19 184
20 184
22 184
23 184
24 184
25 184
29 184
30 184
31 184
33 184
34 184
39 184
41 184
43 184
47 184
48 184
51 184
53 184
55 184
58 184
59 184
61 184
62 184
63 184
67 184
68 184
69 184
70 184
73 184
74 184
77 184
81 184
83 184
94 184
95 184
98 184
101 184
103 184
104 184
106 184
107 184
108 184
109 184
111 184
116 184
117 184
119 184
120 184
122 184
124 184
125 184
127 184
128 184
132 184
135 184
136 184
137 184
139 184
144 184
146 184
147 184
149 184
150 184
152 184
153 184
154 184
158 184
160 184
162 184
163 184
165 184
166 184
171 184
179 184
180 184
182 184
183 184
3 185
5 185
6 185
7 185
11 185
12 185
14 185
15 185
17 185
19 185
21 185
22 185
26 185
28 185
29 185
30 185
31 185
32 185
34 185
37 185
38 185
39 185
42 185
44 185
45 185
50 185
52 185
55 185
57 185
58 185
59 185
60 185
65 185
66 185
68 185
70 185
76 185
77 185
79 185
82 185
85 185
86 185
87 185
94 185
95 185
101 185
103 185
104 185
105 185
108 185
110 185
115 185
117 185
118 185
120 185
123 185
126 185
127 185
130 185
131 185
132 185
134 185
135 185
136 185
137 185
140 185
143 185
144 185
150 185
152 185
154 185
155 185
158 185
159 185
160 185
164 185
165 185
167 185
171 185
172 185
174 185
176 185
178 185
179 185
180 185
183 185
184 185
1 186
2 186
4 186
8 186
9 186
11 186
13 186
14 186
15 186
16 186
17 186
19 186
20 186
23 186
24 186
27 186
30 186
31 186
32 186
33 186
36 186
38 186
39 186
40 186
41 186
46 186
47 186
48 186
52 186
53 186
58 186
59 186
62 186
64 186
65 186
67 186
68 186
70 186
72 186
73 186
74 186
75 186
76 186
79 186
81 186
82 186
83 186
84 186
85 186
86 186
94 186
96 186
98 186
103 186
105 186
110 186
112 186
113 186
117 186
118 186
123 186
125 186
126 186
127 186
133 186
135 186
136 186
137 186
138 186
139 186
140 186
141 186
144 186
145 186
146 186
147 186
151 186
152 186
159 186
161 186
163 186
164 186
165 186
169 186
171 186
172 186
173 186
174 186
175 186
178 186
180 186
182 186
185 186
3 187
7 187
12 187
13 187
17 187
21 187
24 187
27 187
30 187
32 187
33 187
34 187
35 187
37 187
38 187
39 187
41 187
44 187
48 187
50 187
51 187
52 187
53 187
58 187
60 187
62 187
64 187
66 187
67 187
70 187
71 187
74 187
75 187
77 187
82 187
87 187
93 187
98 187
99 187
100 187
101 187
104 187
105 187
109 187
110 187
113 187
115 187
120 187
126 187
128 187
131 187
132 187
133 187
134 187
135 187
138 187
140 187
142 187
148 187
150 187
151 187
155 187
156 187
159 187
161 187
162 187
168 187
172 187
176 187
177 187
181 187
182 187
183 187
185 187
2 188
4 188
7 188
9 188
13 188
14 188
16 188
18 188
20 188
24 188
25 188
31 188
32 188
33 188
34 188
36 188
37 188
38 188
41 188
43 188
46 188
47 188
52 188
56 188
59 188
61 188
63 188
64 188
66 188
67 188
69 188
71 188
72 188
73 188
77 188
81 188
84 188
87 188
91 188
93 188
94 188
98 188
100 188
101 188
105 188
107 188
111 188
112 188
117 188
120 188
123 188
124 188
126 188
130 188
132 188
137 188
145 188
147 188
149 188
150 188
152 188
155 188
157 188
160 188
162 188
164 188
166 188
169 188
170 188
173 188
175 188
178 188
180 188
182 188
183 188
186 188
1 189
2 189
3 189
5 189
8 189
13 189
14 189
15 189
16 189
26 189
27 189
30 189
31 189
33 189
35 189
37 189
38 189
40 189
41 189
42 189
43 189
46 189
50 189
51 189
52 189
53 189
56 189
58 189
62 189
64 189
66 189
67 189
68 189
69 189
71 189
72 189
73 189
76 189
80 189
82 189
83 189
84 189
85 189
87 189
92 189
94 189
105 189
106 189
108 189
109 189
111 189
112 189
115 189
116 189
117 189
119 189
120 189
121 189
126 189
127 189
131 189
136 189
139 189
143 189
144 189
145 189
146 189
148 189
149 189
154 189
155 189
159 189
161 189
163 189
164 189
166 189
174 189
175 189
176 189
180 189
182 189
183 189
187 189
188 189
2 190
5 190
7 190
9 190
14 190
16 190
17 190
19 190
20 190
21 190
23 190
24 190
26 190
28 190
29 190
30 190
33 190
34 190
35 190
37 190
39 190
41 190
42 190
43 190
44 190
45 190
46 190
49 190
50 190
51 190
52 190
53 190
54 190
56 190
57 190
58 190
63 190
66 190
73 190
76 190
78 190
80 190
81 190
92 190
93 190
94 190
95 190
97 190
98 190
99 190
103 190
104 190
107 190
109 190
111 190
114 190
115 190
123 190
126 190
128 190
129 190
130 190
132 190
133 190
134 190
136 190
137 190
138 190
139 190
141 190
143 190
146 190
147 190
148 190
150 190
154 190
155 190
156 190
158 190
159 190
161 190
162 190
163 190
164 190
169 190
172 190
173 190
174 190
176 190
177 190
180 190
181 190
182 190
186 190
188 190
2 191
6 191
13 191
15 191
18 191
20 191
21 191
23 191
26 191
32 191
33 191
34 191
37 191
38 191
39 191
42 191
44 191
50 191
54 191
55 191
57 191
58 191
59 191
63 191
68 191
69 191
70 191
72 191
74 191
76 191
77 191
78 191
79 191
80 191
82 191
85 191
86 191
95 191
97 191
99 191
101 191
102 191
105 191
108 191
109 191
110 191
111 191
112 191
127 191
129 191
130 191
131 191
132 191
134 191
137 191
139 191
142 191
147 191
148 191
149 191
150 191
152 191
153 191
154 191
155 191
157 191
159 191
160 191
165 191
167 191
168 191
169 191
171 191
172 191
175 191
176 191
181 191
182 191
184 191
185 191
188 191
189 191
190 191
2 192
4 192
6 192
7 192
12 192
14 192
16 192
17 192
18 192
21 192
22 192
26 192
27 192
28 192
30 192
31 192
35 192
36 192
38 192
39 192
40 192
43 192
44 192
47 192
50 192
51 192
53 192
56 192
57 192
60 192
64 192
65 192
66 192
68 192
69 192
73 192
77 192
78 192
79 192
80 192
83 192
86 192
100 192
101 192
102 192
103 192
107 192
108 192
109 192
112 192
113 192
114 192
115 192
118 192
122 192
123 192
125 192
126 192
127 192
129 192
131 192
132 192
135 192
138 192
139 192
140 192
141 192
142 192
143 192
145 192
147 192
149 192
150 192
151 192
152 192
153 192
154 192
155 192
156 192
157 192
159 192
160 192
161 192
164 192
166 192
167 192
169 192
171 192
172 192
175 192
181 192
182 192
183 192
184 192
185 192
186 192
187 192
189 192
190 192
1 193
2 193
3 193
4 193
5 193
8 193
9 193
10 193
13 193
14 193
15 193
17 193
18 193
19 193
20 193
21 193
22 193
28 193
35 193
36 193
37 193
38 193
39 193
40 193
42 193
47 193
48 193
50 193
51 193
52 193
61 193
62 193
69 193
70 193
71 193
72 193
73 193
74 193
75 193
76 193
81 193
82 193
85 193
87 193
89 193
90 193
91 193
97 193
102 193
103 193
104 193
107 193
108 193
116 193
117 193
122 193
123 193
124 193
125 193
130 193
131 193
132 193
133 193
135 193
137 193
140 193
143 193
146 193
147 193
149 193
150 193
156 193
158 193
163 193
165 193
166 193
167 193
168 193
170 193
177 193
181 193
182 193
184 193
186 193
187 193
4 194
5 194
10 194
12 194
17 194
18 194
21 194
22 194
23 194
25 194
26 194
28 194
30 194
34 194
37 194
38 194
39 194
44 194
45 194
50 194
51 194
54 194
57 194
63 194
65 194
66 194
67 194
69 194
70 194
72 194
75 194
77 194
78 194
81 194
82 194
84 194
86 194
90 194
97 194
98 194
99 194
100 194
102 194
103 194
104 194
107 194
113 194
114 194
117 194
120 194
121 194
122 194
123 194
124 194
128 194
130 194
131 194
134 194
135 194
136 194
137 194
138 194
139 194
140 194
141 194
142 194
144 194
151 194
152 194
154 194
156 194
157 194
158 194
159 194
163 194
165 194
168 194
169 194
174 194
175 194
177 194
178 194
179 194
187 194
188 194
190 194
191 194
192 194
1 195
3 195
4 195
5 195
6 195
8 195
15 195
17 195
18 195
19 195
21 195
30 195
32 195
33 195
34 195
38 195
40 195
41 195
42 195
45 195
47 195
50 195
52 195
53 195
55 195
56 195
57 195
60 195
61 195
62 195
63 195
64 195
65 195
66 195
68 195
69 195
70 195
71 195
73 195
74 195
77 195
78 195
79 195
82 195
83 195
85 195
87 195
89 195
96 195
99 195
101 195
103 195
109 195
110 195
111 195
117 195
120 195
122 195
123 195
127 195
128 195
129 195
130 195
131 195
136 195
137 195
141 195
142 195
143 195
145 195
146 195
147 195
148 195
149 195
152 195
153 195
155 195
157 195
158 195
162 195
163 195
164 195
168 195
169 195
171 195
172 195
174 195
177 195
179 195
180 195
181 195
193 195
194 195
1 196
3 196
4 196
8 196
9 196
14 196
15 196
17 196
19 196
20 196
24 196
26 196
29 196
33 196
34 196
35 196
36 196
37 196
38 196
39 196
43 196
46 196
47 196
50 196
51 196
52 196
53 196
54 196
56 196
59 196
60 196
61 196
63 196
65 196
66 196
67 196
68 196
72 196
73 196
77 196
79 196
80 196
81 196
82 196
83 196
84 196
85 196
86 196
88 196
91 196
101 196
105 196
106 196
107 196
111 196
112 196
113 196
114 196
117 196
118 196
119 196
122 196
123 196
124 196
125 196
127 196
130 196
131 196
132 196
135 196
136 196
141 196
143 196
144 196
148 196
150 196
152 196
154 196
155 196
158 196
161 196
164 196
165 196
166 196
167 196
168 196
169 196
171 196
172 196
173 196
174 196
175 196
177 196
182 196
183 196
184 196
185 196
188 196
189 196
191 196
192 196
195 196
2 197
7 197
8 197
11 197
14 197
15 197
17 197
18 197
19 197
20 197
22 197
23 197
28 197
29 197
31 197
34 197
37 197
38 197
40 197
43 197
47 197
48 197
50 197
55 197
58 197
60 197
61 197
62 197
64 197
65 197
71 197
74 197
76 197
77 197
78 197
80 197
81 197
84 197
85 197
87 197
88 197
91 197
94 197
95 197
96 197
99 197
103 197
104 197
106 197
107 197
110 197
112 197
113 197
115 197
116 197
117 197
119 197
122 197
123 197
124 197
125 197
126 197
127 197
130 197
133 197
134 197
135 197
136 197
139 197
141 197
143 197
144 197
145 197
148 197
149 197
151 197
152 197
154 197
155 197
158 197
159 197
160 197
161 197
162 197
163 197
170 197
172 197
173 197
181 197
183 197
190 197
191 197
192 197
195 197
4 198
5 198
6 198
7 198
9 198
10 198
13 198
14 198
16 198
19 198
20 198
21 198
22 198
24 198
25 198
26 198
28 198
33 198
36 198
39 198
43 198
45 198
50 198
53 198
55 198
60 198
61 198
63 198
64 198
72 198
75 198
76 198
77 198
80 198
85 198
86 198
95 198
98 198
101 198
108 198
110 198
115 198
116 198
118 198
119 198
120 198
121 198
123 198
124 198
125 198
126 198
127 198
128 198
129 198
130 198
132 198
133 198
136 198
137 198
139 198
140 198
142 198
144 198
146 198
147 198
149 198
150 198
151 198
154 198
159 198
162 198
167 198
168 198
169 198
172 198
176 198
180 198
182 198
185 198
189 198
190 198
191 198
193 198
195 198
2 199
6 199
7 199
8 199
9 199
12 199
13 199
15 199
16 199
19 199
20 199
22 199
23 199
32 199
34 199
36 199
37 199
40 199
43 199
46 199
47 199
51 199
52 199
53 199
54 199
55 199
62 199
63 199
66 199
68 199
70 199
72 199
76 199
77 199
79 199
82 199
86 199
87 199
88 199
89 199
90 199
99 199
100 199
102 199
103 199
104 199
105 199
106 199
108 199
109 199
110 199
115 199
119 199
120 199
123 199
125 199
126 199
127 199
129 199
136 199
137 199
138 199
139 199
140 199
145 199
146 199
147 199
148 199
150 199
151 199
152 199
157 199
158 199
160 199
161 199
162 199
164 199
168 199
170 199
173 199
174 199
175 199
177 199
179 199
185 199
187 199
189 199
190 199
191 199
192 199
193 199
196 199
198 199
2 200
4 200
6 200
8 200
9 200
11 200
14 200
15 200
17 200
21 200
25 200
31 200
32 200
33 200
34 200
35 200
36 200
38 200
39 200
42 200
43 200
48 200
56 200
57 200
59 200
61 200
63 200
67 200
68 200
71 200
73 200
75 200
78 200
81 200
82 200
84 200
85 200
89 200
91 200
93 200
100 200
101 200
104 200
110 200
111 200
113 200
116 200
117 200
118 200
119 200
120 200
121 200
122 200
124 200
125 200
128 200
133 200
135 200
138 200
139 200
142 200
144 200
150 200
151 200
153 200
154 200
155 200
157 200
163 200
165 200
166 200
168 200
171 200
173 200
175 200
178 200
179 200
181 200
182 200
184 200
185 200
186 200
188 200
193 200
195 200
196 200
197 200
2 201
3 201
4 201
5 201
7 201
10 201
11 201
14 201
17 201
18 201
19 201
21 201
23 201
26 201
27 201
32 201
42 201
44 201
45 201
46 201
48 201
49 201
51 201
52 201
56 201
57 201
58 201
67 201
70 201
71 201
72 201
76 201
77 201
78 201
80 201
89 201
93 201
101 201
102 201
103 201
104 201
106 201
107 201
109 201
110 201
111 201
115 201
117 201
119 201
122 201
124 201
125 201
126 201
127 201
129 201
130 201
131 201
133 201
137 201
141 201
142 201
146 201
149 201
151 201
152 201
153 201
155 201
157 201
159 201
160 201
163 201
166 201
167 201
168 201
169 201
170 201
174 201
175 201
179 201
180 201
185 201
188 201
193 201
194 201
196 201
197 201
200 201
6 202
7 202
8 202
10 202
11 202
12 202
13 202
15 202
17 202
21 202
25 202
27 202
28 202
29 202
30 202
32 202
35 202
36 202
37 202
38 202
39 202
40 202
46 202
49 202
51 202
52 202
53 202
54 202
56 202
63 202
66 202
71 202
74 202
77 202
78 202
83 202
86 202
87 202
89 202
93 202
94 202
95 202
101 202
104 202
105 202
108 202
109 202
112 202
113 202
114 202
116 202
118 202
120 202
121 202
123 202
124 202
127 202
128 202
130 202
131 202
132 202
136 202
139 202
141 202
153 202
155 202
160 202
161 202
162 202
167 202
168 202
169 202
172 202
177 202
181 202
183 202
184 202
185 202
193 202
194 202
198 202
1 203
3 203
4 203
7 203
8 203
9 203
10 203
12 203
21 203
22 203
23 203
26 203
27 203
28 203
29 203
34 203
36 203
37 203
38 203
39 203
43 203
46 203
49 203
50 203
51 203
52 203
55 203
57 203
58 203
60 203
61 203
65 203
68 203
70 203
71 203
72 203
73 203
75 203
76 203
78 203
79 203
80 203
83 203
84 203
86 203
88 203
90 203
91 203
96 203
101 203
102 203
104 203
105 203
106 203
107 203
108 203
110 203
112 203
114 203
116 203
118 203
119 203
120 203
121 203
123 203
124 203
126 203
129 203
130 203
136 203
138 203
139 203
142 203
143 203
144 203
145 203
148 203
153 203
154 203
156 203
157 203
158 203
159 203
160 203
161 203
162 203
163 203
164 203
165 203
166 203
168 203
169 203
171 203
173 203
174 203
176 203
177 203
178 203
186 203
190 203
191 203
193 203
194 203
195 203
199 203
201 203
202 203
1 204
3 204
4 204
6 204
7 204
9 204
10 204
12 204
20 204
22 204
23 204
25 204
27 204
31 204
34 204
35 204
36 204
37 204
39 204
40 204
41 204
44 204
45 204
46 204
47 204
50 204
52 204
53 204
54 204
55 204
58 204
65 204
67 204
69 204
71 204
72 204
80 204
81 204
83 204
89 204
93 204
94 204
101 204
105 204
106 204
108 204
110 204
111 204
112 204
114 204
116 204
117 204
125 204
126 204
129 204
130 204
132 204
133 204
135 204
138 204
140 204
142 204
143 204
144 204
147 204
148 204
151 204
156 204
158 204
162 204
163 204
164 204
165 204
173 204
174 204
175 204
176 204
180 204
183 204
185 204
186 204
188 204
190 204
191 204
193 204
195 204
198 204
199 204
201 204
203 204
1 205
2 205
4 205
11 205
12 205
13 205
14 205
17 205
18 205
21 205
23 205
26 205
29 205
31 205
32 205
35 205
36 205
37 205
38 205
39 205
40 205
41 205
44 205
45 205
48 205
51 205
52 205
55 205
56 205
57 205
58 205
63 205
64 205
65 205
68 205
74 205
75 205
76 205
77 205
78 205
81 205
83 205
84 205
87 205
89 205
92 205
93 205
98 205
100 205
103 205
104 205
105 205
110 205
113 205
114 205
115 205
118 205
124 205
125 205
126 205
127 205
132 205
136 205
139 205
140 205
141 205
142 205
143 205
144 205
145 205
146 205
150 205
153 205
156 205
157 205
160 205
161 205
162 205
163 205
165 205
166 205
168 205
170 205
174 205
175 205
179 205
180 205
183 205
184 205
187 205
190 205
191 205
193 205
194 205
195 205
197 205
200 205
203 205
204 205
2 206
4 206
7 206
9 206
10 206
11 206
14 206
15 206
16 206
18 206
19 206
22 206
24 206
27 206
28 206
29 206
31 206
37 206
43 206
46 206
49 206
50 206
52 206
53 206
54 206
55 206
58 206
62 206
63 206
69 206
70 206
72 206
75 206
77 206
79 206
83 206
84 206
85 206
87 206
90 206
99 206
100 206
101 206
102 206
104 206
105 206
106 206
107 206
108 206
109 206
111 206
112 206
113 206
115 206
117 206
120 206
121 206
126 206
127 206
128 206
129 206
131 206
132 206
134 206
135 206
137 206
139 206
140 206
142 206
143 206
144 206
146 206
148 206
152 206
153 206
154 206
157 206
163 206
165 206
169 206
170 206
172 206
173 206
174 206
176 206
179 206
183 206
185 206
186 206
188 206
191 206
195 206
196 206
198 206
201 206
203 206
204 206
1 207
4 207
5 207
6 207
8 207
9 207
11 207
20 207
23 207
26 207
29 207
31 207
32 207
35 207
40 207
41 207
43 207
46 207
47 207
48 207
50 207
53 207
54 207
55 207
56 207
57 207
58 207
60 207
61 207
63 207
69 207
70 207
71 207
74 207
77 207
78 207
80 207
83 207
87 207
88 207
89 207
91 207
102 207
105 207
106 207
108 207
111 207
113 207
118 207
119 207
120 207
126 207
127 207
128 207
130 207
133 207
134 207
135 207
136 207
137 207
138 207
140 207
141 207
143 207
145 207
149 207
150 207
152 207
153 207
154 207
156 207
161 207
162 207
163 207
164 207
166 207
168 207
170 207
172 207
174 207
175 207
177 207
182 207
186 207
187 207
188 207
192 207
193 207
194 207
195 207
196 207
197 207
201 207
204 207
206 207
1 208
3 208
4 208
5 208
6 208
7 208
8 208
9 208
10 208
11 208
12 208
13 208
14 208
25 208
28 208
29 208
34 208
35 208
36 208
39 208
42 208
43 208
45 208
46 208
47 208
48 208
50 208
52 208
54 208
55 208
56 208
65 208
66 208
72 208
75 208
77 208
78 208
79 208
80 208
82 208
85 208
87 208
88 208
89 208
90 208
91 208
92 208
94 208
95 208
104 208
106 208
109 208
112 208
113 208
114 208
115 208
118 208
121 208
125 208
126 208
128 208
131 208
132 208
135 208
139 208
140 208
142 208
146 208
155 208
156 208
158 208
160 208
161 208
163 208
165 208
169 208
170 208
171 208
172 208
174 208
175 208
176 208
177 208
181 208
183 208
184 208
185 208
186 208
187 208
188 208
190 208
195 208
196 208
201 208
203 208
204 208
206 208
1 209
3 209
6 209
10 209
14 209
15 209
20 209
22 209
23 209
26 209
27 209
30 209
33 209
34 209
35 209
37 209
39 209
40 209
42 209
43 209
44 209
50 209
54 209
57 209
58 209
59 209
63 209
65 209
69 209
70 209
71 209
72 209
73 209
75 209
77 209
80 209
82 209
83 209
88 209
92 209
94 209
96 209
99 209
107 209
108 209
109 209
110 209
111 209
112 209
114 209
119 209
120 209
121 209
122 209
126 209
127 209
130 209
132 209
134 209
135 209
138 209
139 209
143 209
144 209
145 209
146 209
147 209
149 209
150 209
158 209
159 209
163 209
164 209
170 209
172 209
173 209
174 209
179 209
180 209
186 209
187 209
188 209
190 209
192 209
193 209
194 209
195 209
196 209
198 209
200 209
201 209
206 209
208 209
1 210
6 210
9 210
10 210
14 210
16 210
17 210
18 210
23 210
25 210
26 210
29 210
30 210
31 210
33 210
34 210
35 210
37 210
38 210
40 210
41 210
43 210
45 210
46 210
48 210
50 210
54 210
55 210
56 210
58 210
59 210
61 210
62 210
70 210
71 210
72 210
75 210
80 210
81 210
84 210
85 210
88 210
90 210
91 210
94 210
95 210
99 210
100 210
105 210
113 210
114 210
115 210
117 210
118 210
121 210
123 210
124 210
127 210
131 210
134 210
136 210
137 210
138 210
142 210
145 210
148 210
151 210
152 210
153 210
156 210
157 210
160 210
161 210
162 210
163 210
164 210
165 210
166 210
167 210
169 210
170 210
172 210
173 210
177 210
178 210
180 210
183 210
191 210
197 210
203 210
204 210
206 210
1 211
6 211
8 211
10 211
12 211
13 211
14 211
15 211
16 211
18 211
20 211
22 211
23 211
25 211
28 211
29 211
35 211
36 211
39 211
42 211
44 211
46 211
48 211
50 211
54 211
55 211
60 211
61 211
63 211
64 211
69 211
73 211
74 211
76 211
78 211
80 211
81 211
83 211
86 211
87 211
94 211
95 211
97 211
100 211
104 211
106 211
108 211
109 211
110 211
111 211
112 211
114 211
115 211
120 211
121 211
122 211
124 211
125 211
126 211
127 211
129 211
130 211
133 211
136 211
137 211
138 211
139 211
142 211
145 211
148 211
150 211
152 211
155 211
158 211
160 211
161 211
162 211
163 211
164 211
166 211
168 211
169 211
171 211
173 211
174 211
175 211
176 211
181 211
185 211
186 211
189 211
190 211
196 211
198 211
200 211
204 211
207 211
208 211
209 211
3 212
4 212
9 212
12 212
15 212
18 212
19 212
20 212
21 212
23 212
24 212
25 212
26 212
29 212
30 212
32 212
33 212
34 212
35 212
39 212
40 212
41 212
42 212
44 212
45 212
46 212
47 212
48 212
51 212
52 212
54 212
55 212
56 212
59 212
60 212
62 212
63 212
66 212
69 212
70 212
74 212
75 212
77 212
79 212
80 212
81 212
83 212
84 212
85 212
88 212
89 212
90 212
91 212
93 212
95 212
97 212
102 212
104 212
105 212
106 212
108 212
112 212
114 212
121 212
122 212
123 212
125 212
127 212
128 212
129 212
131 212
133 212
139 212
141 212
148 212
150 212
153 212
154 212
156 212
157 212
159 212
160 212
161 212
164 212
165 212
167 212
168 212
169 212
170 212
171 212
173 212
175 212
176 212
178 212
181 212
183 212
184 212
186 212
191 212
195 212
198 212
201 212
205 212
206 212
207 212
209 212
5 213
10 213
12 213
17 213
18 213
20 213
21 213
22 213
23 213
24 213
25 213
27 213
29 213
30 213
32 213
35 213
37 213
39 213
42 213
44 213
45 213
46 213
47 213
48 213
49 213
53 213
54 213
56 213
58 213
59 213
61 213
63 213
65 213
68 213
69 213
71 213
72 213
73 213
77 213
82 213
83 213
84 213
87 213
89 213
90 213
93 213
94 213
95 213
96 213
99 213
100 213
101 213
105 213
106 213
107 213
108 213
109 213
110 213
112 213
115 213
118 213
121 213
123 213
124 213
130 213
132 213
133 213
139 213
145 213
149 213
153 213
154 213
155 213
156 213
157 213
158 213
160 213
161 213
166 213
168 213
174 213
175 213
177 213
178 213
179 213
181 213
185 213
186 213
188 213
189 213
191 213
192 213
194 213
198 213
199 213
200 213
205 213
210 213
4 214
5 214
6 214
8 214
9 214
11 214
13 214
14 214
15 214
16 214
19 214
20 214
22 214
27 214
29 214
31 214
32 214
37 214
38 214
39 214
42 214
43 214
44 214
45 214
58 214
59 214
60 214
61 214
67 214
70 214
75 214
79 214
80 214
81 214
82 214
86 214
91 214
92 214
93 214
104 214
108 214
112 214
113 214
114 214
115 214
116 214
124 214
125 214
126 214
128 214
129 214
130 214
133 214
134 214
139 214
142 214
150 214
151 214
155 214
157 214
159 214
161 214
163 214
171 214
174 214
175 214
177 214
181 214
182 214
183 214
184 214
186 214
188 214
192 214
193 214
195 214
196 214
197 214
201 214
202 214
207 214
210 214
211 214
212 214
213 214
5 215
6 215
9 215
11 215
14 215
16 215
19 215
20 215
21 215
23 215
24 215
27 215
28 215
30 215
34 215
37 215
39 215
41 215
42 215
43 215
45 215
46 215
49 215
53 215
55 215
56 215
57 215
58 215
60 215
61 215
62 215
65 215
68 215
69 215
71 215
73 215
75 215
76 215
80 215
81 215
82 215
85 215
86 215
87 215
90 215
91 215
92 215
95 215
97 215
110 215
111 215
112 215
113 215
115 215
116 215
118 215
120 215
122 215
123 215
127 215
131 215
132 215
133 215
134 215
135 215
137 215
138 215
143 215
145 215
148 215
149 215
150 215
153 215
158 215
159 215
161 215
162 215
164 215
172 215
173 215
177 215
178 215
183 215
184 215
185 215
188 215
191 215
193 215
194 215
195 215
198 215
200 215
202 215
203 215
204 215
205 215
206 215
208 215
209 215
210 215
212 215
1 216
3 216
5 216
6 216
9 216
11 216
12 216
13 216
16 216
18 216
19 216
26 216
31 216
32 216
33 216
34 216
36 216
39 216
40 216
43 216
44 216
45 216
46 216
49 216
51 216
52 216
53 216
55 216
57 216
62 216
64 216
65 216
67 216
71 216
72 216
73 216
78 216
79 216
80 216
82 216
83 216
85 216
87 216
89 216
91 216
93 216
94 216
96 216
97 216
108 216
110 216
112 216
115 216
119 216
121 216
122 216
124 216
126 216
128 216
131 216
132 216
134 216
135 216
136 216
137 216
140 216
142 216
145 216
146 216
147 216
148 216
149 216
153 216
154 216
157 216
158 216
159 216
163 216
167 216
168 216
169 216
170 216
171 216
173 216
174 216
176 216
177 216
180 216
183 216
186 216
187 216
190 216
192 216
195 216
196 216
197 216
198 216
200 216
201 216
203 216
206 216
211 216
212 216
213 216
2 217
3 217
4 217
6 217
11 217
14 217
16 217
18 217
23 217
24 217
26 217
27 217
30 217
31 217
34 217
35 217
37 217
39 217
41 217
44 217
45 217
47 217
48 217
49 217
52 217
53 217
59 217
60 217
62 217
63 217
67 217
69 217
70 217
72 217
74 217
75 217
76 217
81 217
82 217
83 217
86 217
90 217
91 217
92 217
93 217
96 217
98 217
99 217
100 217
103 217
110 217
111 217
114 217
115 217
122 217
123 217
124 217
128 217
129 217
132 217
133 217
134 217
135 217
137 217
139 217
140 217
141 217
142 217
145 217
155 217
157 217
159 217
160 217
163 217
164 217
165 217
166 217
170 217
172 217
177 217
180 217
181 217
182 217
184 217
185 217
186 217
189 217
190 217
191 217
197 217
198 217
199 217
200 217
201 217
204 217
205 217
208 217
209 217
212 217
213 217
215 217
216 217
1 218
2 218
3 218
6 218
7 218
10 218
16 218
17 218
24 218
26 218
28 218
30 218
31 218
32 218
33 218
35 218
36 218
37 218
38 218
39 218
40 218
49 218
52 218
55 218
60 218
61 218
62 218
63 218
64 218
65 218
66 218
67 218
70 218
72 218
74 218
75 218
76 218
80 218
82 218
87 218
88 218
89 218
91 218
93 218
96 218
97 218
100 218
101 218
109 218
110 218
111 218
112 218
113 218
115 218
116 218
118 218
119 218
121 218
123 218
125 218
129 218
130 218
132 218
133 218
134 218
135 218
138 218
139 218
140 218
141 218
143 218
145 218
151 218
152 218
154 218
155 218
156 218
158 218
160 218
164 218
171 218
177 218
179 218
180 218
184 218
185 218
187 218
195 218
200 218
202 218
203 218
205 218
207 218
208 218
209 218
211 218
212 218
213 218
215 218
217 218
2 219
6 219
7 219
9 219
10 219
11 219
12 219
17 219
20 219
21 219
23 219
26 219
27 219
28 219
31 219
32 219
33 219
38 219
43 219
44 219
47 219
53 219
54 219
55 219
58 219
62 219
63 219
64 219
65 219
66 219
70 219
71 219
73 219
74 219
75 219
82 219
84 219
85 219
86 219
89 219
91 219
92 219
93 219
95 219
97 219
99 219
102 219
103 219
104 219
114 219
116 219
118 219
121 219
122 219
123 219
126 219
128 219
132 219
133 219
134 219
135 219
136 219
138 219
139 219
142 219
144 219
150 219
151 219
155 219
158 219
162 219
163 219
164 219
165 219
166 219
169 219
170 219
172 219
174 219
175 219
176 219
179 219
180 219
182 219
184 219
185 219
186 219
188 219
189 219
190 219
192 219
195 219
197 219
198 219
202 219
204 219
206 219
207 219
210 219
212 219
217 219
218 219
3 220
5 220
8 220
10 220
12 220
13 220
15 220
16 220
22 220
23 220
24 220
26 220
27 220
29 220
30 220
31 220
32 220
34 220
36 220
37 220
40 220
41 220
42 220
44 220
45 220
50 220
53 220
54 220
58 220
60 220
62 220
63 220
64 220
68 220
72 220
73 220
83 220
85 220
86 220
91 220
93 220
94 220
96 220
100 220
101 220
109 220
112 220
113 220
114 220
117 220
121 220
123 220
124 220
126 220
128 220
129 220
131 220
132 220
133 220
134 220
137 220
138 220
140 220
141 220
142 220
144 220
150 220
152 220
153 220
155 220
156 220
158 220
160 220
164 220
167 220
168 220
170 220
171 220
172 220
173 220
178 220
181 220
184 220
185 220
187 220
188 220
189 220
190 220
192 220
193 220
195 220
198 220
199 220
203 220
204 220
205 220
206 220
207 220
210 220
211 220
213 220
214 220
215 220
218 220
219 220
3 221
4 221
5 221
7 221
12 221
14 221
16 221
22 221
24 221
29 221
32 221
34 221
35 221
37 221
41 221
42 221
44 221
45 221
46 221
49 221
54 221
55 221
58 221
59 221
60 221
67 221
70 221
71 221
74 221
75 221
76 221
79 221
81 221
82 221
84 221
85 221
88 221
89 221
93 221
94 221
95 221
97 221
99 221
100 221
101 221
103 221
104 221
105 221
106 221
107 221
108 221
110 221
112 221
114 221
119 221
124 221
132 221
134 221
135 221
136 221
140 221
141 221
144 221
145 221
146 221
149 221
150 221
151 221
152 221
155 221
156 221
161 221
167 221
170 221
172 221
173 221
174 221
175 221
176 221
181 221
182 221
183 221
187 221
189 221
191 221
195 221
199 221
200 221
202 221
205 221
211 221
214 221
218 221
219 221
220 221
2 222
6 222
7 222
8 222
9 222
10 222
12 222
13 222
17 222
18 222
19 222
22 222
23 222
25 222
27 222
28 222
29 222
31 222
32 222
33 222
36 222
45 222
50 222
53 222
56 222
57 222
61 222
62 222
65 222
67 222
68 222
69 222
70 222
71 222
72 222
73 222
74 222
78 222
80 222
82 222
93 222
95 222
108 222
116 222
117 222
121 222
123 222
129 222
131 222
136 222
137 222
138 222
140 222
141 222
142 222
143 222
144 222
147 222
149 222
153 222
155 222
157 222
159 222
164 222
168 222
170 222
171 222
172 222
173 222
174 222
178 222
182 222
188 222
189 222
190 222
191 222
194 222
195 222
196 222
197 222
199 222
204 222
205 222
206 222
209 222
215 222
216 222
217 222
218 222
219 222
220 222
4 223
6 223
8 223
12 223
13 223
15 223
17 223
18 223
19 223
22 223
23 223
30 223
31 223
33 223
34 223
35 223
36 223
37 223
38 223
39 223
42 223
43 223
45 223
47 223
48 223
50 223
52 223
54 223
55 223
56 223
57 223
61 223
62 223
65 223
66 223
67 223
69 223
71 223
72 223
73 223
74 223
75 223
77 223
79 223
80 223
82 223
84 223
85 223
87 223
89 223
90 223
92 223
93 223
94 223
96 223
98 223
100 223
101 223
110 223
111 223
112 223
113 223
114 223
116 223
118 223
121 223
123 223
125 223
128 223
131 223
143 223
149 223
150 223
151 223
154 223
158 223
160 223
162 223
163 223
164 223
168 223
169 223
170 223
171 223
172 223
173 223
174 223
176 223
177 223
179 223
180 223
181 223
182 223
186 223
192 223
194 223
196 223
198 223
201 223
202 223
206 223
208 223
210 223
211 223
213 223
218 223
220 223
221 223
2 224
5 224
6 224
9 224
14 224
15 224
16 224
17 224
19 224
20 224
24 224
26 224
27 224
28 224
29 224
30 224
31 224
32 224
33 224
34 224
36 224
40 224
41 224
42 224
43 224
45 224
46 224
51 224
54 224
58 224
60 224
61 224
63 224
66 224
67 224
75 224
76 224
78 224
80 224
81 224
83 224
85 224
86 224
90 224
91 224
92 224
93 224
94 224
95 224
102 224
112 224
113 224
115 224
117 224
119 224
120 224
121 224
124 224
125 224
129 224
130 224
131 224
132 224
135 224
136 224
137 224
141 224
145 224
146 224
148 224
149 224
150 224
151 224
152 224
153 224
156 224
157 224
159 224
161 224
162 224
166 224
167 224
169 224
173 224
174 224
179 224
180 224
182 224
185 224
186 224
189 224
196 224
200 224
202 224
203 224
204 224
208 224
211 224
213 224
219 224
222 224
1 225
4 225
5 225
6 225
8 225
10 225
11 225
14 225
15 225
17 225
21 225
23 225
25 225
31 225
37 225
41 225
42 225
44 225
45 225
49 225
52 225
53 225
54 225
55 225
59 225
63 225
64 225
65 225
66 225
72 225
75 225
81 225
84 225
85 225
86 225
87 225
88 225
89 225
90 225
93 225
97 225
98 225
99 225
100 225
102 225
103 225
105 225
107 225
116 225
117 225
118 225
119 225
120 225
122 225
124 225
139 225
141 225
142 225
144 225
150 225
152 225
154 225
156 225
159 225
160 225
166 225
170 225
171 225
172 225
173 225
176 225
180 225
181 225
182 225
183 225
184 225
186 225
188 225
189 225
192 225
193 225
194 225
196 225
197 225
199 225
202 225
203 225
204 225
207 225
211 225
212 225
216 225
217 225
218 225
219 225
220 225
223 225
224 225
4 226
5 226
6 226
9 226
11 226
19 226
20 226
21 226
22 226
23 226
24 226
35 226
37 226
38 226
39 226
40 226
44 226
48 226
54 226
55 226
58 226
59 226
61 226
63 226
66 226
70 226
71 226
72 226
73 226
74 226
75 226
77 226
79 226
80 226
81 226
84 226
85 226
86 226
87 226
89 226
90 226
94 226
95 226
96 226
99 226
100 226
101 226
102 226
104 226
105 226
106 226
107 226
108 226
114 226
115 226
116 226
118 226
119 226
121 226
122 226
125 226
128 226
129 226
130 226
135 226
143 226
144 226
148 226
150 226
151 226
152 226
153 226
155 226
158 226
159 226
162 226
166 226
168 226
169 226
170 226
173 226
174 226
175 226
178 226
180 226
187 226
190 226
193 226
194 226
195 226
196 226
199 226
200 226
201 226
204 226
205 226
206 226
209 226
210 226
212 226
215 226
217 226
218 226
220 226
221 226
222 226
223 226
225 226
2 227
3 227
4 227
5 227
9 227
12 227
13 227
16 227
17 227
19 227
22 227
24 227
25 227
26 227
33 227
37 227
39 227
42 227
43 227
47 227
50 227
52 227
54 227
56 227
57 227
60 227
64 227
65 227
66 227
68 227
69 227
71 227
72 227
73 227
74 227
78 227
80 227
85 227
87 227
89 227
90 227
97 227
101 227
102 227
104 227
106 227
107 227
108 227
114 227
119 227
120 227
124 227
126 227
127 227
128 227
129 227
130 227
137 227
140 227
142 227
144 227
148 227
150 227
151 227
152 227
153 227
154 227
162 227
166 227
169 227
171 227
172 227
173 227
175 227
176 227
177 227
178 227
180 227
181 227
182 227
183 227
186 227
188 227
190 227
197 227
199 227
200 227
201 227
204 227
205 227
206 227
207 227
210 227
213 227
215 227
216 227
218 227
219 227
220 227
224 227
225 227
226 227
3 228
6 228
8 228
10 228
12 228
13 228
14 228
18 228
20 228
21 228
22 228
24 228
25 228
26 228
29 228
30 228
31 228
33 228
39 228
43 228
46 228
47 228
52 228
53 228
54 228
55 228
56 228
58 228
59 228
62 228
63 228
67 228
68 228
72 228
73 228
74 228
75 228
76 228
77 228
80 228
81 228
83 228
84 228
86 228
88 228
89 228
90 228
92 228
94 228
96 228
97 228
98 228
100 228
102 228
103 228
104 228
113 228
118 228
120 228
121 228
122 228
124 228
126 228
128 228
129 228
131 228
132 228
133 228
134 228
135 228
136 228
137 228
139 228
142 228
153 228
155 228
156 228
157 228
158 228
159 228
168 228
170 228
171 228
173 228
177 228
178 228
183 228
184 228
185 228
188 228
189 228
190 228
192 228
193 228
194 228
196 228
198 228
199 228
202 228
204 228
206 228
207 228
208 228
213 228
214 228
222 228
225 228
227 228
6 229
9 229
10 229
11 229
12 229
13 229
14 229
16 229
17 229
19 229
21 229
25 229
26 229
28 229
30 229
31 229
32 229
40 229
42 229
43 229
46 229
48 229
49 229
50 229
52 229
53 229
57 229
58 229
60 229
61 229
63 229
64 229
66 229
67 229
68 229
71 229
80 229
81 229
83 229
84 229
86 229
88 229
89 229
93 229
99 229
100 229
102 229
104 229
105 229
107 229
108 229
109 229
110 229
111 229
114 229
115 229
116 229
119 229
122 229
123 229
125 229
126 229
130 229
133 229
136 229
137 229
143 229
147 229
149 229
151 229
152 229
153 229
155 229
156 229
157 229
158 229
159 229
161 229
162 229
164 229
168 229
170 229
173 229
174 229
176 229
177 229
178 229
180 229
182 229
183 229
184 229
185 229
186 229
187 229
188 229
194 229
195 229
197 229
200 229
202 229
208 229
210 229
211 229
215 229
216 229
218 229
222 229
223 229
224 229
225 229
228 229
1 230
2 230
4 230
5 230
6 230
9 230
13 230
15 230
17 230
19 230
21 230
23 230
26 230
27 230
29 230
30 230
34 230
36 230
40 230
42 230
43 230
44 230
45 230
46 230
48 230
51 230
52 230
60 230
62 230
67 230
69 230
70 230
71 230
72 230
76 230
78 230
80 230
82 230
84 230
87 230
91 230
94 230
95 230
100 230
101 230
102 230
112 230
118 230
119 230
124 230
128 230
129 230
134 230
137 230
138 230
142 230
144 230
147 230
149 230
150 230
152 230
155 230
157 230
158 230
166 230
168 230
170 230
171 230
172 230
174 230
175 230
176 230
177 230
178 230
179 230
180 230
182 230
184 230
188 230
189 230
190 230
192 230
196 230
197 230
204 230
205 230
206 230
207 230
212 230
213 230
214 230
215 230
216 230
218 230
220 230
222 230
223 230
224 230
225 230
226 230
227 230
2 231
3 231
5 231
9 231
12 231
14 231
16 231
19 231
20 231
27 231
30 231
32 231
35 231
40 231
42 231
43 231
44 231
46 231
47 231
48 231
49 231
53 231
54 231
56 231
60 231
62 231
63 231
64 231
66 231
67 231
69 231
70 231
71 231
76 231
80 231
81 231
83 231
85 231
86 231
89 231
93 231
94 231
95 231
98 231
100 231
101 231
103 231
104 231
105 231
106 231
115 231
116 231
119 231
120 231
123 231
124 231
126 231
131 231
134 231
135 231
136 231
143 231
144 231
146 231
148 231
149 231
151 231
154 231
156 231
158 231
159 231
160 231
162 231
165 231
167 231
169 231
171 231
172 231
174 231
175 231
179 231
180 231
181 231
183 231
186 231
187 231
189 231
190 231
191 231
192 231
193 231
198 231
200 231
202 231
204 231
206 231
210 231
212 231
213 231
216 231
220 231
226 231
227 231
229 231
230 231
2 232
3 232
5 232
8 232
11 232
14 232
15 232
17 232
19 232
20 232
22 232
23 232
27 232
30 232
32 232
36 232
39 232
40 232
42 232
44 232
49 232
51 232
52 232
53 232
54 232
56 232
62 232
65 232
70 232
73 232
74 232
76 232
78 232
80 232
82 232
83 232
84 232
85 232
87 232
91 232
92 232
93 232
96 232
98 232
99 232
100 232
105 232
108 232
118 232
119 232
122 232
123 232
126 232
130 232
133 232
136 232
139 232
140 232
141 232
151 232
152 232
154 232
155 232
157 232
158 232
159 232
160 232
161 232
162 232
165 232
169 232
170 232
171 232
172 232
174 232
175 232
177 232
178 232
180 232
187 232
188 232
191 232
193 232
194 232
196 232
199 232
200 232
202 232
204 232
207 232
209 232
212 232
214 232
219 232
220 232
222 232
224 232
226 232
227 232
228 232
229 232
2 233
3 233
7 233
11 233
14 233
20 233
21 233
22 233
23 233
25 233
26 233
27 233
28 233
30 233
32 233
34 233
36 233
37 233
38 233
42 233
45 233
47 233
48 233
49 233
50 233
51 233
52 233
55 233
57 233
58 233
60 233
61 233
62 233
63 233
64 233
66 233
68 233
69 233
70 233
71 233
75 233
76 233
77 233
82 233
83 233
91 233
92 233
93 233
94 233
97 233
99 233
100 233
104 233
106 233
107 233
108 233
109 233
110 233
117 233
119 233
120 233
121 233
123 233
126 233
128 233
131 233
134 233
135 233
137 233
138 233
139 233
141 233
145 233
147 233
149 233
158 233
160 233
163 233
164 233
170 233
171 233
173 233
175 233
181 233
182 233
183 233
184 233
185 233
187 233
188 233
190 233
193 233
196 233
198 233
200 233
201 233
206 233
209 233
210 233
212 233
213 233
214 233
215 233
216 233
218 233
219 233
224 233
225 233
226 233
227 233
228 233
229 233
1 234
2 234
3 234
5 234
6 234
10 234
12 234
13 234
14 234
17 234
19 234
20 234
21 234
24 234
25 234
26 234
31 234
32 234
33 234
37 234
40 234
42 234
43 234
44 234
47 234
48 234
50 234
57 234
58 234
59 234
60 234
63 234
65 234
66 234
67 234
69 234
70 234
76 234
81 234
84 234
88 234
89 234
90 234
91 234
92 234
93 234
95 234
98 234
99 234
100 234
102 234
111 234
124 234
126 234
127 234
129 234
130 234
131 234
132 234
135 234
137 234
138 234
144 234
149 234
151 234
152 234
155 234
159 234
160 234
161 234
162 234
163 234
166 234
167 234
177 234
178 234
179 234
180 234
182 234
183 234
184 234
185 234
188 234
190 234
191 234
192 234
196 234
198 234
199 234
200 234
201 234
202 234
203 234
204 234
205 234
206 234
208 234
209 234
210 234
211 234
213 234
216 234
218 234
219 234
220 234
223 234
228 234
229 234
230 234
231 234
232 234
9 235
11 235
12 235
13 235
14 235
15 235
17 235
20 235
22 235
28 235
30 235
31 235
32 235
34 235
37 235
38 235
44 235
46 235
48 235
49 235
50 235
59 235
60 235
63 235
64 235
65 235
68 235
69 235
70 235
71 235
72 235
73 235
75 235
78 235
79 235
80 235
84 235
87 235
88 235
91 235
93 235
96 235
97 235
98 235
101 235
103 235
105 235
107 235
109 235
112 235
116 235
118 235
120 235
122 235
125 235
126 235
128 235
129 235
130 235
135 235
136 235
138 235
140 235
141 235
142 235
143 235
146 235
148 235
149 235
154 235
157 235
158 235
163 235
167 235
168 235
172 235
173 235
174 235
175 235
177 235
179 235
180 235
181 235
182 235
183 235
184 235
185 235
191 235
192 235
193 235
194 235
195 235
196 235
197 235
205 235
206 235
208 235
209 235
215 235
216 235
219 235
220 235
221 235
223 235
226 235
228 235
229 235
230 235
233 235
2 236
5 236
7 236
8 236
10 236
12 236
13 236
14 236
15 236
17 236
19 236
20 236
22 236
23 236
26 236
27 236
28 236
29 236
32 236
33 236
36 236
37 236
43 236
46 236
48 236
49 236
55 236
56 236
58 236
62 236
63 236
65 236
66 236
70 236
79 236
81 236
84 236
85 236
89 236
93 236
96 236
98 236
100 236
101 236
104 236
105 236
107 236
108 236
111 236
114 236
115 236
118 236
119 236
125 236
126 236
127 236
131 236
137 236
138 236
142 236
145 236
147 236
149 236
153 236
155 236
156 236
158 236
159 236
163 236
165 236
166 236
167 236
169 236
172 236
174 236
175 236
180 236
181 236
183 236
184 236
185 236
187 236
190 236
191 236
193 236
194 236
195 236
197 236
199 236
200 236
201 236
208 236
210 236
212 236
218 236
220 236
221 236
224 236
226 236
228 236
229 236
230 236
231 236
233 236
235 236
3 237
6 237
11 237
12 237
13 237
14 237
15 237
18 237
19 237
20 237
21 237
24 237
26 237
28 237
29 237
34 237
35 237
36 237
37 237
38 237
39 237
45 237
46 237
47 237
48 237
51 237
53 237
54 237
56 237
57 237
58 237
60 237
61 237
64 237
65 237
66 237
67 237
70 237
71 237
73 237
75 237
76 237
78 237
80 237
83 237
85 237
87 237
91 237
94 237
95 237
97 237
103 237
105 237
107 237
109 237
112 237
114 237
115 237
118 237
120 237
121 237
122 237
123 237
130 237
134 237
136 237
137 237
139 237
140 237
143 237
145 237
147 237
148 237
149 237
150 237
151 237
153 237
158 237
160 237
162 237
163 237
167 237
168 237
169 237
170 237
176 237
177 237
178 237
179 237
182 237
184 237
187 237
191 237
192 237
193 237
194 237
198 237
205 237
208 237
209 237
210 237
213 237
214 237
216 237
221 237
222 237
224 237
226 237
227 237
230 237
231 237
232 237
236 237
1 238
2 238
4 238
6 238
7 238
13 238
17 238
18 238
20 238
25 238
28 238
30 238
31 238
35 238
36 238
37 238
39 238
41 238
43 238
47 238
50 238
56 238
58 238
61 238
62 238
63 238
64 238
65 238
69 238
72 238
74 238
75 238
76 238
77 238
79 238
80 238
81 238
82 238
83 238
84 238
85 238
86 238
93 238
94 238
95 238
97 238
98 238
99 238
100 238
102 238
105 238
106 238
117 238
118 238
121 238
122 238
124 238
126 238
128 238
129 238
131 238
142 238
144 238
145 238
146 238
152 238
153 238
154 238
155 238
157 238
159 238
162 238
164 238
166 238
167 238
169 238
170 238
173 238
175 238
177 238
181 238
184 238
185 238
186 238
188 238
191 238
197 238
200 238
204 238
207 238
208 238
215 238
220 238
221 238
223 238
225 238
227 238
228 238
229 238
232 238
234 238
236 238
2 239
4 239
6 239
7 239
8 239
10 239
11 239
13 239
14 239
16 239
17 239
18 239
19 239
20 239
21 239
22 239
24 239
25 239
28 239
30 239
31 239
32 239
33 239
39 239
40 239
41 239
44 239
45 239
48 239
54 239
55 239
56 239
57 239
60 239
61 239
63 239
65 239
67 239
72 239
73 239
77 239
80 239
81 239
82 239
84 239
85 239
86 239
91 239
92 239
93 239
94 239
95 239
101 239
102 239
104 239
106 239
108 239
110 239
118 239
120 239
123 239
126 239
130 239
132 239
135 239
138 239
139 239
140 239
143 239
145 239
147 239
148 239
150 239
151 239
154 239
158 239
160 239
162 239
166 239
167 239
168 239
169 239
173 239
178 239
179 239
182 239
186 239
187 239
188 239
194 239
195 239
198 239
200 239
201 239
203 239
205 239
208 239
209 239
211 239
212 239
216 239
217 239
221 239
225 239
229 239
233 239
234 239
235 239
2 240
3 240
7 240
18 240
21 240
22 240
23 240
26 240
28 240
29 240
32 240
35 240
37 240
39 240
40 240
42 240
43 240
44 240
45 240
47 240
49 240
50 240
53 240
54 240
55 240
58 240
60 240
61 240
64 240
67 240
68 240
73 240
74 240
77 240
80 240
81 240
82 240
83 240
84 240
87 240
88 240
92 240
95 240
97 240
99 240
102 240
105 240
108 240
110 240
113 240
121 240
125 240
128 240
129 240
131 240
132 240
135 240
138 240
140 240
142 240
144 240
145 240
148 240
152 240
153 240
154 240
155 240
156 240
158 240
159 240
160 240
161 240
162 240
163 240
165 240
166 240
169 240
171 240
172 240
173 240
175 240
177 240
178 240
179 240
184 240
185 240
187 240
189 240
193 240
194 240
195 240
196 240
198 240
202 240
204 240
206 240
209 240
210 240
214 240
215 240
217 240
221 240
222 240
223 240
225 240
226 240
228 240
233 240
234 240
236 240
237 240
238 240
3 241
4 241
7 241
9 241
10 241
12 241
14 241
15 241
16 241
17 241
21 241
22 241
23 241
25 241
26 241
31 241
33 241
37 241
38 241
40 241
42 241
43 241
44 241
46 241
47 241
48 241
55 241
56 241
62 241
63 241
64 241
67 241
72 241
77 241
81 241
87 241
89 241
90 241
94 241
96 241
100 241
101 241
102 241
103 241
104 241
105 241
109 241
110 241
111 241
112 241
113 241
114 241
115 241
122 241
123 241
127 241
129 241
130 241
131 241
132 241
133 241
134 241
135 241
139 241
141 241
142 241
143 241
144 241
145 241
146 241
148 241
151 241
152 241
153 241
154 241
158 241
160 241
163 241
164 241
165 241
168 241
169 241
172 241
173 241
174 241
176 241
179 241
181 241
182 241
183 241
184 241
186 241
187 241
189 241
192 241
194 241
196 241
197 241
198 241
205 241
210 241
211 241
215 241
217 241
221 241
225 241
228 241
229 241
236 241
237 241
238 241
239 241
240 241
2 242
3 242
4 242
6 242
11 242
12 242
13 242
14 242
15 242
17 242
18 242
19 242
20 242
21 242
23 242
24 242
25 242
26 242
29 242
32 242
33 242
34 242
36 242
38 242
40 242
41 242
42 242
45 242
46 242
51 242
52 242
53 242
54 242
58 242
63 242
64 242
67 242
73 242
74 242
76 242
79 242
83 242
85 242
89 242
92 242
94 242
99 242
102 242
104 242
106 242
111 242
112 242
113 242
114 242
121 242
122 242
124 242
127 242
129 242
130 242
133 242
137 242
138 242
141 242
145 242
146 242
147 242
149 242
150 242
151 242
153 242
154 242
157 242
158 242
159 242
160 242
161 242
164 242
166 242
168 242
173 242
175 242
179 242
180 242
183 242
184 242
185 242
188 242
189 242
190 242
191 242
194 242
196 242
198 242
202 242
203 242
205 242
210 242
211 242
215 242
217 242
218 242
219 242
220 242
222 242
223 242
226 242
227 242
228 242
230 242
235 242
236 242
238 242
241 242
2 243
3 243
6 243
9 243
13 243
14 243
16 243
17 243
19 243
20 243
25 243
27 243
35 243
37 243
38 243
40 243
42 243
45 243
46 243
48 243
52 243
54 243
57 243
58 243
59 243
60 243
62 243
65 243
67 243
69 243
71 243
77 243
79 243
83 243
87 243
88 243
89 243
93 243
99 243
100 243
104 243
105 243
106 243
107 243
110 243
111 243
112 243
114 243
116 243
121 243
122 243
130 243
132 243
134 243
135 243
136 243
138 243
139 243
143 243
145 243
146 243
148 243
151 243
153 243
158 243
162 243
165 243
167 243
168 243
171 243
174 243
175 243
177 243
180 243
184 243
185 243
186 243
188 243
190 243
191 243
195 243
197 243
198 243
200 243
201 243
202 243
206 243
211 243
212 243
213 243
215 243
217 243
218 243
219 243
223 243
228 243
229 243
230 243
231 243
233 243
235 243
237 243
238 243
239 243
240 243
241 243
242 243
3 244
4 244
5 244
6 244
8 244
11 244
15 244
16 244
17 244
18 244
22 244
24 244
27 244
30 244
31 244
37 244
40 244
41 244
42 244
45 244
49 244
50 244
52 244
53 244
54 244
55 244
56 244
57 244
58 244
59 244
60 244
61 244
65 244
67 244
68 244
70 244
72 244
73 244
74 244
75 244
77 244
79 244
82 244
83 244
84 244
85 244
86 244
87 244
88 244
89 244
92 244
93 244
98 244
99 244
100 244
102 244
104 244
108 244
109 244
110 244
112 244
118 244
120 244
122 244
125 244
126 244
127 244
128 244
132 244
135 244
138 244
139 244
143 244
145 244
149 244
150 244
152 244
153 244
154 244
156 244
157 244
158 244
159 244
161 244
163 244
165 244
168 244
169 244
173 244
174 244
175 244
177 244
179 244
180 244
182 244
184 244
187 244
190 244
192 244
193 244
197 244
198 244
199 244
200 244
201 244
202 244
203 244
204 244
207 244
208 244
209 244
211 244
213 244
214 244
216 244
217 244
223 244
224 244
225 244
226 244
227 244
228 244
231 244
232 244
234 244
235 244
238 244
239 244
3 245
5 245
12 245
13 245
14 245
17 245
20 245
23 245
24 245
28 245
31 245
33 245
35 245
36 245
39 245
40 245
41 245
42 245
45 245
46 245
47 245
49 245
52 245
58 245
60 245
61 245
62 245
65 245
70 245
72 245
73 245
74 245
75 245
76 245
78 245
79 245
81 245
83 245
84 245
87 245
91 245
94 245
95 245
96 245
98 245
99 245
100 245
101 245
102 245
103 245
107 245
109 245
110 245
111 245
113 245
115 245
117 245
118 245
119 245
120 245
122 245
131 245
134 245
135 245
137 245
138 245
140 245
142 245
144 245
146 245
147 245
151 245
152 245
153 245
155 245
156 245
159 245
161 245
162 245
163 245
164 245
167 245
168 245
169 245
171 245
174 245
176 245
177 245
180 245
184 245
185 245
186 245
187 245
188 245
192 245
196 245
199 245
200 245
205 245
207 245
209 245
210 245
214 245
217 245
218 245
219 245
220 245
221 245
223 245
224 245
227 245
230 245
233 245
235 245
238 245
240 245
241 245
242 245
243 245
4 246
5 246
6 246
7 246
9 246
11 246
13 246
14 246
15 246
22 246
23 246
25 246
29 246
30 246
31 246
33 246
34 246
35 246
37 246
39 246
42 246
46 246
47 246
48 246
58 246
59 246
60 246
61 246
66 246
69 246
71 246
73 246
76 246
82 246
83 246
84 246
92 246
96 246
97 246
98 246
100 246
101 246
105 246
106 246
119 246
120 246
122 246
123 246
125 246
126 246
127 246
129 246
130 246
131 246
132 246
133 246
134 246
138 246
139 246
140 246
145 246
146 246
148 246
151 246
152 246
154 246
155 246
157 246
158 246
159 246
161 246
162 246
163 246
165 246
167 246
170 246
172 246
173 246
174 246
175 246
180 246
183 246
184 246
188 246
189 246
190 246
191 246
195 246
198 246
199 246
200 246
201 246
202 246
208 246
209 246
215 246
217 246
219 246
222 246
224 246
225 246
226 246
229 246
231 246
232 246
234 246
235 246
236 246
237 246
238 246
240 246
1 247
3 247
4 247
5 247
6 247
9 247
11 247
14 247
19 247
21 247
22 247
28 247
31 247
33 247
34 247
38 247
39 247
40 247
42 247
43 247
46 247
50 247
52 247
55 247
57 247
58 247
63 247
66 247
67 247
69 247
71 247
72 247
73 247
78 247
79 247
83 247
84 247
86 247
87 247
89 247
90 247
91 247
95 247
96 247
97 247
99 247
100 247
102 247
105 247
106 247
107 247
109 247
110 247
111 247
113 247
114 247
123 247
124 247
126 247
127 247
129 247
131 247
133 247
136 247
137 247
139 247
141 247
143 247
144 247
146 247
148 247
149 247
151 247
153 247
154 247
156 247
160 247
165 247
166 247
168 247
171 247
175 247
176 247
177 247
178 247
179 247
181 247
184 247
187 247
188 247
190 247
192 247
193 247
195 247
197 247
198 247
199 247
205 247
208 247
216 247
217 247
221 247
222 247
224 247
229 247
230 247
231 247
232 247
234 247
236 247
239 247
240 247
242 247
243 247
244 247
246 247
6 248
7 248
8 248
16 248
20 248
21 248
23 248
27 248
28 248
30 248
34 248
37 248
38 248
43 248
44 248
48 248
51 248
55 248
56 248
58 248
59 248
60 248
62 248
66 248
67 248
69 248
72 248
73 248
75 248
76 248
77 248
78 248
79 248
81 248
85 248
88 248
89 248
90 248
92 248
97 248
99 248
100 248
101 248
103 248
104 248
105 248
106 248
107 248
108 248
112 248
114 248
124 248
128 248
129 248
131 248
133 248
134 248
135 248
137 248
138 248
142 248
143 248
144 248
147 248
148 248
151 248
152 248
155 248
156 248
157 248
158 248
159 248
160 248
165 248
167 248
169 248
171 248
172 248
173 248
174 248
177 248
178 248
182 248
186 248
188 248
190 248
191 248
194 248
197 248
201 248
203 248
204 248
206 248
207 248
213 248
214 248
215 248
217 248
218 248
225 248
226 248
227 248
230 248
233 248
234 248
235 248
236 248
237 248
239 248
240 248
242 248
243 248
245 248
246 248
1 249
3 249
4 249
13 249
14 249
16 249
17 249
22 249
25 249
26 249
27 249
28 249
32 249
36 249
37 249
41 249
42 249
43 249
45 249
47 249
48 249
50 249
53 249
59 249
60 249
61 249
62 249
63 249
66 249
67 249
68 249
70 249
71 249
72 249
75 249
76 249
80 249
81 249
83 249
86 249
91 249
92 249
94 249
96 249
97 249
99 249
100 249
101 249
104 249
107 249
109 249
111 249
117 249
119 249
126 249
128 249
129 249
130 249
131 249
132 249
133 249
136 249
142 249
146 249
147 249
148 249
149 249
150 249
151 249
153 249
155 249
156 249
157 249
160 249
161 249
162 249
163 249
165 249
167 249
168 249
169 249
172 249
178 249
181 249
182 249
183 249
185 249
186 249
187 249
189 249
190 249
191 249
193 249
195 249
198 249
199 249
201 249
203 249
204 249
205 249
206 249
208 249
210 249
214 249
216 249
219 249
220 249
223 249
224 249
225 249
229 249
230 249
231 249
232 249
233 249
234 249
241 249
242 249
243 249
244 249
1 250
4 250
5 250
6 250
8 250
9 250
14 250
16 250
17 250
18 250
24 250
26 250
27 250
28 250
30 250
31 250
32 250
33 250
37 250
39 250
41 250
43 250
45 250
46 250
48 250
49 250
50 250
52 250
53 250
54 250
56 250
58 250
61 250
65 250
68 250
72 250
78 250
82 250
83 250
85 250
86 250
87 250
93 250
95 250
97 250
100 250
101 250
102 250
103 250
105 250
106 250
110 250
113 250
115 250
116 250
117 250
119 250
120 250
127 250
129 250
131 250
132 250
135 250
137 250
138 250
139 250
140 250
141 250
142 250
145 250
146 250
152 250
153 250
155 250
156 250
157 250
159 250
163 250
165 250
166 250
171 250
175 250
177 250
178 250
179 250
180 250
181 250
184 250
185 250
186 250
189 250
191 250
194 250
196 250
198 250
200 250
201 250
202 250
204 250
207 250
208 250
211 250
215 250
218 250
221 250
223 250
224 250
227 250
228 250
231 250
233 250
234 250
237 250
240 250
241 250
244 250
245 250
246 250
247 250
248 250
249 250
2 251
3 251
5 251
6 251
10 251
13 251
14 251
16 251
17 251
20 251
24 251
27 251
28 251
30 251
32 251
33 251
35 251
36 251
37 251
38 251
43 251
44 251
46 251
52 251
55 251
56 251
58 251
61 251
65 251
66 251
68 251
69 251
71 251
72 251
76 251
77 251
78 251
79 251
86 251
89 251
90 251
91 251
94 251
95 251
96 251
97 251
99 251
100 251
109 251
113 251
114 251
115 251
116 251
117 251
118 251
119 251
120 251
127 251
128 251
130 251
131 251
132 251
134 251
135 251
137 251
140 251
141 251
145 251
146 251
148 251
149 251
152 251
153 251
154 251
155 251
157 251
158 251
161 251
164 251
169 251
174 251
176 251
178 251
183 251
184 251
189 251
190 251
193 251
198 251
199 251
201 251
202 251
205 251
206 251
208 251
209 251
211 251
212 251
215 251
216 251
218 251
219 251
221 251
223 251
225 251
226 251
228 251
230 251
234 251
236 251
239 251
242 251
243 251
245 251
246 251
247 251
248 251
2 252
4 252
5 252
6 252
8 252
12 252
13 252
18 252
19 252
20 252
22 252
25 252
26 252
29 252
31 252
32 252
33 252
34 252
39 252
40 252
43 252
44 252
45 252
47 252
50 252
55 252
57 252
59 252
60 252
63 252
64 252
66 252
67 252
68 252
72 252
73 252
74 252
75 252
80 252
85 252
86 252
87 252
88 252
91 252
92 252
93 252
97 252
98 252
99 252
102 252
103 252
104 252
106 252
107 252
108 252
109 252
111 252
114 252
115 252
117 252
118 252
119 252
122 252
124 252
125 252
129 252
131 252
132 252
135 252
139 252
141 252
144 252
145 252
148 252
150 252
151 252
152 252
153 252
154 252
156 252
157 252
159 252
161 252
163 252
164 252
165 252
167 252
169 252
173 252
174 252
175 252
177 252
178 252
179 252
181 252
183 252
184 252
188 252
189 252
190 252
196 252
197 252
199 252
200 252
202 252
204 252
205 252
207 252
208 252
210 252
212 252
219 252
221 252
228 252
231 252
232 252
235 252
237 252
240 252
242 252
243 252
246 252
248 252
249 252
1 253
3 253
5 253
6 253
8 253
10 253
11 253
12 253
13 253
14 253
16 253
17 253
18 253
20 253
21 253
23 253
24 253
27 253
28 253
30 253
38 253
39 253
41 253
42 253
51 253
54 253
55 253
58 253
63 253
64 253
68 253
69 253
70 253
71 253
73 253
74 253
75 253
77 253
78 253
81 253
82 253
83 253
84 253
85 253
86 253
87 253
90 253
93 253
96 253
98 253
99 253
101 253
102 253
106 253
107 253
110 253
111 253
114 253
120 253
121 253
122 253
123 253
125 253
126 253
127 253
129 253
131 253
132 253
135 253
136 253
137 253
140 253
142 253
143 253
144 253
145 253
146 253
149 253
153 253
154 253
158 253
160 253
163 253
165 253
166 253
169 253
170 253
171 253
174 253
176 253
178 253
180 253
188 253
192 253
194 253
195 253
196 253
197 253
200 253
203 253
205 253
206 253
207 253
209 253
210 253
211 253
213 253
214 253
217 253
218 253
219 253
222 253
223 253
226 253
230 253
231 253
237 253
238 253
239 253
240 253
241 253
242 253
248 253
250 253
1 254
2 254
3 254
4 254
5 254
9 254
11 254
13 254
15 254
16 254
17 254
20 254
21 254
22 254
24 254
25 254
27 254
42 254
43 254
44 254
47 254
49 254
50 254
51 254
52 254
57 254
58 254
63 254
70 254
75 254
76 254
77 254
81 254
83 254
84 254
85 254
86 254
90 254
91 254
93 254
94 254
95 254
97 254
99 254
104 254
107 254
109 254
110 254
112 254
114 254
124 254
125 254
126 254
128 254
130 254
132 254
133 254
134 254
135 254
136 254
138 254
139 254
140 254
141 254
142 254
144 254
146 254
147 254
148 254
151 254
153 254
154 254
155 254
157 254
159 254
161 254
164 254
168 254
172 254
174 254
175 254
178 254
180 254
182 254
183 254
185 254
187 254
189 254
190 254
194 254
195 254
198 254
204 254
205 254
206 254
208 254
209 254
210 254
211 254
212 254
213 254
214 254
216 254
217 254
218 254
220 254
221 254
224 254
226 254
229 254
230 254
232 254
234 254
235 254
236 254
241 254
242 254
244 254
245 254
246 254
1 255
3 255
4 255
8 255
9 255
12 255
13 255
14 255
15 255
17 255
18 255
19 255
27 255
29 255
33 255
36 255
39 255
42 255
44 255
47 255
48 255
51 255
52 255
54 255
55 255
58 255
59 255
60 255
61 255
65 255
66 255
67 255
70 255
75 255
77 255
81 255
83 255
87 255
88 255
89 255
90 255
91 255
92 255
94 255
95 255
99 255
101 255
102 255
103 255
104 255
106 255
109 255
113 255
114 255
116 255
117 255
118 255
126 255
127 255
130 255
133 255
137 255
138 255
140 255
142 255
143 255
144 255
145 255
147 255
151 255
152 255
153 255
154 255
160 255
162 255
163 255
165 255
166 255
168 255
170 255
175 255
177 255
179 255
181 255
183 255
184 255
185 255
186 255
187 255
191 255
192 255
193 255
197 255
198 255
200 255
201 255
203 255
204 255
205 255
210 255
215 255
217 255
219 255
222 255
223 255
225 255
226 255
227 255
230 255
231 255
232 255
234 255
235 255
237 255
238 255
240 255
241 255
243 255
244 255
245 255
247 255
248 255
249 255
252 255
253 255
254 255
1 256
5 256
9 256
11 256
12 256
15 256
17 256
19 256
22 256
26 256
28 256
29 256
30 256
31 256
35 256
41 256
42 256
44 256
45 256
49 256
53 256
54 256
55 256
56 256
57 256
60 256
63 256
64 256
68 256
71 256
74 256
76 256
77 256
78 256
80 256
81 256
85 256
87 256
89 256
95 256
96 256
99 256
100 256
101 256
102 256
104 256
106 256
107 256
108 256
112 256
113 256
116 256
119 256
121 256
130 256
132 256
133 256
137 256
139 256
140 256
142 256
144 256
145 256
147 256
150 256
153 256
154 256
155 256
157 256
158 256
160 256
161 256
165 256
166 256
167 256
168 256
169 256
170 256
172 256
174 256
175 256
177 256
178 256
179 256
181 256
182 256
184 256
187 256
188 256
191 256
192 256
193 256
194 256
196 256
198 256
199 256
200 256
201 256
209 256
210 256
213 256
214 256
218 256
219 256
220 256
221 256
222 256
224 256
227 256
229 256
233 256
237 256
238 256
240 256
241 256
242 256
243 256
244 256
245 256
246 256
247 256
250 256
251 256
252 256
1 257
2 257
4 257
5 257
6 257
8 257
11 257
23 257
25 257
26 257
28 257
29 257
32 257
34 257
37 257
39 257
40 257
43 257
44 257
47 257
48 257
49 257
51 257
57 257
58 257
62 257
63 257
64 257
65 257
67 257
68 257
74 257
75 257
76 257
77 257
78 257
79 257
80 257
81 257
83 257
87 257
92 257
93 257
95 257
96 257
97 257
98 257
99 257
101 257
105 257
107 257
108 257
109 257
110 257
112 257
117 257
119 257
120 257
123 257
129 257
134 257
135 257
136 257
137 257
139 257
140 257
141 257
143 257
144 257
146 257
148 257
149 257
150 257
158 257
159 257
160 257
161 257
162 257
166 257
168 257
169 257
171 257
173 257
175 257
178 257
180 257
181 257
182 257
183 257
184 257
185 257
186 257
188 257
192 257
193 257
194 257
196 257
197 257
201 257
203 257
209 257
210 257
211 257
214 257
215 257
218 257
219 257
220 257
224 257
227 257
229 257
230 257
231 257
232 257
233 257
234 257
237 257
238 257
240 257
245 257
247 257
248 257
250 257
252 257
254 257
255 257
256 257
1 258
2 258
3 258
5 258
8 258
9 258
11 258
12 258
15 258
16 258
17 258
18 258
19 258
20 258
22 258
27 258
28 258
30 258
34 258
39 258
40 258
42 258
46 258
47 258
52 258
57 258
58 258
59 258
60 258
66 258
68 258
69 258
72 258
73 258
74 258
76 258
77 258
78 258
81 258
82 258
84 258
86 258
88 258
90 258
93 258
98 258
99 258
101 258
104 258
108 258
110 258
111 258
114 258
120 258
123 258
129 258
130 258
131 258
132 258
133 258
139 258
140 258
141 258
144 258
146 258
147 258
149 258
151 258
153 258
155 258
157 258
158 258
164 258
169 258
171 258
175 258
176 258
177 258
189 258
191 258
194 258
195 258
198 258
199 258
201 258
202 258
203 258
204 258
205 258
209 258
210 258
214 258
215 258
217 258
222 258
223 258
224 258
226 258
227 258
230 258
231 258
232 258
235 258
236 258
237 258
238 258
239 258
243 258
245 258
247 258
251 258
253 258
254 258
255 258
256 258
257 258
1 259
2 259
3 259
4 259
5 259
7 259
8 259
10 259
12 259
14 259
16 259
17 259
18 259
19 259
22 259
25 259
29 259
36 259
37 259
42 259
43 259
45 259
46 259
48 259
52 259
53 259
60 259
65 259
67 259
68 259
69 259
70 259
72 259
74 259
77 259
80 259
81 259
82 259
85 259
86 259
87 259
90 259
93 259
97 259
98 259
100 259
101 259
103 259
107 259
109 259
111 259
112 259
113 259
115 259
129 259
130 259
131 259
132 259
133 259
135 259
137 259
138 259
140 259
145 259
147 259
148 259
150 259
152 259
154 259
155 259
158 259
160 259
161 259
163 259
165 259
167 259
168 259
169 259
174 259
176 259
179 259
180 259
181 259
183 259
184 259
185 259
187 259
188 259
189 259
191 259
193 259
196 259
197 259
199 259
204 259
205 259
206 259
210 259
212 259
213 259
214 259
219 259
222 259
223 259
225 259
229 259
230 259
233 259
234 259
236 259
241 259
242 259
243 259
244 259
245 259
253 259
2 260
5 260
7 260
9 260
11 260
12 260
13 260
14 260
16 260
18 260
22 260
27 260
28 260
30 260
32 260
33 260
36 260
40 260
41 260
43 260
45 260
48 260
49 260
54 260
55 260
56 260
58 260
61 260
64 260
65 260
66 260
67 260
71 260
73 260
75 260
77 260
78 260
80 260
81 260
85 260
86 260
88 260
91 260
92 260
93 260
94 260
95 260
96 260
97 260
98 260
101 260
102 260
103 260
104 260
106 260
107 260
109 260
116 260
117 260
119 260
120 260
121 260
129 260
131 260
133 260
135 260
139 260
140 260
141 260
142 260
143 260
144 260
151 260
153 260
156 260
157 260
158 260
164 260
165 260
168 260
172 260
173 260
178 260
180 260
183 260
186 260
187 260
188 260
191 260
192 260
194 260
195 260
197 260
198 260
202 260
203 260
205 260
207 260
208 260
210 260
211 260
212 260
214 260
219 260
225 260
227 260
229 260
231 260
232 260
233 260
234 260
236 260
237 260
238 260
239 260
241 260
242 260
243 260
247 260
251 260
252 260
254 260
257 260
2 261
3 261
7 261
10 261
11 261
12 261
14 261
17 261
20 261
21 261
23 261
24 261
26 261
28 261
30 261
34 261
40 261
41 261
42 261
45 261
49 261
50 261
51 261
52 261
54 261
55 261
56 261
57 261
58 261
59 261
60 261
64 261
65 261
69 261
70 261
74 261
75 261
76 261
77 261
78 261
82 261
83 261
85 261
88 261
89 261
93 261
95 261
97 261
98 261
99 261
100 261
103 261
104 261
106 261
111 261
114 261
116 261
118 261
119 261
121 261
125 261
127 261
128 261
130 261
131 261
133 261
140 261
142 261
147 261
149 261
151 261
155 261
156 261
157 261
159 261
161 261
164 261
167 261
168 261
170 261
173 261
174 261
175 261
176 261
179 261
182 261
185 261
186 261
187 261
188 261
189 261
190 261
195 261
197 261
198 261
199 261
200 261
203 261
204 261
206 261
207 261
210 261
212 261
213 261
214 261
216 261
217 261
220 261
221 261
222 261
226 261
229 261
231 261
233 261
240 261
241 261
242 261
243 261
246 261
248 261
249 261
250 261
252 261
258 261
1 262
2 262
7 262
9 262
10 262
14 262
15 262
16 262
17 262
18 262
19 262
20 262
22 262
23 262
24 262
28 262
30 262
32 262
34 262
37 262
40 262
41 262
42 262
47 262
48 262
49 262
50 262
52 262
53 262
55 262
57 262
58 262
59 262
60 262
62 262
63 262
65 262
68 262
69 262
71 262
72 262
76 262
81 262
83 262
85 262
87 262
89 262
93 262
94 262
95 262
96 262
97 262
98 262
100 262
106 262
108 262
111 262
112 262
128 262
129 262
130 262
132 262
133 262
134 262
135 262
137 262
139 262
142 262
144 262
145 262
146 262
147 262
150 262
151 262
152 262
153 262
155 262
157 262
160 262
161 262
163 262
164 262
166 262
168 262
169 262
172 262
173 262
175 262
177 262
178 262
180 262
183 262
187 262
190 262
191 262
196 262
198 262
199 262
201 262
204 262
205 262
206 262
207 262
208 262
211 262
212 262
214 262
215 262
216 262
217 262
219 262
222 262
223 262
226 262
228 262
233 262
234 262
236 262
237 262
238 262
240 262
242 262
245 262
247 262
249 262
250 262
251 262
256 262
257 262
258 262
259 262
260 262
1 263
4 263
5 263
6 263
7 263
11 263
12 263
20 263
21 263
22 263
23 263
24 263
25 263
29 263
30 263
32 263
35 263
38 263
40 263
43 263
44 263
46 263
49 263
50 263
51 263
54 263
55 263
57 263
58 263
59 263
60 263
61 263
62 263
63 263
72 263
73 263
83 263
84 263
86 263
88 263
89 263
92 263
94 263
96 263
97 263
104 263
107 263
109 263
110 263
114 263
116 263
117 263
118 263
120 263
121 263
122 263
130 263
131 263
134 263
136 263
137 263
140 263
148 263
153 263
154 263
156 263
161 263
162 263
166 263
169 263
172 263
173 263
174 263
176 263
177 263
179 263
180 263
181 263
185 263
186 263
188 263
190 263
200 263
201 263
202 263
205 263
207 263
210 263
212 263
216 263
217 263
218 263
220 263
224 263
225 263
226 263
227 263
228 263
230 263
233 263
234 263
238 263
245 263
247 263
253 263
254 263
255 263
256 263
258 263
262 263
1 264
4 264
6 264
8 264
10 264
12 264
13 264
16 264
18 264
21 264
24 264
25 264
26 264
27 264
30 264
33 264
35 264
36 264
37 264
39 264
42 264
43 264
49 264
50 264
51 264
53 264
54 264
63 264
65 264
68 264
69 264
70 264
71 264
73 264
78 264
79 264
84 264
87 264
89 264
92 264
97 264
98 264
99 264
101 264
103 264
105 264
106 264
108 264
109 264
111 264
113 264
114 264
115 264
120 264
123 264
124 264
133 264
135 264
136 264
145 264
146 264
149 264
152 264
156 264
159 264
162 264
165 264
167 264
168 264
171 264
172 264
173 264
174 264
175 264
177 264
178 264
181 264
182 264
183 264
184 264
186 264
187 264
188 264
195 264
198 264
202 264
203 264
205 264
206 264
209 264
212 264
214 264
215 264
217 264
218 264
222 264
223 264
224 264
227 264
228 264
233 264
235 264
239 264
240 264
242 264
243 264
244 264
251 264
252 264
253 264
254 264
257 264
1 265
4 265
5 265
6 265
10 265
11 265
12 265
14 265
16 265
18 265
19 265
20 265
22 265
23 265
26 265
31 265
32 265
33 265
35 265
36 265
37 265
40 265
42 265
43 265
44 265
47 265
48 265
49 265
50 265
53 265
54 265
55 265
56 265
58 265
59 265
61 265
62 265
63 265
65 265
66 265
67 265
68 265
71 265
72 265
74 265
77 265
78 265
79 265
82 265
83 265
84 265
86 265
88 265
89 265
92 265
99 265
104 265
105 265
106 265
107 265
109 265
112 265
117 265
125 265
126 265
136 265
138 265
139 265
140 265
141 265
143 265
145 265
146 265
147 265
152 265
154 265
157 265
159 265
161 265
163 265
164 265
165 265
166 265
168 265
171 265
173 265
174 265
175 265
176 265
184 265
185 265
188 265
191 265
193 265
194 265
196 265
197 265
198 265
200 265
202 265
203 265
204 265
213 265
215 265
216 265
217 265
218 265
221 265
222 265
224 265
225 265
226 265
227 265
229 265
233 265
235 265
236 265
237 265
240 265
241 265
243 265
245 265
247 265
248 265
249 265
250 265
254 265
257 265
259 265
263 265
264 265
3 266
4 266
6 266
11 266
12 266
15 266
16 266
17 266
21 266
24 266
26 266
27 266
28 266
29 266
31 266
32 266
33 266
34 266
38 266
40 266
41 266
43 266
44 266
45 266
46 266
47 266
49 266
50 266
53 266
54 266
56 266
57 266
58 266
60 266
62 266
63 266
64 266
65 266
68 266
69 266
71 266
73 266
75 266
76 266
80 266
82 266
83 266
85 266
93 266
95 266
99 266
101 266
102 266
103 266
109 266
119 266
120 266
121 266
127 266
128 266
134 266
135 266
139 266
141 266
146 266
147 266
148 266
149 266
150 266
151 266
154 266
155 266
156 266
157 266
161 266
164 266
165 266
168 266
170 266
172 266
173 266
174 266
176 266
181 266
186 266
187 266
190 266
191 266
194 266
195 266
201 266
203 266
204 266
206 266
207 266
209 266
210 266
212 266
213 266
217 266
218 266
219 266
221 266
222 266
224 266
225 266
228 266
230 266
231 266
232 266
234 266
235 266
237 266
238 266
244 266
245 266
246 266
250 266
251 266
255 266
257 266
262 266
263 266
265 266
2 267
4 267
5 267
9 267
11 267
17 267
22 267
26 267
27 267
30 267
35 267
39 267
43 267
44 267
45 267
48 267
50 267
53 267
54 267
55 267
58 267
59 267
60 267
61 267
62 267
63 267
64 267
65 267
66 267
67 267
68 267
70 267
71 267
75 267
76 267
80 267
84 267
86 267
91 267
92 267
93 267
99 267
102 267
103 267
105 267
108 267
109 267
110 267
111 267
112 267
113 267
114 267
118 267
121 267
124 267
138 267
141 267
142 267
143 267
145 267
147 267
148 267
149 267
151 267
156 267
163 267
164 267
167 267
168 267
170 267
171 267
178 267
179 267
183 267
185 267
186 267
193 267
194 267
196 267
197 267
201 267
202 267
204 267
205 267
207 267
209 267
210 267
211 267
212 267
213 267
215 267
217 267
220 267
221 267
222 267
224 267
226 267
227 267
229 267
231 267
233 267
234 267
235 267
236 267
239 267
240 267
242 267
243 267
247 267
250 267
252 267
258 267
260 267
261 267
263 267
264 267
265 267
1 268
2 268
7 268
8 268
9 268
10 268
12 268
15 268
16 268
17 268
19 268
20 268
21 268
23 268
25 268
26 268
28 268
30 268
31 268
35 268
37 268
39 268
41 268
42 268
44 268
47 268
51 268
52 268
53 268
56 268
58 268
61 268
62 268
66 268
68 268
69 268
74 268
76 268
78 268
79 268
81 268
82 268
85 268
88 268
90 268
91 268
98 268
102 268
104 268
105 268
107 268
109 268
111 268
113 268
117 268
118 268
119 268
120 268
125 268
126 268
130 268
135 268
137 268
140 268
142 268
143 268
144 268
145 268
146 268
148 268
149 268
150 268
159 268
163 268
166 268
167 268
168 268
171 268
172 268
178 268
179 268
181 268
183 268
184 268
186 268
190 268
192 268
193 268
194 268
195 268
196 268
200 268
201 268
202 268
203 268
204 268
206 268
207 268
208 268
209 268
210 268
211 268
212 268
214 268
215 268
218 268
219 268
221 268
223 268
225 268
229 268
230 268
235 268
236 268
238 268
241 268
243 268
244 268
245 268
246 268
247 268
251 268
252 268
253 268
257 268
262 268
263 268
264 268
266 268
267 268
2 269
3 269
5 269
6 269
7 269
8 269
10 269
14 269
18 269
19 269
21 269
23 269
30 269
31 269
32 269
36 269
37 269
41 269
43 269
45 269
48 269
54 269
55 269
56 269
57 269
58 269
60 269
63 269
64 269
65 269
68 269
69 269
70 269
71 269
73 269
82 269
83 269
85 269
86 269
87 269
88 269
89 269
90 269
91 269
95 269
96 269
97 269
98 269
102 269
103 269
107 269
110 269
111 269
114 269
115 269
116 269
117 269
118 269
119 269
123 269
129 269
130 269
134 269
140 269
141 269
142 269
145 269
146 269
147 269
148 269
149 269
151 269
153 269
154 269
155 269
157 269
162 269
164 269
168 269
169 269
176 269
179 269
182 269
184 269
186 269
189 269
191 269
194 269
195 269
197 269
203 269
205 269
206 269
209 269
210 269
213 269
214 269
216 269
218 269
220 269
222 269
223 269
224 269
225 269
226 269
228 269
230 269
231 269
236 269
237 269
241 269
243 269
245 269
247 269
249 269
250 269
252 269
254 269
255 269
257 269
260 269
261 269
262 269
264 269
268 269
1 270
2 270
3 270
4 270
5 270
10 270
12 270
19 270
26 270
27 270
29 270
30 270
33 270
34 270
37 270
40 270
43 270
44 270
45 270
47 270
48 270
53 270
55 270
56 270
57 270
59 270
60 270
62 270
63 270
64 270
66 270
67 270
68 270
70 270
71 270
74 270
75 270
77 270
78 270
81 270
82 270
83 270
85 270
87 270
88 270
89 270
90 270
92 270
93 270
97 270
98 270
99 270
101 270
102 270
104 270
105 270
108 270
110 270
112 270
113 270
114 270
115 270
117 270
120 270
121 270
122 270
138 270
139 270
141 270
142 270
145 270
147 270
148 270
152 270
153 270
154 270
156 270
159 270
160 270
162 270
166 270
167 270
168 270
169 270
170 270
171 270
172 270
173 270
174 270
180 270
183 270
184 270
186 270
190 270
191 270
193 270
194 270
199 270
203 270
204 270
205 270
206 270
208 270
213 270
215 270
216 270
217 270
220 270
222 270
224 270
227 270
228 270
229 270
230 270
231 270
232 270
234 270
235 270
236 270
239 270
240 270
241 270
242 270
247 270
250 270
252 270
256 270
257 270
258 270
262 270
266 270
267 270
268 270
1 271
2 271
3 271
4 271
9 271
13 271
18 271
19 271
24 271
29 271
30 271
31 271
32 271
33 271
34 271
37 271
39 271
44 271
46 271
47 271
48 271
50 271
51 271
56 271
57 271
58 271
62 271
65 271
68 271
69 271
70 271
71 271
72 271
73 271
74 271
75 271
77 271
80 271
82 271
83 271
87 271
90 271
91 271
93 271
94 271
95 271
97 271
98 271
102 271
104 271
106 271
107 271
110 271
111 271
117 271
118 271
123 271
125 271
126 271
135 271
138 271
139 271
140 271
141 271
142 271
143 271
145 271
146 271
148 271
149 271
150 271
152 271
157 271
166 271
169 271
175 271
177 271
178 271
180 271
181 271
182 271
183 271
186 271
187 271
188 271
190 271
193 271
194 271
196 271
198 271
200 271
201 271
202 271
209 271
215 271
219 271
220 271
221 271
222 271
223 271
225 271
228 271
229 271
231 271
235 271
237 271
239 271
241 271
244 271
249 271
254 271
257 271
258 271
261 271
262 271
266 271
268 271
1 272
2 272
3 272
4 272
5 272
6 272
9 272
10 272
11 272
12 272
13 272
16 272
17 272
21 272
22 272
23 272
28 272
30 272
33 272
34 272
35 272
36 272
38 272
40 272
41 272
44 272
46 272
47 272
51 272
52 272
53 272
55 272
59 272
61 272
62 272
66 272
72 272
73 272
74 272
79 272
82 272
86 272
88 272
89 272
91 272
92 272
94 272
95 272
96 272
98 272
100 272
102 272
103 272
105 272
106 272
107 272
109 272
110 272
111 272
112 272
118 272
124 272
125 272
127 272
137 272
138 272
140 272
141 272
142 272
144 272
145 272
146 272
150 272
157 272
158 272
161 272
162 272
163 272
164 272
168 272
169 272
175 272
178 272
179 272
180 272
182 272
186 272
188 272
190 272
191 272
192 272
193 272
194 272
196 272
197 272
200 272
201 272
204 272
207 272
209 272
211 272
214 272
215 272
217 272
221 272
224 272
227 272
228 272
231 272
232 272
236 272
237 272
241 272
242 272
247 272
254 272
255 272
256 272
258 272
263 272
264 272
265 272
266 272
267 272
270 272
271 272
1 273
2 273
3 273
6 273
9 273
10 273
11 273
12 273
17 273
19 273
20 273
22 273
24 273
25 273
26 273
28 273
32 273
35 273
37 273
41 273
42 273
45 273
46 273
47 273
51 273
52 273
54 273
56 273
58 273
60 273
61 273
63 273
65 273
66 273
69 273
70 273
71 273
74 273
77 273
80 273
82 273
83 273
91 273
94 273
95 273
97 273
98 273
104 273
106 273
107 273
109 273
110 273
114 273
120 273
123 273
125 273
126 273
129 273
140 273
149 273
154 273
156 273
157 273
159 273
160 273
161 273
164 273
166 273
167 273
168 273
170 273
173 273
175 273
178 273
179 273
180 273
182 273
184 273
187 273
190 273
191 273
194 273
196 273
197 273
198 273
199 273
202 273
203 273
205 273
206 273
209 273
211 273
213 273
214 273
217 273
218 273
219 273
222 273
224 273
225 273
226 273
227 273
228 273
229 273
234 273
235 273
239 273
240 273
241 273
243 273
246 273
248 273
249 273
252 273
254 273
255 273
259 273
260 273
262 273
268 273
269 273
2 274
7 274
8 274
14 274
15 274
16 274
17 274
18 274
19 274
20 274
22 274
23 274
26 274
27 274
30 274
32 274
33 274
36 274
41 274
42 274
43 274
44 274
45 274
46 274
47 274
48 274
49 274
59 274
60 274
61 274
62 274
64 274
70 274
72 274
75 274
77 274
79 274
80 274
81 274
84 274
85 274
87 274
88 274
93 274
94 274
97 274
101 274
102 274
103 274
104 274
105 274
106 274
108 274
113 274
114 274
115 274
116 274
119 274
121 274
122 274
125 274
126 274
127 274
128 274
130 274
131 274
139 274
140 274
141 274
144 274
145 274
147 274
149 274
150 274
151 274
152 274
153 274
154 274
157 274
158 274
159 274
160 274
164 274
166 274
168 274
171 274
172 274
180 274
181 274
185 274
186 274
189 274
190 274
192 274
194 274
196 274
197 274
198 274
201 274
205 274
206 274
208 274
209 274
210 274
211 274
216 274
218 274
219 274
224 274
225 274
227 274
228 274
229 274
231 274
236 274
237 274
239 274
240 274
242 274
247 274
248 274
249 274
251 274
255 274
256 274
259 274
262 274
270 274
271 274
272 274
2 275
3 275
4 275
6 275
7 275
9 275
10 275
12 275
13 275
14 275
16 275
20 275
21 275
24 275
25 275
26 275
29 275
30 275
31 275
32 275
35 275
36 275
37 275
38 275
39 275
42 275
43 275
44 275
47 275
48 275
52 275
54 275
56 275
57 275
63 275
64 275
65 275
67 275
70 275
71 275
72 275
73 275
76 275
77 275
78 275
79 275
81 275
82 275
83 275
84 275
86 275
87 275
88 275
91 275
96 275
102 275
103 275
107 275
108 275
109 275
111 275
113 275
117 275
118 275
121 275
122 275
123 275
124 275
126 275
127 275
128 275
130 275
136 275
137 275
139 275
141 275
142 275
143 275
144 275
146 275
152 275
155 275
157 275
158 275
159 275
160 275
161 275
165 275
166 275
167 275
170 275
171 275
173 275
175 275
177 275
181 275
184 275
187 275
189 275
191 275
192 275
193 275
194 275
196 275
198 275
199 275
201 275
205 275
207 275
208 275
212 275
213 275
214 275
216 275
218 275
219 275
220 275
221 275
222 275
223 275
224 275
225 275
226 275
230 275
231 275
233 275
234 275
235 275
244 275
246 275
247 275
250 275
252 275
259 275
260 275
261 275
263 275
264 275
265 275
267 275
268 275
269 275
271 275
272 275
1 276
2 276
3 276
7 276
13 276
14 276
15 276
16 276
17 276
20 276
24 276
25 276
27 276
28 276
29 276
30 276
31 276
37 276
40 276
41 276
45 276
46 276
49 276
51 276
52 276
53 276
54 276
57 276
61 276
62 276
65 276
67 276
69 276
71 276
72 276
75 276
78 276
82 276
90 276
92 276
95 276
98 276
100 276
101 276
105 276
107 276
108 276
113 276
115 276
117 276
119 276
123 276
126 276
129 276
134 276
136 276
137 276
138 276
139 276
141 276
144 276
145 276
148 276
150 276
155 276
156 276
158 276
160 276
166 276
169 276
173 276
176 276
178 276
180 276
181 276
182 276
183 276
184 276
192 276
193 276
194 276
195 276
198 276
199 276
200 276
202 276
206 276
207 276
210 276
211 276
212 276
216 276
218 276
220 276
221 276
222 276
226 276
228 276
231 276
232 276
234 276
236 276
238 276
240 276
242 276
243 276
244 276
246 276
251 276
252 276
254 276
255 276
256 276
258 276
264 276
266 276
267 276
268 276
269 276
273 276
274 276
5 277
7 277
8 277
10 277
15 277
17 277
20 277
22 277
23 277
26 277
28 277
29 277
31 277
32 277
33 277
39 277
40 277
43 277
53 277
54 277
55 277
56 277
57 277
63 277
64 277
65 277
67 277
68 277
71 277
72 277
73 277
76 277
77 277
78 277
80 277
81 277
84 277
85 277
86 277
92 277
94 277
97 277
98 277
99 277
102 277
106 277
107 277
111 277
114 277
115 277
116 277
117 277
119 277
120 277
122 277
123 277
124 277
129 277
134 277
135 277
136 277
138 277
139 277
144 277
145 277
146 277
147 277
151 277
153 277
155 277
157 277
159 277
160 277
161 277
163 277
164 277
167 277
170 277
171 277
174 277
175 277
176 277
180 277
182 277
185 277
186 277
187 277
188 277
190 277
191 277
195 277
200 277
203 277
206 277
211 277
212 277
214 277
218 277
220 277
221 277
222 277
223 277
224 277
225 277
228 277
229 277
230 277
231 277
232 277
233 277
234 277
242 277
243 277
244 277
247 277
249 277
250 277
253 277
254 277
255 277
260 277
261 277
263 277
270 277
271 277
272 277
274 277
275 277
276 277
5 278
6 278
7 278
9 278
12 278
18 278
22 278
23 278
24 278
26 278
29 278
30 278
32 278
33 278
35 278
36 278
39 278
41 278
45 278
46 278
47 278
50 278
51 278
52 278
56 278
59 278
62 278
65 278
66 278
67 278
69 278
70 278
72 278
74 278
76 278
78 278
86 278
92 278
93 278
95 278
96 278
97 278
100 278
101 278
102 278
103 278
104 278
106 278
107 278
109 278
110 278
112 278
113 278
114 278
116 278
117 278
120 278
124 278
125 278
126 278
135 278
139 278
144 278
148 278
153 278
158 278
159 278
162 278
163 278
170 278
172 278
174 278
175 278
176 278
178 278
182 278
183 278
185 278
187 278
188 278
190 278
195 278
198 278
199 278
204 278
205 278
206 278
207 278
208 278
209 278
210 278
211 278
214 278
218 278
219 278
222 278
226 278
229 278
232 278
233 278
237 278
238 278
240 278
242 278
248 278
249 278
252 278
257 278
258 278
259 278
260 278
262 278
263 278
264 278
265 278
266 278
267 278
268 278
269 278
270 278
273 278
275 278
1 279
7 279
11 279
12 279
13 279
14 279
15 279
20 279
22 279
24 279
25 279
30 279
33 279
37 279
38 279
39 279
41 279
42 279
43 279
44 279
46 279
49 279
51 279
52 279
55 279
56 279
57 279
60 279
61 279
62 279
63 279
65 279
66 279
67 279
73 279
74 279
77 279
79 279
81 279
82 279
83 279
84 279
87 279
89 279
92 279
93 279
99 279
100 279
103 279
105 279
106 279
112 279
113 279
115 279
116 279
117 279
121 279
124 279
125 279
127 279
128 279
139 279
140 279
141 279
147 279
148 279
149 279
150 279
152 279
153 279
156 279
159 279
160 279
164 279
166 279
171 279
173 279
174 279
179 279
180 279
182 279
184 279
185 279
186 279
189 279
191 279
193 279
194 279
197 279
198 279
199 279
200 279
201 279
206 279
210 279
211 279
212 279
213 279
214 279
218 279
221 279
225 279
226 279
227 279
231 279
232 279
234 279
237 279
239 279
240 279
247 279
251 279
253 279
254 279
256 279
259 279
260 279
261 279
263 279
266 279
268 279
269 279
270 279
272 279
273 279
275 279
4 280
6 280
7 280
9 280
10 280
11 280
12 280
13 280
14 280
15 280
17 280
18 280
20 280
23 280
25 280
28 280
31 280
33 280
36 280
37 280
40 280
41 280
42 280
44 280
47 280
51 280
52 280
53 280
55 280
56 280
57 280
60 280
62 280
63 280
65 280
66 280
67 280
68 280
69 280
72 280
75 280
76 280
78 280
81 280
83 280
84 280
86 280
88 280
89 280
92 280
95 280
100 280
101 280
103 280
107 280
108 280
110 280
113 280
115 280
116 280
118 280
119 280
120 280
122 280
124 280
125 280
126 280
128 280
132 280
133 280
140 280
141 280
143 280
144 280
146 280
147 280
150 280
152 280
153 280
154 280
155 280
158 280
159 280
166 280
167 280
170 280
171 280
173 280
174 280
175 280
176 280
178 280
179 280
181 280
183 280
185 280
188 280
192 280
193 280
194 280
196 280
203 280
204 280
205 280
206 280
210 280
212 280
216 280
217 280
218 280
219 280
226 280
227 280
229 280
232 280
233 280
234 280
235 280
236 280
238 280
242 280
245 280
246 280
248 280
250 280
252 280
253 280
254 280
257 280
258 280
261 280
265 280
266 280
268 280
269 280
272 280
276 280
279 280
3 281
4 281
7 281
11 281
13 281
14 281
15 281
21 281
24 281
25 281
26 281
30 281
37 281
38 281
40 281
41 281
44 281
46 281
47 281
48 281
49 281
50 281
55 281
56 281
57 281
58 281
60 281
62 281
63 281
65 281
66 281
68 281
71 281
73 281
77 281
79 281
80 281
82 281
83 281
84 281
88 281
89 281
100 281
103 281
104 281
107 281
108 281
110 281
111 281
112 281
114 281
118 281
121 281
123 281
124 281
126 281
127 281
129 281
133 281
141 281
144 281
145 281
148 281
149 281
150 281
157 281
158 281
161 281
163 281
164 281
166 281
167 281
169 281
170 281
171 281
176 281
178 281
181 281
182 281
186 281
187 281
188 281
189 281
190 281
191 281
192 281
193 281
194 281
197 281
198 281
199 281
203 281
204 281
205 281
206 281
209 281
211 281
217 281
221 281
222 281
223 281
224 281
225 281
226 281
227 281
230 281
233 281
237 281
238 281
239 281
240 281
242 281
243 281
244 281
246 281
247 281
251 281
253 281
256 281
257 281
258 281
259 281
263 281
265 281
266 281
269 281
270 281
272 281
274 281
275 281
277 281
278 281
280 281
2 282
7 282
8 282
9 282
13 282
16 282
18 282
19 282
22 282
26 282
35 282
38 282
41 282
42 282
48 282
50 282
54 282
55 282
56 282
57 282
59 282
60 282
65 282
73 282
75 282
77 282
79 282
82 282
84 282
85 282
87 282
88 282
89 282
90 282
92 282
93 282
96 282
98 282
99 282
100 282
101 282
104 282
105 282
107 282
108 282
109 282
111 282
113 282
114 282
117 282
118 282
119 282
120 282
121 282
122 282
125 282
129 282
130 282
132 282
133 282
134 282
135 282
141 282
144 282
146 282
150 282
151 282
152 282
153 282
154 282
155 282
156 282
163 282
169 282
170 282
171 282
172 282
173 282
175 282
176 282
179 282
180 282
181 282
183 282
186 282
190 282
193 282
194 282
196 282
197 282
198 282
199 282
200 282
201 282
209 282
210 282
213 282
215 282
219 282
220 282
227 282
229 282
235 282
236 282
240 282
243 282
247 282
248 282
251 282
253 282
257 282
259 282
261 282
265 282
268 282
271 282
278 282
281 282
1 283
2 283
4 283
9 283
10 283
12 283
13 283
14 283
18 283
19 283
20 283
22 283
23 283
26 283
30 283
32 283
33 283
35 283
41 283
42 283
45 283
46 283
48 283
52 283
53 283
54 283
58 283
59 283
60 283
61 283
62 283
71 283
72 283
73 283
76 283
77 283
79 283
81 283
84 283
88 283
91 283
93 283
95 283
96 283
99 283
100 283
101 283
102 283
103 283
105 283
115 283
116 283
117 283
120 283
121 283
122 283
123 283
124 283
125 283
127 283
129 283
131 283
132 283
134 283
143 283
146 283
148 283
150 283
151 283
153 283
155 283
156 283
157 283
159 283
162 283
163 283
164 283
169 283
171 283
172 283
173 283
175 283
177 283
178 283
180 283
184 283
193 283
196 283
198 283
205 283
206 283
207 283
208 283
209 283
210 283
211 283
216 283
219 283
220 283
221 283
222 283
223 283
225 283
229 283
232 283
233 283
234 283
236 283
237 283
238 283
239 283
240 283
241 283
242 283
244 283
247 283
248 283
249 283
259 283
260 283
262 283
265 283
266 283
267 283
268 283
270 283
272 283
273 283
275 283
278 283
279 283
280 283
281 283
3 284
4 284
8 284
9 284
10 284
11 284
12 284
18 284
21 284
24 284
27 284
28 284
29 284
32 284
34 284
38 284
39 284
41 284
42 284
43 284
46 284
49 284
50 284
53 284
54 284
55 284
58 284
59 284
60 284
61 284
62 284
67 284
71 284
73 284
74 284
75 284
76 284
78 284
79 284
80 284
85 284
86 284
87 284
88 284
90 284
91 284
92 284
95 284
98 284
99 284
100 284
105 284
106 284
107 284
109 284
110 284
111 284
112 284
113 284
114 284
120 284
125 284
127 284
128 284
129 284
131 284
132 284
133 284
139 284
141 284
145 284
147 284
148 284
161 284
162 284
165 284
167 284
171 284
172 284
174 284
175 284
178 284
187 284
190 284
191 284
193 284
194 284
196 284
197 284
199 284
202 284
203 284
204 284
212 284
214 284
217 284
218 284
221 284
222 284
224 284
226 284
231 284
232 284
233 284
234 284
236 284
242 284
248 284
251 284
256 284
257 284
258 284
260 284
263 284
267 284
269 284
272 284
274 284
275 284
276 284
280 284
282 284
283 284
1 285
2 285
4 285
6 285
7 285
8 285
9 285
10 285
11 285
12 285
16 285
17 285
18 285
21 285
22 285
25 285
26 285
27 285
28 285
29 285
37 285
39 285
43 285
45 285
49 285
50 285
52 285
53 285
55 285
58 285
62 285
64 285
65 285
66 285
67 285
70 285
71 285
72 285
76 285
78 285
80 285
81 285
84 285
85 285
87 285
88 285
90 285
93 285
95 285
105 285
112 285
115 285
117 285
119 285
120 285
121 285
122 285
123 285
125 285
126 285
129 285
130 285
131 285
132 285
133 285
136 285
138 285
141 285
142 285
145 285
150 285
155 285
156 285
157 285
160 285
161 285
162 285
165 285
168 285
169 285
172 285
173 285
175 285
178 285
180 285
181 285
184 285
185 285
187 285
188 285
190 285
191 285
192 285
193 285
194 285
196 285
198 285
199 285
200 285
203 285
204 285
208 285
211 285
213 285
214 285
215 285
217 285
219 285
221 285
222 285
223 285
224 285
225 285
226 285
229 285
231 285
232 285
233 285
234 285
236 285
237 285
238 285
242 285
243 285
247 285
249 285
252 285
253 285
254 285
258 285
259 285
261 285
263 285
264 285
265 285
267 285
270 285
274 285
277 285
279 285
280 285
283 285
284 285
1 286
3 286
6 286
7 286
8 286
9 286
10 286
12 286
14 286
15 286
16 286
18 286
21 286
22 286
23 286
30 286
33 286
34 286
35 286
36 286
37 286
39 286
40 286
41 286
42 286
43 286
44 286
45 286
46 286
48 286
49 286
59 286
60 286
61 286
63 286
64 286
65 286
66 286
67 286
70 286
71 286
73 286
74 286
79 286
81 286
82 286
87 286
93 286
94 286
99 286
106 286
108 286
111 286
113 286
117 286
119 286
120 286
121 286
123 286
124 286
127 286
146 286
147 286
152 286
154 286
157 286
158 286
160 286
161 286
162 286
164 286
166 286
167 286
170 286
174 286
177 286
179 286
183 286
186 286
187 286
189 286
192 286
194 286
198 286
199 286
202 286
207 286
209 286
210 286
215 286
216 286
217 286
218 286
220 286
221 286
223 286
224 286
225 286
227 286
228 286
229 286
230 286
231 286
236 286
237 286
240 286
241 286
243 286
246 286
247 286
248 286
249 286
250 286
251 286
252 286
255 286
257 286
258 286
259 286
261 286
262 286
263 286
267 286
268 286
274 286
275 286
276 286
277 286
281 286
283 286
284 286
1 287
2 287
4 287
6 287
8 287
10 287
11 287
14 287
18 287
22 287
23 287
24 287
25 287
26 287
30 287
32 287
33 287
35 287
36 287
40 287
41 287
42 287
47 287
51 287
57 287
58 287
59 287
60 287
61 287
62 287
65 287
69 287
71 287
72 287
73 287
81 287
85 287
86 287
87 287
89 287
90 287
92 287
93 287
94 287
96 287
97 287
99 287
102 287
104 287
107 287
109 287
110 287
116 287
117 287
119 287
121 287
122 287
123 287
126 287
127 287
130 287
132 287
133 287
144 287
145 287
146 287
149 287
150 287
151 287
153 287
154 287
155 287
156 287
157 287
158 287
160 287
162 287
167 287
171 287
172 287
174 287
178 287
180 287
181 287
184 287
187 287
188 287
190 287
193 287
197 287
198 287
200 287
201 287
202 287
203 287
205 287
206 287
207 287
210 287
212 287
213 287
217 287
219 287
220 287
221 287
222 287
223 287
224 287
225 287
226 287
227 287
228 287
232 287
234 287
236 287
238 287
251 287
252 287
254 287
256 287
258 287
259 287
264 287
268 287
269 287
271 287
273 287
276 287
277 287
279 287
282 287
284 287
3 288
8 288
10 288
15 288
18 288
20 288
22 288
25 288
26 288
30 288
31 288
32 288
33 288
35 288
36 288
38 288
39 288
40 288
41 288
44 288
45 288
48 288
49 288
50 288
53 288
54 288
56 288
57 288
59 288
60 288
62 288
63 288
64 288
66 288
67 288
71 288
76 288
78 288
81 288
82 288
83 288
84 288
86 288
87 288
90 288
91 288
92 288
94 288
95 288
96 288
97 288
98 288
99 288
103 288
104 288
105 288
106 288
107 288
108 288
109 288
110 288
111 288
113 288
114 288
116 288
117 288
119 288
124 288
126 288
127 288
128 288
129 288
134 288
135 288
137 288
145 288
150 288
153 288
165 288
166 288
167 288
170 288
172 288
173 288
174 288
177 288
180 288
181 288
182 288
188 288
189 288
192 288
194 288
198 288
200 288
201 288
202 288
204 288
205 288
207 288
209 288
216 288
218 288
219 288
224 288
228 288
229 288
230 288
233 288
234 288
235 288
238 288
243 288
247 288
251 288
253 288
255 288
258 288
266 288
267 288
269 288
271 288
272 288
273 288
274 288
276 288
279 288
280 288
282 288
283 288
2 289
4 289
6 289
8 289
11 289
12 289
13 289
15 289
17 289
20 289
21 289
25 289
26 289
29 289
31 289
35 289
37 289
41 289
43 289
44 289
45 289
46 289
47 289
50 289
53 289
54 289
55 289
57 289
58 289
62 289
63 289
67 289
68 289
69 289
71 289
76 289
77 289
78 289
79 289
80 289
81 289
84 289
85 289
88 289
89 289
91 289
94 289
95 289
97 289
100 289
101 289
102 289
103 289
104 289
109 289
112 289
113 289
114 289
115 289
116 289
117 289
118 289
120 289
123 289
127 289
128 289
129 289
130 289
131 289
132 289
133 289
134 289
139 289
145 289
147 289
149 289
153 289
154 289
156 289
158 289
159 289
162 289
165 289
166 289
169 289
171 289
172 289
176 289
179 289
180 289
181 289
182 289
183 289
184 289
186 289
188 289
190 289
191 289
195 289
196 289
202 289
204 289
206 289
207 289
208 289
209 289
210 289
215 289
216 289
217 289
219 289
224 289
225 289
230 289
232 289
233 289
237 289
243 289
244 289
248 289
252 289
253 289
254 289
258 289
259 289
261 289
266 289
267 289
269 289
271 289
272 289
273 289
274 289
277 289
279 289
280 289
286 289
287 289
288 289
3 290
8 290
14 290
16 290
17 290
19 290
22 290
23 290
25 290
27 290
29 290
31 290
32 290
36 290
39 290
40 290
42 290
45 290
46 290
47 290
48 290
49 290
52 290
53 290
56 290
59 290
65 290
66 290
67 290
75 290
77 290
79 290
80 290
81 290
83 290
85 290
86 290
87 290
88 290
89 290
91 290
93 290
95 290
97 290
98 290
100 290
102 290
111 290
112 290
115 290
117 290
119 290
122 290
123 290
125 290
127 290
128 290
130 290
133 290
135 290
136 290
137 290
140 290
146 290
147 290
151 290
155 290
156 290
157 290
162 290
164 290
167 290
169 290
170 290
171 290
172 290
173 290
176 290
177 290
179 290
180 290
185 290
187 290
190 290
192 290
193 290
194 290
195 290
196 290
200 290
202 290
203 290
205 290
206 290
207 290
210 290
217 290
224 290
225 290
227 290
228 290
230 290
231 290
235 290
237 290
239 290
240 290
241 290
242 290
247 290
248 290
252 290
253 290
254 290
255 290
256 290
257 290
262 290
264 290
268 290
270 290
271 290
273 290
276 290
277 290
278 290
280 290
283 290
284 290
286 290
288 290
289 290
1 291
2 291
4 291
9 291
11 291
13 291
14 291
15 291
19 291
21 291
23 291
25 291
31 291
36 291
37 291
47 291
48 291
49 291
50 291
56 291
58 291
59 291
61 291
62 291
64 291
65 291
72 291
73 291
74 291
75 291
76 291
77 291
78 291
83 291
84 291
85 291
88 291
89 291
93 291
95 291
98 291
102 291
103 291
104 291
105 291
110 291
111 291
112 291
114 291
119 291
120 291
122 291
124 291
126 291
127 291
129 291
131 291
133 291
136 291
138 291
140 291
144 291
148 291
150 291
153 291
155 291
156 291
157 291
159 291
160 291
161 291
163 291
164 291
170 291
172 291
174 291
177 291
179 291
180 291
181 291
182 291
183 291
184 291
185 291
188 291
189 291
190 291
193 291
194 291
197 291
199 291
203 291
204 291
205 291
207 291
208 291
210 291
212 291
213 291
214 291
217 291
218 291
220 291
223 291
224 291
226 291
227 291
228 291
230 291
231 291
234 291
235 291
239 291
241 291
244 291
245 291
246 291
248 291
249 291
251 291
252 291
254 291
258 291
265 291
267 291
269 291
271 291
274 291
276 291
277 291
279 291
281 291
282 291
283 291
284 291
287 291
289 291
2 292
4 292
5 292
6 292
11 292
15 292
19 292
24 292
25 292
26 292
28 292
30 292
31 292
32 292
34 292
36 292
37 292
40 292
41 292
47 292
52 292
53 292
54 292
56 292
57 292
59 292
60 292
61 292
64 292
65 292
66 292
73 292
76 292
80 292
82 292
84 292
85 292
86 292
87 292
89 292
92 292
93 292
99 292
100 292
102 292
105 292
107 292
108 292
109 292
110 292
112 292
113 292
115 292
116 292
117 292
121 292
122 292
123 292
124 292
126 292
127 292
132 292
134 292
135 292
143 292
144 292
150 292
152 292
156 292
157 292
160 292
164 292
165 292
169 292
170 292
171 292
172 292
173 292
177 292
178 292
180 292
181 292
183 292
184 292
187 292
188 292
189 292
190 292
193 292
197 292
198 292
202 292
208 292
209 292
211 292
213 292
219 292
220 292
221 292
222 292
224 292
226 292
227 292
228 292
230 292
233 292
236 292
237 292
242 292
244 292
246 292
248 292
250 292
252 292
253 292
255 292
259 292
260 292
266 292
268 292
270 292
271 292
274 292
277 292
278 292
279 292
281 292
282 292
287 292
288 292
4 293
8 293
9 293
13 293
14 293
15 293
16 293
23 293
24 293
27 293
31 293
32 293
33 293
36 293
39 293
40 293
41 293
42 293
45 293
46 293
47 293
48 293
49 293
51 293
54 293
55 293
56 293
57 293
58 293
60 293
64 293
65 293
67 293
68 293
72 293
73 293
75 293
78 293
79 293
81 293
84 293
87 293
88 293
90 293
92 293
93 293
94 293
96 293
98 293
99 293
100 293
101 293
104 293
108 293
110 293
111 293
114 293
115 293
117 293
118 293
119 293
120 293
126 293
127 293
128 293
130 293
131 293
132 293
134 293
135 293
136 293
139 293
140 293
142 293
143 293
144 293
145 293
146 293
152 293
153 293
154 293
158 293
159 293
162 293
163 293
164 293
165 293
169 293
171 293
172 293
173 293
176 293
177 293
178 293
179 293
181 293
183 293
186 293
188 293
189 293
190 293
191 293
192 293
195 293
196 293
197 293
198 293
199 293
200 293
201 293
202 293
203 293
206 293
209 293
211 293
214 293
216 293
217 293
223 293
224 293
225 293
226 293
229 293
232 293
233 293
234 293
236 293
237 293
239 293
241 293
246 293
247 293
250 293
251 293
256 293
258 293
259 293
260 293
262 293
263 293
266 293
269 293
272 293
275 293
276 293
278 293
285 293
286 293
290 293
292 293
1 294
6 294
7 294
9 294
10 294
11 294
12 294
13 294
14 294
17 294
18 294
23 294
26 294
31 294
32 294
33 294
34 294
38 294
40 294
41 294
44 294
45 294
47 294
48 294
50 294
51 294
52 294
53 294
54 294
58 294
60 294
61 294
66 294
67 294
68 294
69 294
72 294
73 294
74 294
76 294
77 294
79 294
80 294
81 294
83 294
84 294
85 294
86 294
87 294
90 294
93 294
95 294
96 294
98 294
101 294
102 294
104 294
106 294
107 294
108 294
109 294
110 294
115 294
116 294
117 294
118 294
121 294
123 294
125 294
126 294
127 294
128 294
130 294
134 294
143 294
144 294
146 294
151 294
152 294
153 294
156 294
157 294
158 294
159 294
160 294
162 294
165 294
166 294
167 294
169 294
171 294
172 294
173 294
175 294
177 294
179 294
183 294
185 294
187 294
188 294
191 294
192 294
193 294
194 294
196 294
197 294
199 294
200 294
202 294
205 294
207 294
208 294
213 294
215 294
217 294
220 294
222 294
223 294
225 294
233 294
235 294
237 294
239 294
240 294
242 294
243 294
244 294
245 294
252 294
253 294
256 294
257 294
262 294
263 294
264 294
265 294
266 294
267 294
276 294
277 294
278 294
279 294
284 294
286 294
287 294
291 294
1 295
2 295
4 295
7 295
12 295
15 295
16 295
17 295
20 295
21 295
29 295
30 295
32 295
34 295
36 295
37 295
38 295
40 295
41 295
44 295
48 295
49 295
50 295
52 295
58 295
60 295
61 295
63 295
64 295
67 295
68 295
70 295
73 295
74 295
75 295
76 295
78 295
79 295
82 295
83 295
85 295
86 295
87 295
89 295
91 295
96 295
98 295
99 295
103 295
105 295
106 295
107 295
111 295
113 295
115 295
116 295
117 295
118 295
120 295
121 295
122 295
124 295
125 295
128 295
129 295
135 295
136 295
138 295
146 295
149 295
150 295
152 295
153 295
155 295
158 295
159 295
161 295
165 295
167 295
171 295
174 295
175 295
176 295
179 295
180 295
182 295
183 295
185 295
186 295
191 295
194 295
195 295
196 295
198 295
199 295
202 295
203 295
207 295
208 295
211 295
213 295
215 295
216 295
217 295
218 295
219 295
222 295
223 295
224 295
229 295
230 295
236 295
237 295
239 295
240 295
243 295
247 295
248 295
249 295
250 295
254 295
255 295
256 295
258 295
263 295
265 295
269 295
276 295
279 295
286 295
287 295
288 295
289 295
290 295
293 295
294 295
1 296
2 296
3 296
4 296
5 296
7 296
8 296
12 296
17 296
21 296
22 296
24 296
25 296
27 296
28 296
30 296
31 296
36 296
38 296
39 296
41 296
45 296
48 296
50 296
52 296
54 296
55 296
56 296
59 296
60 296
61 296
62 296
63 296
64 296
67 296
68 296
69 296
72 296
77 296
79 296
80 296
85 296
86 296
87 296
88 296
89 296
90 296
93 296
94 296
98 296
102 296
104 296
105 296
107 296
109 296
110 296
111 296
113 296
119 296
122 296
125 296
127 296
129 296
130 296
131 296
132 296
133 296
134 296
135 296
136 296
138 296
141 296
148 296
149 296
152 296
154 296
156 296
158 296
159 296
160 296
161 296
164 296
165 296
166 296
167 296
168 296
171 296
174 296
175 296
176 296
181 296
187 296
189 296
190 296
191 296
192 296
198 296
199 296
201 296
203 296
205 296
206 296
207 296
208 296
209 296
210 296
211 296
212 296
216 296
218 296
221 296
226 296
227 296
232 296
235 296
238 296
242 296
245 296
247 296
248 296
249 296
252 296
254 296
257 296
260 296
261 296
263 296
264 296
266 296
267 296
268 296
269 296
270 296
272 296
273 296
276 296
278 296
280 296
281 296
282 296
284 296
286 296
287 296
289 296
293 296
2 297
3 297
7 297
8 297
9 297
12 297
14 297
15 297
16 297
18 297
21 297
24 297
27 297
28 297
29 297
30 297
31 297
32 297
33 297
34 297
38 297
40 297
41 297
43 297
46 297
47 297
50 297
51 297
54 297
55 297
57 297
58 297
59 297
61 297
63 297
66 297
69 297
72 297
75 297
78 297
80 297
84 297
85 297
86 297
87 297
93 297
94 297
95 297
96 297
99 297
101 297
103 297
104 297
106 297
107 297
114 297
117 297
118 297
121 297
126 297
127 297
133 297
138 297
139 297
142 297
143 297
149 297
150 297
154 297
156 297
158 297
160 297
161 297
162 297
164 297
165 297
166 297
167 297
173 297
177 297
178 297
180 297
181 297
184 297
185 297
187 297
188 297
189 297
190 297
196 297
197 297
201 297
202 297
204 297
213 297
215 297
216 297
217 297
220 297
224 297
225 297
231 297
233 297
239 297
240 297
242 297
244 297
246 297
247 297
248 297
249 297
250 297
252 297
254 297
262 297
264 297
267 297
268 297
269 297
271 297
273 297
274 297
277 297
282 297
284 297
285 297
287 297
288 297
290 297
291 297
293 297
1 298
2 298
3 298
5 298
7 298
8 298
9 298
12 298
13 298
14 298
18 298
20 298
22 298
23 298
24 298
26 298
31 298
33 298
34 298
35 298
36 298
45 298
46 298
47 298
48 298
50 298
51 298
52 298
54 298
57 298
58 298
60 298
61 298
63 298
65 298
68 298
69 298
71 298
72 298
73 298
76 298
82 298
83 298
86 298
92 298
93 298
95 298
98 298
100 298
101 298
102 298
104 298
106 298
107 298
108 298
111 298
112 298
114 298
118 298
120 298
121 298
122 298
124 298
127 298
128 298
130 298
134 298
137 298
138 298
141 298
144 298
149 298
150 298
151 298
152 298
154 298
155 298
156 298
157 298
158 298
159 298
160 298
162 298
163 298
165 298
166 298
169 298
170 298
171 298
174 298
175 298
178 298
182 298
183 298
184 298
186 298
187 298
188 298
190 298
193 298
196 298
199 298
201 298
205 298
206 298
207 298
208 298
209 298
211 298
213 298
216 298
220 298
222 298
223 298
224 298
225 298
227 298
228 298
229 298
233 298
234 298
235 298
237 298
239 298
240 298
241 298
242 298
245 298
248 298
250 298
252 298
255 298
257 298
258 298
259 298
266 298
268 298
271 298
274 298
275 298
277 298
278 298
280 298
282 298
283 298
285 298
286 298
288 298
289 298
294 298
7 299
8 299
12 299
15 299
18 299
19 299
24 299
25 299
32 299
36 299
38 299
39 299
41 299
42 299
46 299
48 299
50 299
52 299
53 299
54 299
55 299
57 299
60 299
62 299
63 299
68 299
72 299
74 299
75 299
76 299
78 299
79 299
84 299
85 299
86 299
89 299
91 299
93 299
94 299
95 299
96 299
98 299
101 299
103 299
104 299
110 299
113 299
114 299
115 299
116 299
118 299
125 299
128 299
132 299
134 299
136 299
144 299
149 299
154 299
161 299
169 299
173 299
174 299
176 299
177 299
181 299
182 299
186 299
187 299
191 299
192 299
194 299
195 299
196 299
197 299
198 299
207 299
208 299
209 299
210 299
213 299
216 299
217 299
221 299
222 299
223 299
224 299
226 299
228 299
229 299
231 299
232 299
233 299
234 299
237 299
239 299
242 299
248 299
249 299
251 299
252 299
253 299
254 299
255 299
256 299
258 299
259 299
261 299
263 299
264 299
265 299
268 299
270 299
271 299
273 299
274 299
275 299
276 299
278 299
279 299
288 299
289 299
290 299
293 299
294 299
295 299
298 299
1 300
2 300
6 300
10 300
11 300
12 300
14 300
15 300
18 300
25 300
29 300
36 300
37 300
40 300
41 300
42 300
44 300
45 300
48 300
49 300
50 300
51 300
53 300
55 300
56 300
57 300
64 300
68 300
69 300
70 300
76 300
77 300
78 300
79 300
80 300
83 300
85 300
86 300
87 300
88 300
90 300
91 300
92 300
93 300
94 300
95 300
98 300
99 300
101 300
102 300
103 300
106 300
107 300
109 300
113 300
114 300
116 300
120 300
121 300
122 300
123 300
125 300
127 300
132 300
133 300
135 300
136 300
138 300
139 300
143 300
146 300
149 300
150 300
151 300
153 300
154 300
157 300
158 300
160 300
163 300
164 300
165 300
166 300
168 300
169 300
171 300
172 300
173 300
174 300
177 300
179 300
180 300
184 300
185 300
187 300
191 300
192 300
194 300
196 300
197 300
200 300
201 300
202 300
203 300
204 300
205 300
206 300
212 300
213 300
215 300
220 300
222 300
230 300
232 300
235 300
236 300
237 300
238 300
243 300
245 300
247 300
251 300
252 300
253 300
254 300
258 300
261 300
265 300
266 300
267 300
268 300
269 300
272 300
273 300
274 300
275 300
276 300
277 300
279 300
280 300
282 300
286 300
290 300
292 300
294 300
296 300
