300
3 5
3 7
6 8
5 9
5 10
8 10
9 10
4 11
5 11
8 11
2 12
3 12
4 12
7 12
8 12
1 13
2 13
3 13
6 13
3 14
4 14
5 14
6 14
7 14
9 14
6 15
9 15
10 15
11 15
14 15
1 16
10 16
13 16
14 16
15 16
2 17
9 17
11 17
12 17
13 17
14 17
15 17
1 18
3 18
9 18
11 18
17 18
1 19
3 19
4 19
9 19
10 19
11 19
12 19
15 19
16 19
18 19
1 20
3 20
9 20
12 20
14 20
18 20
4 21
5 21
8 21
9 21
13 21
15 21
16 21
18 21
8 22
11 22
13 22
14 22
16 22
17 22
14 23
16 23
18 23
21 23
22 23
1 24
3 24
4 24
5 24
15 24
18 24
20 24
21 24
2 25
4 25
6 25
13 25
14 25
16 25
17 25
18 25
19 25
22 25
24 25
1 26
3 26
5 26
6 26
7 26
8 26
13 26
17 26
18 26
20 26
22 26
23 26
25 26
1 27
2 27
5 27
7 27
8 27
12 27
13 27
17 27
18 27
19 27
20 27
23 27
1 28
4 28
11 28
13 28
19 28
20 28
21 28
23 28
24 28
25 28
26 28
1 29
5 29
8 29
9 29
11 29
12 29
16 29
18 29
21 29
22 29
23 29
27 29
1 30
12 30
13 30
14 30
16 30
17 30
18 30
19 30
21 30
23 30
25 30
28 30
3 31
5 31
14 31
16 31
20 31
23 31
25 31
1 32
9 32
16 32
17 32
19 32
20 32
21 32
22 32
23 32
24 32
25 32
30 32
4 33
5 33
9 33
10 33
11 33
19 33
21 33
23 33
24 33
25 33
30 33
31 33
1 34
2 34
3 34
4 34
6 34
8 34
9 34
10 34
12 34
17 34
22 34
23 34
26 34
30 34
32 34
33 34
1 35
2 35
3 35
4 35
6 35
7 35
10 35
11 35
18 35
19 35
21 35
22 35
23 35
27 35
30 35
32 35
33 35
1 36
4 36
5 36
7 36
9 36
16 36
18 36
21 36
27 36
30 36
32 36
33 36
2 37
3 37
6 37
7 37
9 37
14 37
15 37
19 37
20 37
24 37
25 37
26 37
28 37
31 37
32 37
33 37
1 38
2 38
5 38
6 38
15 38
17 38
18 38
19 38
20 38
25 38
28 38
29 38
31 38
32 38
34 38
35 38
36 38
1 39
4 39
6 39
9 39
20 39
22 39
23 39
24 39
26 39
27 39
29 39
31 39
32 39
34 39
35 39
36 39
38 39
3 40
4 40
5 40
8 40
21 40
22 40
24 40
27 40
28 40
29 40
31 40
32 40
34 40
35 40
36 40
37 40
1 41
7 41
9 41
14 41
21 41
23 41
24 41
31 41
32 41
34 41
36 41
39 41
40 41
3 42
6 42
10 42
12 42
21 42
22 42
23 42
25 42
29 42
30 42
31 42
33 42
34 42
35 42
38 42
39 42
40 42
41 42
3 43
4 43
5 43
8 43
10 43
11 43
14 43
15 43
16 43
23 43
24 43
26 43
28 43
29 43
30 43
32 43
33 43
36 43
37 43
40 43
41 43
2 44
3 44
5 44
6 44
7 44
9 44
13 44
14 44
15 44
19 44
21 44
22 44
24 44
29 44
31 44
33 44
35 44
37 44
39 44
40 44
41 44
43 44
1 45
5 45
8 45
11 45
15 45
21 45
23 45
26 45
28 45
31 45
36 45
38 45
39 45
40 45
41 45
42 45
43 45
44 45
2 46
5 46
6 46
7 46
9 46
23 46
24 46
25 46
27 46
28 46
34 46
40 46
41 46
42 46
43 46
45 46
1 47
2 47
3 47
4 47
5 47
7 47
11 47
13 47
23 47
24 47
25 47
26 47
28 47
29 47
32 47
33 47
36 47
37 47
39 47
41 47
42 47
43 47
2 48
3 48
4 48
6 48
9 48
10 48
13 48
14 48
16 48
17 48
24 48
25 48
26 48
28 48
29 48
31 48
36 48
37 48
39 48
42 48
43 48
44 48
46 48
47 48
3 49
7 49
8 49
10 49
11 49
12 49
19 49
26 49
27 49
28 49
29 49
30 49
31 49
32 49
34 49
37 49
39 49
41 49
42 49
43 49
44 49
45 49
1 50
2 50
3 50
7 50
8 50
9 50
10 50
12 50
13 50
15 50
20 50
25 50
27 50
28 50
29 50
30 50
31 50
33 50
35 50
36 50
38 50
39 50
40 50
42 50
43 50
45 50
48 50
1 51
2 51
6 51
7 51
10 51
11 51
12 51
13 51
14 51
20 51
29 51
31 51
32 51
33 51
35 51
36 51
37 51
41 51
43 51
46 51
48 51
49 51
50 51
1 52
2 52
4 52
9 52
11 52
12 52
13 52
17 52
18 52
19 52
23 52
24 52
26 52
30 52
32 52
34 52
35 52
37 52
41 52
43 52
44 52
45 52
47 52
48 52
51 52
6 53
11 53
16 53
19 53
22 53
23 53
27 53
28 53
30 53
31 53
32 53
33 53
34 53
37 53
38 53
39 53
41 53
42 53
46 53
47 53
48 53
49 53
2 54
4 54
5 54
9 54
12 54
27 54
28 54
29 54
31 54
32 54
33 54
35 54
38 54
39 54
40 54
43 54
44 54
46 54
49 54
50 54
51 54
52 54
1 55
5 55
9 55
18 55
26 55
28 55
30 55
31 55
33 55
34 55
36 55
37 55
39 55
40 55
41 55
42 55
46 55
50 55
51 55
52 55
1 56
8 56
11 56
12 56
13 56
15 56
17 56
28 56
30 56
31 56
32 56
34 56
35 56
37 56
38 56
42 56
52 56
3 57
12 57
19 57
20 57
29 57
31 57
32 57
33 57
34 57
35 57
36 57
37 57
40 57
42 57
45 57
46 57
48 57
52 57
53 57
55 57
56 57
2 58
3 58
5 58
6 58
7 58
9 58
11 58
12 58
13 58
15 58
18 58
21 58
22 58
29 58
33 58
35 58
38 58
39 58
44 58
45 58
46 58
47 58
48 58
50 58
51 58
53 58
54 58
55 58
56 58
57 58
3 59
5 59
8 59
11 59
12 59
13 59
20 59
21 59
22 59
28 59
29 59
30 59
31 59
35 59
37 59
43 59
44 59
46 59
47 59
49 59
50 59
51 59
52 59
54 59
57 59
58 59
1 60
2 60
3 60
4 60
5 60
9 60
15 60
17 60
18 60
19 60
20 60
22 60
23 60
26 60
28 60
34 60
35 60
37 60
39 60
41 60
42 60
43 60
46 60
50 60
52 60
56 60
57 60
3 61
4 61
6 61
12 61
13 61
14 61
15 61
16 61
17 61
19 61
21 61
25 61
26 61
32 61
33 61
34 61
38 61
39 61
45 61
46 61
48 61
49 61
50 61
53 61
55 61
59 61
60 61
1 62
4 62
11 62
13 62
14 62
15 62
17 62
18 62
27 62
36 62
37 62
38 62
44 62
45 62
48 62
49 62
51 62
54 62
55 62
59 62
60 62
61 62
3 63
4 63
6 63
9 63
17 63
20 63
22 63
32 63
33 63
35 63
36 63
37 63
38 63
39 63
41 63
47 63
48 63
49 63
52 63
53 63
57 63
58 63
59 63
61 63
62 63
3 64
6 64
7 64
9 64
13 64
16 64
17 64
18 64
19 64
20 64
22 64
24 64
25 64
32 64
34 64
36 64
38 64
43 64
44 64
46 64
47 64
49 64
52 64
54 64
55 64
56 64
58 64
59 64
61 64
1 65
2 65
4 65
9 65
11 65
13 65
18 65
19 65
26 65
27 65
36 65
37 65
38 65
39 65
40 65
41 65
42 65
43 65
46 65
47 65
49 65
53 65
54 65
59 65
63 65
64 65
1 66
2 66
8 66
10 66
11 66
16 66
18 66
22 66
23 66
24 66
25 66
26 66
28 66
37 66
39 66
40 66
41 66
42 66
44 66
45 66
46 66
50 66
51 66
52 66
55 66
56 66
61 66
63 66
64 66
2 67
3 67
4 67
10 67
13 67
15 67
17 67
23 67
25 67
27 67
32 67
37 67
38 67
39 67
44 67
46 67
47 67
52 67
53 67
54 67
59 67
60 67
61 67
64 67
65 67
66 67
3 68
4 68
7 68
8 68
10 68
14 68
15 68
17 68
18 68
21 68
22 68
23 68
25 68
26 68
27 68
30 68
32 68
33 68
35 68
36 68
40 68
45 68
48 68
49 68
53 68
54 68
55 68
57 68
58 68
60 68
63 68
65 68
66 68
67 68
6 69
9 69
11 69
12 69
14 69
15 69
17 69
18 69
25 69
27 69
31 69
33 69
36 69
38 69
41 69
42 69
43 69
45 69
46 69
47 69
48 69
49 69
50 69
51 69
53 69
55 69
56 69
57 69
61 69
62 69
64 69
67 69
68 69
1 70
4 70
7 70
8 70
12 70
14 70
15 70
17 70
19 70
20 70
22 70
31 70
32 70
36 70
39 70
41 70
42 70
43 70
44 70
46 70
48 70
49 70
50 70
51 70
52 70
54 70
55 70
60 70
61 70
65 70
66 70
68 70
69 70
1 71
2 71
6 71
7 71
8 71
12 71
13 71
14 71
15 71
20 71
22 71
25 71
26 71
35 71
37 71
38 71
39 71
41 71
43 71
47 71
49 71
51 71
52 71
53 71
54 71
60 71
61 71
62 71
67 71
68 71
69 71
70 71
1 72
2 72
4 72
5 72
10 72
16 72
19 72
21 72
22 72
24 72
26 72
29 72
38 72
41 72
43 72
47 72
48 72
49 72
50 72
52 72
55 72
58 72
60 72
62 72
64 72
68 72
69 72
1 73
2 73
3 73
5 73
8 73
11 73
13 73
18 73
19 73
20 73
21 73
24 73
27 73
28 73
30 73
31 73
37 73
38 73
39 73
41 73
42 73
43 73
45 73
46 73
54 73
57 73
59 73
63 73
66 73
68 73
69 73
70 73
71 73
1 74
2 74
4 74
5 74
10 74
11 74
12 74
13 74
16 74
17 74
18 74
19 74
21 74
23 74
24 74
27 74
30 74
38 74
40 74
41 74
47 74
48 74
50 74
51 74
52 74
57 74
59 74
61 74
66 74
67 74
68 74
70 74
71 74
73 74
1 75
5 75
8 75
11 75
15 75
16 75
19 75
20 75
21 75
23 75
29 75
31 75
43 75
44 75
47 75
48 75
49 75
52 75
53 75
54 75
55 75
57 75
60 75
62 75
63 75
65 75
68 75
70 75
71 75
73 75
74 75
2 76
3 76
4 76
5 76
6 76
9 76
10 76
17 76
18 76
19 76
21 76
22 76
26 76
27 76
31 76
36 76
37 76
40 76
47 76
49 76
51 76
54 76
55 76
56 76
58 76
62 76
64 76
67 76
68 76
71 76
72 76
74 76
75 76
1 77
2 77
4 77
7 77
11 77
12 77
13 77
14 77
15 77
16 77
18 77
19 77
21 77
22 77
24 77
27 77
29 77
31 77
32 77
36 77
37 77
41 77
47 77
49 77
50 77
51 77
52 77
53 77
58 77
60 77
64 77
65 77
68 77
69 77
70 77
71 77
73 77
74 77
76 77
2 78
7 78
12 78
13 78
14 78
17 78
18 78
22 78
25 78
26 78
35 78
36 78
37 78
39 78
40 78
41 78
42 78
43 78
45 78
48 78
50 78
51 78
53 78
58 78
60 78
62 78
63 78
64 78
65 78
69 78
74 78
77 78
3 79
5 79
6 79
7 79
8 79
10 79
12 79
13 79
23 79
38 79
40 79
42 79
48 79
49 79
54 79
60 79
62 79
64 79
65 79
67 79
69 79
70 79
73 79
74 79
76 79
1 80
2 80
6 80
9 80
10 80
11 80
12 80
15 80
16 80
17 80
18 80
21 80
22 80
24 80
25 80
26 80
30 80
31 80
32 80
33 80
47 80
48 80
51 80
53 80
58 80
60 80
65 80
67 80
68 80
71 80
72 80
73 80
75 80
78 80
79 80
1 81
2 81
6 81
8 81
9 81
10 81
11 81
12 81
18 81
22 81
23 81
27 81
28 81
33 81
35 81
42 81
43 81
45 81
47 81
49 81
50 81
53 81
56 81
58 81
60 81
63 81
64 81
65 81
66 81
67 81
69 81
71 81
72 81
77 81
78 81
2 82
3 82
5 82
7 82
13 82
14 82
17 82
20 82
21 82
26 82
29 82
34 82
35 82
42 82
45 82
49 82
50 82
52 82
57 82
58 82
59 82
61 82
64 82
65 82
66 82
68 82
69 82
72 82
75 82
77 82
79 82
80 82
81 82
4 83
5 83
7 83
9 83
10 83
11 83
12 83
15 83
18 83
24 83
28 83
33 83
35 83
41 83
43 83
44 83
47 83
53 83
54 83
59 83
64 83
65 83
68 83
71 83
72 83
76 83
77 83
78 83
81 83
1 84
2 84
3 84
4 84
5 84
7 84
10 84
12 84
16 84
17 84
19 84
22 84
23 84
25 84
27 84
30 84
31 84
33 84
39 84
40 84
43 84
44 84
47 84
49 84
51 84
54 84
58 84
59 84
60 84
63 84
64 84
67 84
68 84
69 84
71 84
78 84
79 84
81 84
82 84
83 84
1 85
3 85
4 85
5 85
6 85
7 85
8 85
9 85
11 85
13 85
15 85
17 85
18 85
19 85
20 85
22 85
26 85
27 85
28 85
30 85
31 85
32 85
33 85
35 85
36 85
38 85
40 85
42 85
43 85
46 85
47 85
48 85
53 85
54 85
58 85
59 85
62 85
66 85
67 85
69 85
70 85
72 85
75 85
76 85
77 85
78 85
84 85
1 86
5 86
6 86
12 86
13 86
15 86
19 86
20 86
22 86
23 86
25 86
26 86
30 86
39 86
40 86
42 86
45 86
47 86
48 86
49 86
51 86
53 86
58 86
62 86
63 86
64 86
71 86
74 86
75 86
79 86
80 86
82 86
83 86
84 86
85 86
2 87
3 87
6 87
8 87
12 87
17 87
18 87
20 87
22 87
23 87
24 87
25 87
27 87
28 87
32 87
33 87
34 87
42 87
43 87
46 87
47 87
48 87
49 87
58 87
59 87
60 87
62 87
63 87
65 87
66 87
69 87
70 87
71 87
73 87
76 87
77 87
79 87
81 87
84 87
86 87
2 88
3 88
5 88
7 88
8 88
10 88
11 88
14 88
17 88
19 88
20 88
21 88
22 88
27 88
28 88
30 88
31 88
32 88
33 88
36 88
37 88
44 88
45 88
47 88
48 88
49 88
50 88
52 88
55 88
57 88
65 88
66 88
70 88
72 88
73 88
74 88
76 88
77 88
78 88
84 88
86 88
1 89
3 89
4 89
7 89
10 89
12 89
15 89
16 89
18 89
20 89
21 89
28 89
29 89
31 89
32 89
33 89
37 89
38 89
39 89
46 89
47 89
48 89
50 89
60 89
61 89
63 89
64 89
66 89
70 89
71 89
72 89
74 89
75 89
76 89
78 89
79 89
82 89
83 89
84 89
85 89
2 90
3 90
4 90
5 90
9 90
10 90
15 90
16 90
17 90
20 90
22 90
25 90
27 90
30 90
31 90
32 90
33 90
34 90
35 90
36 90
37 90
38 90
39 90
45 90
49 90
50 90
52 90
54 90
56 90
59 90
63 90
65 90
68 90
72 90
74 90
77 90
80 90
82 90
83 90
84 90
88 90
89 90
2 91
3 91
5 91
6 91
7 91
8 91
12 91
13 91
14 91
15 91
16 91
17 91
18 91
19 91
20 91
22 91
25 91
29 91
31 91
32 91
34 91
35 91
37 91
45 91
46 91
47 91
49 91
52 91
53 91
55 91
56 91
59 91
61 91
63 91
66 91
70 91
71 91
76 91
77 91
78 91
79 91
80 91
81 91
83 91
87 91
88 91
89 91
1 92
3 92
5 92
9 92
10 92
12 92
15 92
16 92
17 92
20 92
27 92
28 92
29 92
30 92
33 92
34 92
36 92
37 92
42 92
44 92
48 92
49 92
50 92
51 92
52 92
53 92
54 92
55 92
58 92
61 92
63 92
67 92
68 92
69 92
71 92
74 92
75 92
76 92
77 92
79 92
81 92
84 92
85 92
87 92
91 92
1 93
3 93
4 93
5 93
10 93
13 93
14 93
16 93
17 93
22 93
23 93
24 93
25 93
27 93
29 93
31 93
33 93
35 93
36 93
37 93
40 93
43 93
44 93
46 93
48 93
51 93
52 93
54 93
57 93
58 93
61 93
63 93
64 93
67 93
71 93
75 93
77 93
78 93
79 93
82 93
84 93
87 93
88 93
90 93
92 93
1 94
3 94
4 94
9 94
10 94
11 94
12 94
14 94
15 94
17 94
19 94
20 94
22 94
23 94
24 94
25 94
27 94
28 94
30 94
31 94
32 94
34 94
43 94
46 94
49 94
50 94
53 94
54 94
55 94
56 94
58 94
62 94
63 94
64 94
67 94
72 94
73 94
75 94
77 94
78 94
82 94
83 94
84 94
89 94
90 94
92 94
93 94
2 95
3 95
4 95
8 95
10 95
11 95
13 95
17 95
20 95
21 95
22 95
24 95
25 95
28 95
31 95
33 95
34 95
47 95
50 95
51 95
52 95
54 95
58 95
59 95
62 95
64 95
66 95
68 95
69 95
74 95
80 95
82 95
84 95
88 95
89 95
92 95
94 95
1 96
2 96
3 96
4 96
6 96
7 96
8 96
9 96
11 96
12 96
14 96
18 96
19 96
21 96
23 96
26 96
30 96
31 96
32 96
33 96
35 96
36 96
38 96
39 96
50 96
51 96
52 96
56 96
58 96
59 96
60 96
61 96
63 96
66 96
68 96
71 96
75 96
77 96
78 96
79 96
82 96
84 96
85 96
86 96
90 96
91 96
95 96
1 97
3 97
4 97
5 97
6 97
8 97
9 97
11 97
12 97
17 97
18 97
19 97
20 97
21 97
22 97
25 97
30 97
33 97
37 97
39 97
42 97
43 97
51 97
52 97
53 97
54 97
55 97
57 97
60 97
62 97
63 97
64 97
65 97
67 97
68 97
70 97
72 97
74 97
75 97
76 97
77 97
79 97
80 97
81 97
82 97
83 97
84 97
85 97
86 97
87 97
91 97
92 97
93 97
94 97
96 97
1 98
2 98
6 98
7 98
9 98
10 98
11 98
15 98
17 98
20 98
21 98
23 98
25 98
28 98
29 98
30 98
31 98
33 98
34 98
35 98
38 98
39 98
41 98
42 98
44 98
49 98
50 98
53 98
58 98
62 98
64 98
65 98
66 98
68 98
73 98
74 98
76 98
77 98
79 98
81 98
86 98
92 98
93 98
94 98
96 98
2 99
3 99
4 99
5 99
6 99
8 99
9 99
12 99
14 99
15 99
16 99
17 99
21 99
23 99
28 99
29 99
30 99
31 99
32 99
33 99
34 99
35 99
37 99
39 99
41 99
49 99
50 99
55 99
56 99
58 99
60 99
62 99
63 99
67 99
70 99
72 99
73 99
74 99
75 99
77 99
78 99
79 99
81 99
82 99
83 99
88 99
91 99
6 100
8 100
14 100
15 100
16 100
17 100
18 100
19 100
24 100
25 100
27 100
31 100
38 100
39 100
40 100
41 100
43 100
48 100
49 100
52 100
55 100
58 100
59 100
60 100
61 100
62 100
63 100
67 100
68 100
70 100
72 100
75 100
76 100
77 100
78 100
81 100
82 100
83 100
85 100
86 100
88 100
89 100
90 100
91 100
92 100
94 100
95 100
96 100
98 100
99 100
2 101
3 101
6 101
7 101
14 101
15 101
16 101
17 101
19 101
20 101
23 101
25 101
27 101
32 101
35 101
37 101
38 101
40 101
48 101
49 101
51 101
53 101
57 101
58 101
62 101
63 101
64 101
67 101
72 101
74 101
75 101
76 101
77 101
82 101
85 101
86 101
87 101
89 101
90 101
93 101
94 101
95 101
97 101
98 101
99 101
100 101
1 102
3 102
4 102
5 102
6 102
7 102
11 102
14 102
15 102
18 102
20 102
24 102
25 102
26 102
28 102
29 102
30 102
31 102
35 102
47 102
48 102
49 102
51 102
52 102
54 102
55 102
59 102
61 102
64 102
65 102
67 102
68 102
69 102
71 102
74 102
75 102
77 102
78 102
79 102
80 102
81 102
84 102
88 102
89 102
90 102
94 102
98 102
2 103
5 103
7 103
8 103
15 103
17 103
19 103
21 103
26 103
27 103
28 103
29 103
30 103
31 103
38 103
39 103
40 103
42 103
51 103
52 103
55 103
57 103
58 103
61 103
62 103
66 103
67 103
69 103
70 103
71 103
73 103
75 103
77 103
79 103
83 103
85 103
86 103
88 103
90 103
91 103
92 103
96 103
100 103
3 104
8 104
10 104
11 104
16 104
18 104
21 104
23 104
26 104
27 104
32 104
33 104
34 104
38 104
40 104
43 104
44 104
53 104
55 104
57 104
58 104
64 104
67 104
69 104
71 104
74 104
79 104
80 104
82 104
83 104
84 104
87 104
92 104
98 104
99 104
101 104
103 104
2 105
3 105
4 105
7 105
8 105
9 105
13 105
14 105
17 105
18 105
20 105
23 105
24 105
25 105
28 105
29 105
31 105
33 105
34 105
37 105
39 105
41 105
43 105
44 105
46 105
56 105
57 105
58 105
63 105
65 105
66 105
70 105
71 105
72 105
75 105
78 105
82 105
89 105
91 105
92 105
93 105
95 105
98 105
101 105
3 106
5 106
7 106
8 106
9 106
10 106
13 106
15 106
16 106
20 106
22 106
24 106
25 106
26 106
29 106
31 106
34 106
35 106
38 106
39 106
44 106
45 106
46 106
47 106
48 106
53 106
54 106
56 106
57 106
58 106
59 106
60 106
61 106
63 106
68 106
69 106
71 106
72 106
74 106
79 106
80 106
81 106
86 106
88 106
91 106
92 106
93 106
94 106
95 106
98 106
99 106
100 106
101 106
102 106
104 106
1 107
7 107
8 107
9 107
10 107
12 107
17 107
18 107
20 107
22 107
26 107
27 107
28 107
31 107
33 107
34 107
36 107
37 107
39 107
41 107
42 107
45 107
48 107
52 107
57 107
58 107
59 107
60 107
63 107
64 107
67 107
68 107
70 107
71 107
72 107
74 107
75 107
85 107
87 107
88 107
93 107
96 107
97 107
99 107
100 107
101 107
102 107
104 107
3 108
4 108
5 108
6 108
7 108
8 108
12 108
13 108
14 108
15 108
19 108
22 108
24 108
25 108
26 108
29 108
32 108
36 108
38 108
40 108
41 108
44 108
47 108
50 108
55 108
57 108
60 108
62 108
64 108
65 108
66 108
72 108
75 108
76 108
77 108
78 108
80 108
83 108
84 108
85 108
90 108
92 108
94 108
95 108
96 108
97 108
100 108
103 108
104 108
1 109
2 109
3 109
5 109
7 109
10 109
12 109
14 109
19 109
21 109
22 109
24 109
26 109
31 109
32 109
34 109
39 109
42 109
43 109
48 109
52 109
57 109
58 109
64 109
65 109
67 109
68 109
70 109
71 109
72 109
73 109
75 109
79 109
81 109
82 109
84 109
88 109
89 109
91 109
92 109
94 109
96 109
97 109
102 109
103 109
105 109
106 109
108 109
1 110
3 110
4 110
8 110
10 110
14 110
15 110
16 110
17 110
18 110
19 110
23 110
25 110
26 110
28 110
30 110
32 110
33 110
34 110
38 110
41 110
52 110
54 110
56 110
58 110
59 110
60 110
62 110
63 110
66 110
67 110
70 110
71 110
73 110
75 110
77 110
82 110
83 110
85 110
86 110
87 110
90 110
92 110
93 110
94 110
96 110
97 110
99 110
100 110
101 110
104 110
106 110
108 110
109 110
5 111
8 111
12 111
14 111
16 111
19 111
20 111
21 111
23 111
26 111
27 111
28 111
30 111
32 111
33 111
35 111
36 111
37 111
38 111
45 111
46 111
54 111
56 111
57 111
58 111
59 111
66 111
67 111
70 111
76 111
80 111
82 111
83 111
85 111
88 111
90 111
91 111
92 111
94 111
96 111
97 111
101 111
103 111
104 111
106 111
107 111
110 111
1 112
3 112
4 112
9 112
11 112
15 112
16 112
17 112
18 112
19 112
21 112
24 112
27 112
28 112
33 112
35 112
36 112
38 112
40 112
42 112
43 112
44 112
46 112
47 112
48 112
49 112
57 112
58 112
59 112
60 112
62 112
65 112
72 112
73 112
75 112
77 112
78 112
81 112
84 112
85 112
86 112
87 112
90 112
98 112
103 112
104 112
106 112
108 112
110 112
2 113
5 113
7 113
9 113
12 113
13 113
14 113
18 113
19 113
21 113
22 113
24 113
28 113
30 113
32 113
35 113
39 113
41 113
42 113
47 113
49 113
57 113
58 113
61 113
66 113
67 113
68 113
70 113
71 113
74 113
75 113
76 113
78 113
79 113
80 113
81 113
82 113
84 113
85 113
86 113
87 113
88 113
89 113
95 113
98 113
99 113
100 113
103 113
105 113
106 113
108 113
2 114
4 114
6 114
7 114
8 114
10 114
12 114
13 114
15 114
17 114
18 114
19 114
22 114
23 114
25 114
27 114
30 114
31 114
32 114
35 114
36 114
37 114
38 114
39 114
41 114
43 114
51 114
57 114
58 114
59 114
60 114
63 114
64 114
65 114
68 114
69 114
74 114
78 114
79 114
80 114
81 114
83 114
90 114
91 114
93 114
96 114
100 114
102 114
103 114
105 114
108 114
109 114
110 114
111 114
1 115
6 115
11 115
12 115
13 115
14 115
15 115
19 115
22 115
23 115
28 115
33 115
34 115
36 115
37 115
38 115
39 115
43 115
44 115
45 115
48 115
49 115
50 115
52 115
56 115
57 115
59 115
62 115
65 115
66 115
67 115
68 115
70 115
71 115
72 115
73 115
74 115
79 115
81 115
82 115
83 115
84 115
86 115
87 115
88 115
91 115
92 115
93 115
94 115
98 115
102 115
104 115
109 115
111 115
1 116
3 116
6 116
7 116
9 116
10 116
12 116
15 116
17 116
18 116
19 116
20 116
21 116
23 116
26 116
28 116
32 116
33 116
34 116
37 116
38 116
39 116
41 116
42 116
50 116
51 116
54 116
56 116
57 116
58 116
64 116
71 116
72 116
73 116
74 116
75 116
76 116
80 116
81 116
84 116
89 116
91 116
93 116
98 116
101 116
103 116
107 116
108 116
110 116
111 116
1 117
2 117
3 117
4 117
6 117
10 117
11 117
12 117
13 117
15 117
18 117
20 117
23 117
24 117
25 117
26 117
27 117
28 117
29 117
30 117
32 117
35 117
36 117
37 117
43 117
45 117
48 117
51 117
52 117
55 117
56 117
58 117
60 117
61 117
62 117
67 117
68 117
69 117
77 117
78 117
79 117
80 117
81 117
82 117
83 117
85 117
87 117
89 117
90 117
91 117
92 117
95 117
96 117
97 117
98 117
99 117
102 117
103 117
104 117
105 117
108 117
113 117
115 117
1 118
2 118
5 118
6 118
8 118
10 118
11 118
12 118
17 118
20 118
22 118
26 118
27 118
28 118
33 118
37 118
39 118
42 118
44 118
46 118
55 118
56 118
57 118
58 118
60 118
63 118
67 118
71 118
73 118
75 118
76 118
77 118
79 118
80 118
86 118
87 118
89 118
91 118
92 118
94 118
99 118
100 118
104 118
105 118
106 118
107 118
112 118
113 118
115 118
116 118
117 118
4 119
6 119
10 119
12 119
15 119
17 119
19 119
20 119
23 119
24 119
25 119
26 119
29 119
32 119
33 119
34 119
36 119
38 119
39 119
40 119
41 119
43 119
45 119
49 119
58 119
59 119
60 119
62 119
63 119
69 119
72 119
73 119
77 119
79 119
82 119
85 119
86 119
87 119
88 119
89 119
91 119
95 119
96 119
98 119
99 119
100 119
102 119
106 119
107 119
109 119
110 119
111 119
112 119
113 119
118 119
1 120
4 120
5 120
6 120
7 120
13 120
16 120
18 120
24 120
25 120
26 120
27 120
29 120
35 120
37 120
38 120
39 120
41 120
44 120
46 120
47 120
48 120
49 120
50 120
53 120
60 120
61 120
62 120
63 120
65 120
68 120
72 120
76 120
78 120
79 120
80 120
82 120
83 120
86 120
87 120
89 120
92 120
94 120
95 120
96 120
99 120
103 120
104 120
105 120
107 120
108 120
109 120
111 120
115 120
1 121
3 121
9 121
14 121
15 121
18 121
20 121
21 121
22 121
23 121
27 121
29 121
31 121
32 121
34 121
35 121
36 121
37 121
39 121
40 121
41 121
42 121
43 121
45 121
46 121
47 121
48 121
49 121
51 121
52 121
55 121
64 121
66 121
68 121
69 121
70 121
72 121
77 121
80 121
82 121
84 121
87 121
90 121
91 121
92 121
93 121
94 121
100 121
101 121
103 121
104 121
105 121
106 121
108 121
110 121
111 121
117 121
118 121
119 121
120 121
2 122
3 122
9 122
14 122
17 122
19 122
20 122
26 122
28 122
30 122
32 122
33 122
34 122
36 122
37 122
41 122
44 122
45 122
46 122
50 122
61 122
63 122
67 122
71 122
74 122
82 122
83 122
86 122
87 122
88 122
91 122
94 122
97 122
99 122
101 122
102 122
104 122
105 122
108 122
109 122
110 122
111 122
116 122
120 122
1 123
2 123
6 123
7 123
10 123
11 123
13 123
14 123
17 123
18 123
19 123
21 123
22 123
24 123
25 123
27 123
28 123
32 123
33 123
38 123
40 123
41 123
46 123
53 123
56 123
60 123
63 123
65 123
66 123
68 123
72 123
75 123
76 123
77 123
78 123
80 123
81 123
82 123
83 123
84 123
85 123
88 123
93 123
94 123
95 123
100 123
102 123
103 123
104 123
105 123
106 123
109 123
110 123
112 123
113 123
114 123
115 123
117 123
118 123
120 123
121 123
122 123
1 124
2 124
6 124
12 124
13 124
14 124
15 124
16 124
17 124
18 124
19 124
25 124
26 124
28 124
30 124
31 124
32 124
37 124
38 124
40 124
42 124
44 124
47 124
58 124
61 124
62 124
67 124
71 124
72 124
74 124
75 124
76 124
77 124
78 124
79 124
80 124
82 124
83 124
85 124
88 124
89 124
90 124
91 124
92 124
93 124
94 124
95 124
96 124
97 124
98 124
99 124
105 124
106 124
108 124
109 124
110 124
111 124
113 124
114 124
115 124
117 124
119 124
123 124
2 125
10 125
11 125
12 125
13 125
15 125
21 125
22 125
24 125
28 125
30 125
31 125
34 125
36 125
38 125
39 125
40 125
44 125
45 125
49 125
50 125
51 125
52 125
55 125
57 125
58 125
61 125
62 125
63 125
65 125
66 125
67 125
69 125
70 125
73 125
78 125
79 125
82 125
83 125
84 125
88 125
89 125
90 125
92 125
93 125
94 125
97 125
98 125
103 125
105 125
106 125
107 125
108 125
111 125
112 125
116 125
117 125
119 125
120 125
121 125
122 125
123 125
124 125
2 126
5 126
6 126
7 126
9 126
11 126
16 126
18 126
19 126
20 126
22 126
24 126
27 126
31 126
34 126
36 126
37 126
38 126
39 126
42 126
48 126
60 126
64 126
65 126
68 126
69 126
70 126
73 126
74 126
75 126
78 126
79 126
82 126
83 126
84 126
85 126
93 126
94 126
96 126
99 126
104 126
105 126
106 126
109 126
113 126
115 126
116 126
120 126
124 126
2 127
6 127
8 127
9 127
12 127
14 127
15 127
17 127
19 127
20 127
24 127
26 127
29 127
30 127
31 127
32 127
34 127
36 127
37 127
38 127
41 127
42 127
45 127
49 127
51 127
52 127
62 127
64 127
65 127
66 127
70 127
71 127
76 127
77 127
79 127
80 127
81 127
83 127
86 127
88 127
89 127
90 127
91 127
92 127
93 127
94 127
97 127
99 127
100 127
102 127
109 127
113 127
115 127
118 127
119 127
121 127
122 127
123 127
1 128
2 128
3 128
4 128
6 128
10 128
12 128
14 128
17 128
19 128
20 128
24 128
26 128
27 128
30 128
32 128
33 128
34 128
35 128
36 128
39 128
43 128
45 128
48 128
49 128
50 128
53 128
55 128
65 128
66 128
67 128
68 128
70 128
73 128
75 128
76 128
83 128
84 128
87 128
88 128
90 128
91 128
93 128
94 128
96 128
97 128
98 128
99 128
102 128
104 128
105 128
107 128
108 128
109 128
110 128
111 128
116 128
117 128
119 128
120 128
121 128
123 128
124 128
125 128
127 128
1 129
2 129
4 129
6 129
7 129
9 129
10 129
13 129
15 129
16 129
17 129
18 129
19 129
21 129
23 129
25 129
26 129
27 129
28 129
30 129
31 129
32 129
35 129
36 129
37 129
40 129
41 129
42 129
43 129
45 129
47 129
49 129
50 129
54 129
57 129
65 129
66 129
67 129
71 129
75 129
76 129
77 129
78 129
81 129
82 129
83 129
84 129
85 129
87 129
90 129
91 129
92 129
96 129
97 129
98 129
100 129
102 129
103 129
104 129
105 129
106 129
108 129
109 129
110 129
114 129
115 129
116 129
118 129
119 129
120 129
125 129
126 129
127 129
128 129
4 130
6 130
7 130
8 130
10 130
12 130
14 130
19 130
20 130
21 130
23 130
26 130
28 130
32 130
33 130
35 130
37 130
38 130
39 130
40 130
42 130
43 130
47 130
49 130
51 130
52 130
55 130
57 130
58 130
60 130
68 130
70 130
73 130
75 130
79 130
81 130
84 130
86 130
87 130
89 130
92 130
93 130
94 130
95 130
97 130
101 130
102 130
103 130
104 130
106 130
109 130
110 130
111 130
113 130
115 130
117 130
119 130
122 130
123 130
124 130
127 130
3 131
4 131
5 131
6 131
7 131
8 131
9 131
13 131
14 131
16 131
17 131
18 131
22 131
23 131
24 131
25 131
26 131
27 131
29 131
30 131
31 131
33 131
34 131
35 131
38 131
39 131
40 131
42 131
45 131
48 131
49 131
50 131
51 131
52 131
53 131
55 131
65 131
66 131
69 131
71 131
74 131
75 131
78 131
79 131
81 131
82 131
83 131
84 131
85 131
86 131
90 131
92 131
94 131
97 131
98 131
99 131
101 131
102 131
104 131
106 131
108 131
110 131
111 131
112 131
113 131
114 131
115 131
116 131
119 131
120 131
125 131
126 131
127 131
130 131
1 132
5 132
6 132
7 132
8 132
12 132
14 132
15 132
16 132
17 132
19 132
20 132
22 132
23 132
24 132
25 132
26 132
28 132
30 132
39 132
42 132
44 132
45 132
46 132
47 132
48 132
49 132
50 132
51 132
52 132
54 132
58 132
63 132
64 132
65 132
66 132
68 132
69 132
71 132
76 132
77 132
78 132
80 132
83 132
84 132
85 132
86 132
88 132
91 132
92 132
94 132
95 132
96 132
97 132
99 132
104 132
106 132
107 132
112 132
113 132
116 132
117 132
118 132
120 132
123 132
124 132
125 132
126 132
127 132
128 132
129 132
131 132
1 133
2 133
3 133
5 133
10 133
11 133
13 133
15 133
20 133
21 133
23 133
24 133
27 133
30 133
38 133
39 133
40 133
41 133
42 133
44 133
46 133
49 133
50 133
51 133
54 133
55 133
56 133
57 133
60 133
61 133
62 133
69 133
70 133
71 133
72 133
73 133
75 133
80 133
82 133
88 133
90 133
92 133
93 133
95 133
100 133
102 133
104 133
105 133
106 133
110 133
111 133
112 133
113 133
114 133
115 133
117 133
122 133
124 133
125 133
127 133
130 133
131 133
132 133
2 134
4 134
6 134
9 134
11 134
12 134
15 134
18 134
21 134
23 134
25 134
26 134
27 134
28 134
29 134
30 134
31 134
34 134
36 134
40 134
43 134
44 134
45 134
47 134
48 134
53 134
54 134
66 134
67 134
69 134
71 134
72 134
73 134
74 134
75 134
79 134
80 134
82 134
83 134
86 134
89 134
90 134
94 134
95 134
96 134
97 134
102 134
103 134
109 134
110 134
113 134
119 134
122 134
128 134
129 134
1 135
2 135
4 135
6 135
7 135
8 135
9 135
10 135
11 135
12 135
19 135
20 135
21 135
22 135
23 135
27 135
30 135
31 135
32 135
34 135
35 135
36 135
38 135
39 135
40 135
41 135
42 135
45 135
46 135
47 135
48 135
49 135
55 135
57 135
58 135
68 135
76 135
80 135
83 135
84 135
85 135
87 135
88 135
90 135
93 135
94 135
96 135
97 135
99 135
101 135
103 135
104 135
105 135
107 135
108 135
109 135
110 135
112 135
117 135
120 135
124 135
125 135
126 135
127 135
129 135
130 135
132 135
3 136
4 136
5 136
6 136
7 136
9 136
10 136
11 136
12 136
13 136
14 136
16 136
17 136
18 136
19 136
20 136
21 136
25 136
27 136
28 136
29 136
30 136
32 136
38 136
39 136
43 136
44 136
47 136
49 136
51 136
53 136
54 136
56 136
57 136
60 136
68 136
72 136
73 136
74 136
75 136
76 136
79 136
81 136
85 136
88 136
89 136
90 136
92 136
93 136
95 136
98 136
100 136
107 136
108 136
110 136
111 136
115 136
116 136
118 136
119 136
123 136
124 136
125 136
129 136
131 136
134 136
1 137
2 137
3 137
6 137
7 137
8 137
9 137
11 137
15 137
19 137
21 137
24 137
26 137
28 137
29 137
30 137
31 137
34 137
35 137
38 137
39 137
40 137
44 137
45 137
48 137
49 137
51 137
53 137
54 137
55 137
56 137
57 137
58 137
59 137
60 137
63 137
69 137
71 137
76 137
78 137
79 137
82 137
83 137
85 137
87 137
97 137
98 137
101 137
108 137
109 137
110 137
111 137
112 137
113 137
120 137
122 137
124 137
131 137
132 137
133 137
135 137
136 137
1 138
5 138
6 138
7 138
9 138
10 138
11 138
12 138
13 138
15 138
16 138
17 138
18 138
20 138
22 138
24 138
28 138
32 138
34 138
36 138
39 138
41 138
42 138
43 138
45 138
48 138
49 138
50 138
51 138
52 138
55 138
56 138
58 138
59 138
63 138
64 138
69 138
74 138
75 138
76 138
77 138
79 138
80 138
83 138
84 138
85 138
86 138
87 138
88 138
91 138
96 138
98 138
99 138
100 138
102 138
106 138
108 138
110 138
111 138
112 138
113 138
118 138
120 138
121 138
122 138
126 138
128 138
129 138
132 138
134 138
135 138
1 139
2 139
3 139
4 139
7 139
11 139
12 139
15 139
17 139
18 139
19 139
21 139
22 139
28 139
32 139
33 139
34 139
39 139
42 139
44 139
49 139
50 139
55 139
59 139
60 139
61 139
62 139
63 139
64 139
68 139
70 139
74 139
76 139
81 139
82 139
83 139
84 139
88 139
90 139
91 139
94 139
95 139
96 139
98 139
99 139
101 139
102 139
103 139
109 139
110 139
111 139
112 139
114 139
115 139
116 139
118 139
122 139
123 139
125 139
127 139
128 139
132 139
138 139
2 140
4 140
5 140
10 140
11 140
12 140
14 140
15 140
16 140
18 140
20 140
21 140
25 140
27 140
28 140
29 140
30 140
32 140
33 140
34 140
36 140
37 140
38 140
40 140
42 140
43 140
46 140
47 140
51 140
57 140
58 140
59 140
60 140
61 140
66 140
67 140
68 140
73 140
74 140
78 140
79 140
83 140
87 140
93 140
94 140
95 140
96 140
99 140
101 140
102 140
105 140
106 140
107 140
112 140
113 140
114 140
117 140
121 140
125 140
126 140
127 140
128 140
130 140
131 140
133 140
136 140
137 140
138 140
3 141
5 141
6 141
8 141
11 141
12 141
19 141
20 141
21 141
22 141
26 141
27 141
30 141
34 141
35 141
36 141
38 141
40 141
43 141
44 141
51 141
52 141
53 141
56 141
58 141
59 141
60 141
61 141
63 141
65 141
66 141
70 141
72 141
73 141
75 141
76 141
78 141
79 141
81 141
83 141
86 141
87 141
89 141
90 141
93 141
94 141
97 141
99 141
102 141
103 141
105 141
106 141
113 141
117 141
121 141
126 141
131 141
133 141
134 141
135 141
136 141
138 141
140 141
3 142
7 142
10 142
11 142
14 142
22 142
23 142
28 142
29 142
31 142
34 142
36 142
37 142
38 142
42 142
45 142
46 142
47 142
51 142
52 142
54 142
56 142
67 142
69 142
71 142
73 142
74 142
75 142
76 142
80 142
81 142
82 142
85 142
86 142
89 142
90 142
91 142
92 142
93 142
98 142
101 142
102 142
105 142
106 142
108 142
110 142
112 142
115 142
118 142
119 142
120 142
121 142
123 142
126 142
130 142
131 142
138 142
139 142
140 142
141 142
1 143
5 143
6 143
7 143
12 143
17 143
18 143
19 143
22 143
24 143
25 143
26 143
29 143
31 143
32 143
33 143
34 143
35 143
37 143
41 143
42 143
43 143
44 143
45 143
53 143
55 143
58 143
71 143
73 143
75 143
77 143
78 143
80 143
81 143
86 143
90 143
91 143
93 143
96 143
98 143
99 143
101 143
102 143
104 143
105 143
107 143
109 143
113 143
114 143
115 143
120 143
121 143
122 143
123 143
125 143
126 143
127 143
132 143
133 143
136 143
137 143
140 143
142 143
3 144
5 144
6 144
7 144
12 144
15 144
16 144
20 144
21 144
22 144
23 144
26 144
27 144
31 144
32 144
34 144
37 144
38 144
41 144
42 144
43 144
48 144
54 144
56 144
57 144
58 144
60 144
62 144
63 144
73 144
75 144
78 144
79 144
80 144
82 144
83 144
84 144
88 144
90 144
91 144
92 144
94 144
100 144
101 144
103 144
105 144
106 144
108 144
109 144
114 144
115 144
118 144
120 144
121 144
123 144
125 144
127 144
130 144
134 144
135 144
136 144
137 144
139 144
140 144
143 144
1 145
2 145
3 145
4 145
5 145
6 145
7 145
10 145
12 145
13 145
14 145
19 145
20 145
21 145
23 145
25 145
26 145
27 145
28 145
29 145
30 145
36 145
38 145
39 145
44 145
46 145
48 145
51 145
52 145
55 145
57 145
58 145
61 145
63 145
64 145
66 145
76 145
77 145
78 145
81 145
82 145
83 145
84 145
87 145
93 145
95 145
96 145
100 145
103 145
104 145
105 145
106 145
108 145
109 145
111 145
113 145
114 145
115 145
117 145
119 145
121 145
123 145
128 145
130 145
131 145
132 145
133 145
134 145
137 145
138 145
140 145
142 145
143 145
144 145
3 146
5 146
8 146
9 146
11 146
15 146
17 146
20 146
21 146
24 146
28 146
30 146
31 146
33 146
36 146
37 146
39 146
40 146
41 146
42 146
43 146
44 146
46 146
47 146
51 146
54 146
58 146
59 146
60 146
63 146
64 146
65 146
66 146
67 146
73 146
76 146
77 146
78 146
79 146
86 146
92 146
94 146
98 146
99 146
102 146
103 146
106 146
107 146
108 146
110 146
112 146
113 146
115 146
116 146
122 146
124 146
127 146
128 146
129 146
131 146
136 146
137 146
139 146
140 146
141 146
142 146
1 147
3 147
4 147
5 147
7 147
8 147
11 147
12 147
16 147
17 147
18 147
19 147
20 147
22 147
23 147
25 147
26 147
28 147
29 147
33 147
34 147
38 147
39 147
44 147
45 147
47 147
50 147
51 147
53 147
54 147
55 147
57 147
63 147
65 147
66 147
67 147
73 147
74 147
75 147
78 147
79 147
80 147
83 147
84 147
86 147
92 147
94 147
95 147
97 147
98 147
99 147
102 147
104 147
106 147
108 147
110 147
111 147
112 147
116 147
118 147
120 147
123 147
126 147
127 147
128 147
129 147
130 147
132 147
134 147
135 147
140 147
142 147
143 147
146 147
2 148
5 148
7 148
8 148
9 148
10 148
11 148
12 148
15 148
18 148
20 148
24 148
26 148
28 148
29 148
31 148
32 148
35 148
36 148
39 148
40 148
42 148
43 148
44 148
46 148
49 148
50 148
51 148
55 148
56 148
62 148
63 148
70 148
75 148
78 148
79 148
80 148
81 148
85 148
87 148
90 148
91 148
93 148
94 148
96 148
100 148
102 148
103 148
107 148
108 148
109 148
111 148
112 148
115 148
116 148
120 148
121 148
122 148
129 148
130 148
131 148
132 148
135 148
137 148
138 148
140 148
141 148
145 148
146 148
147 148
2 149
8 149
9 149
10 149
19 149
26 149
28 149
29 149
30 149
31 149
32 149
34 149
35 149
37 149
38 149
39 149
43 149
44 149
46 149
50 149
51 149
57 149
63 149
67 149
68 149
70 149
74 149
76 149
77 149
78 149
80 149
86 149
88 149
90 149
91 149
92 149
93 149
96 149
97 149
98 149
99 149
102 149
103 149
106 149
112 149
114 149
119 149
120 149
121 149
122 149
123 149
126 149
128 149
131 149
133 149
134 149
135 149
136 149
137 149
138 149
141 149
144 149
145 149
146 149
147 149
4 150
5 150
6 150
7 150
8 150
10 150
11 150
12 150
15 150
21 150
22 150
25 150
26 150
29 150
31 150
33 150
34 150
35 150
36 150
37 150
41 150
42 150
44 150
45 150
48 150
49 150
52 150
54 150
55 150
56 150
57 150
60 150
72 150
74 150
75 150
76 150
80 150
82 150
83 150
90 150
91 150
92 150
93 150
94 150
97 150
98 150
100 150
101 150
102 150
103 150
104 150
108 150
109 150
110 150
114 150
115 150
116 150
117 150
119 150
120 150
122 150
123 150
125 150
128 150
132 150
133 150
135 150
140 150
141 150
142 150
143 150
144 150
145 150
5 151
8 151
10 151
11 151
12 151
13 151
19 151
21 151
22 151
26 151
27 151
28 151
31 151
32 151
33 151
34 151
36 151
37 151
38 151
39 151
41 151
42 151
44 151
53 151
55 151
57 151
61 151
62 151
63 151
66 151
74 151
77 151
81 151
82 151
84 151
89 151
90 151
96 151
97 151
98 151
100 151
102 151
103 151
104 151
105 151
107 151
108 151
110 151
113 151
116 151
118 151
119 151
123 151
124 151
126 151
127 151
131 151
132 151
137 151
138 151
139 151
140 151
141 151
142 151
144 151
149 151
1 152
2 152
5 152
8 152
13 152
14 152
15 152
19 152
22 152
23 152
25 152
30 152
34 152
35 152
36 152
37 152
38 152
42 152
43 152
44 152
45 152
46 152
50 152
51 152
55 152
56 152
60 152
62 152
63 152
65 152
76 152
77 152
79 152
85 152
87 152
91 152
92 152
96 152
97 152
100 152
102 152
103 152
104 152
105 152
109 152
111 152
112 152
114 152
116 152
119 152
120 152
122 152
125 152
128 152
129 152
130 152
133 152
139 152
141 152
147 152
148 152
149 152
2 153
3 153
5 153
7 153
8 153
9 153
13 153
14 153
15 153
17 153
19 153
21 153
23 153
24 153
27 153
28 153
32 153
36 153
40 153
42 153
43 153
45 153
46 153
48 153
51 153
53 153
58 153
60 153
61 153
63 153
68 153
69 153
70 153
77 153
78 153
79 153
82 153
86 153
87 153
89 153
90 153
92 153
94 153
95 153
97 153
100 153
102 153
103 153
104 153
106 153
108 153
110 153
115 153
116 153
117 153
123 153
124 153
126 153
127 153
128 153
131 153
132 153
133 153
135 153
136 153
138 153
141 153
143 153
148 153
149 153
151 153
2 154
3 154
4 154
9 154
10 154
11 154
12 154
13 154
16 154
18 154
19 154
24 154
25 154
27 154
28 154
32 154
34 154
36 154
37 154
38 154
39 154
40 154
45 154
46 154
47 154
48 154
51 154
55 154
58 154
62 154
68 154
69 154
70 154
78 154
80 154
82 154
84 154
87 154
88 154
92 154
93 154
100 154
101 154
102 154
103 154
104 154
105 154
111 154
113 154
114 154
115 154
117 154
118 154
119 154
120 154
121 154
123 154
126 154
127 154
128 154
130 154
132 154
134 154
135 154
136 154
145 154
146 154
147 154
150 154
151 154
152 154
1 155
2 155
4 155
5 155
6 155
7 155
13 155
14 155
15 155
17 155
18 155
22 155
23 155
25 155
26 155
27 155
32 155
35 155
36 155
37 155
40 155
42 155
44 155
45 155
50 155
53 155
55 155
59 155
61 155
62 155
64 155
66 155
67 155
69 155
72 155
78 155
80 155
81 155
83 155
84 155
86 155
94 155
95 155
97 155
100 155
103 155
106 155
107 155
108 155
111 155
114 155
117 155
119 155
120 155
125 155
134 155
135 155
136 155
143 155
145 155
147 155
148 155
149 155
151 155
152 155
153 155
154 155
2 156
3 156
4 156
5 156
7 156
9 156
10 156
12 156
16 156
17 156
18 156
19 156
20 156
22 156
23 156
24 156
25 156
26 156
27 156
30 156
32 156
33 156
35 156
36 156
37 156
38 156
41 156
42 156
43 156
44 156
49 156
50 156
55 156
57 156
60 156
62 156
68 156
74 156
75 156
76 156
78 156
79 156
81 156
83 156
84 156
87 156
89 156
90 156
92 156
96 156
97 156
98 156
99 156
100 156
101 156
102 156
104 156
106 156
107 156
109 156
110 156
113 156
115 156
116 156
117 156
119 156
128 156
129 156
132 156
137 156
139 156
140 156
145 156
147 156
148 156
150 156
151 156
154 156
155 156
1 157
2 157
3 157
4 157
5 157
7 157
8 157
9 157
10 157
12 157
13 157
14 157
15 157
16 157
21 157
22 157
24 157
25 157
26 157
27 157
29 157
31 157
32 157
35 157
37 157
39 157
41 157
43 157
46 157
47 157
49 157
51 157
58 157
62 157
64 157
65 157
66 157
67 157
68 157
69 157
72 157
75 157
76 157
77 157
78 157
79 157
80 157
81 157
82 157
84 157
86 157
87 157
88 157
93 157
97 157
98 157
99 157
102 157
104 157
106 157
107 157
108 157
114 157
116 157
117 157
118 157
122 157
126 157
128 157
129 157
131 157
132 157
136 157
137 157
138 157
140 157
141 157
142 157
143 157
144 157
145 157
147 157
150 157
152 157
155 157
156 157
4 158
6 158
7 158
8 158
11 158
12 158
13 158
16 158
17 158
18 158
21 158
26 158
28 158
29 158
30 158
31 158
34 158
37 158
38 158
40 158
41 158
44 158
48 158
49 158
50 158
52 158
53 158
54 158
55 158
56 158
59 158
61 158
64 158
78 158
79 158
83 158
85 158
88 158
90 158
92 158
95 158
96 158
99 158
101 158
103 158
104 158
105 158
106 158
107 158
108 158
109 158
111 158
112 158
114 158
115 158
117 158
119 158
120 158
125 158
127 158
128 158
129 158
131 158
132 158
134 158
136 158
141 158
142 158
145 158
148 158
150 158
155 158
157 158
3 159
4 159
5 159
6 159
7 159
9 159
10 159
11 159
13 159
14 159
15 159
18 159
19 159
21 159
22 159
24 159
26 159
27 159
31 159
32 159
33 159
34 159
36 159
37 159
38 159
40 159
41 159
44 159
51 159
52 159
54 159
55 159
56 159
59 159
60 159
61 159
63 159
64 159
65 159
66 159
70 159
78 159
80 159
81 159
84 159
88 159
96 159
97 159
98 159
100 159
101 159
102 159
103 159
104 159
108 159
109 159
110 159
111 159
112 159
114 159
116 159
118 159
122 159
125 159
127 159
128 159
131 159
132 159
133 159
134 159
136 159
137 159
139 159
143 159
144 159
146 159
149 159
150 159
152 159
154 159
2 160
3 160
4 160
6 160
9 160
10 160
14 160
17 160
19 160
22 160
23 160
24 160
27 160
29 160
30 160
33 160
34 160
35 160
37 160
40 160
41 160
44 160
46 160
56 160
60 160
61 160
64 160
67 160
68 160
69 160
71 160
72 160
83 160
84 160
86 160
89 160
90 160
91 160
94 160
95 160
101 160
102 160
104 160
105 160
107 160
110 160
112 160
114 160
116 160
119 160
120 160
122 160
124 160
126 160
128 160
129 160
130 160
131 160
132 160
134 160
136 160
137 160
140 160
142 160
143 160
144 160
150 160
153 160
156 160
157 160
9 161
15 161
16 161
17 161
22 161
25 161
26 161
29 161
30 161
33 161
39 161
40 161
50 161
51 161
54 161
56 161
58 161
59 161
60 161
63 161
65 161
66 161
67 161
71 161
73 161
74 161
81 161
82 161
87 161
88 161
90 161
91 161
92 161
94 161
96 161
97 161
98 161
99 161
103 161
104 161
106 161
107 161
109 161
110 161
112 161
115 161
116 161
117 161
118 161
119 161
120 161
121 161
124 161
128 161
131 161
138 161
141 161
142 161
145 161
146 161
150 161
153 161
154 161
3 162
6 162
10 162
11 162
12 162
14 162
15 162
18 162
22 162
24 162
25 162
27 162
28 162
30 162
31 162
32 162
33 162
34 162
37 162
38 162
39 162
40 162
41 162
42 162
43 162
44 162
46 162
47 162
49 162
50 162
53 162
54 162
55 162
57 162
61 162
63 162
68 162
70 162
72 162
74 162
76 162
85 162
86 162
88 162
92 162
97 162
98 162
99 162
102 162
109 162
111 162
112 162
117 162
118 162
123 162
128 162
129 162
131 162
134 162
135 162
136 162
138 162
139 162
142 162
145 162
147 162
148 162
154 162
155 162
158 162
159 162
161 162
1 163
2 163
3 163
4 163
6 163
11 163
13 163
15 163
16 163
20 163
22 163
23 163
24 163
25 163
26 163
28 163
30 163
31 163
34 163
35 163
37 163
38 163
39 163
41 163
42 163
48 163
50 163
51 163
55 163
56 163
58 163
60 163
66 163
67 163
68 163
69 163
70 163
80 163
81 163
84 163
86 163
91 163
92 163
93 163
94 163
95 163
96 163
98 163
100 163
102 163
103 163
104 163
109 163
110 163
113 163
115 163
116 163
117 163
118 163
122 163
123 163
124 163
125 163
128 163
130 163
135 163
137 163
139 163
145 163
148 163
149 163
150 163
155 163
157 163
159 163
161 163
1 164
3 164
5 164
8 164
10 164
14 164
15 164
16 164
17 164
20 164
21 164
28 164
29 164
30 164
31 164
32 164
34 164
36 164
37 164
38 164
39 164
40 164
41 164
43 164
45 164
46 164
47 164
48 164
49 164
50 164
54 164
57 164
58 164
62 164
64 164
68 164
72 164
74 164
75 164
79 164
80 164
81 164
82 164
86 164
88 164
94 164
95 164
96 164
97 164
99 164
100 164
103 164
108 164
109 164
111 164
113 164
115 164
117 164
122 164
124 164
129 164
134 164
135 164
136 164
138 164
139 164
140 164
142 164
144 164
145 164
147 164
148 164
149 164
151 164
156 164
161 164
163 164
1 165
3 165
4 165
6 165
7 165
9 165
12 165
13 165
20 165
22 165
25 165
29 165
31 165
33 165
39 165
40 165
42 165
43 165
48 165
49 165
51 165
54 165
55 165
58 165
59 165
60 165
61 165
62 165
64 165
65 165
66 165
68 165
70 165
72 165
73 165
76 165
77 165
79 165
83 165
84 165
86 165
87 165
88 165
89 165
91 165
94 165
98 165
100 165
102 165
104 165
105 165
106 165
111 165
115 165
116 165
118 165
120 165
121 165
122 165
123 165
128 165
130 165
131 165
133 165
136 165
137 165
138 165
141 165
143 165
144 165
146 165
149 165
150 165
152 165
153 165
154 165
155 165
156 165
160 165
161 165
162 165
163 165
5 166
7 166
9 166
12 166
13 166
16 166
20 166
23 166
26 166
28 166
30 166
32 166
33 166
36 166
39 166
40 166
41 166
42 166
45 166
52 166
55 166
56 166
59 166
60 166
61 166
62 166
69 166
70 166
79 166
80 166
82 166
84 166
85 166
87 166
90 166
91 166
92 166
98 166
103 166
106 166
109 166
111 166
112 166
114 166
117 166
119 166
120 166
123 166
124 166
125 166
127 166
131 166
133 166
138 166
139 166
140 166
142 166
143 166
145 166
146 166
148 166
151 166
152 166
153 166
155 166
157 166
159 166
162 166
165 166
3 167
6 167
8 167
12 167
14 167
16 167
18 167
20 167
21 167
22 167
24 167
30 167
32 167
34 167
36 167
38 167
39 167
42 167
44 167
46 167
49 167
51 167
52 167
54 167
56 167
57 167
61 167
63 167
68 167
69 167
71 167
72 167
82 167
84 167
86 167
87 167
93 167
94 167
95 167
96 167
98 167
100 167
101 167
105 167
107 167
108 167
112 167
113 167
115 167
117 167
121 167
122 167
125 167
126 167
127 167
128 167
131 167
133 167
134 167
136 167
138 167
139 167
140 167
142 167
145 167
149 167
153 167
155 167
157 167
160 167
163 167
4 168
7 168
8 168
12 168
13 168
14 168
15 168
19 168
20 168
22 168
24 168
28 168
30 168
32 168
33 168
37 168
38 168
41 168
44 168
45 168
46 168
47 168
50 168
52 168
53 168
54 168
56 168
57 168
58 168
59 168
63 168
67 168
68 168
71 168
72 168
73 168
75 168
77 168
85 168
87 168
88 168
98 168
99 168
102 168
104 168
105 168
107 168
110 168
111 168
114 168
116 168
117 168
119 168
120 168
122 168
123 168
125 168
126 168
128 168
129 168
130 168
132 168
133 168
136 168
137 168
138 168
141 168
143 168
146 168
147 168
151 168
153 168
155 168
160 168
1 169
5 169
6 169
7 169
15 169
16 169
17 169
19 169
22 169
23 169
25 169
26 169
29 169
31 169
32 169
33 169
35 169
36 169
38 169
39 169
41 169
42 169
43 169
44 169
50 169
51 169
52 169
54 169
61 169
65 169
66 169
67 169
70 169
71 169
72 169
75 169
76 169
77 169
86 169
87 169
88 169
89 169
90 169
93 169
96 169
98 169
100 169
102 169
106 169
112 169
113 169
114 169
115 169
117 169
122 169
123 169
124 169
127 169
128 169
129 169
135 169
136 169
139 169
142 169
146 169
148 169
151 169
152 169
153 169
154 169
157 169
158 169
159 169
167 169
168 169
2 170
7 170
9 170
14 170
15 170
16 170
18 170
19 170
23 170
26 170
28 170
31 170
32 170
36 170
38 170
39 170
41 170
43 170
44 170
45 170
48 170
49 170
50 170
52 170
56 170
57 170
60 170
64 170
65 170
66 170
67 170
72 170
73 170
74 170
77 170
79 170
85 170
87 170
89 170
90 170
94 170
96 170
97 170
98 170
101 170
105 170
107 170
108 170
110 170
111 170
113 170
115 170
116 170
117 170
118 170
119 170
120 170
121 170
122 170
123 170
124 170
126 170
128 170
132 170
134 170
136 170
137 170
139 170
140 170
141 170
143 170
146 170
148 170
149 170
153 170
157 170
161 170
164 170
166 170
167 170
168 170
1 171
2 171
5 171
6 171
10 171
14 171
16 171
19 171
21 171
22 171
23 171
24 171
25 171
29 171
31 171
33 171
34 171
35 171
36 171
39 171
42 171
43 171
45 171
51 171
53 171
55 171
58 171
59 171
60 171
61 171
63 171
66 171
67 171
68 171
73 171
74 171
76 171
79 171
80 171
84 171
86 171
87 171
93 171
94 171
95 171
97 171
98 171
100 171
101 171
102 171
103 171
104 171
106 171
108 171
109 171
110 171
111 171
114 171
116 171
118 171
119 171
120 171
122 171
126 171
128 171
129 171
130 171
132 171
133 171
139 171
142 171
143 171
144 171
146 171
147 171
148 171
149 171
150 171
153 171
157 171
158 171
159 171
160 171
161 171
162 171
166 171
167 171
168 171
170 171
3 172
10 172
11 172
12 172
15 172
20 172
21 172
24 172
27 172
28 172
29 172
31 172
32 172
35 172
36 172
40 172
41 172
43 172
49 172
51 172
52 172
57 172
58 172
60 172
61 172
62 172
65 172
66 172
68 172
69 172
71 172
74 172
75 172
76 172
78 172
83 172
90 172
92 172
94 172
95 172
96 172
97 172
99 172
100 172
101 172
103 172
104 172
105 172
107 172
108 172
110 172
111 172
115 172
117 172
118 172
120 172
121 172
122 172
123 172
124 172
128 172
129 172
133 172
139 172
141 172
146 172
149 172
150 172
153 172
155 172
156 172
159 172
161 172
162 172
163 172
164 172
166 172
167 172
169 172
170 172
1 173
4 173
6 173
8 173
13 173
15 173
17 173
18 173
25 173
26 173
28 173
29 173
30 173
31 173
32 173
33 173
34 173
35 173
36 173
38 173
39 173
40 173
41 173
43 173
45 173
46 173
49 173
52 173
53 173
54 173
55 173
58 173
59 173
60 173
62 173
64 173
65 173
68 173
69 173
70 173
73 173
74 173
75 173
76 173
77 173
80 173
82 173
85 173
86 173
87 173
90 173
91 173
93 173
94 173
95 173
97 173
102 173
104 173
106 173
109 173
110 173
115 173
117 173
118 173
119 173
120 173
121 173
125 173
126 173
128 173
130 173
131 173
132 173
134 173
135 173
136 173
137 173
138 173
139 173
145 173
148 173
149 173
151 173
152 173
153 173
155 173
157 173
159 173
162 173
164 173
165 173
1 174
2 174
5 174
6 174
8 174
10 174
13 174
14 174
15 174
16 174
17 174
18 174
21 174
27 174
28 174
33 174
36 174
38 174
42 174
43 174
49 174
51 174
52 174
55 174
56 174
57 174
61 174
68 174
69 174
70 174
72 174
83 174
84 174
88 174
92 174
96 174
99 174
101 174
103 174
104 174
105 174
107 174
108 174
112 174
119 174
120 174
122 174
123 174
127 174
128 174
130 174
131 174
133 174
135 174
136 174
138 174
139 174
140 174
142 174
143 174
148 174
149 174
150 174
153 174
156 174
158 174
160 174
164 174
169 174
171 174
172 174
173 174
2 175
3 175
4 175
5 175
7 175
8 175
9 175
11 175
12 175
13 175
14 175
15 175
16 175
22 175
23 175
24 175
25 175
28 175
29 175
31 175
34 175
35 175
37 175
38 175
39 175
40 175
41 175
42 175
44 175
45 175
48 175
49 175
50 175
52 175
54 175
56 175
58 175
59 175
60 175
61 175
62 175
63 175
64 175
67 175
69 175
74 175
86 175
88 175
89 175
93 175
94 175
98 175
99 175
100 175
103 175
104 175
105 175
113 175
114 175
118 175
120 175
127 175
128 175
133 175
136 175
137 175
138 175
139 175
140 175
141 175
143 175
145 175
153 175
154 175
156 175
159 175
161 175
162 175
163 175
166 175
167 175
168 175
169 175
173 175
2 176
6 176
7 176
9 176
10 176
13 176
14 176
18 176
21 176
22 176
24 176
25 176
26 176
30 176
34 176
35 176
37 176
38 176
39 176
41 176
42 176
44 176
45 176
47 176
48 176
50 176
52 176
55 176
57 176
58 176
59 176
60 176
62 176
67 176
69 176
72 176
74 176
77 176
79 176
80 176
89 176
91 176
92 176
93 176
96 176
97 176
98 176
101 176
103 176
104 176
108 176
110 176
114 176
115 176
117 176
118 176
123 176
124 176
125 176
128 176
129 176
138 176
139 176
140 176
141 176
145 176
148 176
149 176
151 176
153 176
154 176
155 176
156 176
157 176
163 176
166 176
167 176
168 176
169 176
171 176
1 177
3 177
5 177
8 177
10 177
11 177
16 177
17 177
19 177
22 177
23 177
26 177
30 177
31 177
32 177
34 177
36 177
38 177
39 177
43 177
44 177
46 177
47 177
48 177
49 177
51 177
53 177
54 177
55 177
56 177
59 177
60 177
61 177
62 177
65 177
66 177
67 177
68 177
69 177
70 177
72 177
76 177
77 177
78 177
82 177
83 177
93 177
94 177
95 177
98 177
99 177
100 177
101 177
104 177
106 177
107 177
108 177
109 177
111 177
114 177
115 177
116 177
125 177
126 177
128 177
129 177
130 177
133 177
134 177
136 177
137 177
138 177
141 177
143 177
146 177
147 177
149 177
160 177
162 177
165 177
166 177
167 177
170 177
171 177
175 177
1 178
2 178
3 178
4 178
10 178
11 178
12 178
13 178
14 178
15 178
20 178
23 178
24 178
25 178
26 178
27 178
29 178
31 178
32 178
33 178
36 178
38 178
41 178
42 178
43 178
45 178
47 178
49 178
51 178
54 178
55 178
58 178
67 178
69 178
70 178
72 178
73 178
75 178
78 178
79 178
83 178
84 178
92 178
95 178
98 178
102 178
106 178
108 178
109 178
110 178
114 178
118 178
120 178
121 178
123 178
127 178
128 178
129 178
131 178
133 178
134 178
137 178
140 178
143 178
144 178
146 178
148 178
151 178
152 178
156 178
157 178
159 178
160 178
161 178
162 178
163 178
165 178
166 178
169 178
175 178
5 179
9 179
10 179
12 179
16 179
17 179
18 179
21 179
22 179
27 179
29 179
31 179
32 179
33 179
35 179
36 179
38 179
41 179
43 179
44 179
47 179
48 179
50 179
51 179
56 179
57 179
58 179
60 179
61 179
62 179
63 179
66 179
67 179
68 179
69 179
72 179
73 179
75 179
76 179
77 179
78 179
81 179
84 179
89 179
91 179
95 179
96 179
97 179
99 179
100 179
101 179
102 179
104 179
107 179
111 179
112 179
116 179
119 179
121 179
123 179
125 179
127 179
130 179
131 179
135 179
143 179
144 179
148 179
149 179
150 179
153 179
155 179
156 179
157 179
158 179
162 179
164 179
165 179
168 179
169 179
170 179
171 179
172 179
174 179
176 179
177 179
178 179
2 180
11 180
14 180
16 180
17 180
18 180
20 180
23 180
24 180
26 180
28 180
31 180
33 180
37 180
38 180
42 180
44 180
45 180
47 180
48 180
52 180
53 180
55 180
56 180
59 180
62 180
65 180
68 180
71 180
76 180
79 180
81 180
82 180
86 180
91 180
92 180
94 180
95 180
97 180
98 180
100 180
103 180
107 180
110 180
111 180
112 180
113 180
115 180
119 180
120 180
121 180
122 180
126 180
128 180
129 180
130 180
131 180
133 180
134 180
138 180
141 180
144 180
145 180
147 180
150 180
151 180
152 180
157 180
158 180
160 180
163 180
166 180
168 180
171 180
172 180
173 180
2 181
4 181
5 181
6 181
7 181
10 181
14 181
21 181
23 181
24 181
26 181
28 181
29 181
30 181
34 181
35 181
37 181
41 181
42 181
43 181
44 181
46 181
49 181
50 181
51 181
53 181
54 181
55 181
56 181
58 181
60 181
61 181
62 181
64 181
65 181
68 181
70 181
71 181
73 181
77 181
78 181
79 181
84 181
86 181
88 181
90 181
96 181
100 181
106 181
110 181
111 181
113 181
115 181
116 181
117 181
118 181
121 181
122 181
124 181
128 181
129 181
130 181
131 181
133 181
136 181
137 181
138 181
139 181
140 181
141 181
142 181
143 181
145 181
146 181
148 181
149 181
150 181
152 181
153 181
156 181
158 181
161 181
162 181
164 181
165 181
167 181
168 181
169 181
170 181
171 181
179 181
5 182
6 182
9 182
11 182
13 182
15 182
16 182
18 182
21 182
22 182
23 182
25 182
27 182
30 182
32 182
39 182
46 182
47 182
48 182
49 182
54 182
56 182
59 182
60 182
62 182
63 182
64 182
66 182
68 182
70 182
71 182
72 182
73 182
75 182
76 182
77 182
78 182
87 182
88 182
90 182
92 182
96 182
97 182
99 182
104 182
106 182
108 182
109 182
110 182
112 182
113 182
114 182
115 182
116 182
117 182
119 182
120 182
121 182
123 182
125 182
126 182
127 182
128 182
130 182
134 182
136 182
137 182
138 182
142 182
144 182
148 182
149 182
150 182
153 182
155 182
161 182
164 182
167 182
168 182
169 182
170 182
171 182
176 182
180 182
181 182
1 183
5 183
6 183
8 183
14 183
15 183
16 183
17 183
19 183
21 183
22 183
23 183
25 183
27 183
31 183
34 183
37 183
38 183
42 183
43 183
44 183
45 183
46 183
47 183
49 183
50 183
60 183
61 183
63 183
67 183
70 183
73 183
75 183
76 183
78 183
80 183
82 183
94 183
96 183
97 183
102 183
105 183
106 183
107 183
109 183
110 183
116 183
119 183
120 183
121 183
124 183
125 183
129 183
130 183
131 183
133 183
134 183
135 183
136 183
137 183
138 183
142 183
143 183
146 183
147 183
152 183
153 183
154 183
155 183
156 183
157 183
159 183
160 183
162 183
164 183
166 183
167 183
168 183
169 183
173 183
175 183
176 183
179 183
181 183
4 184
7 184
8 184
10 184
11 184
12 184
13 184
15 184
16 184
17 184
18 184
19 184
20 184
21 184
22 184
24 184
25 184
26 184
27 184
29 184
30 184
31 184
32 184
33 184
37 184
39 184
41 184
44 184
48 184
49 184
51 184
52 184
58 184
60 184
61 184
63 184
67 184
73 184
76 184
78 184
82 184
85 184
92 184
96 184
97 184
98 184
101 184
105 184
106 184
109 184
110 184
115 184
118 184
119 184
122 184
125 184
130 184
133 184
136 184
137 184
140 184
141 184
142 184
143 184
145 184
149 184
151 184
153 184
155 184
156 184
159 184
161 184
163 184
164 184
165 184
166 184
167 184
168 184
169 184
172 184
173 184
174 184
176 184
177 184
1 185
2 185
5 185
6 185
7 185
10 185
12 185
13 185
15 185
18 185
21 185
23 185
26 185
28 185
29 185
30 185
32 185
38 185
39 185
45 185
46 185
47 185
48 185
49 185
50 185
53 185
54 185
56 185
57 185
58 185
61 185
62 185
63 185
64 185
65 185
67 185
69 185
70 185
71 185
73 185
75 185
76 185
78 185
80 185
81 185
83 185
84 185
85 185
86 185
87 185
95 185
98 185
104 185
106 185
107 185
109 185
111 185
113 185
114 185
116 185
117 185
118 185
119 185
120 185
125 185
127 185
132 185
134 185
137 185
140 185
141 185
142 185
144 185
145 185
146 185
147 185
148 185
150 185
153 185
154 185
155 185
158 185
159 185
161 185
162 185
163 185
164 185
166 185
171 185
176 185
178 185
179 185
180 185
1 186
2 186
4 186
6 186
7 186
8 186
9 186
10 186
12 186
14 186
17 186
18 186
19 186
22 186
23 186
24 186
26 186
27 186
28 186
30 186
31 186
34 186
35 186
39 186
41 186
42 186
43 186
45 186
49 186
51 186
52 186
53 186
54 186
55 186
56 186
58 186
60 186
67 186
68 186
70 186
72 186
74 186
75 186
81 186
82 186
85 186
95 186
96 186
97 186
98 186
99 186
102 186
104 186
105 186
107 186
109 186
110 186
111 186
115 186
117 186
118 186
120 186
121 186
122 186
123 186
126 186
127 186
130 186
134 186
135 186
136 186
141 186
146 186
147 186
149 186
152 186
155 186
157 186
158 186
159 186
161 186
163 186
164 186
165 186
166 186
168 186
170 186
173 186
174 186
178 186
183 186
184 186
185 186
5 187
7 187
8 187
9 187
12 187
14 187
17 187
19 187
21 187
28 187
31 187
32 187
34 187
37 187
39 187
40 187
42 187
43 187
45 187
50 187
51 187
52 187
54 187
58 187
66 187
67 187
70 187
71 187
75 187
79 187
80 187
81 187
83 187
87 187
88 187
95 187
97 187
98 187
101 187
103 187
104 187
105 187
106 187
107 187
109 187
112 187
114 187
115 187
117 187
119 187
128 187
131 187
132 187
134 187
135 187
136 187
137 187
139 187
141 187
142 187
143 187
148 187
150 187
151 187
153 187
155 187
159 187
160 187
167 187
168 187
169 187
170 187
176 187
177 187
179 187
181 187
184 187
185 187
186 187
1 188
2 188
7 188
10 188
12 188
14 188
15 188
17 188
19 188
21 188
24 188
26 188
30 188
34 188
35 188
37 188
41 188
42 188
43 188
44 188
48 188
51 188
52 188
57 188
59 188
61 188
63 188
64 188
66 188
69 188
72 188
74 188
76 188
80 188
82 188
83 188
84 188
85 188
86 188
87 188
93 188
95 188
98 188
99 188
100 188
101 188
102 188
103 188
104 188
105 188
106 188
107 188
112 188
115 188
119 188
122 188
124 188
127 188
130 188
132 188
133 188
134 188
135 188
136 188
137 188
138 188
139 188
141 188
142 188
143 188
145 188
150 188
151 188
154 188
155 188
156 188
160 188
164 188
165 188
166 188
168 188
173 188
175 188
176 188
177 188
179 188
180 188
182 188
183 188
184 188
186 188
187 188
1 189
2 189
3 189
4 189
5 189
6 189
8 189
12 189
13 189
14 189
15 189
17 189
18 189
20 189
21 189
22 189
23 189
24 189
26 189
29 189
30 189
31 189
32 189
36 189
41 189
42 189
43 189
47 189
53 189
54 189
56 189
59 189
63 189
64 189
66 189
68 189
70 189
73 189
75 189
77 189
78 189
79 189
81 189
83 189
85 189
87 189
88 189
89 189
90 189
91 189
92 189
94 189
95 189
96 189
98 189
101 189
104 189
105 189
106 189
107 189
108 189
109 189
110 189
112 189
113 189
114 189
115 189
119 189
120 189
121 189
122 189
123 189
130 189
133 189
137 189
139 189
140 189
147 189
149 189
152 189
153 189
157 189
159 189
160 189
161 189
162 189
163 189
166 189
172 189
173 189
175 189
176 189
178 189
179 189
182 189
184 189
2 190
3 190
13 190
15 190
16 190
24 190
26 190
27 190
28 190
29 190
30 190
35 190
38 190
39 190
42 190
44 190
45 190
48 190
49 190
51 190
52 190
53 190
54 190
55 190
56 190
57 190
62 190
65 190
67 190
68 190
69 190
70 190
71 190
72 190
73 190
76 190
78 190
79 190
80 190
91 190
92 190
93 190
96 190
97 190
101 190
102 190
106 190
107 190
109 190
116 190
118 190
119 190
121 190
122 190
124 190
126 190
127 190
129 190
136 190
137 190
138 190
140 190
145 190
149 190
150 190
151 190
152 190
154 190
157 190
158 190
161 190
162 190
164 190
165 190
166 190
168 190
171 190
173 190
174 190
178 190
180 190
183 190
186 190
187 190
189 190
1 191
2 191
3 191
5 191
8 191
10 191
11 191
14 191
16 191
18 191
22 191
24 191
25 191
26 191
27 191
28 191
32 191
33 191
34 191
35 191
36 191
39 191
40 191
41 191
43 191
44 191
47 191
50 191
52 191
54 191
55 191
57 191
58 191
59 191
62 191
64 191
69 191
74 191
76 191
80 191
81 191
94 191
97 191
104 191
106 191
107 191
108 191
109 191
110 191
116 191
117 191
119 191
120 191
121 191
124 191
126 191
127 191
128 191
129 191
131 191
132 191
134 191
136 191
137 191
138 191
139 191
140 191
142 191
143 191
144 191
146 191
147 191
151 191
152 191
157 191
160 191
161 191
162 191
164 191
167 191
169 191
177 191
178 191
180 191
183 191
185 191
186 191
187 191
3 192
5 192
6 192
8 192
10 192
11 192
12 192
17 192
19 192
20 192
22 192
28 192
30 192
31 192
33 192
35 192
36 192
38 192
40 192
41 192
42 192
43 192
44 192
45 192
46 192
47 192
49 192
50 192
51 192
52 192
56 192
60 192
61 192
63 192
68 192
71 192
72 192
73 192
77 192
78 192
79 192
80 192
86 192
87 192
88 192
98 192
99 192
100 192
102 192
103 192
105 192
106 192
110 192
112 192
119 192
120 192
121 192
123 192
128 192
129 192
130 192
131 192
132 192
135 192
137 192
138 192
139 192
142 192
143 192
145 192
147 192
150 192
152 192
153 192
154 192
156 192
157 192
158 192
160 192
161 192
163 192
164 192
165 192
166 192
167 192
168 192
169 192
170 192
173 192
174 192
178 192
180 192
191 192
6 193
8 193
10 193
13 193
14 193
15 193
16 193
17 193
18 193
19 193
20 193
21 193
22 193
23 193
27 193
28 193
31 193
34 193
36 193
37 193
39 193
45 193
47 193
48 193
49 193
50 193
52 193
54 193
55 193
56 193
59 193
60 193
61 193
63 193
65 193
67 193
68 193
69 193
72 193
73 193
74 193
76 193
77 193
78 193
79 193
80 193
83 193
85 193
88 193
90 193
98 193
100 193
102 193
103 193
108 193
109 193
110 193
114 193
115 193
116 193
117 193
118 193
119 193
121 193
123 193
126 193
127 193
129 193
130 193
131 193
132 193
133 193
134 193
135 193
139 193
141 193
144 193
145 193
148 193
153 193
158 193
160 193
164 193
167 193
168 193
169 193
171 193
175 193
176 193
178 193
180 193
181 193
182 193
184 193
186 193
189 193
4 194
5 194
8 194
9 194
10 194
11 194
12 194
14 194
15 194
17 194
19 194
25 194
26 194
27 194
28 194
35 194
36 194
37 194
41 194
43 194
44 194
45 194
46 194
47 194
49 194
50 194
55 194
57 194
63 194
65 194
66 194
73 194
78 194
79 194
82 194
83 194
84 194
85 194
87 194
89 194
99 194
103 194
104 194
105 194
109 194
111 194
113 194
116 194
117 194
118 194
119 194
121 194
122 194
123 194
124 194
125 194
130 194
131 194
134 194
137 194
139 194
140 194
143 194
144 194
145 194
148 194
149 194
150 194
151 194
153 194
154 194
157 194
162 194
164 194
165 194
172 194
174 194
179 194
182 194
186 194
187 194
190 194
4 195
5 195
6 195
7 195
9 195
10 195
11 195
13 195
14 195
15 195
16 195
20 195
21 195
22 195
24 195
25 195
27 195
28 195
34 195
37 195
39 195
41 195
42 195
44 195
46 195
47 195
50 195
53 195
60 195
63 195
66 195
67 195
70 195
72 195
73 195
75 195
76 195
78 195
80 195
84 195
86 195
87 195
88 195
89 195
90 195
92 195
97 195
101 195
105 195
106 195
107 195
110 195
111 195
115 195
116 195
117 195
118 195
126 195
127 195
128 195
130 195
131 195
132 195
136 195
137 195
140 195
141 195
142 195
143 195
144 195
145 195
147 195
150 195
151 195
155 195
159 195
161 195
162 195
163 195
168 195
170 195
172 195
173 195
175 195
178 195
179 195
180 195
182 195
183 195
184 195
185 195
187 195
192 195
1 196
2 196
5 196
7 196
9 196
12 196
17 196
18 196
20 196
21 196
22 196
25 196
27 196
35 196
39 196
42 196
45 196
48 196
50 196
51 196
52 196
53 196
54 196
56 196
59 196
61 196
63 196
64 196
66 196
67 196
68 196
72 196
74 196
77 196
78 196
81 196
82 196
83 196
88 196
89 196
90 196
95 196
99 196
107 196
108 196
109 196
110 196
111 196
112 196
113 196
114 196
115 196
116 196
118 196
121 196
122 196
123 196
124 196
125 196
126 196
128 196
129 196
130 196
132 196
136 196
137 196
139 196
141 196
143 196
145 196
146 196
147 196
150 196
152 196
155 196
156 196
157 196
159 196
160 196
161 196
163 196
164 196
165 196
170 196
171 196
180 196
183 196
187 196
188 196
189 196
190 196
195 196
3 197
4 197
5 197
6 197
9 197
10 197
12 197
14 197
15 197
16 197
18 197
19 197
21 197
22 197
24 197
25 197
27 197
32 197
34 197
36 197
38 197
39 197
40 197
45 197
46 197
53 197
60 197
64 197
66 197
70 197
71 197
72 197
74 197
77 197
78 197
79 197
81 197
82 197
83 197
85 197
86 197
89 197
91 197
94 197
97 197
98 197
99 197
100 197
102 197
103 197
112 197
118 197
119 197
120 197
122 197
127 197
131 197
133 197
134 197
135 197
136 197
137 197
138 197
142 197
143 197
149 197
151 197
154 197
155 197
158 197
159 197
161 197
163 197
164 197
165 197
166 197
170 197
174 197
175 197
181 197
182 197
186 197
187 197
188 197
192 197
2 198
4 198
6 198
8 198
10 198
11 198
17 198
18 198
23 198
26 198
28 198
30 198
33 198
38 198
39 198
41 198
42 198
47 198
49 198
51 198
53 198
55 198
58 198
60 198
62 198
66 198
68 198
69 198
73 198
75 198
77 198
78 198
79 198
81 198
82 198
85 198
97 198
98 198
99 198
100 198
101 198
102 198
103 198
105 198
111 198
112 198
113 198
117 198
118 198
119 198
120 198
121 198
129 198
133 198
135 198
138 198
139 198
142 198
146 198
147 198
149 198
150 198
151 198
152 198
156 198
158 198
159 198
161 198
163 198
165 198
166 198
168 198
169 198
171 198
172 198
173 198
174 198
175 198
176 198
178 198
179 198
181 198
183 198
184 198
185 198
186 198
187 198
189 198
190 198
191 198
196 198
197 198
1 199
3 199
9 199
13 199
14 199
15 199
17 199
18 199
22 199
23 199
25 199
26 199
28 199
29 199
30 199
31 199
33 199
34 199
36 199
39 199
43 199
45 199
46 199
47 199
48 199
49 199
50 199
51 199
53 199
54 199
56 199
57 199
58 199
59 199
63 199
66 199
67 199
68 199
70 199
74 199
76 199
81 199
82 199
87 199
88 199
100 199
101 199
106 199
108 199
109 199
112 199
115 199
116 199
117 199
120 199
122 199
124 199
128 199
129 199
132 199
133 199
137 199
139 199
142 199
144 199
145 199
147 199
148 199
151 199
156 199
161 199
162 199
164 199
169 199
170 199
171 199
172 199
175 199
176 199
180 199
183 199
184 199
187 199
188 199
189 199
194 199
195 199
196 199
197 199
1 200
4 200
9 200
10 200
11 200
14 200
17 200
18 200
20 200
21 200
22 200
24 200
26 200
27 200
30 200
31 200
32 200
34 200
35 200
36 200
37 200
39 200
40 200
41 200
42 200
43 200
44 200
45 200
47 200
49 200
50 200
51 200
53 200
54 200
55 200
57 200
64 200
66 200
67 200
71 200
72 200
73 200
79 200
80 200
81 200
82 200
83 200
84 200
85 200
86 200
88 200
90 200
91 200
93 200
100 200
101 200
102 200
104 200
105 200
106 200
107 200
109 200
112 200
114 200
116 200
117 200
120 200
127 200
128 200
129 200
130 200
136 200
139 200
140 200
142 200
143 200
145 200
146 200
149 200
151 200
154 200
157 200
158 200
159 200
164 200
165 200
166 200
167 200
169 200
171 200
172 200
173 200
174 200
175 200
177 200
178 200
180 200
181 200
182 200
183 200
185 200
186 200
187 200
188 200
189 200
191 200
192 200
193 200
196 200
199 200
1 201
2 201
5 201
7 201
8 201
11 201
13 201
14 201
15 201
19 201
23 201
25 201
27 201
28 201
34 201
37 201
41 201
42 201
43 201
46 201
49 201
50 201
53 201
54 201
56 201
60 201
62 201
67 201
68 201
69 201
70 201
72 201
73 201
75 201
78 201
79 201
80 201
82 201
83 201
84 201
86 201
88 201
89 201
91 201
94 201
95 201
102 201
106 201
107 201
109 201
113 201
114 201
115 201
116 201
117 201
118 201
119 201
120 201
124 201
125 201
126 201
133 201
136 201
138 201
141 201
142 201
147 201
150 201
152 201
155 201
157 201
158 201
165 201
170 201
172 201
173 201
175 201
177 201
185 201
186 201
188 201
189 201
194 201
195 201
200 201
1 202
2 202
4 202
5 202
6 202
7 202
10 202
12 202
13 202
16 202
18 202
23 202
26 202
29 202
30 202
31 202
33 202
34 202
36 202
39 202
40 202
41 202
45 202
46 202
49 202
54 202
56 202
59 202
60 202
62 202
63 202
64 202
68 202
69 202
70 202
71 202
72 202
74 202
75 202
76 202
77 202
78 202
81 202
83 202
85 202
89 202
91 202
95 202
101 202
102 202
104 202
105 202
106 202
108 202
109 202
110 202
112 202
114 202
115 202
120 202
123 202
124 202
125 202
126 202
128 202
131 202
133 202
135 202
140 202
141 202
143 202
144 202
145 202
154 202
155 202
156 202
158 202
159 202
161 202
167 202
170 202
171 202
173 202
174 202
176 202
177 202
179 202
181 202
182 202
183 202
184 202
186 202
190 202
194 202
195 202
197 202
198 202
201 202
2 203
5 203
6 203
8 203
9 203
11 203
13 203
15 203
17 203
19 203
21 203
23 203
27 203
28 203
30 203
31 203
32 203
33 203
38 203
39 203
41 203
42 203
43 203
50 203
51 203
52 203
56 203
61 203
62 203
63 203
64 203
65 203
66 203
70 203
71 203
72 203
73 203
75 203
80 203
81 203
85 203
86 203
87 203
91 203
92 203
93 203
94 203
100 203
101 203
102 203
103 203
104 203
105 203
107 203
108 203
109 203
110 203
112 203
113 203
114 203
116 203
117 203
119 203
123 203
124 203
125 203
128 203
130 203
131 203
135 203
137 203
141 203
142 203
143 203
147 203
149 203
150 203
151 203
152 203
153 203
155 203
157 203
158 203
162 203
163 203
165 203
166 203
167 203
176 203
177 203
179 203
180 203
182 203
183 203
184 203
186 203
191 203
192 203
195 203
196 203
197 203
198 203
199 203
200 203
201 203
202 203
11 204
15 204
16 204
17 204
19 204
24 204
26 204
28 204
30 204
31 204
32 204
36 204
37 204
42 204
45 204
46 204
47 204
49 204
54 204
55 204
56 204
57 204
59 204
61 204
63 204
66 204
67 204
69 204
71 204
73 204
75 204
76 204
77 204
78 204
85 204
88 204
89 204
90 204
91 204
93 204
95 204
98 204
100 204
101 204
102 204
103 204
105 204
106 204
111 204
114 204
115 204
117 204
118 204
122 204
124 204
126 204
127 204
128 204
131 204
132 204
133 204
134 204
135 204
136 204
138 204
139 204
140 204
141 204
142 204
145 204
146 204
147 204
148 204
149 204
150 204
151 204
152 204
159 204
162 204
163 204
165 204
166 204
167 204
168 204
169 204
170 204
176 204
182 204
184 204
185 204
191 204
193 204
201 204
1 205
2 205
3 205
4 205
6 205
7 205
9 205
13 205
15 205
17 205
18 205
19 205
20 205
21 205
23 205
25 205
26 205
27 205
28 205
32 205
33 205
34 205
36 205
37 205
38 205
39 205
40 205
47 205
48 205
50 205
54 205
58 205
59 205
64 205
65 205
66 205
74 205
76 205
78 205
81 205
85 205
89 205
92 205
93 205
95 205
97 205
98 205
101 205
103 205
104 205
105 205
106 205
107 205
109 205
110 205
114 205
116 205
117 205
119 205
122 205
124 205
126 205
127 205
128 205
129 205
131 205
135 205
138 205
141 205
147 205
148 205
149 205
152 205
155 205
159 205
161 205
163 205
165 205
168 205
169 205
170 205
173 205
174 205
175 205
176 205
177 205
178 205
184 205
185 205
186 205
187 205
188 205
190 205
193 205
194 205
196 205
198 205
199 205
200 205
201 205
203 205
1 206
10 206
11 206
14 206
18 206
20 206
22 206
23 206
24 206
29 206
32 206
33 206
38 206
39 206
40 206
42 206
46 206
47 206
48 206
50 206
51 206
54 206
55 206
57 206
58 206
60 206
65 206
66 206
70 206
73 206
74 206
75 206
77 206
78 206
79 206
81 206
83 206
84 206
85 206
86 206
87 206
89 206
99 206
102 206
106 206
107 206
108 206
110 206
112 206
113 206
114 206
116 206
118 206
124 206
125 206
127 206
129 206
130 206
136 206
137 206
140 206
142 206
143 206
144 206
145 206
146 206
147 206
149 206
150 206
152 206
155 206
158 206
167 206
168 206
170 206
171 206
172 206
174 206
175 206
178 206
181 206
184 206
185 206
187 206
189 206
190 206
193 206
194 206
195 206
196 206
197 206
198 206
200 206
202 206
205 206
1 207
2 207
3 207
4 207
6 207
7 207
9 207
11 207
12 207
13 207
14 207
15 207
16 207
20 207
21 207
30 207
32 207
33 207
35 207
39 207
40 207
41 207
42 207
43 207
45 207
46 207
47 207
48 207
52 207
53 207
54 207
55 207
56 207
58 207
59 207
61 207
63 207
64 207
66 207
68 207
69 207
72 207
73 207
75 207
77 207
80 207
82 207
83 207
84 207
85 207
88 207
91 207
92 207
93 207
94 207
102 207
105 207
106 207
107 207
109 207
110 207
111 207
114 207
121 207
123 207
126 207
127 207
132 207
133 207
135 207
137 207
138 207
141 207
142 207
143 207
146 207
147 207
148 207
156 207
158 207
159 207
161 207
162 207
163 207
165 207
167 207
168 207
171 207
173 207
174 207
175 207
176 207
178 207
179 207
181 207
182 207
183 207
184 207
185 207
186 207
189 207
190 207
192 207
197 207
199 207
200 207
201 207
205 207
1 208
2 208
4 208
5 208
6 208
9 208
11 208
15 208
20 208
21 208
24 208
25 208
27 208
31 208
33 208
36 208
38 208
39 208
40 208
41 208
42 208
43 208
47 208
49 208
50 208
53 208
57 208
59 208
61 208
64 208
67 208
69 208
71 208
74 208
78 208
79 208
81 208
85 208
88 208
93 208
95 208
96 208
97 208
105 208
107 208
108 208
109 208
110 208
112 208
113 208
116 208
121 208
122 208
125 208
129 208
130 208
131 208
139 208
140 208
142 208
144 208
145 208
146 208
148 208
149 208
152 208
154 208
155 208
157 208
160 208
163 208
165 208
168 208
169 208
171 208
172 208
173 208
174 208
175 208
176 208
177 208
179 208
183 208
186 208
192 208
200 208
204 208
205 208
206 208
207 208
1 209
4 209
5 209
7 209
8 209
9 209
11 209
13 209
14 209
15 209
16 209
20 209
21 209
22 209
24 209
25 209
26 209
28 209
31 209
33 209
34 209
36 209
40 209
41 209
47 209
49 209
53 209
54 209
55 209
57 209
59 209
61 209
64 209
65 209
67 209
68 209
69 209
72 209
73 209
75 209
76 209
77 209
82 209
83 209
89 209
90 209
94 209
95 209
96 209
99 209
105 209
107 209
110 209
111 209
112 209
113 209
114 209
115 209
117 209
118 209
120 209
121 209
125 209
126 209
129 209
133 209
135 209
136 209
138 209
142 209
144 209
145 209
151 209
152 209
156 209
159 209
160 209
161 209
165 209
166 209
167 209
168 209
170 209
171 209
173 209
174 209
175 209
177 209
178 209
179 209
184 209
185 209
189 209
191 209
201 209
202 209
206 209
1 210
4 210
5 210
6 210
8 210
10 210
11 210
14 210
17 210
18 210
21 210
22 210
24 210
27 210
28 210
30 210
31 210
32 210
33 210
39 210
40 210
41 210
43 210
51 210
52 210
54 210
56 210
57 210
59 210
60 210
61 210
62 210
65 210
67 210
68 210
70 210
75 210
76 210
77 210
79 210
81 210
84 210
87 210
88 210
89 210
90 210
94 210
95 210
96 210
98 210
100 210
105 210
109 210
110 210
113 210
115 210
116 210
117 210
120 210
122 210
124 210
126 210
127 210
129 210
130 210
135 210
136 210
137 210
140 210
142 210
143 210
144 210
145 210
147 210
149 210
158 210
160 210
163 210
164 210
169 210
174 210
175 210
176 210
177 210
179 210
180 210
181 210
183 210
186 210
188 210
189 210
190 210
191 210
192 210
193 210
194 210
195 210
196 210
198 210
199 210
200 210
203 210
205 210
206 210
208 210
209 210
1 211
2 211
5 211
6 211
8 211
9 211
11 211
12 211
13 211
14 211
15 211
16 211
17 211
18 211
22 211
24 211
28 211
31 211
32 211
35 211
36 211
38 211
42 211
43 211
44 211
45 211
46 211
47 211
48 211
50 211
51 211
54 211
58 211
60 211
62 211
64 211
66 211
68 211
71 211
72 211
77 211
79 211
82 211
84 211
86 211
89 211
90 211
92 211
95 211
99 211
104 211
106 211
107 211
108 211
112 211
113 211
115 211
116 211
120 211
121 211
122 211
123 211
124 211
126 211
129 211
130 211
131 211
132 211
134 211
135 211
136 211
138 211
140 211
141 211
142 211
143 211
144 211
146 211
147 211
148 211
150 211
153 211
154 211
157 211
158 211
161 211
162 211
163 211
167 211
171 211
172 211
175 211
176 211
178 211
180 211
181 211
183 211
185 211
187 211
191 211
194 211
196 211
200 211
201 211
203 211
208 211
210 211
1 212
5 212
6 212
7 212
9 212
10 212
11 212
13 212
15 212
16 212
19 212
20 212
21 212
23 212
24 212
25 212
28 212
29 212
30 212
32 212
34 212
36 212
37 212
40 212
43 212
44 212
45 212
46 212
48 212
49 212
52 212
56 212
59 212
60 212
62 212
64 212
68 212
69 212
73 212
74 212
77 212
80 212
81 212
82 212
85 212
89 212
91 212
93 212
97 212
99 212
104 212
109 212
110 212
111 212
114 212
115 212
116 212
119 212
120 212
121 212
123 212
124 212
125 212
126 212
127 212
131 212
132 212
137 212
139 212
144 212
145 212
149 212
150 212
152 212
153 212
155 212
156 212
157 212
158 212
162 212
163 212
164 212
167 212
168 212
172 212
173 212
175 212
177 212
178 212
181 212
182 212
183 212
184 212
189 212
190 212
195 212
197 212
199 212
200 212
201 212
204 212
205 212
206 212
208 212
210 212
8 213
9 213
12 213
13 213
16 213
17 213
18 213
23 213
25 213
27 213
29 213
30 213
31 213
43 213
46 213
48 213
49 213
51 213
53 213
54 213
55 213
58 213
59 213
61 213
62 213
64 213
65 213
67 213
68 213
69 213
70 213
72 213
76 213
80 213
86 213
89 213
93 213
94 213
97 213
101 213
103 213
104 213
105 213
106 213
107 213
108 213
110 213
112 213
115 213
118 213
119 213
121 213
122 213
123 213
124 213
125 213
128 213
129 213
133 213
137 213
138 213
141 213
142 213
143 213
147 213
150 213
151 213
152 213
155 213
156 213
158 213
160 213
164 213
167 213
168 213
171 213
172 213
178 213
180 213
185 213
188 213
189 213
193 213
194 213
195 213
196 213
197 213
199 213
200 213
203 213
205 213
206 213
207 213
208 213
209 213
210 213
212 213
1 214
2 214
5 214
7 214
8 214
11 214
19 214
21 214
23 214
24 214
26 214
28 214
32 214
37 214
39 214
40 214
41 214
43 214
44 214
46 214
47 214
51 214
52 214
54 214
55 214
57 214
58 214
60 214
62 214
66 214
67 214
68 214
69 214
71 214
75 214
76 214
81 214
82 214
84 214
85 214
86 214
88 214
90 214
92 214
94 214
103 214
106 214
109 214
111 214
113 214
114 214
121 214
122 214
124 214
125 214
128 214
131 214
132 214
134 214
138 214
143 214
144 214
145 214
146 214
148 214
155 214
158 214
160 214
162 214
163 214
164 214
165 214
168 214
169 214
173 214
175 214
177 214
178 214
183 214
184 214
185 214
192 214
193 214
195 214
197 214
204 214
205 214
206 214
207 214
208 214
210 214
213 214
1 215
4 215
5 215
8 215
9 215
12 215
13 215
16 215
17 215
18 215
19 215
24 215
25 215
26 215
27 215
28 215
29 215
34 215
35 215
37 215
38 215
43 215
45 215
47 215
50 215
51 215
54 215
57 215
58 215
59 215
61 215
63 215
65 215
66 215
68 215
69 215
70 215
72 215
73 215
75 215
78 215
85 215
90 215
91 215
93 215
94 215
95 215
97 215
109 215
110 215
111 215
112 215
114 215
116 215
118 215
119 215
121 215
122 215
124 215
126 215
127 215
128 215
130 215
133 215
134 215
135 215
138 215
140 215
141 215
145 215
151 215
153 215
158 215
162 215
163 215
164 215
165 215
166 215
167 215
175 215
176 215
177 215
178 215
179 215
180 215
181 215
184 215
185 215
186 215
189 215
191 215
192 215
194 215
196 215
197 215
206 215
208 215
212 215
1 216
4 216
5 216
6 216
9 216
10 216
13 216
14 216
18 216
19 216
21 216
22 216
24 216
25 216
27 216
28 216
30 216
32 216
33 216
35 216
36 216
38 216
40 216
41 216
43 216
45 216
48 216
49 216
50 216
52 216
54 216
55 216
56 216
57 216
61 216
63 216
68 216
72 216
73 216
74 216
75 216
76 216
79 216
81 216
83 216
86 216
89 216
91 216
93 216
94 216
96 216
97 216
100 216
101 216
111 216
114 216
116 216
117 216
119 216
120 216
125 216
126 216
128 216
129 216
131 216
132 216
134 216
137 216
138 216
139 216
140 216
142 216
143 216
145 216
150 216
151 216
154 216
155 216
157 216
158 216
163 216
164 216
165 216
172 216
174 216
179 216
182 216
184 216
186 216
187 216
188 216
189 216
190 216
193 216
195 216
198 216
199 216
200 216
202 216
207 216
208 216
209 216
210 216
212 216
213 216
214 216
1 217
4 217
8 217
9 217
10 217
11 217
13 217
14 217
16 217
17 217
18 217
19 217
20 217
23 217
25 217
26 217
28 217
29 217
30 217
31 217
34 217
35 217
36 217
37 217
39 217
40 217
42 217
43 217
45 217
48 217
51 217
52 217
54 217
57 217
61 217
63 217
64 217
66 217
67 217
68 217
69 217
70 217
72 217
73 217
74 217
75 217
76 217
77 217
80 217
81 217
83 217
85 217
87 217
91 217
94 217
95 217
98 217
99 217
100 217
102 217
113 217
119 217
120 217
123 217
128 217
132 217
133 217
135 217
138 217
142 217
144 217
147 217
150 217
155 217
158 217
159 217
160 217
161 217
164 217
166 217
167 217
168 217
171 217
174 217
175 217
178 217
179 217
180 217
182 217
183 217
186 217
187 217
188 217
190 217
191 217
194 217
195 217
196 217
197 217
198 217
199 217
202 217
205 217
207 217
210 217
214 217
216 217
2 218
7 218
8 218
9 218
12 218
15 218
17 218
18 218
20 218
22 218
27 218
29 218
38 218
40 218
43 218
44 218
45 218
46 218
47 218
49 218
50 218
51 218
53 218
54 218
56 218
58 218
64 218
66 218
67 218
68 218
71 218
74 218
75 218
77 218
80 218
82 218
86 218
87 218
90 218
95 218
98 218
100 218
101 218
103 218
104 218
111 218
112 218
114 218
115 218
120 218
124 218
125 218
128 218
131 218
132 218
133 218
134 218
135 218
138 218
140 218
141 218
142 218
144 218
145 218
146 218
150 218
151 218
152 218
153 218
154 218
158 218
162 218
164 218
166 218
173 218
175 218
176 218
177 218
178 218
180 218
181 218
182 218
186 218
187 218
193 218
194 218
196 218
201 218
203 218
204 218
205 218
208 218
209 218
210 218
211 218
214 218
216 218
3 219
7 219
9 219
10 219
11 219
15 219
16 219
19 219
24 219
25 219
26 219
28 219
29 219
32 219
33 219
35 219
37 219
39 219
40 219
42 219
51 219
53 219
58 219
59 219
61 219
62 219
64 219
67 219
73 219
76 219
79 219
82 219
83 219
85 219
86 219
87 219
89 219
90 219
91 219
92 219
94 219
98 219
99 219
100 219
103 219
104 219
108 219
109 219
114 219
117 219
118 219
119 219
120 219
121 219
126 219
128 219
129 219
130 219
131 219
133 219
134 219
137 219
138 219
140 219
142 219
143 219
144 219
146 219
148 219
149 219
152 219
154 219
156 219
160 219
162 219
163 219
167 219
169 219
170 219
172 219
173 219
176 219
177 219
178 219
179 219
186 219
189 219
190 219
191 219
193 219
195 219
196 219
198 219
199 219
200 219
203 219
204 219
206 219
211 219
212 219
215 219
217 219
1 220
2 220
3 220
4 220
9 220
11 220
15 220
17 220
19 220
21 220
23 220
24 220
25 220
26 220
29 220
34 220
37 220
38 220
40 220
43 220
45 220
49 220
53 220
55 220
56 220
57 220
58 220
59 220
60 220
63 220
64 220
65 220
67 220
69 220
71 220
73 220
77 220
78 220
80 220
81 220
82 220
84 220
85 220
90 220
91 220
92 220
93 220
94 220
95 220
98 220
99 220
108 220
111 220
112 220
113 220
114 220
115 220
120 220
121 220
122 220
123 220
124 220
126 220
128 220
129 220
131 220
133 220
135 220
140 220
141 220
143 220
144 220
145 220
146 220
148 220
149 220
150 220
154 220
155 220
156 220
157 220
161 220
163 220
164 220
165 220
166 220
168 220
170 220
171 220
172 220
173 220
174 220
175 220
179 220
181 220
184 220
185 220
186 220
187 220
188 220
191 220
192 220
193 220
194 220
195 220
197 220
198 220
203 220
205 220
207 220
208 220
209 220
216 220
217 220
219 220
1 221
2 221
3 221
5 221
12 221
14 221
15 221
16 221
19 221
20 221
21 221
23 221
24 221
29 221
30 221
32 221
33 221
34 221
35 221
37 221
38 221
39 221
41 221
48 221
49 221
52 221
53 221
54 221
55 221
57 221
59 221
65 221
67 221
69 221
73 221
75 221
76 221
81 221
82 221
83 221
85 221
90 221
94 221
95 221
96 221
97 221
98 221
99 221
101 221
103 221
105 221
107 221
108 221
111 221
112 221
115 221
118 221
119 221
120 221
122 221
125 221
126 221
128 221
129 221
130 221
131 221
132 221
137 221
139 221
140 221
141 221
144 221
145 221
148 221
149 221
150 221
151 221
153 221
154 221
156 221
157 221
159 221
160 221
161 221
162 221
167 221
171 221
172 221
177 221
180 221
186 221
190 221
192 221
193 221
195 221
196 221
200 221
201 221
202 221
205 221
206 221
210 221
214 221
216 221
217 221
2 222
5 222
6 222
12 222
13 222
14 222
20 222
24 222
25 222
26 222
28 222
29 222
35 222
37 222
38 222
39 222
44 222
46 222
50 222
52 222
53 222
57 222
58 222
59 222
61 222
62 222
63 222
64 222
66 222
67 222
70 222
72 222
76 222
77 222
78 222
82 222
85 222
86 222
89 222
91 222
92 222
93 222
94 222
96 222
97 222
108 222
110 222
112 222
115 222
116 222
120 222
124 222
125 222
127 222
128 222
130 222
133 222
136 222
137 222
139 222
141 222
146 222
148 222
150 222
152 222
154 222
155 222
156 222
157 222
158 222
159 222
162 222
165 222
167 222
171 222
177 222
181 222
184 222
185 222
187 222
188 222
189 222
190 222
191 222
192 222
193 222
194 222
195 222
198 222
199 222
202 222
203 222
205 222
207 222
208 222
210 222
211 222
212 222
213 222
214 222
220 222
1 223
2 223
3 223
4 223
5 223
7 223
10 223
12 223
14 223
16 223
19 223
20 223
21 223
24 223
26 223
29 223
30 223
32 223
33 223
34 223
39 223
42 223
44 223
46 223
47 223
48 223
49 223
50 223
51 223
52 223
54 223
57 223
59 223
60 223
63 223
66 223
69 223
70 223
71 223
75 223
77 223
78 223
79 223
80 223
81 223
82 223
85 223
86 223
89 223
91 223
94 223
95 223
97 223
100 223
110 223
111 223
112 223
113 223
115 223
116 223
117 223
118 223
122 223
124 223
126 223
133 223
134 223
135 223
136 223
137 223
138 223
139 223
141 223
142 223
144 223
147 223
148 223
149 223
154 223
156 223
160 223
166 223
168 223
169 223
170 223
173 223
175 223
177 223
178 223
179 223
180 223
182 223
183 223
185 223
187 223
189 223
190 223
191 223
192 223
194 223
197 223
198 223
199 223
201 223
202 223
204 223
207 223
208 223
209 223
211 223
214 223
217 223
219 223
220 223
221 223
2 224
3 224
4 224
10 224
14 224
21 224
22 224
24 224
25 224
26 224
28 224
32 224
33 224
37 224
40 224
48 224
49 224
50 224
52 224
54 224
55 224
56 224
60 224
62 224
64 224
65 224
67 224
68 224
80 224
81 224
82 224
84 224
86 224
88 224
89 224
90 224
97 224
98 224
100 224
101 224
112 224
115 224
117 224
118 224
121 224
122 224
123 224
124 224
125 224
126 224
133 224
139 224
140 224
141 224
143 224
144 224
145 224
147 224
150 224
156 224
157 224
161 224
165 224
166 224
168 224
169 224
175 224
177 224
178 224
180 224
182 224
183 224
185 224
189 224
193 224
201 224
204 224
208 224
209 224
210 224
211 224
214 224
217 224
218 224
220 224
223 224
1 225
2 225
4 225
5 225
6 225
7 225
8 225
12 225
14 225
17 225
18 225
24 225
28 225
29 225
31 225
32 225
35 225
36 225
38 225
39 225
44 225
45 225
46 225
47 225
48 225
52 225
53 225
55 225
56 225
57 225
59 225
60 225
62 225
64 225
65 225
70 225
71 225
72 225
74 225
75 225
76 225
78 225
80 225
83 225
84 225
87 225
89 225
91 225
92 225
93 225
98 225
99 225
100 225
101 225
102 225
103 225
104 225
107 225
113 225
114 225
118 225
119 225
121 225
123 225
124 225
126 225
127 225
131 225
132 225
133 225
136 225
140 225
142 225
145 225
147 225
156 225
157 225
160 225
162 225
165 225
169 225
171 225
173 225
174 225
175 225
176 225
177 225
178 225
179 225
180 225
182 225
185 225
186 225
188 225
191 225
195 225
203 225
206 225
208 225
210 225
211 225
214 225
219 225
221 225
223 225
224 225
1 226
2 226
4 226
6 226
7 226
8 226
10 226
11 226
17 226
19 226
22 226
24 226
27 226
28 226
31 226
33 226
34 226
37 226
40 226
41 226
42 226
44 226
45 226
46 226
47 226
48 226
53 226
54 226
56 226
58 226
60 226
61 226
63 226
66 226
67 226
69 226
72 226
74 226
75 226
76 226
77 226
80 226
81 226
82 226
83 226
85 226
86 226
88 226
91 226
92 226
94 226
95 226
97 226
98 226
99 226
103 226
104 226
105 226
106 226
107 226
114 226
117 226
118 226
120 226
121 226
123 226
124 226
125 226
126 226
127 226
132 226
134 226
135 226
136 226
137 226
139 226
140 226
141 226
148 226
149 226
152 226
154 226
155 226
156 226
157 226
161 226
162 226
164 226
165 226
166 226
167 226
168 226
171 226
174 226
175 226
179 226
181 226
182 226
183 226
184 226
185 226
187 226
190 226
193 226
195 226
197 226
199 226
201 226
204 226
210 226
211 226
218 226
219 226
222 226
223 226
225 226
1 227
2 227
3 227
4 227
5 227
10 227
12 227
13 227
15 227
16 227
19 227
20 227
22 227
26 227
27 227
31 227
33 227
34 227
37 227
39 227
41 227
46 227
47 227
48 227
50 227
51 227
53 227
59 227
61 227
62 227
67 227
70 227
73 227
81 227
82 227
84 227
89 227
91 227
93 227
96 227
100 227
102 227
105 227
112 227
114 227
120 227
121 227
122 227
123 227
124 227
125 227
127 227
129 227
131 227
133 227
134 227
137 227
138 227
139 227
141 227
143 227
144 227
145 227
147 227
148 227
149 227
151 227
155 227
157 227
164 227
168 227
169 227
170 227
171 227
173 227
174 227
175 227
176 227
178 227
179 227
182 227
185 227
187 227
192 227
193 227
195 227
199 227
200 227
203 227
206 227
209 227
212 227
213 227
215 227
216 227
217 227
218 227
219 227
221 227
223 227
2 228
7 228
9 228
10 228
11 228
12 228
13 228
15 228
18 228
22 228
23 228
27 228
31 228
32 228
33 228
34 228
35 228
36 228
38 228
39 228
41 228
42 228
43 228
44 228
45 228
47 228
48 228
52 228
53 228
54 228
56 228
58 228
61 228
62 228
63 228
64 228
65 228
70 228
71 228
72 228
73 228
74 228
79 228
82 228
84 228
85 228
86 228
89 228
90 228
94 228
95 228
97 228
98 228
99 228
103 228
105 228
110 228
112 228
114 228
115 228
116 228
120 228
121 228
123 228
124 228
127 228
128 228
132 228
133 228
134 228
136 228
137 228
140 228
142 228
143 228
144 228
147 228
149 228
152 228
156 228
157 228
163 228
164 228
165 228
166 228
167 228
179 228
181 228
182 228
186 228
189 228
191 228
193 228
195 228
200 228
201 228
205 228
209 228
211 228
212 228
213 228
214 228
215 228
217 228
218 228
221 228
222 228
223 228
224 228
225 228
226 228
1 229
2 229
4 229
6 229
7 229
9 229
11 229
16 229
17 229
18 229
19 229
22 229
26 229
29 229
32 229
34 229
36 229
39 229
40 229
42 229
44 229
45 229
46 229
48 229
49 229
50 229
53 229
54 229
56 229
58 229
62 229
63 229
64 229
65 229
66 229
72 229
75 229
76 229
78 229
79 229
80 229
82 229
84 229
85 229
87 229
88 229
90 229
93 229
95 229
98 229
99 229
104 229
108 229
109 229
113 229
114 229
115 229
116 229
117 229
118 229
121 229
122 229
123 229
124 229
127 229
128 229
129 229
130 229
132 229
133 229
135 229
136 229
138 229
139 229
141 229
144 229
145 229
146 229
148 229
149 229
153 229
154 229
157 229
158 229
161 229
162 229
163 229
164 229
165 229
167 229
170 229
171 229
173 229
174 229
177 229
182 229
184 229
193 229
194 229
196 229
197 229
200 229
201 229
202 229
203 229
207 229
208 229
209 229
210 229
214 229
215 229
216 229
218 229
221 229
225 229
226 229
2 230
7 230
10 230
12 230
13 230
15 230
16 230
19 230
20 230
21 230
22 230
26 230
32 230
33 230
34 230
36 230
38 230
41 230
44 230
45 230
48 230
50 230
55 230
56 230
60 230
68 230
71 230
77 230
78 230
79 230
80 230
81 230
82 230
83 230
85 230
86 230
88 230
91 230
92 230
94 230
95 230
97 230
98 230
100 230
101 230
102 230
111 230
113 230
115 230
116 230
118 230
119 230
123 230
124 230
125 230
127 230
128 230
132 230
134 230
137 230
139 230
142 230
145 230
151 230
152 230
153 230
155 230
158 230
161 230
162 230
165 230
167 230
168 230
169 230
171 230
172 230
173 230
174 230
175 230
176 230
177 230
178 230
181 230
183 230
184 230
189 230
190 230
192 230
195 230
196 230
197 230
202 230
204 230
205 230
207 230
209 230
212 230
214 230
215 230
216 230
217 230
220 230
222 230
223 230
225 230
226 230
3 231
4 231
5 231
6 231
11 231
12 231
17 231
18 231
19 231
20 231
22 231
24 231
27 231
28 231
30 231
31 231
32 231
33 231
34 231
35 231
39 231
45 231
46 231
49 231
51 231
52 231
54 231
56 231
58 231
59 231
61 231
62 231
63 231
73 231
75 231
77 231
78 231
79 231
80 231
81 231
82 231
84 231
85 231
86 231
89 231
91 231
93 231
95 231
99 231
100 231
102 231
104 231
105 231
114 231
115 231
116 231
117 231
118 231
122 231
123 231
124 231
125 231
126 231
128 231
129 231
130 231
133 231
134 231
137 231
138 231
140 231
141 231
142 231
144 231
145 231
147 231
149 231
152 231
153 231
157 231
158 231
160 231
161 231
163 231
165 231
167 231
171 231
174 231
176 231
177 231
178 231
179 231
180 231
181 231
182 231
183 231
185 231
186 231
193 231
195 231
199 231
200 231
201 231
203 231
205 231
207 231
209 231
211 231
215 231
216 231
217 231
219 231
228 231
1 232
3 232
4 232
5 232
6 232
10 232
11 232
12 232
13 232
15 232
16 232
17 232
25 232
27 232
28 232
29 232
31 232
32 232
33 232
37 232
38 232
43 232
45 232
47 232
50 232
51 232
52 232
53 232
54 232
55 232
56 232
59 232
60 232
61 232
68 232
69 232
70 232
71 232
72 232
77 232
79 232
80 232
81 232
82 232
84 232
89 232
93 232
94 232
96 232
99 232
102 232
104 232
107 232
108 232
116 232
117 232
119 232
120 232
123 232
124 232
125 232
126 232
127 232
128 232
132 232
134 232
137 232
139 232
140 232
141 232
144 232
146 232
147 232
148 232
151 232
152 232
153 232
158 232
159 232
161 232
163 232
164 232
165 232
168 232
169 232
170 232
171 232
172 232
174 232
177 232
178 232
180 232
182 232
185 232
186 232
187 232
194 232
195 232
197 232
198 232
201 232
202 232
204 232
209 232
210 232
211 232
216 232
218 232
220 232
222 232
223 232
228 232
229 232
2 233
3 233
8 233
9 233
10 233
12 233
14 233
15 233
16 233
17 233
19 233
20 233
22 233
26 233
28 233
29 233
31 233
35 233
39 233
41 233
44 233
46 233
47 233
48 233
49 233
50 233
51 233
54 233
55 233
56 233
57 233
62 233
63 233
65 233
67 233
69 233
73 233
75 233
76 233
80 233
83 233
89 233
91 233
92 233
93 233
94 233
96 233
98 233
101 233
102 233
108 233
111 233
117 233
119 233
120 233
122 233
123 233
124 233
125 233
126 233
127 233
129 233
130 233
132 233
135 233
137 233
140 233
141 233
143 233
145 233
150 233
152 233
153 233
155 233
156 233
157 233
159 233
160 233
161 233
162 233
163 233
165 233
167 233
169 233
170 233
171 233
175 233
181 233
182 233
183 233
185 233
186 233
188 233
189 233
193 233
194 233
200 233
204 233
208 233
209 233
211 233
212 233
214 233
215 233
216 233
218 233
220 233
221 233
222 233
230 233
7 234
8 234
12 234
17 234
19 234
20 234
22 234
23 234
25 234
28 234
29 234
32 234
35 234
36 234
38 234
39 234
41 234
44 234
49 234
50 234
52 234
53 234
55 234
58 234
60 234
61 234
62 234
64 234
68 234
69 234
74 234
77 234
78 234
79 234
80 234
81 234
82 234
84 234
85 234
86 234
88 234
93 234
94 234
97 234
99 234
102 234
104 234
106 234
109 234
110 234
111 234
112 234
119 234
121 234
124 234
125 234
131 234
135 234
137 234
138 234
140 234
143 234
144 234
145 234
146 234
148 234
151 234
152 234
155 234
157 234
160 234
161 234
165 234
167 234
171 234
173 234
176 234
178 234
179 234
180 234
181 234
183 234
185 234
186 234
189 234
191 234
192 234
193 234
194 234
196 234
197 234
199 234
200 234
201 234
202 234
203 234
204 234
207 234
209 234
213 234
216 234
219 234
222 234
224 234
225 234
226 234
231 234
232 234
4 235
6 235
9 235
10 235
11 235
14 235
16 235
18 235
19 235
21 235
23 235
25 235
26 235
27 235
28 235
31 235
35 235
36 235
38 235
40 235
41 235
42 235
45 235
48 235
49 235
50 235
51 235
52 235
57 235
58 235
59 235
60 235
63 235
64 235
66 235
67 235
69 235
75 235
79 235
87 235
88 235
90 235
92 235
94 235
96 235
97 235
101 235
102 235
103 235
104 235
105 235
108 235
109 235
110 235
116 235
117 235
118 235
120 235
124 235
125 235
127 235
129 235
130 235
131 235
132 235
136 235
138 235
142 235
144 235
145 235
148 235
152 235
153 235
156 235
157 235
159 235
167 235
171 235
173 235
175 235
178 235
180 235
182 235
183 235
184 235
185 235
186 235
190 235
191 235
196 235
198 235
199 235
200 235
202 235
203 235
204 235
206 235
207 235
209 235
212 235
215 235
217 235
218 235
224 235
226 235
227 235
228 235
229 235
230 235
232 235
233 235
234 235
1 236
2 236
3 236
4 236
8 236
17 236
18 236
19 236
22 236
23 236
26 236
28 236
29 236
30 236
34 236
35 236
36 236
37 236
38 236
41 236
42 236
44 236
45 236
48 236
49 236
50 236
51 236
54 236
55 236
57 236
62 236
66 236
67 236
70 236
71 236
72 236
73 236
75 236
77 236
78 236
81 236
84 236
86 236
90 236
94 236
95 236
96 236
100 236
101 236
102 236
104 236
105 236
107 236
108 236
109 236
110 236
111 236
114 236
116 236
121 236
127 236
130 236
134 236
135 236
137 236
139 236
140 236
142 236
143 236
144 236
146 236
147 236
149 236
150 236
151 236
152 236
154 236
155 236
158 236
162 236
167 236
173 236
176 236
178 236
179 236
184 236
186 236
187 236
189 236
191 236
194 236
195 236
196 236
197 236
199 236
201 236
203 236
204 236
205 236
206 236
208 236
211 236
212 236
214 236
215 236
216 236
217 236
218 236
222 236
224 236
227 236
231 236
233 236
234 236
7 237
8 237
11 237
14 237
15 237
17 237
18 237
19 237
20 237
21 237
22 237
25 237
26 237
27 237
28 237
29 237
30 237
34 237
35 237
37 237
38 237
40 237
41 237
42 237
44 237
45 237
46 237
48 237
49 237
51 237
53 237
54 237
58 237
59 237
64 237
66 237
74 237
76 237
77 237
78 237
79 237
80 237
86 237
94 237
103 237
104 237
111 237
112 237
116 237
119 237
124 237
125 237
128 237
129 237
131 237
132 237
134 237
136 237
137 237
140 237
141 237
142 237
145 237
147 237
149 237
153 237
154 237
156 237
157 237
159 237
161 237
165 237
169 237
172 237
173 237
174 237
175 237
179 237
181 237
183 237
184 237
187 237
189 237
191 237
195 237
196 237
198 237
200 237
203 237
204 237
205 237
206 237
207 237
208 237
209 237
212 237
214 237
216 237
219 237
220 237
222 237
223 237
224 237
225 237
226 237
227 237
228 237
231 237
232 237
2 238
3 238
5 238
6 238
7 238
10 238
11 238
12 238
13 238
18 238
22 238
23 238
28 238
30 238
31 238
35 238
37 238
39 238
41 238
43 238
44 238
47 238
48 238
49 238
51 238
53 238
54 238
57 238
58 238
60 238
63 238
65 238
66 238
68 238
70 238
74 238
75 238
77 238
78 238
82 238
83 238
86 238
89 238
90 238
92 238
93 238
98 238
100 238
101 238
104 238
105 238
106 238
115 238
120 238
122 238
124 238
126 238
130 238
133 238
136 238
140 238
144 238
146 238
150 238
152 238
153 238
154 238
155 238
158 238
160 238
161 238
162 238
163 238
164 238
166 238
167 238
168 238
170 238
172 238
173 238
178 238
179 238
180 238
185 238
186 238
187 238
189 238
190 238
192 238
195 238
197 238
198 238
199 238
208 238
209 238
210 238
211 238
212 238
214 238
217 238
219 238
220 238
221 238
223 238
224 238
227 238
231 238
233 238
235 238
236 238
237 238
3 239
4 239
5 239
7 239
8 239
10 239
12 239
13 239
16 239
17 239
19 239
20 239
22 239
23 239
26 239
28 239
29 239
31 239
33 239
36 239
38 239
39 239
41 239
43 239
47 239
53 239
54 239
58 239
66 239
67 239
71 239
76 239
77 239
86 239
88 239
90 239
91 239
93 239
94 239
97 239
98 239
99 239
100 239
101 239
105 239
106 239
108 239
120 239
124 239
127 239
129 239
131 239
132 239
133 239
134 239
139 239
144 239
148 239
149 239
155 239
156 239
159 239
160 239
163 239
167 239
169 239
170 239
171 239
172 239
173 239
174 239
176 239
178 239
179 239
180 239
182 239
184 239
188 239
189 239
190 239
192 239
194 239
197 239
199 239
200 239
205 239
207 239
209 239
211 239
216 239
217 239
221 239
222 239
223 239
230 239
232 239
235 239
2 240
5 240
9 240
12 240
15 240
17 240
18 240
20 240
21 240
23 240
25 240
27 240
31 240
32 240
33 240
35 240
37 240
41 240
42 240
43 240
45 240
47 240
48 240
49 240
55 240
56 240
58 240
60 240
61 240
65 240
68 240
69 240
71 240
72 240
74 240
76 240
77 240
83 240
85 240
89 240
93 240
95 240
98 240
100 240
101 240
102 240
103 240
105 240
106 240
120 240
121 240
124 240
126 240
127 240
130 240
132 240
133 240
134 240
136 240
137 240
140 240
142 240
143 240
149 240
151 240
154 240
156 240
159 240
160 240
161 240
164 240
166 240
167 240
168 240
169 240
172 240
173 240
174 240
177 240
178 240
179 240
182 240
184 240
185 240
187 240
189 240
190 240
191 240
192 240
193 240
194 240
195 240
196 240
199 240
201 240
202 240
203 240
205 240
207 240
210 240
213 240
214 240
215 240
216 240
217 240
221 240
222 240
231 240
232 240
233 240
234 240
235 240
236 240
1 241
2 241
3 241
9 241
10 241
14 241
20 241
23 241
24 241
25 241
30 241
37 241
39 241
43 241
45 241
46 241
50 241
57 241
60 241
63 241
70 241
71 241
72 241
76 241
77 241
78 241
81 241
85 241
86 241
88 241
90 241
95 241
98 241
99 241
100 241
101 241
104 241
105 241
106 241
107 241
108 241
109 241
114 241
115 241
121 241
123 241
125 241
127 241
133 241
134 241
135 241
136 241
139 241
140 241
141 241
142 241
143 241
145 241
147 241
149 241
150 241
153 241
154 241
158 241
160 241
162 241
168 241
169 241
170 241
172 241
173 241
176 241
182 241
184 241
185 241
188 241
189 241
192 241
193 241
194 241
196 241
198 241
199 241
200 241
203 241
204 241
208 241
209 241
210 241
214 241
215 241
216 241
219 241
220 241
224 241
225 241
226 241
229 241
2 242
5 242
19 242
20 242
22 242
26 242
27 242
31 242
33 242
34 242
35 242
36 242
38 242
43 242
45 242
47 242
50 242
52 242
55 242
56 242
57 242
59 242
60 242
61 242
63 242
67 242
68 242
69 242
70 242
73 242
80 242
84 242
88 242
90 242
91 242
92 242
95 242
97 242
98 242
100 242
101 242
104 242
106 242
107 242
109 242
112 242
114 242
115 242
116 242
125 242
128 242
129 242
130 242
131 242
132 242
133 242
136 242
138 242
139 242
140 242
141 242
144 242
145 242
147 242
148 242
149 242
150 242
151 242
152 242
153 242
154 242
157 242
158 242
161 242
162 242
164 242
165 242
172 242
173 242
176 242
177 242
179 242
180 242
182 242
183 242
187 242
190 242
195 242
197 242
200 242
201 242
202 242
206 242
208 242
210 242
211 242
212 242
215 242
216 242
217 242
221 242
222 242
223 242
224 242
225 242
229 242
240 242
241 242
5 243
6 243
7 243
8 243
12 243
15 243
16 243
17 243
19 243
20 243
21 243
23 243
26 243
29 243
30 243
32 243
35 243
36 243
41 243
43 243
44 243
45 243
46 243
52 243
54 243
60 243
64 243
65 243
68 243
72 243
74 243
77 243
82 243
83 243
84 243
88 243
93 243
94 243
95 243
96 243
98 243
101 243
102 243
103 243
104 243
105 243
107 243
109 243
110 243
111 243
115 243
116 243
123 243
129 243
130 243
133 243
134 243
139 243
140 243
141 243
142 243
143 243
144 243
148 243
152 243
153 243
155 243
156 243
157 243
158 243
162 243
164 243
165 243
166 243
167 243
168 243
169 243
172 243
175 243
179 243
181 243
182 243
184 243
185 243
192 243
195 243
200 243
201 243
202 243
206 243
207 243
209 243
210 243
211 243
213 243
216 243
220 243
222 243
223 243
224 243
226 243
227 243
229 243
230 243
231 243
238 243
240 243
242 243
2 244
4 244
5 244
14 244
15 244
17 244
20 244
22 244
23 244
24 244
28 244
30 244
32 244
33 244
34 244
35 244
36 244
37 244
40 244
43 244
44 244
51 244
52 244
61 244
63 244
65 244
66 244
69 244
71 244
72 244
73 244
74 244
75 244
76 244
80 244
81 244
83 244
84 244
85 244
88 244
89 244
90 244
94 244
96 244
100 244
101 244
107 244
108 244
110 244
111 244
113 244
115 244
118 244
120 244
122 244
125 244
126 244
127 244
131 244
132 244
134 244
138 244
139 244
140 244
141 244
144 244
146 244
147 244
148 244
149 244
150 244
152 244
153 244
154 244
164 244
165 244
170 244
172 244
175 244
178 244
179 244
180 244
182 244
184 244
185 244
186 244
190 244
191 244
192 244
194 244
196 244
201 244
202 244
205 244
207 244
208 244
210 244
214 244
215 244
216 244
217 244
218 244
221 244
224 244
225 244
227 244
228 244
233 244
234 244
235 244
237 244
242 244
243 244
1 245
2 245
3 245
7 245
8 245
9 245
10 245
11 245
16 245
29 245
30 245
31 245
32 245
34 245
36 245
38 245
39 245
44 245
45 245
47 245
54 245
59 245
60 245
61 245
62 245
63 245
65 245
66 245
71 245
72 245
73 245
74 245
76 245
77 245
82 245
83 245
84 245
85 245
87 245
91 245
92 245
93 245
96 245
97 245
100 245
102 245
105 245
108 245
109 245
110 245
111 245
112 245
115 245
119 245
122 245
123 245
124 245
125 245
126 245
129 245
130 245
131 245
132 245
133 245
134 245
137 245
145 245
146 245
147 245
148 245
149 245
150 245
151 245
152 245
153 245
155 245
156 245
157 245
160 245
161 245
163 245
165 245
166 245
168 245
170 245
171 245
176 245
177 245
183 245
188 245
189 245
190 245
191 245
195 245
198 245
200 245
204 245
205 245
206 245
209 245
210 245
211 245
212 245
214 245
215 245
216 245
218 245
219 245
223 245
224 245
227 245
228 245
230 245
231 245
232 245
235 245
237 245
240 245
242 245
243 245
244 245
1 246
2 246
4 246
5 246
8 246
10 246
11 246
13 246
14 246
15 246
16 246
20 246
22 246
24 246
27 246
31 246
32 246
33 246
35 246
36 246
37 246
40 246
42 246
46 246
52 246
53 246
56 246
57 246
61 246
67 246
69 246
71 246
72 246
73 246
76 246
77 246
81 246
82 246
84 246
86 246
89 246
90 246
91 246
92 246
95 246
96 246
97 246
98 246
99 246
100 246
102 246
103 246
104 246
105 246
107 246
110 246
121 246
123 246
128 246
129 246
130 246
131 246
133 246
134 246
135 246
137 246
139 246
140 246
141 246
143 246
144 246
149 246
151 246
154 246
162 246
163 246
165 246
168 246
169 246
173 246
174 246
175 246
177 246
178 246
180 246
181 246
183 246
184 246
186 246
187 246
191 246
197 246
200 246
202 246
206 246
209 246
212 246
215 246
216 246
218 246
222 246
225 246
229 246
230 246
231 246
233 246
234 246
237 246
238 246
239 246
241 246
243 246
244 246
245 246
1 247
3 247
4 247
13 247
14 247
15 247
17 247
19 247
21 247
22 247
23 247
25 247
26 247
27 247
34 247
35 247
37 247
38 247
39 247
41 247
43 247
44 247
45 247
52 247
54 247
55 247
56 247
59 247
61 247
62 247
65 247
66 247
67 247
69 247
70 247
71 247
72 247
74 247
77 247
78 247
83 247
84 247
85 247
87 247
89 247
92 247
96 247
97 247
98 247
99 247
102 247
104 247
106 247
107 247
111 247
112 247
122 247
123 247
125 247
126 247
128 247
129 247
133 247
134 247
135 247
140 247
141 247
143 247
144 247
145 247
149 247
150 247
152 247
153 247
155 247
161 247
165 247
167 247
169 247
170 247
171 247
173 247
181 247
185 247
187 247
188 247
189 247
190 247
191 247
194 247
195 247
197 247
199 247
201 247
204 247
206 247
207 247
208 247
209 247
210 247
211 247
213 247
215 247
216 247
221 247
222 247
225 247
226 247
231 247
232 247
234 247
235 247
236 247
238 247
239 247
240 247
243 247
244 247
2 248
3 248
6 248
7 248
10 248
13 248
14 248
19 248
20 248
21 248
24 248
26 248
27 248
28 248
30 248
34 248
35 248
37 248
38 248
40 248
42 248
44 248
48 248
49 248
50 248
52 248
53 248
56 248
57 248
62 248
63 248
65 248
68 248
69 248
70 248
72 248
74 248
77 248
80 248
82 248
83 248
85 248
88 248
89 248
91 248
92 248
93 248
96 248
98 248
100 248
102 248
104 248
110 248
112 248
124 248
129 248
133 248
136 248
139 248
140 248
143 248
145 248
147 248
148 248
150 248
151 248
152 248
153 248
156 248
158 248
159 248
161 248
165 248
167 248
169 248
171 248
173 248
174 248
175 248
176 248
177 248
185 248
186 248
187 248
188 248
192 248
194 248
195 248
198 248
200 248
201 248
202 248
203 248
205 248
208 248
210 248
211 248
213 248
216 248
217 248
218 248
220 248
222 248
224 248
225 248
226 248
228 248
229 248
231 248
232 248
233 248
235 248
237 248
239 248
240 248
242 248
243 248
244 248
246 248
247 248
1 249
4 249
6 249
10 249
11 249
13 249
15 249
20 249
24 249
25 249
27 249
28 249
29 249
31 249
33 249
34 249
35 249
37 249
38 249
39 249
43 249
44 249
45 249
47 249
49 249
50 249
51 249
52 249
53 249
54 249
56 249
61 249
65 249
66 249
67 249
69 249
70 249
74 249
78 249
79 249
80 249
81 249
83 249
86 249
87 249
91 249
93 249
96 249
97 249
98 249
102 249
103 249
106 249
108 249
111 249
113 249
116 249
117 249
126 249
129 249
130 249
131 249
132 249
134 249
136 249
139 249
141 249
142 249
143 249
147 249
148 249
149 249
153 249
156 249
157 249
158 249
162 249
163 249
164 249
166 249
168 249
169 249
170 249
173 249
174 249
175 249
177 249
179 249
181 249
184 249
185 249
187 249
189 249
190 249
191 249
193 249
197 249
198 249
200 249
203 249
204 249
209 249
211 249
212 249
216 249
217 249
218 249
220 249
221 249
222 249
223 249
226 249
227 249
235 249
236 249
238 249
1 250
4 250
6 250
12 250
13 250
15 250
16 250
17 250
18 250
20 250
24 250
25 250
28 250
29 250
33 250
34 250
35 250
36 250
37 250
38 250
42 250
45 250
46 250
48 250
49 250
50 250
52 250
53 250
57 250
60 250
62 250
63 250
64 250
65 250
66 250
68 250
69 250
70 250
75 250
81 250
83 250
86 250
91 250
92 250
93 250
94 250
96 250
97 250
100 250
101 250
102 250
103 250
104 250
108 250
112 250
113 250
114 250
115 250
116 250
118 250
120 250
125 250
128 250
129 250
130 250
132 250
135 250
137 250
138 250
140 250
141 250
143 250
146 250
147 250
149 250
151 250
155 250
157 250
160 250
161 250
168 250
169 250
170 250
171 250
173 250
175 250
176 250
177 250
178 250
181 250
182 250
186 250
187 250
190 250
196 250
201 250
203 250
204 250
205 250
207 250
209 250
214 250
215 250
217 250
218 250
219 250
222 250
224 250
226 250
228 250
230 250
232 250
234 250
235 250
236 250
238 250
243 250
246 250
248 250
1 251
2 251
4 251
6 251
10 251
11 251
12 251
13 251
16 251
17 251
21 251
22 251
25 251
26 251
31 251
32 251
33 251
34 251
37 251
40 251
44 251
45 251
46 251
47 251
49 251
51 251
53 251
56 251
57 251
61 251
63 251
64 251
65 251
66 251
67 251
69 251
72 251
73 251
74 251
75 251
77 251
79 251
80 251
82 251
84 251
87 251
88 251
92 251
94 251
96 251
97 251
98 251
100 251
101 251
104 251
105 251
106 251
108 251
111 251
112 251
113 251
114 251
117 251
118 251
120 251
127 251
129 251
132 251
136 251
137 251
138 251
141 251
144 251
147 251
149 251
152 251
153 251
155 251
156 251
159 251
160 251
161 251
164 251
165 251
166 251
167 251
168 251
173 251
174 251
178 251
181 251
182 251
183 251
184 251
185 251
186 251
189 251
190 251
191 251
193 251
194 251
196 251
200 251
201 251
202 251
204 251
208 251
210 251
211 251
212 251
215 251
217 251
218 251
219 251
220 251
225 251
226 251
228 251
229 251
234 251
235 251
236 251
237 251
238 251
239 251
240 251
242 251
243 251
246 251
248 251
249 251
250 251
2 252
3 252
4 252
6 252
8 252
9 252
10 252
11 252
13 252
16 252
17 252
19 252
20 252
23 252
24 252
27 252
33 252
38 252
41 252
42 252
48 252
52 252
56 252
58 252
59 252
60 252
61 252
69 252
71 252
76 252
77 252
78 252
79 252
80 252
81 252
83 252
84 252
88 252
89 252
90 252
91 252
94 252
95 252
98 252
99 252
101 252
104 252
105 252
106 252
107 252
117 252
119 252
124 252
126 252
131 252
133 252
136 252
137 252
138 252
140 252
141 252
142 252
143 252
145 252
150 252
157 252
158 252
162 252
163 252
164 252
166 252
167 252
168 252
172 252
173 252
177 252
179 252
180 252
190 252
192 252
193 252
194 252
195 252
198 252
201 252
202 252
204 252
207 252
210 252
215 252
217 252
218 252
220 252
223 252
224 252
225 252
227 252
228 252
229 252
231 252
234 252
235 252
237 252
238 252
242 252
243 252
244 252
245 252
250 252
3 253
4 253
5 253
6 253
7 253
9 253
11 253
12 253
14 253
20 253
22 253
23 253
24 253
26 253
27 253
28 253
29 253
30 253
33 253
34 253
36 253
37 253
42 253
45 253
48 253
50 253
51 253
54 253
56 253
57 253
60 253
61 253
62 253
63 253
64 253
67 253
71 253
78 253
80 253
81 253
82 253
85 253
86 253
90 253
91 253
92 253
95 253
96 253
97 253
99 253
101 253
102 253
103 253
104 253
106 253
108 253
115 253
116 253
121 253
122 253
124 253
125 253
126 253
127 253
131 253
133 253
134 253
135 253
136 253
138 253
141 253
144 253
145 253
147 253
148 253
151 253
153 253
155 253
157 253
160 253
162 253
164 253
165 253
167 253
175 253
179 253
181 253
183 253
184 253
185 253
186 253
187 253
190 253
191 253
192 253
197 253
202 253
203 253
205 253
207 253
208 253
210 253
211 253
213 253
214 253
220 253
221 253
227 253
239 253
243 253
245 253
246 253
251 253
1 254
6 254
9 254
10 254
12 254
13 254
14 254
16 254
18 254
22 254
27 254
28 254
29 254
33 254
35 254
37 254
40 254
41 254
45 254
47 254
49 254
50 254
51 254
52 254
54 254
56 254
58 254
60 254
61 254
64 254
65 254
66 254
67 254
68 254
72 254
74 254
75 254
76 254
78 254
82 254
83 254
84 254
85 254
88 254
91 254
93 254
94 254
95 254
98 254
100 254
101 254
102 254
105 254
108 254
109 254
110 254
112 254
114 254
125 254
126 254
127 254
129 254
130 254
134 254
136 254
139 254
141 254
142 254
143 254
154 254
159 254
162 254
163 254
164 254
167 254
169 254
171 254
174 254
179 254
180 254
182 254
186 254
188 254
190 254
194 254
198 254
200 254
201 254
202 254
203 254
204 254
207 254
208 254
210 254
212 254
214 254
216 254
218 254
219 254
223 254
224 254
225 254
226 254
229 254
231 254
232 254
235 254
236 254
237 254
239 254
240 254
243 254
245 254
246 254
247 254
248 254
250 254
251 254
253 254
3 255
10 255
11 255
13 255
15 255
17 255
18 255
20 255
21 255
23 255
26 255
27 255
30 255
32 255
33 255
36 255
38 255
44 255
47 255
49 255
51 255
52 255
54 255
55 255
56 255
57 255
58 255
59 255
68 255
69 255
70 255
72 255
73 255
74 255
76 255
78 255
81 255
82 255
83 255
84 255
89 255
91 255
96 255
98 255
102 255
104 255
106 255
108 255
110 255
111 255
112 255
113 255
115 255
117 255
127 255
130 255
131 255
132 255
133 255
134 255
138 255
139 255
140 255
143 255
144 255
146 255
147 255
151 255
154 255
155 255
159 255
160 255
161 255
162 255
164 255
166 255
167 255
168 255
170 255
171 255
172 255
178 255
180 255
182 255
185 255
189 255
191 255
197 255
199 255
201 255
202 255
203 255
206 255
209 255
210 255
211 255
215 255
217 255
219 255
221 255
222 255
223 255
228 255
231 255
234 255
235 255
240 255
241 255
244 255
245 255
246 255
250 255
2 256
4 256
9 256
10 256
11 256
13 256
18 256
19 256
22 256
23 256
28 256
29 256
30 256
34 256
37 256
38 256
43 256
45 256
48 256
50 256
53 256
59 256
61 256
65 256
68 256
69 256
70 256
72 256
74 256
75 256
80 256
82 256
85 256
86 256
91 256
92 256
95 256
98 256
99 256
101 256
102 256
103 256
104 256
107 256
108 256
110 256
111 256
112 256
115 256
117 256
121 256
130 256
131 256
133 256
135 256
136 256
138 256
139 256
140 256
142 256
146 256
150 256
154 256
155 256
158 256
159 256
161 256
163 256
165 256
166 256
167 256
168 256
170 256
174 256
175 256
177 256
178 256
180 256
181 256
184 256
185 256
191 256
196 256
197 256
198 256
199 256
201 256
204 256
212 256
214 256
216 256
217 256
218 256
219 256
220 256
221 256
223 256
225 256
226 256
228 256
238 256
240 256
243 256
246 256
248 256
249 256
254 256
1 257
2 257
3 257
6 257
8 257
10 257
11 257
12 257
13 257
17 257
18 257
19 257
21 257
23 257
24 257
25 257
35 257
37 257
38 257
39 257
42 257
43 257
45 257
46 257
47 257
49 257
51 257
52 257
53 257
57 257
58 257
64 257
65 257
69 257
70 257
75 257
76 257
77 257
78 257
83 257
85 257
86 257
89 257
91 257
92 257
96 257
98 257
99 257
104 257
106 257
109 257
111 257
113 257
116 257
118 257
119 257
122 257
123 257
133 257
138 257
141 257
142 257
143 257
145 257
147 257
148 257
149 257
150 257
153 257
155 257
158 257
163 257
164 257
167 257
171 257
172 257
174 257
175 257
178 257
179 257
181 257
184 257
186 257
187 257
189 257
190 257
195 257
196 257
197 257
198 257
200 257
203 257
206 257
207 257
208 257
209 257
210 257
211 257
213 257
217 257
218 257
219 257
227 257
229 257
230 257
231 257
232 257
233 257
234 257
235 257
236 257
240 257
241 257
253 257
255 257
4 258
7 258
13 258
18 258
21 258
28 258
32 258
33 258
34 258
36 258
37 258
38 258
39 258
42 258
45 258
47 258
48 258
49 258
50 258
51 258
52 258
54 258
55 258
57 258
58 258
62 258
63 258
68 258
72 258
73 258
74 258
75 258
78 258
79 258
80 258
81 258
82 258
86 258
87 258
89 258
93 258
94 258
95 258
97 258
98 258
100 258
101 258
102 258
103 258
104 258
105 258
111 258
112 258
113 258
114 258
115 258
117 258
119 258
120 258
124 258
130 258
132 258
133 258
134 258
141 258
143 258
144 258
145 258
146 258
147 258
148 258
149 258
150 258
154 258
156 258
160 258
162 258
163 258
164 258
167 258
168 258
170 258
176 258
180 258
182 258
185 258
186 258
187 258
188 258
189 258
191 258
192 258
196 258
197 258
198 258
205 258
206 258
207 258
208 258
210 258
211 258
213 258
217 258
219 258
225 258
226 258
227 258
230 258
231 258
235 258
237 258
239 258
243 258
244 258
245 258
246 258
247 258
248 258
250 258
251 258
252 258
254 258
255 258
257 258
7 259
8 259
9 259
11 259
13 259
14 259
15 259
18 259
19 259
21 259
24 259
25 259
29 259
30 259
32 259
36 259
38 259
46 259
47 259
48 259
49 259
52 259
55 259
59 259
63 259
64 259
66 259
68 259
69 259
70 259
74 259
83 259
86 259
87 259
88 259
89 259
90 259
91 259
92 259
93 259
94 259
95 259
101 259
102 259
104 259
105 259
106 259
107 259
108 259
109 259
110 259
111 259
113 259
114 259
116 259
117 259
119 259
120 259
122 259
123 259
124 259
129 259
131 259
132 259
134 259
138 259
139 259
142 259
143 259
144 259
146 259
150 259
152 259
157 259
158 259
161 259
162 259
163 259
166 259
173 259
176 259
177 259
178 259
185 259
186 259
187 259
192 259
193 259
195 259
196 259
199 259
200 259
202 259
203 259
206 259
208 259
209 259
211 259
212 259
214 259
215 259
224 259
227 259
229 259
233 259
234 259
236 259
238 259
239 259
241 259
243 259
246 259
253 259
255 259
256 259
257 259
258 259
3 260
4 260
6 260
8 260
10 260
11 260
12 260
13 260
15 260
18 260
21 260
27 260
28 260
29 260
30 260
31 260
32 260
35 260
36 260
37 260
39 260
40 260
41 260
43 260
44 260
45 260
46 260
47 260
49 260
50 260
51 260
52 260
53 260
54 260
55 260
56 260
57 260
60 260
62 260
64 260
66 260
69 260
75 260
78 260
80 260
81 260
82 260
83 260
84 260
85 260
86 260
89 260
90 260
91 260
92 260
95 260
99 260
100 260
101 260
103 260
105 260
106 260
108 260
109 260
112 260
116 260
120 260
122 260
123 260
128 260
131 260
132 260
133 260
134 260
139 260
142 260
143 260
147 260
148 260
149 260
151 260
154 260
155 260
156 260
159 260
163 260
165 260
166 260
168 260
170 260
171 260
173 260
175 260
176 260
179 260
180 260
181 260
182 260
184 260
185 260
187 260
188 260
190 260
191 260
192 260
193 260
195 260
197 260
199 260
200 260
204 260
205 260
206 260
207 260
208 260
209 260
210 260
211 260
213 260
214 260
216 260
217 260
218 260
219 260
221 260
223 260
224 260
225 260
228 260
229 260
233 260
237 260
240 260
242 260
243 260
246 260
247 260
251 260
252 260
255 260
256 260
257 260
259 260
2 261
5 261
7 261
12 261
13 261
15 261
16 261
18 261
20 261
22 261
23 261
28 261
31 261
32 261
37 261
38 261
39 261
40 261
42 261
43 261
44 261
49 261
50 261
51 261
52 261
53 261
54 261
58 261
69 261
71 261
73 261
75 261
76 261
78 261
79 261
80 261
82 261
83 261
86 261
87 261
89 261
90 261
92 261
95 261
96 261
97 261
101 261
103 261
104 261
107 261
109 261
110 261
111 261
117 261
121 261
127 261
129 261
131 261
132 261
136 261
139 261
140 261
141 261
142 261
146 261
147 261
151 261
154 261
155 261
160 261
167 261
168 261
170 261
171 261
173 261
174 261
175 261
177 261
181 261
183 261
184 261
188 261
192 261
193 261
194 261
195 261
196 261
198 261
199 261
200 261
202 261
204 261
209 261
212 261
214 261
217 261
221 261
223 261
228 261
229 261
234 261
237 261
243 261
247 261
248 261
249 261
250 261
256 261
258 261
260 261
1 262
2 262
3 262
5 262
6 262
7 262
8 262
9 262
10 262
11 262
14 262
15 262
16 262
17 262
18 262
22 262
25 262
26 262
27 262
28 262
29 262
35 262
37 262
40 262
42 262
43 262
46 262
47 262
48 262
49 262
50 262
52 262
55 262
56 262
57 262
58 262
60 262
61 262
63 262
65 262
66 262
68 262
70 262
71 262
73 262
74 262
79 262
80 262
81 262
84 262
87 262
88 262
89 262
93 262
94 262
95 262
99 262
102 262
105 262
107 262
110 262
116 262
117 262
128 262
129 262
134 262
137 262
139 262
141 262
146 262
149 262
150 262
152 262
154 262
157 262
161 262
164 262
170 262
171 262
172 262
173 262
177 262
179 262
182 262
183 262
184 262
185 262
186 262
187 262
188 262
189 262
190 262
194 262
195 262
200 262
202 262
204 262
205 262
206 262
209 262
210 262
211 262
214 262
216 262
218 262
219 262
221 262
222 262
223 262
224 262
225 262
232 262
233 262
234 262
236 262
237 262
241 262
242 262
244 262
245 262
249 262
250 262
252 262
254 262
256 262
259 262
260 262
4 263
5 263
6 263
8 263
9 263
16 263
19 263
20 263
21 263
22 263
23 263
24 263
25 263
27 263
28 263
30 263
32 263
33 263
34 263
35 263
36 263
39 263
41 263
43 263
44 263
45 263
46 263
49 263
50 263
51 263
52 263
53 263
56 263
59 263
61 263
63 263
68 263
70 263
74 263
75 263
76 263
78 263
79 263
80 263
82 263
84 263
85 263
86 263
87 263
88 263
92 263
93 263
104 263
105 263
107 263
109 263
110 263
111 263
112 263
113 263
115 263
117 263
120 263
121 263
131 263
132 263
133 263
137 263
138 263
139 263
140 263
141 263
142 263
143 263
144 263
146 263
147 263
150 263
152 263
158 263
160 263
161 263
163 263
164 263
165 263
169 263
171 263
173 263
174 263
176 263
177 263
179 263
181 263
186 263
188 263
189 263
190 263
193 263
194 263
197 263
199 263
200 263
206 263
208 263
211 263
212 263
213 263
220 263
222 263
223 263
225 263
227 263
228 263
230 263
231 263
234 263
238 263
239 263
241 263
242 263
245 263
247 263
249 263
250 263
251 263
253 263
258 263
259 263
260 263
4 264
5 264
6 264
7 264
8 264
10 264
11 264
13 264
14 264
15 264
16 264
17 264
21 264
23 264
24 264
25 264
26 264
28 264
29 264
30 264
31 264
33 264
35 264
36 264
37 264
38 264
40 264
41 264
44 264
46 264
51 264
52 264
53 264
54 264
56 264
59 264
60 264
61 264
64 264
66 264
67 264
69 264
70 264
72 264
73 264
74 264
75 264
77 264
79 264
80 264
82 264
84 264
86 264
88 264
89 264
90 264
92 264
94 264
96 264
97 264
98 264
101 264
102 264
104 264
105 264
107 264
108 264
109 264
112 264
115 264
116 264
118 264
121 264
122 264
132 264
133 264
134 264
135 264
137 264
141 264
142 264
143 264
145 264
146 264
147 264
149 264
150 264
152 264
156 264
157 264
158 264
160 264
162 264
163 264
164 264
165 264
168 264
169 264
170 264
171 264
172 264
176 264
177 264
178 264
182 264
185 264
189 264
191 264
192 264
193 264
195 264
196 264
200 264
203 264
207 264
209 264
211 264
212 264
214 264
216 264
218 264
221 264
227 264
234 264
235 264
236 264
238 264
239 264
244 264
245 264
246 264
249 264
250 264
252 264
253 264
256 264
257 264
260 264
1 265
3 265
8 265
10 265
11 265
12 265
13 265
18 265
19 265
23 265
24 265
25 265
27 265
30 265
33 265
34 265
36 265
37 265
40 265
42 265
46 265
47 265
48 265
49 265
50 265
51 265
54 265
57 265
59 265
61 265
62 265
63 265
64 265
73 265
80 265
81 265
82 265
84 265
89 265
96 265
97 265
101 265
102 265
103 265
104 265
107 265
108 265
111 265
112 265
114 265
115 265
120 265
121 265
122 265
123 265
124 265
125 265
135 265
136 265
137 265
138 265
140 265
144 265
149 265
151 265
153 265
154 265
158 265
159 265
162 265
164 265
166 265
167 265
169 265
171 265
172 265
173 265
175 265
177 265
180 265
182 265
184 265
185 265
186 265
190 265
192 265
193 265
197 265
199 265
200 265
204 265
205 265
206 265
210 265
211 265
213 265
214 265
216 265
217 265
220 265
221 265
222 265
224 265
226 265
227 265
228 265
234 265
235 265
237 265
238 265
240 265
241 265
242 265
243 265
244 265
246 265
247 265
250 265
253 265
256 265
257 265
259 265
260 265
261 265
262 265
264 265
2 266
3 266
6 266
9 266
11 266
13 266
15 266
16 266
17 266
23 266
24 266
26 266
28 266
29 266
31 266
32 266
33 266
35 266
36 266
39 266
41 266
42 266
44 266
45 266
47 266
49 266
51 266
53 266
54 266
60 266
61 266
65 266
66 266
67 266
69 266
72 266
73 266
78 266
79 266
81 266
82 266
85 266
86 266
90 266
93 266
94 266
97 266
99 266
100 266
102 266
104 266
105 266
108 266
112 266
113 266
115 266
116 266
117 266
119 266
120 266
121 266
122 266
124 266
126 266
127 266
134 266
135 266
138 266
141 266
145 266
147 266
150 266
158 266
159 266
160 266
161 266
163 266
165 266
166 266
167 266
170 266
172 266
174 266
175 266
176 266
177 266
178 266
180 266
182 266
185 266
189 266
191 266
195 266
197 266
199 266
201 266
202 266
204 266
205 266
206 266
208 266
210 266
213 266
214 266
216 266
218 266
221 266
223 266
228 266
229 266
230 266
231 266
232 266
233 266
234 266
236 266
252 266
253 266
254 266
255 266
257 266
259 266
261 266
263 266
265 266
1 267
2 267
3 267
4 267
6 267
7 267
9 267
10 267
12 267
15 267
16 267
18 267
24 267
25 267
26 267
30 267
32 267
36 267
37 267
40 267
43 267
48 267
52 267
56 267
57 267
58 267
60 267
61 267
62 267
64 267
65 267
66 267
67 267
68 267
70 267
71 267
72 267
73 267
74 267
76 267
79 267
81 267
85 267
86 267
87 267
89 267
90 267
92 267
94 267
96 267
98 267
101 267
102 267
105 267
107 267
110 267
111 267
112 267
114 267
117 267
118 267
119 267
120 267
121 267
124 267
127 267
128 267
133 267
136 267
140 267
141 267
145 267
146 267
148 267
151 267
155 267
159 267
162 267
164 267
167 267
170 267
173 267
177 267
178 267
184 267
189 267
196 267
206 267
208 267
209 267
210 267
212 267
215 267
216 267
222 267
223 267
225 267
227 267
228 267
230 267
231 267
234 267
238 267
241 267
248 267
250 267
257 267
259 267
263 267
265 267
3 268
5 268
6 268
11 268
13 268
14 268
16 268
18 268
20 268
21 268
22 268
25 268
27 268
28 268
30 268
33 268
35 268
36 268
38 268
40 268
42 268
43 268
44 268
46 268
48 268
49 268
51 268
52 268
53 268
54 268
56 268
58 268
60 268
62 268
63 268
64 268
65 268
69 268
71 268
72 268
74 268
75 268
77 268
78 268
80 268
82 268
84 268
86 268
87 268
89 268
94 268
99 268
100 268
102 268
103 268
104 268
107 268
110 268
115 268
119 268
120 268
121 268
124 268
125 268
126 268
127 268
130 268
142 268
144 268
146 268
147 268
148 268
149 268
154 268
159 268
160 268
163 268
166 268
167 268
169 268
170 268
171 268
172 268
173 268
176 268
177 268
180 268
181 268
182 268
183 268
184 268
185 268
187 268
188 268
189 268
191 268
192 268
194 268
200 268
204 268
206 268
210 268
211 268
212 268
215 268
216 268
218 268
220 268
222 268
229 268
233 268
236 268
240 268
242 268
244 268
246 268
247 268
249 268
255 268
256 268
260 268
262 268
263 268
264 268
265 268
266 268
267 268
3 269
5 269
6 269
7 269
9 269
15 269
16 269
18 269
20 269
21 269
22 269
24 269
25 269
26 269
27 269
29 269
30 269
32 269
34 269
39 269
40 269
41 269
45 269
46 269
51 269
52 269
53 269
57 269
59 269
61 269
62 269
65 269
66 269
67 269
68 269
74 269
75 269
76 269
77 269
80 269
81 269
82 269
84 269
85 269
90 269
91 269
94 269
95 269
99 269
101 269
103 269
106 269
107 269
108 269
109 269
111 269
112 269
113 269
114 269
116 269
118 269
122 269
123 269
125 269
127 269
129 269
130 269
131 269
132 269
136 269
138 269
141 269
142 269
144 269
150 269
152 269
153 269
154 269
155 269
158 269
159 269
160 269
162 269
163 269
165 269
166 269
171 269
175 269
177 269
179 269
184 269
185 269
186 269
187 269
188 269
189 269
190 269
191 269
194 269
196 269
197 269
201 269
206 269
208 269
209 269
212 269
213 269
216 269
220 269
222 269
223 269
230 269
231 269
233 269
236 269
239 269
241 269
242 269
243 269
246 269
251 269
252 269
253 269
257 269
258 269
262 269
263 269
264 269
265 269
267 269
1 270
2 270
10 270
11 270
13 270
16 270
19 270
21 270
22 270
24 270
25 270
26 270
28 270
29 270
32 270
34 270
37 270
38 270
39 270
41 270
44 270
45 270
46 270
47 270
48 270
53 270
55 270
56 270
57 270
58 270
60 270
62 270
65 270
69 270
71 270
72 270
73 270
74 270
76 270
79 270
80 270
82 270
84 270
85 270
86 270
91 270
93 270
95 270
96 270
99 270
102 270
103 270
105 270
108 270
116 270
119 270
120 270
121 270
122 270
131 270
134 270
135 270
137 270
140 270
141 270
142 270
144 270
148 270
150 270
151 270
152 270
154 270
155 270
156 270
158 270
160 270
162 270
163 270
164 270
166 270
168 270
171 270
172 270
174 270
177 270
178 270
179 270
181 270
182 270
184 270
185 270
186 270
187 270
188 270
189 270
194 270
195 270
200 270
203 270
206 270
207 270
208 270
216 270
221 270
224 270
225 270
226 270
228 270
230 270
231 270
233 270
234 270
241 270
242 270
245 270
246 270
249 270
253 270
258 270
259 270
260 270
261 270
3 271
4 271
5 271
7 271
9 271
10 271
11 271
12 271
13 271
14 271
17 271
18 271
21 271
22 271
23 271
24 271
26 271
30 271
31 271
33 271
34 271
35 271
36 271
37 271
40 271
43 271
46 271
49 271
53 271
57 271
58 271
62 271
63 271
67 271
69 271
70 271
74 271
76 271
77 271
79 271
80 271
81 271
82 271
83 271
85 271
87 271
89 271
92 271
98 271
99 271
101 271
103 271
107 271
109 271
110 271
111 271
112 271
114 271
117 271
118 271
122 271
123 271
126 271
134 271
135 271
136 271
138 271
139 271
141 271
144 271
146 271
147 271
148 271
149 271
152 271
153 271
155 271
156 271
160 271
161 271
165 271
167 271
170 271
173 271
175 271
177 271
178 271
180 271
185 271
186 271
187 271
188 271
189 271
190 271
191 271
194 271
198 271
200 271
207 271
212 271
213 271
215 271
217 271
218 271
219 271
220 271
223 271
226 271
231 271
234 271
242 271
245 271
246 271
247 271
251 271
254 271
256 271
257 271
260 271
266 271
269 271
4 272
5 272
6 272
8 272
9 272
12 272
14 272
16 272
17 272
18 272
19 272
20 272
21 272
22 272
25 272
28 272
31 272
33 272
38 272
39 272
40 272
41 272
42 272
43 272
44 272
47 272
48 272
50 272
52 272
54 272
56 272
59 272
62 272
63 272
64 272
69 272
72 272
74 272
80 272
81 272
86 272
91 272
92 272
95 272
96 272
98 272
99 272
101 272
103 272
104 272
105 272
106 272
108 272
109 272
112 272
114 272
115 272
116 272
117 272
122 272
123 272
125 272
126 272
128 272
136 272
139 272
140 272
142 272
146 272
149 272
150 272
154 272
156 272
157 272
158 272
160 272
163 272
165 272
168 272
171 272
174 272
177 272
178 272
179 272
181 272
182 272
183 272
184 272
185 272
186 272
187 272
189 272
192 272
197 272
202 272
208 272
209 272
210 272
212 272
218 272
219 272
220 272
221 272
222 272
225 272
226 272
227 272
228 272
233 272
234 272
236 272
237 272
243 272
246 272
247 272
248 272
250 272
253 272
255 272
256 272
257 272
258 272
262 272
263 272
267 272
270 272
271 272
1 273
4 273
9 273
13 273
16 273
17 273
18 273
19 273
23 273
24 273
25 273
26 273
29 273
33 273
34 273
37 273
40 273
44 273
46 273
48 273
49 273
50 273
51 273
53 273
55 273
58 273
59 273
60 273
63 273
64 273
65 273
66 273
67 273
68 273
69 273
71 273
74 273
77 273
79 273
80 273
81 273
82 273
83 273
90 273
91 273
94 273
95 273
96 273
97 273
98 273
99 273
100 273
101 273
103 273
105 273
107 273
109 273
113 273
116 273
117 273
118 273
119 273
121 273
123 273
124 273
125 273
126 273
129 273
137 273
139 273
140 273
141 273
143 273
145 273
146 273
149 273
150 273
152 273
153 273
154 273
156 273
158 273
160 273
165 273
166 273
168 273
169 273
172 273
173 273
175 273
176 273
180 273
182 273
185 273
186 273
188 273
189 273
192 273
194 273
199 273
203 273
207 273
214 273
221 273
223 273
224 273
225 273
228 273
229 273
232 273
233 273
235 273
236 273
238 273
240 273
241 273
245 273
247 273
248 273
251 273
253 273
255 273
256 273
257 273
261 273
263 273
264 273
266 273
268 273
269 273
271 273
1 274
2 274
5 274
6 274
8 274
9 274
11 274
12 274
14 274
15 274
17 274
20 274
21 274
24 274
25 274
26 274
28 274
30 274
32 274
33 274
34 274
40 274
41 274
42 274
44 274
48 274
49 274
51 274
55 274
57 274
59 274
61 274
65 274
66 274
67 274
69 274
70 274
71 274
73 274
75 274
77 274
78 274
79 274
80 274
81 274
84 274
85 274
86 274
87 274
88 274
89 274
91 274
94 274
95 274
96 274
98 274
99 274
105 274
106 274
108 274
110 274
114 274
115 274
116 274
117 274
121 274
126 274
127 274
128 274
130 274
131 274
132 274
143 274
144 274
147 274
149 274
152 274
153 274
154 274
155 274
158 274
160 274
163 274
164 274
168 274
170 274
171 274
173 274
178 274
179 274
180 274
181 274
183 274
185 274
189 274
193 274
195 274
196 274
198 274
199 274
200 274
204 274
205 274
207 274
211 274
212 274
214 274
217 274
218 274
219 274
220 274
221 274
223 274
225 274
227 274
230 274
231 274
232 274
234 274
235 274
236 274
237 274
240 274
242 274
246 274
247 274
248 274
250 274
254 274
256 274
258 274
261 274
263 274
268 274
269 274
270 274
271 274
273 274
1 275
4 275
7 275
8 275
9 275
10 275
11 275
12 275
13 275
15 275
16 275
17 275
19 275
21 275
23 275
24 275
27 275
29 275
30 275
31 275
40 275
46 275
47 275
48 275
53 275
54 275
56 275
57 275
59 275
65 275
66 275
67 275
68 275
69 275
71 275
72 275
73 275
74 275
77 275
79 275
80 275
83 275
84 275
85 275
88 275
89 275
90 275
91 275
92 275
93 275
94 275
95 275
97 275
98 275
99 275
100 275
108 275
110 275
111 275
112 275
113 275
114 275
115 275
116 275
117 275
118 275
119 275
120 275
121 275
127 275
130 275
136 275
137 275
138 275
140 275
142 275
143 275
145 275
146 275
151 275
152 275
153 275
154 275
155 275
159 275
160 275
162 275
163 275
165 275
169 275
175 275
176 275
177 275
179 275
181 275
183 275
184 275
188 275
190 275
191 275
193 275
194 275
196 275
200 275
201 275
202 275
204 275
205 275
208 275
209 275
212 275
213 275
216 275
217 275
218 275
219 275
221 275
222 275
223 275
224 275
228 275
229 275
230 275
231 275
232 275
235 275
237 275
239 275
242 275
248 275
250 275
253 275
255 275
257 275
258 275
259 275
260 275
261 275
264 275
265 275
267 275
268 275
269 275
271 275
272 275
273 275
1 276
2 276
3 276
6 276
9 276
10 276
14 276
16 276
17 276
19 276
21 276
24 276
26 276
30 276
32 276
34 276
35 276
36 276
39 276
43 276
46 276
47 276
48 276
50 276
58 276
60 276
62 276
63 276
65 276
66 276
71 276
73 276
75 276
77 276
78 276
79 276
80 276
82 276
83 276
84 276
86 276
88 276
93 276
94 276
96 276
97 276
99 276
100 276
101 276
102 276
104 276
105 276
107 276
109 276
111 276
112 276
113 276
119 276
121 276
122 276
127 276
128 276
130 276
135 276
136 276
139 276
141 276
146 276
148 276
152 276
154 276
155 276
158 276
159 276
161 276
162 276
165 276
167 276
170 276
172 276
174 276
178 276
180 276
183 276
184 276
185 276
186 276
187 276
189 276
190 276
195 276
196 276
197 276
199 276
200 276
201 276
203 276
206 276
207 276
208 276
211 276
212 276
213 276
214 276
215 276
216 276
218 276
219 276
220 276
221 276
225 276
226 276
229 276
230 276
236 276
238 276
239 276
240 276
242 276
246 276
247 276
248 276
249 276
250 276
251 276
252 276
255 276
257 276
260 276
265 276
268 276
270 276
271 276
272 276
1 277
2 277
4 277
5 277
9 277
11 277
14 277
16 277
17 277
18 277
19 277
22 277
25 277
27 277
30 277
33 277
36 277
39 277
41 277
42 277
45 277
46 277
48 277
50 277
51 277
54 277
56 277
62 277
63 277
66 277
70 277
72 277
76 277
77 277
78 277
79 277
84 277
87 277
88 277
90 277
92 277
93 277
95 277
97 277
99 277
101 277
102 277
105 277
106 277
107 277
111 277
114 277
115 277
118 277
119 277
123 277
124 277
125 277
129 277
132 277
134 277
135 277
141 277
143 277
145 277
147 277
148 277
149 277
153 277
154 277
155 277
156 277
159 277
160 277
161 277
163 277
164 277
167 277
172 277
174 277
178 277
179 277
181 277
183 277
186 277
187 277
188 277
190 277
198 277
200 277
201 277
202 277
203 277
205 277
207 277
210 277
211 277
212 277
213 277
214 277
220 277
223 277
224 277
225 277
226 277
230 277
233 277
234 277
236 277
239 277
240 277
241 277
242 277
244 277
245 277
246 277
248 277
251 277
253 277
254 277
256 277
257 277
258 277
259 277
260 277
264 277
265 277
266 277
267 277
268 277
272 277
273 277
275 277
1 278
2 278
3 278
4 278
7 278
8 278
9 278
10 278
13 278
14 278
15 278
17 278
19 278
22 278
32 278
33 278
36 278
38 278
39 278
41 278
47 278
48 278
50 278
51 278
52 278
53 278
60 278
61 278
62 278
63 278
65 278
66 278
68 278
69 278
71 278
72 278
73 278
74 278
77 278
81 278
84 278
85 278
88 278
90 278
91 278
92 278
94 278
96 278
97 278
99 278
101 278
103 278
104 278
106 278
111 278
112 278
114 278
115 278
123 278
135 278
138 278
140 278
142 278
143 278
149 278
153 278
155 278
156 278
157 278
162 278
164 278
165 278
166 278
167 278
171 278
172 278
173 278
175 278
177 278
178 278
179 278
180 278
181 278
189 278
191 278
192 278
196 278
197 278
198 278
199 278
201 278
202 278
204 278
206 278
209 278
210 278
211 278
212 278
216 278
218 278
220 278
222 278
223 278
227 278
230 278
233 278
234 278
236 278
238 278
239 278
240 278
241 278
243 278
247 278
248 278
249 278
252 278
256 278
257 278
259 278
260 278
261 278
262 278
265 278
267 278
268 278
269 278
272 278
274 278
275 278
1 279
4 279
5 279
6 279
7 279
10 279
11 279
12 279
15 279
17 279
20 279
21 279
22 279
23 279
26 279
27 279
29 279
30 279
32 279
33 279
36 279
37 279
39 279
40 279
42 279
44 279
47 279
50 279
52 279
56 279
57 279
58 279
59 279
60 279
64 279
66 279
67 279
71 279
72 279
74 279
76 279
77 279
80 279
81 279
86 279
88 279
89 279
91 279
93 279
94 279
95 279
96 279
97 279
99 279
100 279
102 279
107 279
108 279
109 279
111 279
112 279
115 279
116 279
117 279
118 279
119 279
120 279
121 279
122 279
127 279
128 279
129 279
138 279
139 279
140 279
143 279
151 279
153 279
157 279
159 279
161 279
163 279
165 279
169 279
170 279
171 279
173 279
176 279
179 279
180 279
181 279
183 279
185 279
189 279
191 279
197 279
203 279
205 279
206 279
208 279
210 279
211 279
212 279
213 279
214 279
216 279
221 279
222 279
225 279
226 279
227 279
229 279
232 279
233 279
234 279
239 279
240 279
241 279
242 279
249 279
252 279
253 279
254 279
256 279
257 279
259 279
260 279
261 279
266 279
267 279
268 279
269 279
271 279
272 279
273 279
274 279
275 279
276 279
277 279
1 280
2 280
5 280
7 280
10 280
13 280
15 280
17 280
18 280
19 280
20 280
24 280
25 280
27 280
29 280
30 280
36 280
37 280
39 280
40 280
42 280
45 280
46 280
51 280
52 280
53 280
56 280
59 280
66 280
68 280
69 280
70 280
71 280
74 280
76 280
77 280
79 280
80 280
83 280
86 280
88 280
90 280
91 280
93 280
98 280
102 280
104 280
105 280
107 280
110 280
111 280
112 280
113 280
114 280
115 280
116 280
117 280
118 280
120 280
123 280
127 280
131 280
133 280
140 280
141 280
142 280
143 280
145 280
147 280
149 280
150 280
151 280
153 280
154 280
157 280
159 280
160 280
161 280
163 280
165 280
168 280
169 280
172 280
173 280
174 280
178 280
179 280
189 280
191 280
192 280
193 280
194 280
196 280
199 280
200 280
203 280
204 280
206 280
209 280
214 280
215 280
222 280
223 280
224 280
225 280
227 280
238 280
242 280
243 280
244 280
245 280
247 280
249 280
250 280
252 280
253 280
254 280
260 280
261 280
264 280
268 280
270 280
271 280
273 280
275 280
276 280
277 280
278 280
279 280
2 281
4 281
9 281
11 281
13 281
17 281
18 281
21 281
22 281
23 281
24 281
26 281
29 281
36 281
37 281
41 281
43 281
44 281
46 281
49 281
50 281
52 281
54 281
56 281
59 281
61 281
63 281
67 281
69 281
70 281
74 281
76 281
80 281
82 281
84 281
86 281
89 281
90 281
91 281
92 281
93 281
94 281
96 281
98 281
102 281
106 281
107 281
108 281
109 281
110 281
113 281
117 281
118 281
119 281
121 281
122 281
124 281
125 281
126 281
130 281
132 281
135 281
142 281
144 281
148 281
150 281
151 281
154 281
155 281
156 281
157 281
160 281
163 281
164 281
165 281
166 281
170 281
171 281
172 281
175 281
176 281
177 281
180 281
181 281
187 281
188 281
189 281
191 281
192 281
193 281
194 281
195 281
198 281
201 281
205 281
206 281
207 281
208 281
209 281
210 281
212 281
213 281
214 281
216 281
217 281
220 281
221 281
222 281
223 281
226 281
227 281
228 281
230 281
234 281
238 281
240 281
241 281
243 281
244 281
245 281
248 281
249 281
251 281
255 281
258 281
260 281
261 281
263 281
264 281
265 281
269 281
273 281
276 281
277 281
279 281
3 282
4 282
5 282
7 282
8 282
9 282
10 282
11 282
13 282
15 282
16 282
17 282
19 282
21 282
22 282
24 282
25 282
27 282
29 282
31 282
32 282
34 282
36 282
37 282
42 282
44 282
46 282
50 282
51 282
52 282
54 282
56 282
58 282
59 282
61 282
62 282
66 282
67 282
68 282
73 282
75 282
76 282
78 282
79 282
80 282
82 282
83 282
85 282
86 282
89 282
90 282
91 282
92 282
93 282
94 282
95 282
96 282
103 282
105 282
108 282
115 282
117 282
118 282
120 282
122 282
127 282
129 282
133 282
135 282
142 282
146 282
147 282
148 282
149 282
150 282
155 282
156 282
161 282
163 282
165 282
168 282
169 282
170 282
172 282
173 282
177 282
178 282
181 282
183 282
187 282
188 282
189 282
190 282
191 282
193 282
194 282
195 282
197 282
199 282
202 282
204 282
206 282
207 282
209 282
210 282
211 282
212 282
213 282
217 282
219 282
223 282
225 282
229 282
233 282
234 282
236 282
237 282
238 282
239 282
242 282
245 282
247 282
250 282
254 282
256 282
258 282
259 282
261 282
265 282
268 282
272 282
274 282
276 282
277 282
281 282
2 283
3 283
4 283
5 283
6 283
7 283
9 283
13 283
15 283
16 283
17 283
22 283
30 283
32 283
33 283
34 283
35 283
36 283
39 283
42 283
45 283
47 283
48 283
49 283
51 283
56 283
57 283
58 283
59 283
61 283
67 283
68 283
69 283
71 283
74 283
76 283
79 283
82 283
84 283
85 283
88 283
91 283
95 283
96 283
98 283
99 283
101 283
103 283
105 283
106 283
112 283
114 283
116 283
118 283
124 283
125 283
126 283
127 283
128 283
130 283
135 283
144 283
145 283
146 283
147 283
152 283
156 283
162 283
163 283
168 283
170 283
173 283
174 283
175 283
176 283
178 283
179 283
180 283
184 283
186 283
187 283
192 283
194 283
197 283
198 283
200 283
203 283
207 283
208 283
209 283
210 283
211 283
215 283
217 283
219 283
220 283
222 283
223 283
224 283
227 283
228 283
233 283
235 283
236 283
237 283
239 283
240 283
245 283
246 283
249 283
251 283
252 283
259 283
262 283
264 283
265 283
268 283
269 283
271 283
272 283
273 283
274 283
275 283
282 283
2 284
3 284
4 284
5 284
7 284
8 284
15 284
16 284
17 284
20 284
23 284
24 284
26 284
31 284
35 284
43 284
46 284
50 284
51 284
52 284
54 284
56 284
57 284
62 284
64 284
71 284
75 284
80 284
83 284
86 284
87 284
89 284
90 284
91 284
94 284
96 284
98 284
102 284
103 284
104 284
105 284
106 284
111 284
112 284
113 284
114 284
115 284
116 284
118 284
119 284
123 284
125 284
126 284
129 284
130 284
131 284
133 284
135 284
141 284
142 284
144 284
145 284
146 284
155 284
158 284
159 284
160 284
161 284
164 284
165 284
166 284
167 284
169 284
170 284
173 284
174 284
175 284
178 284
179 284
187 284
188 284
189 284
191 284
194 284
197 284
200 284
202 284
205 284
206 284
208 284
211 284
213 284
216 284
217 284
219 284
221 284
222 284
225 284
227 284
231 284
232 284
236 284
241 284
242 284
244 284
246 284
247 284
249 284
250 284
251 284
252 284
254 284
255 284
256 284
258 284
260 284
261 284
266 284
267 284
269 284
270 284
271 284
278 284
279 284
280 284
281 284
282 284
2 285
4 285
5 285
7 285
9 285
12 285
14 285
15 285
18 285
19 285
20 285
22 285
25 285
26 285
27 285
30 285
31 285
32 285
35 285
36 285
37 285
38 285
40 285
42 285
43 285
48 285
51 285
52 285
56 285
57 285
58 285
59 285
60 285
61 285
62 285
63 285
64 285
68 285
71 285
74 285
76 285
77 285
80 285
82 285
84 285
86 285
89 285
92 285
97 285
101 285
102 285
104 285
108 285
109 285
110 285
112 285
113 285
116 285
118 285
120 285
124 285
126 285
136 285
138 285
141 285
142 285
144 285
146 285
148 285
149 285
152 285
153 285
157 285
158 285
159 285
160 285
161 285
162 285
163 285
164 285
169 285
170 285
173 285
176 285
178 285
179 285
180 285
183 285
185 285
187 285
189 285
190 285
191 285
192 285
194 285
196 285
198 285
200 285
201 285
203 285
205 285
208 285
210 285
211 285
212 285
214 285
215 285
216 285
217 285
223 285
227 285
228 285
229 285
231 285
233 285
235 285
238 285
240 285
242 285
243 285
247 285
248 285
249 285
250 285
251 285
258 285
260 285
264 285
265 285
266 285
267 285
268 285
269 285
271 285
272 285
274 285
276 285
277 285
280 285
3 286
4 286
5 286
8 286
14 286
15 286
18 286
20 286
24 286
25 286
26 286
30 286
31 286
32 286
33 286
35 286
36 286
38 286
39 286
41 286
42 286
43 286
45 286
46 286
47 286
51 286
53 286
54 286
55 286
57 286
59 286
65 286
75 286
78 286
79 286
80 286
81 286
83 286
89 286
90 286
92 286
93 286
94 286
98 286
101 286
104 286
105 286
108 286
109 286
110 286
114 286
117 286
119 286
124 286
126 286
139 286
141 286
142 286
145 286
146 286
150 286
151 286
152 286
153 286
154 286
156 286
157 286
158 286
161 286
162 286
163 286
165 286
166 286
172 286
175 286
176 286
177 286
178 286
180 286
181 286
184 286
185 286
186 286
188 286
189 286
190 286
194 286
195 286
197 286
198 286
199 286
200 286
201 286
202 286
203 286
204 286
208 286
209 286
210 286
212 286
217 286
219 286
220 286
222 286
224 286
225 286
226 286
228 286
229 286
230 286
231 286
234 286
235 286
237 286
241 286
244 286
246 286
248 286
249 286
254 286
262 286
265 286
266 286
269 286
270 286
273 286
275 286
278 286
283 286
285 286
2 287
5 287
7 287
8 287
13 287
14 287
16 287
17 287
18 287
20 287
21 287
22 287
26 287
28 287
30 287
32 287
34 287
36 287
37 287
38 287
40 287
43 287
44 287
46 287
48 287
54 287
56 287
57 287
62 287
65 287
70 287
71 287
75 287
79 287
81 287
86 287
89 287
90 287
91 287
92 287
93 287
94 287
95 287
101 287
103 287
104 287
106 287
109 287
111 287
112 287
113 287
116 287
118 287
123 287
125 287
128 287
130 287
132 287
143 287
148 287
149 287
151 287
152 287
157 287
159 287
160 287
165 287
167 287
169 287
171 287
173 287
174 287
175 287
177 287
178 287
181 287
183 287
186 287
187 287
190 287
195 287
199 287
201 287
202 287
205 287
206 287
207 287
209 287
212 287
213 287
215 287
218 287
222 287
223 287
224 287
226 287
228 287
231 287
232 287
233 287
234 287
236 287
238 287
240 287
241 287
242 287
243 287
244 287
245 287
246 287
248 287
250 287
251 287
254 287
257 287
259 287
262 287
264 287
267 287
269 287
270 287
272 287
277 287
279 287
281 287
282 287
283 287
285 287
286 287
1 288
6 288
8 288
13 288
14 288
16 288
17 288
18 288
19 288
23 288
24 288
27 288
30 288
31 288
41 288
43 288
45 288
46 288
51 288
52 288
53 288
54 288
56 288
57 288
60 288
64 288
65 288
66 288
67 288
68 288
71 288
73 288
75 288
76 288
82 288
86 288
87 288
89 288
91 288
92 288
93 288
94 288
99 288
103 288
106 288
107 288
108 288
110 288
113 288
114 288
116 288
117 288
118 288
121 288
122 288
123 288
124 288
126 288
128 288
130 288
131 288
133 288
135 288
136 288
137 288
145 288
149 288
150 288
152 288
154 288
155 288
157 288
160 288
161 288
163 288
164 288
165 288
166 288
167 288
169 288
170 288
171 288
173 288
174 288
175 288
177 288
178 288
179 288
182 288
184 288
186 288
193 288
194 288
195 288
196 288
198 288
202 288
203 288
204 288
206 288
207 288
210 288
211 288
212 288
214 288
218 288
219 288
220 288
221 288
223 288
225 288
227 288
228 288
234 288
235 288
236 288
237 288
242 288
243 288
245 288
247 288
248 288
254 288
255 288
259 288
263 288
265 288
266 288
270 288
271 288
274 288
276 288
277 288
279 288
280 288
282 288
285 288
2 289
3 289
4 289
5 289
7 289
10 289
13 289
14 289
15 289
16 289
18 289
19 289
20 289
21 289
22 289
26 289
27 289
28 289
29 289
30 289
33 289
35 289
36 289
45 289
46 289
47 289
48 289
49 289
63 289
69 289
70 289
71 289
73 289
74 289
75 289
78 289
79 289
81 289
86 289
87 289
90 289
91 289
92 289
95 289
96 289
98 289
101 289
103 289
105 289
106 289
107 289
108 289
109 289
110 289
111 289
114 289
118 289
120 289
121 289
128 289
130 289
131 289
133 289
135 289
137 289
146 289
148 289
151 289
152 289
153 289
158 289
161 289
162 289
163 289
164 289
166 289
167 289
172 289
173 289
174 289
176 289
177 289
179 289
184 289
185 289
190 289
191 289
194 289
195 289
197 289
201 289
203 289
205 289
207 289
208 289
209 289
210 289
211 289
219 289
220 289
221 289
222 289
228 289
232 289
234 289
238 289
241 289
243 289
244 289
245 289
246 289
247 289
249 289
250 289
251 289
254 289
256 289
257 289
261 289
262 289
268 289
273 289
274 289
276 289
277 289
278 289
280 289
281 289
282 289
283 289
284 289
286 289
287 289
288 289
2 290
3 290
5 290
8 290
9 290
10 290
14 290
16 290
17 290
18 290
20 290
22 290
23 290
27 290
30 290
31 290
34 290
35 290
37 290
39 290
41 290
46 290
47 290
51 290
53 290
54 290
59 290
62 290
63 290
65 290
66 290
67 290
71 290
77 290
80 290
81 290
82 290
87 290
88 290
89 290
91 290
92 290
94 290
98 290
99 290
100 290
101 290
103 290
104 290
106 290
108 290
109 290
111 290
114 290
116 290
117 290
119 290
121 290
123 290
125 290
126 290
130 290
135 290
136 290
138 290
140 290
149 290
151 290
154 290
157 290
159 290
160 290
165 290
166 290
170 290
171 290
172 290
176 290
178 290
185 290
187 290
191 290
193 290
194 290
196 290
198 290
204 290
205 290
206 290
210 290
214 290
216 290
217 290
218 290
219 290
223 290
224 290
226 290
229 290
232 290
236 290
240 290
241 290
242 290
245 290
246 290
248 290
251 290
252 290
253 290
254 290
256 290
257 290
258 290
259 290
261 290
262 290
265 290
269 290
271 290
272 290
274 290
277 290
282 290
283 290
285 290
286 290
287 290
288 290
289 290
1 291
6 291
8 291
9 291
10 291
11 291
13 291
14 291
16 291
17 291
21 291
28 291
30 291
32 291
33 291
35 291
37 291
41 291
44 291
45 291
46 291
47 291
49 291
50 291
51 291
53 291
54 291
55 291
56 291
58 291
59 291
60 291
61 291
63 291
64 291
65 291
66 291
68 291
73 291
75 291
76 291
77 291
78 291
84 291
87 291
88 291
91 291
95 291
99 291
101 291
105 291
106 291
108 291
112 291
117 291
119 291
120 291
122 291
125 291
127 291
130 291
131 291
132 291
133 291
134 291
139 291
145 291
146 291
149 291
150 291
152 291
153 291
154 291
155 291
156 291
157 291
159 291
161 291
163 291
165 291
168 291
170 291
171 291
174 291
176 291
178 291
179 291
181 291
183 291
185 291
189 291
193 291
198 291
201 291
206 291
207 291
208 291
210 291
214 291
217 291
220 291
221 291
222 291
223 291
226 291
227 291
230 291
236 291
237 291
241 291
246 291
248 291
250 291
253 291
255 291
256 291
257 291
258 291
261 291
262 291
265 291
268 291
270 291
272 291
273 291
275 291
280 291
281 291
282 291
283 291
284 291
286 291
1 292
9 292
10 292
11 292
13 292
14 292
16 292
17 292
18 292
19 292
20 292
21 292
22 292
26 292
27 292
28 292
33 292
39 292
41 292
43 292
44 292
46 292
48 292
50 292
51 292
54 292
56 292
58 292
59 292
60 292
61 292
63 292
65 292
67 292
76 292
79 292
81 292
83 292
84 292
85 292
86 292
88 292
90 292
91 292
92 292
93 292
95 292
96 292
101 292
103 292
104 292
106 292
107 292
108 292
109 292
111 292
112 292
113 292
114 292
115 292
116 292
117 292
118 292
119 292
125 292
128 292
130 292
131 292
132 292
134 292
136 292
138 292
139 292
145 292
146 292
149 292
155 292
156 292
157 292
158 292
163 292
164 292
166 292
167 292
174 292
175 292
176 292
177 292
180 292
181 292
183 292
184 292
185 292
188 292
189 292
198 292
199 292
200 292
203 292
209 292
211 292
213 292
216 292
217 292
219 292
220 292
221 292
224 292
230 292
231 292
232 292
234 292
235 292
238 292
239 292
241 292
251 292
253 292
255 292
256 292
259 292
261 292
265 292
269 292
271 292
272 292
277 292
281 292
284 292
286 292
288 292
289 292
291 292
3 293
5 293
6 293
9 293
10 293
12 293
16 293
17 293
18 293
21 293
27 293
28 293
29 293
31 293
34 293
35 293
36 293
37 293
39 293
40 293
41 293
43 293
45 293
50 293
52 293
54 293
56 293
58 293
59 293
60 293
62 293
67 293
68 293
69 293
72 293
73 293
74 293
75 293
76 293
78 293
79 293
80 293
81 293
83 293
84 293
86 293
87 293
88 293
90 293
92 293
93 293
97 293
98 293
99 293
101 293
102 293
106 293
110 293
114 293
116 293
117 293
118 293
119 293
120 293
122 293
123 293
126 293
127 293
129 293
130 293
133 293
134 293
137 293
140 293
141 293
142 293
143 293
144 293
145 293
147 293
150 293
151 293
152 293
153 293
154 293
155 293
157 293
158 293
159 293
160 293
161 293
165 293
167 293
168 293
169 293
170 293
171 293
172 293
177 293
178 293
182 293
184 293
185 293
186 293
188 293
189 293
190 293
193 293
197 293
198 293
200 293
202 293
204 293
205 293
206 293
212 293
214 293
215 293
216 293
218 293
220 293
221 293
224 293
225 293
226 293
229 293
234 293
237 293
238 293
239 293
241 293
242 293
243 293
244 293
247 293
248 293
250 293
251 293
253 293
256 293
258 293
260 293
261 293
262 293
265 293
266 293
277 293
282 293
283 293
286 293
290 293
292 293
2 294
4 294
5 294
8 294
10 294
13 294
15 294
18 294
21 294
22 294
23 294
25 294
28 294
30 294
32 294
35 294
36 294
42 294
43 294
44 294
45 294
46 294
47 294
49 294
51 294
52 294
53 294
54 294
56 294
57 294
60 294
61 294
62 294
68 294
69 294
73 294
76 294
78 294
79 294
82 294
87 294
88 294
89 294
90 294
91 294
92 294
96 294
98 294
99 294
100 294
104 294
107 294
110 294
114 294
115 294
116 294
118 294
120 294
122 294
126 294
127 294
130 294
144 294
145 294
148 294
149 294
150 294
152 294
153 294
155 294
157 294
158 294
163 294
165 294
167 294
169 294
174 294
176 294
177 294
179 294
180 294
182 294
184 294
185 294
186 294
187 294
188 294
190 294
192 294
193 294
195 294
196 294
197 294
200 294
202 294
203 294
205 294
206 294
208 294
209 294
210 294
211 294
215 294
216 294
219 294
220 294
223 294
226 294
232 294
233 294
234 294
235 294
237 294
238 294
240 294
241 294
243 294
244 294
249 294
252 294
253 294
254 294
256 294
261 294
262 294
263 294
265 294
266 294
268 294
272 294
273 294
274 294
276 294
279 294
280 294
284 294
289 294
293 294
1 295
6 295
11 295
12 295
19 295
20 295
21 295
24 295
25 295
27 295
29 295
35 295
36 295
39 295
40 295
42 295
43 295
45 295
47 295
49 295
57 295
58 295
59 295
62 295
65 295
66 295
67 295
69 295
70 295
71 295
72 295
73 295
75 295
78 295
79 295
80 295
81 295
83 295
84 295
87 295
90 295
91 295
92 295
95 295
97 295
98 295
101 295
102 295
104 295
105 295
106 295
111 295
113 295
118 295
119 295
121 295
122 295
125 295
128 295
129 295
130 295
131 295
132 295
136 295
137 295
146 295
147 295
148 295
152 295
154 295
155 295
156 295
157 295
158 295
159 295
160 295
164 295
165 295
166 295
168 295
169 295
173 295
174 295
175 295
176 295
177 295
179 295
182 295
183 295
184 295
187 295
188 295
189 295
190 295
191 295
192 295
193 295
195 295
204 295
205 295
206 295
207 295
209 295
210 295
211 295
212 295
213 295
215 295
218 295
219 295
224 295
225 295
227 295
231 295
232 295
233 295
234 295
236 295
238 295
239 295
242 295
243 295
247 295
255 295
257 295
258 295
261 295
262 295
263 295
264 295
265 295
266 295
268 295
269 295
271 295
273 295
274 295
276 295
282 295
284 295
287 295
288 295
292 295
293 295
2 296
4 296
6 296
8 296
9 296
10 296
14 296
15 296
19 296
21 296
22 296
24 296
25 296
26 296
29 296
32 296
36 296
38 296
39 296
40 296
41 296
43 296
45 296
47 296
48 296
55 296
58 296
61 296
63 296
64 296
65 296
70 296
71 296
72 296
73 296
80 296
81 296
83 296
85 296
86 296
87 296
88 296
90 296
91 296
92 296
93 296
99 296
100 296
105 296
106 296
107 296
108 296
110 296
112 296
114 296
118 296
122 296
125 296
130 296
131 296
138 296
140 296
148 296
149 296
150 296
154 296
157 296
162 296
164 296
165 296
166 296
167 296
170 296
171 296
174 296
176 296
184 296
186 296
187 296
189 296
191 296
192 296
195 296
196 296
197 296
199 296
201 296
204 296
206 296
207 296
208 296
210 296
212 296
214 296
216 296
218 296
219 296
223 296
224 296
225 296
229 296
232 296
234 296
236 296
242 296
243 296
247 296
251 296
252 296
253 296
255 296
257 296
258 296
259 296
261 296
263 296
264 296
265 296
267 296
268 296
269 296
270 296
271 296
272 296
273 296
277 296
278 296
279 296
281 296
284 296
286 296
290 296
294 296
2 297
4 297
7 297
10 297
12 297
14 297
15 297
17 297
18 297
19 297
21 297
22 297
23 297
25 297
27 297
30 297
35 297
39 297
41 297
42 297
43 297
44 297
46 297
48 297
49 297
52 297
57 297
59 297
60 297
61 297
63 297
66 297
68 297
70 297
72 297
73 297
76 297
80 297
81 297
83 297
87 297
88 297
89 297
91 297
92 297
93 297
96 297
97 297
98 297
99 297
101 297
102 297
108 297
114 297
116 297
118 297
122 297
123 297
124 297
126 297
128 297
129 297
137 297
138 297
142 297
143 297
149 297
150 297
151 297
154 297
159 297
160 297
162 297
163 297
165 297
166 297
169 297
170 297
172 297
173 297
174 297
177 297
178 297
179 297
180 297
181 297
184 297
186 297
189 297
190 297
193 297
197 297
199 297
200 297
203 297
205 297
206 297
210 297
216 297
217 297
218 297
219 297
220 297
224 297
225 297
226 297
229 297
231 297
233 297
235 297
238 297
239 297
241 297
242 297
246 297
251 297
259 297
263 297
267 297
269 297
270 297
271 297
273 297
274 297
276 297
277 297
283 297
285 297
288 297
289 297
292 297
295 297
296 297
1 298
2 298
3 298
5 298
6 298
7 298
10 298
11 298
12 298
13 298
15 298
17 298
19 298
23 298
24 298
25 298
27 298
29 298
31 298
33 298
39 298
42 298
43 298
45 298
47 298
49 298
51 298
57 298
62 298
63 298
66 298
69 298
70 298
71 298
73 298
76 298
77 298
78 298
84 298
86 298
87 298
89 298
91 298
92 298
94 298
95 298
96 298
97 298
99 298
100 298
101 298
102 298
105 298
110 298
115 298
116 298
118 298
120 298
124 298
126 298
127 298
128 298
129 298
130 298
135 298
137 298
140 298
141 298
142 298
144 298
150 298
151 298
154 298
156 298
157 298
159 298
167 298
168 298
170 298
171 298
173 298
174 298
176 298
178 298
180 298
181 298
184 298
193 298
195 298
198 298
199 298
200 298
201 298
202 298
206 298
208 298
210 298
212 298
213 298
214 298
215 298
216 298
217 298
218 298
221 298
223 298
225 298
228 298
229 298
231 298
234 298
235 298
239 298
240 298
243 298
244 298
245 298
246 298
247 298
248 298
249 298
251 298
252 298
253 298
255 298
257 298
259 298
262 298
263 298
265 298
267 298
269 298
272 298
275 298
277 298
279 298
280 298
281 298
282 298
286 298
289 298
291 298
294 298
295 298
296 298
297 298
3 299
4 299
5 299
6 299
7 299
10 299
11 299
16 299
19 299
22 299
24 299
25 299
30 299
31 299
33 299
34 299
36 299
38 299
40 299
41 299
46 299
48 299
52 299
54 299
57 299
59 299
60 299
61 299
63 299
64 299
65 299
66 299
67 299
68 299
70 299
71 299
73 299
75 299
77 299
80 299
82 299
83 299
84 299
86 299
87 299
89 299
91 299
92 299
93 299
97 299
98 299
99 299
101 299
103 299
104 299
108 299
112 299
114 299
117 299
118 299
120 299
123 299
126 299
128 299
129 299
131 299
135 299
136 299
138 299
140 299
141 299
142 299
149 299
151 299
153 299
156 299
159 299
164 299
166 299
168 299
171 299
172 299
173 299
174 299
177 299
179 299
180 299
181 299
182 299
185 299
186 299
188 299
190 299
191 299
192 299
199 299
200 299
201 299
202 299
204 299
206 299
207 299
208 299
209 299
211 299
212 299
216 299
219 299
220 299
224 299
227 299
228 299
230 299
231 299
232 299
235 299
236 299
237 299
242 299
245 299
246 299
249 299
254 299
255 299
260 299
262 299
264 299
267 299
269 299
272 299
274 299
277 299
279 299
280 299
281 299
284 299
285 299
286 299
287 299
289 299
294 299
295 299
297 299
1 300
6 300
9 300
10 300
12 300
14 300
15 300
18 300
19 300
22 300
23 300
25 300
26 300
28 300
29 300
30 300
31 300
32 300
34 300
35 300
37 300
38 300
40 300
41 300
42 300
43 300
44 300
45 300
46 300
47 300
50 300
52 300
54 300
55 300
57 300
59 300
62 300
63 300
65 300
66 300
67 300
68 300
73 300
74 300
75 300
76 300
77 300
79 300
80 300
81 300
86 300
90 300
91 300
93 300
94 300
95 300
96 300
99 300
100 300
102 300
103 300
104 300
106 300
107 300
110 300
111 300
114 300
118 300
119 300
120 300
123 300
124 300
125 300
126 300
130 300
133 300
135 300
136 300
139 300
140 300
146 300
147 300
148 300
152 300
154 300
157 300
158 300
159 300
162 300
163 300
165 300
167 300
172 300
173 300
176 300
178 300
179 300
183 300
184 300
185 300
187 300
190 300
192 300
196 300
197 300
202 300
206 300
207 300
208 300
211 300
212 300
214 300
217 300
218 300
220 300
222 300
226 300
227 300
229 300
231 300
232 300
235 300
236 300
242 300
244 300
245 300
246 300
248 300
249 300
251 300
252 300
259 300
264 300
265 300
267 300
270 300
271 300
272 300
274 300
275 300
276 300
280 300
282 300
286 300
289 300
290 300
293 300
295 300
296 300
297 300
298 300
299 300
