800
1 84
1 86
1 87
1 91
1 98
1 102
1 105
1 106
1 107
1 108
1 109
1 110
1 116
1 117
1 118
1 121
1 122
1 124
1 129
1 132
1 133
1 138
1 144
1 145
1 147
1 149
1 153
1 155
1 159
1 160
1 163
1 172
1 176
1 180
1 182
1 185
1 189
1 198
1 200
1 203
1 204
1 209
1 210
1 213
1 222
1 223
1 227
1 230
1 233
1 234
1 242
1 246
1 247
1 256
1 259
1 261
1 262
1 265
1 267
1 269
1 271
1 274
1 275
1 276
1 282
1 287
1 288
1 297
1 302
1 303
1 304
1 308
1 312
1 317
1 322
1 325
1 328
1 330
1 338
1 339
1 341
1 344
1 356
1 358
1 364
1 365
1 367
1 369
1 373
1 375
1 376
1 378
1 383
1 388
1 391
1 392
1 396
1 397
1 401
1 407
1 408
1 411
1 412
1 413
1 414
1 416
1 425
1 427
1 428
1 438
1 445
1 448
1 455
1 460
1 464
1 465
1 466
1 469
1 471
1 474
1 475
1 476
1 479
1 480
1 483
1 485
1 486
1 487
1 488
1 492
1 500
1 501
1 502
1 503
1 507
1 510
1 513
1 514
1 515
1 516
1 517
1 518
1 519
1 523
1 530
1 532
1 534
1 535
1 536
1 540
1 542
1 544
1 545
1 547
1 550
1 556
1 557
1 558
1 563
1 564
1 567
1 569
1 570
1 579
1 581
1 582
1 584
1 585
1 589
1 590
1 591
1 592
1 593
1 595
1 597
1 607
1 615
1 618
1 620
1 621
1 625
1 630
1 634
1 638
1 641
1 643
1 648
1 657
1 659
1 669
1 673
1 676
1 682
1 683
1 686
1 695
1 698
1 699
1 702
1 705
1 706
1 709
1 710
1 711
1 712
1 716
1 717
1 718
1 722
1 728
1 729
1 732
1 741
1 746
1 747
1 759
1 762
1 763
1 764
1 767
1 770
1 771
1 777
1 781
1 788
1 789
1 790
1 792
1 794
2 85
2 86
2 89
2 90
2 93
2 99
2 102
2 103
2 112
2 116
2 119
2 123
2 124
2 125
2 131
2 137
2 138
2 139
2 142
2 147
2 151
2 156
2 157
2 158
2 169
2 173
2 176
2 179
2 180
2 182
2 189
2 192
2 193
2 194
2 201
2 208
2 219
2 225
2 229
2 235
2 237
2 247
2 248
2 251
2 255
2 256
2 258
2 267
2 271
2 276
2 278
2 279
2 280
2 283
2 286
2 288
2 294
2 295
2 296
2 299
2 302
2 305
2 307
2 310
2 312
2 314
2 315
2 320
2 321
2 322
2 326
2 330
2 332
2 333
2 336
2 343
2 345
2 352
2 354
2 356
2 360
2 362
2 366
2 367
2 373
2 374
2 380
2 381
2 383
2 385
2 386
2 393
2 394
2 401
2 404
2 408
2 409
2 410
2 413
2 415
2 417
2 418
2 421
2 423
2 429
2 437
2 438
2 439
2 442
2 443
2 447
2 449
2 452
2 455
2 461
2 466
2 471
2 472
2 476
2 480
2 481
2 482
2 489
2 491
2 492
2 497
2 502
2 505
2 508
2 511
2 516
2 518
2 522
2 529
2 535
2 539
2 546
2 547
2 551
2 555
2 557
2 558
2 559
2 563
2 564
2 565
2 567
2 574
2 575
2 579
2 586
2 587
2 592
2 594
2 595
2 599
2 600
2 605
2 606
2 609
2 612
2 614
2 617
2 619
2 620
2 634
2 641
2 644
2 648
2 649
2 650
2 653
2 655
2 660
2 666
2 668
2 677
2 678
2 687
2 693
2 695
2 697
2 703
2 707
2 710
2 718
2 719
2 720
2 723
2 724
2 726
2 728
2 730
2 734
2 736
2 739
2 740
2 742
2 747
2 754
2 755
2 761
2 764
2 768
2 772
2 774
2 776
2 777
2 783
2 787
2 792
2 794
2 796
2 798
2 799
3 85
3 86
3 87
3 89
3 92
3 93
3 108
3 109
3 113
3 114
3 116
3 117
3 119
3 120
3 122
3 126
3 127
3 128
3 133
3 136
3 137
3 140
3 144
3 155
3 160
3 174
3 176
3 177
3 180
3 188
3 189
3 193
3 196
3 200
3 205
3 211
3 216
3 226
3 228
3 236
3 238
3 239
3 243
3 245
3 246
3 247
3 251
3 252
3 255
3 256
3 257
3 258
3 264
3 266
3 268
3 270
3 277
3 280
3 281
3 284
3 285
3 287
3 290
3 291
3 292
3 301
3 312
3 313
3 314
3 317
3 319
3 321
3 326
3 327
3 338
3 340
3 348
3 349
3 350
3 352
3 355
3 357
3 362
3 363
3 364
3 365
3 369
3 370
3 380
3 387
3 390
3 391
3 398
3 399
3 403
3 408
3 410
3 413
3 415
3 426
3 427
3 428
3 429
3 430
3 431
3 434
3 436
3 441
3 442
3 450
3 454
3 462
3 464
3 469
3 473
3 478
3 480
3 482
3 483
3 484
3 487
3 489
3 493
3 495
3 496
3 498
3 499
3 500
3 506
3 513
3 524
3 527
3 535
3 536
3 541
3 542
3 550
3 551
3 552
3 554
3 555
3 559
3 564
3 569
3 571
3 581
3 582
3 590
3 596
3 599
3 600
3 602
3 617
3 622
3 626
3 629
3 630
3 634
3 637
3 639
3 646
3 649
3 650
3 651
3 653
3 656
3 657
3 658
3 659
3 671
3 673
3 677
3 681
3 684
3 692
3 693
3 700
3 701
3 707
3 720
3 724
3 727
3 735
3 740
3 743
3 745
3 750
3 755
3 757
3 764
3 770
3 774
3 775
3 785
3 789
3 799
3 800
4 83
4 86
4 91
4 95
4 100
4 101
4 102
4 103
4 109
4 110
4 111
4 114
4 121
4 122
4 125
4 126
4 130
4 131
4 132
4 134
4 135
4 141
4 145
4 150
4 151
4 154
4 158
4 160
4 162
4 163
4 165
4 167
4 168
4 169
4 171
4 172
4 173
4 174
4 175
4 182
4 183
4 187
4 188
4 190
4 199
4 208
4 214
4 215
4 217
4 221
4 222
4 224
4 225
4 227
4 228
4 234
4 236
4 238
4 240
4 242
4 248
4 249
4 252
4 256
4 257
4 258
4 263
4 265
4 266
4 269
4 272
4 273
4 275
4 282
4 283
4 284
4 286
4 289
4 309
4 310
4 311
4 318
4 319
4 321
4 322
4 323
4 324
4 327
4 332
4 334
4 336
4 337
4 342
4 344
4 348
4 350
4 351
4 354
4 360
4 361
4 363
4 365
4 367
4 370
4 378
4 380
4 385
4 387
4 391
4 397
4 399
4 400
4 405
4 407
4 410
4 413
4 420
4 422
4 424
4 425
4 427
4 428
4 429
4 430
4 434
4 439
4 440
4 445
4 448
4 456
4 457
4 458
4 459
4 467
4 476
4 480
4 481
4 482
4 483
4 486
4 487
4 489
4 492
4 498
4 502
4 506
4 512
4 513
4 514
4 527
4 528
4 531
4 537
4 540
4 548
4 555
4 556
4 557
4 561
4 570
4 573
4 598
4 604
4 605
4 606
4 614
4 619
4 621
4 623
4 626
4 630
4 639
4 640
4 641
4 643
4 644
4 646
4 648
4 653
4 654
4 656
4 659
4 661
4 665
4 667
4 673
4 677
4 679
4 689
4 693
4 713
4 715
4 716
4 717
4 718
4 719
4 721
4 722
4 725
4 726
4 735
4 736
4 740
4 742
4 743
4 752
4 758
4 762
4 770
4 772
4 774
4 777
4 778
4 779
4 782
4 783
4 785
4 791
4 794
5 81
5 83
5 88
5 89
5 92
5 97
5 98
5 100
5 101
5 102
5 103
5 104
5 107
5 110
5 113
5 114
5 115
5 116
5 117
5 128
5 136
5 142
5 145
5 153
5 154
5 159
5 172
5 173
5 177
5 183
5 184
5 185
5 195
5 196
5 201
5 206
5 207
5 209
5 214
5 217
5 220
5 221
5 224
5 225
5 227
5 228
5 229
5 231
5 235
5 236
5 238
5 244
5 245
5 252
5 253
5 255
5 258
5 262
5 263
5 267
5 269
5 270
5 271
5 273
5 275
5 277
5 285
5 286
5 287
5 290
5 293
5 294
5 296
5 300
5 302
5 304
5 306
5 309
5 311
5 312
5 314
5 315
5 316
5 319
5 320
5 342
5 346
5 348
5 357
5 363
5 364
5 365
5 370
5 371
5 374
5 378
5 379
5 382
5 383
5 384
5 385
5 392
5 399
5 409
5 411
5 414
5 415
5 416
5 417
5 423
5 431
5 436
5 437
5 445
5 448
5 449
5 450
5 451
5 453
5 454
5 457
5 458
5 461
5 463
5 464
5 465
5 467
5 477
5 483
5 485
5 486
5 490
5 491
5 493
5 498
5 499
5 502
5 503
5 504
5 506
5 511
5 512
5 513
5 514
5 520
5 524
5 525
5 527
5 535
5 536
5 538
5 542
5 548
5 549
5 553
5 556
5 557
5 561
5 566
5 567
5 572
5 573
5 576
5 577
5 579
5 580
5 581
5 585
5 587
5 591
5 592
5 596
5 597
5 599
5 603
5 604
5 613
5 614
5 617
5 621
5 622
5 623
5 624
5 625
5 630
5 632
5 641
5 642
5 643
5 646
5 656
5 660
5 668
5 673
5 681
5 688
5 689
5 692
5 694
5 697
5 699
5 705
5 713
5 721
5 725
5 731
5 734
5 735
5 736
5 741
5 748
5 757
5 758
5 761
5 767
5 769
5 770
5 774
5 778
5 781
5 782
5 786
5 787
5 790
5 797
6 83
6 84
6 88
6 90
6 91
6 100
6 101
6 106
6 114
6 116
6 118
6 120
6 126
6 130
6 131
6 136
6 137
6 138
6 139
6 140
6 142
6 143
6 146
6 149
6 157
6 163
6 171
6 178
6 184
6 187
6 191
6 192
6 195
6 196
6 197
6 198
6 199
6 200
6 202
6 203
6 204
6 205
6 207
6 208
6 211
6 218
6 222
6 225
6 246
6 249
6 252
6 258
6 265
6 267
6 268
6 270
6 281
6 282
6 287
6 297
6 299
6 301
6 304
6 306
6 308
6 313
6 314
6 319
6 329
6 338
6 339
6 342
6 348
6 350
6 352
6 353
6 356
6 359
6 363
6 369
6 372
6 373
6 374
6 378
6 380
6 384
6 389
6 391
6 394
6 395
6 413
6 415
6 418
6 424
6 428
6 430
6 435
6 438
6 439
6 441
6 442
6 445
6 448
6 449
6 450
6 452
6 456
6 463
6 466
6 468
6 469
6 476
6 479
6 480
6 481
6 482
6 485
6 486
6 487
6 488
6 494
6 495
6 501
6 502
6 505
6 513
6 514
6 517
6 518
6 521
6 523
6 525
6 526
6 528
6 529
6 531
6 532
6 534
6 535
6 539
6 542
6 544
6 547
6 549
6 558
6 559
6 564
6 565
6 567
6 583
6 588
6 589
6 591
6 598
6 601
6 603
6 607
6 608
6 613
6 614
6 624
6 625
6 626
6 628
6 629
6 630
6 631
6 641
6 643
6 645
6 647
6 648
6 649
6 650
6 652
6 656
6 661
6 672
6 677
6 679
6 682
6 684
6 688
6 689
6 691
6 692
6 696
6 698
6 700
6 704
6 711
6 714
6 721
6 727
6 733
6 735
6 736
6 737
6 738
6 740
6 741
6 743
6 749
6 752
6 755
6 756
6 762
6 763
6 764
6 771
6 777
6 779
6 784
6 785
6 786
6 793
6 795
6 796
6 800
7 81
7 100
7 102
7 106
7 109
7 110
7 111
7 115
7 117
7 118
7 119
7 124
7 129
7 134
7 139
7 143
7 145
7 146
7 149
7 152
7 157
7 163
7 164
7 171
7 174
7 175
7 181
7 182
7 183
7 184
7 190
7 193
7 205
7 208
7 211
7 213
7 216
7 221
7 223
7 225
7 226
7 227
7 232
7 235
7 240
7 243
7 259
7 260
7 262
7 267
7 269
7 274
7 277
7 279
7 286
7 287
7 288
7 291
7 293
7 299
7 300
7 302
7 303
7 304
7 310
7 321
7 322
7 324
7 325
7 331
7 334
7 341
7 344
7 345
7 348
7 351
7 353
7 356
7 358
7 361
7 362
7 363
7 367
7 383
7 388
7 390
7 391
7 393
7 397
7 403
7 411
7 414
7 416
7 418
7 419
7 421
7 422
7 423
7 424
7 433
7 434
7 436
7 439
7 445
7 446
7 452
7 453
7 456
7 461
7 472
7 474
7 475
7 477
7 486
7 487
7 488
7 490
7 491
7 492
7 495
7 497
7 512
7 517
7 521
7 524
7 531
7 540
7 543
7 547
7 548
7 550
7 552
7 553
7 563
7 567
7 575
7 578
7 582
7 585
7 589
7 591
7 592
7 593
7 596
7 597
7 603
7 605
7 606
7 617
7 618
7 619
7 620
7 621
7 623
7 625
7 627
7 628
7 629
7 631
7 639
7 643
7 649
7 650
7 651
7 664
7 665
7 666
7 670
7 679
7 680
7 682
7 685
7 686
7 687
7 688
7 690
7 692
7 693
7 700
7 703
7 705
7 706
7 708
7 709
7 717
7 722
7 724
7 725
7 727
7 730
7 731
7 736
7 741
7 742
7 743
7 747
7 748
7 749
7 751
7 752
7 753
7 755
7 758
7 760
7 761
7 769
7 773
7 775
7 776
7 777
7 778
7 779
7 781
7 783
7 784
7 785
7 788
7 796
7 797
7 799
8 82
8 85
8 94
8 99
8 104
8 107
8 108
8 109
8 111
8 112
8 114
8 115
8 117
8 118
8 131
8 132
8 138
8 141
8 142
8 157
8 159
8 160
8 164
8 166
8 169
8 175
8 176
8 177
8 178
8 179
8 190
8 191
8 195
8 202
8 203
8 208
8 215
8 216
8 220
8 221
8 227
8 229
8 230
8 232
8 235
8 236
8 239
8 244
8 255
8 256
8 259
8 262
8 269
8 272
8 276
8 277
8 279
8 283
8 285
8 286
8 289
8 293
8 297
8 303
8 304
8 307
8 312
8 314
8 318
8 331
8 333
8 338
8 341
8 342
8 343
8 344
8 345
8 346
8 351
8 352
8 356
8 358
8 367
8 368
8 370
8 372
8 376
8 378
8 386
8 389
8 392
8 396
8 398
8 400
8 402
8 413
8 419
8 424
8 433
8 437
8 440
8 441
8 442
8 445
8 447
8 450
8 451
8 452
8 466
8 467
8 468
8 469
8 473
8 481
8 491
8 492
8 494
8 495
8 496
8 497
8 501
8 506
8 507
8 509
8 512
8 516
8 517
8 518
8 521
8 523
8 525
8 531
8 532
8 534
8 549
8 554
8 558
8 561
8 564
8 567
8 569
8 574
8 576
8 580
8 588
8 590
8 593
8 596
8 599
8 602
8 607
8 609
8 611
8 612
8 615
8 616
8 618
8 619
8 625
8 629
8 633
8 638
8 642
8 644
8 646
8 658
8 660
8 663
8 664
8 668
8 669
8 670
8 671
8 676
8 680
8 685
8 687
8 690
8 691
8 698
8 700
8 703
8 705
8 710
8 713
8 715
8 716
8 720
8 724
8 726
8 733
8 739
8 746
8 761
8 766
8 770
8 771
8 777
8 781
8 793
8 799
9 81
9 82
9 85
9 88
9 89
9 90
9 95
9 97
9 99
9 102
9 107
9 113
9 128
9 130
9 133
9 139
9 141
9 144
9 146
9 149
9 155
9 156
9 157
9 159
9 162
9 171
9 172
9 190
9 191
9 197
9 202
9 204
9 205
9 206
9 219
9 222
9 226
9 233
9 235
9 240
9 243
9 246
9 250
9 252
9 253
9 258
9 259
9 262
9 265
9 268
9 270
9 271
9 281
9 282
9 285
9 290
9 292
9 299
9 301
9 302
9 305
9 307
9 314
9 315
9 319
9 324
9 328
9 330
9 336
9 340
9 347
9 348
9 349
9 353
9 356
9 358
9 361
9 362
9 372
9 373
9 374
9 377
9 379
9 384
9 387
9 389
9 392
9 397
9 401
9 402
9 405
9 407
9 411
9 414
9 418
9 419
9 420
9 422
9 424
9 426
9 431
9 432
9 435
9 437
9 439
9 440
9 443
9 444
9 446
9 448
9 458
9 459
9 462
9 464
9 466
9 470
9 471
9 476
9 481
9 482
9 494
9 510
9 511
9 529
9 533
9 544
9 546
9 547
9 549
9 556
9 561
9 563
9 569
9 578
9 579
9 580
9 586
9 593
9 595
9 596
9 600
9 603
9 607
9 611
9 612
9 616
9 622
9 623
9 624
9 625
9 627
9 628
9 629
9 635
9 637
9 639
9 643
9 646
9 647
9 649
9 650
9 651
9 653
9 657
9 672
9 673
9 676
9 677
9 679
9 680
9 681
9 683
9 686
9 688
9 690
9 691
9 693
9 699
9 701
9 702
9 704
9 705
9 706
9 707
9 709
9 713
9 717
9 719
9 720
9 721
9 728
9 731
9 733
9 734
9 737
9 741
9 742
9 753
9 754
9 755
9 759
9 767
9 768
9 771
9 776
9 780
9 781
9 782
9 783
9 788
9 794
10 95
10 106
10 107
10 109
10 115
10 119
10 138
10 139
10 150
10 154
10 156
10 157
10 159
10 164
10 165
10 169
10 172
10 182
10 183
10 193
10 198
10 200
10 203
10 204
10 207
10 212
10 214
10 215
10 216
10 217
10 218
10 219
10 220
10 222
10 234
10 235
10 236
10 237
10 241
10 248
10 254
10 258
10 261
10 265
10 270
10 271
10 273
10 274
10 280
10 281
10 284
10 285
10 286
10 287
10 290
10 294
10 296
10 298
10 299
10 302
10 304
10 305
10 306
10 307
10 311
10 312
10 313
10 314
10 319
10 322
10 324
10 329
10 334
10 337
10 339
10 340
10 343
10 346
10 350
10 355
10 362
10 365
10 369
10 374
10 375
10 377
10 382
10 389
10 391
10 399
10 400
10 401
10 407
10 412
10 419
10 420
10 421
10 422
10 429
10 432
10 433
10 439
10 440
10 442
10 444
10 447
10 450
10 455
10 460
10 463
10 464
10 471
10 479
10 483
10 486
10 490
10 491
10 502
10 507
10 510
10 512
10 514
10 522
10 534
10 535
10 542
10 545
10 549
10 551
10 552
10 557
10 559
10 560
10 565
10 566
10 577
10 578
10 581
10 583
10 588
10 589
10 592
10 599
10 601
10 605
10 612
10 614
10 617
10 621
10 624
10 626
10 628
10 632
10 643
10 645
10 647
10 648
10 649
10 650
10 656
10 658
10 660
10 661
10 663
10 664
10 665
10 668
10 677
10 680
10 682
10 683
10 689
10 698
10 706
10 708
10 722
10 725
10 727
10 730
10 736
10 737
10 742
10 744
10 745
10 750
10 755
10 757
10 761
10 766
10 772
10 773
10 775
10 778
10 784
10 786
10 792
10 794
10 798
11 87
11 93
11 97
11 99
11 101
11 104
11 108
11 113
11 123
11 126
11 133
11 134
11 135
11 148
11 150
11 156
11 157
11 158
11 161
11 162
11 168
11 172
11 175
11 176
11 177
11 178
11 179
11 180
11 184
11 187
11 189
11 191
11 193
11 199
11 202
11 203
11 206
11 208
11 219
11 224
11 230
11 233
11 235
11 236
11 237
11 239
11 241
11 248
11 249
11 256
11 260
11 261
11 263
11 268
11 271
11 275
11 288
11 289
11 290
11 292
11 293
11 295
11 296
11 303
11 308
11 310
11 313
11 318
11 320
11 321
11 327
11 330
11 332
11 340
11 345
11 351
11 352
11 353
11 355
11 360
11 361
11 364
11 365
11 367
11 369
11 371
11 374
11 378
11 380
11 383
11 389
11 392
11 400
11 406
11 408
11 415
11 419
11 421
11 425
11 428
11 429
11 434
11 439
11 440
11 446
11 448
11 449
11 450
11 452
11 453
11 454
11 461
11 462
11 466
11 470
11 471
11 472
11 476
11 479
11 480
11 483
11 487
11 488
11 489
11 495
11 497
11 501
11 502
11 508
11 510
11 511
11 513
11 515
11 516
11 525
11 526
11 529
11 531
11 546
11 549
11 551
11 553
11 555
11 557
11 558
11 566
11 568
11 569
11 571
11 575
11 578
11 580
11 587
11 591
11 605
11 606
11 613
11 614
11 616
11 618
11 619
11 621
11 622
11 627
11 628
11 631
11 633
11 634
11 636
11 638
11 641
11 649
11 651
11 653
11 654
11 656
11 661
11 662
11 669
11 682
11 684
11 685
11 687
11 691
11 694
11 698
11 700
11 713
11 722
11 724
11 725
11 731
11 733
11 736
11 737
11 739
11 741
11 742
11 744
11 749
11 752
11 758
11 762
11 763
11 767
11 768
11 772
11 777
11 787
11 795
11 796
11 797
11 798
12 81
12 84
12 86
12 87
12 92
12 95
12 96
12 100
12 101
12 102
12 103
12 107
12 109
12 112
12 114
12 122
12 127
12 131
12 142
12 143
12 144
12 146
12 149
12 150
12 156
12 164
12 167
12 171
12 173
12 181
12 182
12 196
12 197
12 198
12 199
12 200
12 206
12 208
12 209
12 210
12 213
12 215
12 222
12 223
12 230
12 232
12 234
12 235
12 236
12 237
12 238
12 244
12 251
12 254
12 257
12 259
12 262
12 263
12 265
12 266
12 271
12 275
12 281
12 289
12 293
12 297
12 299
12 300
12 302
12 304
12 310
12 311
12 313
12 314
12 317
12 324
12 326
12 331
12 333
12 343
12 345
12 346
12 350
12 356
12 359
12 361
12 362
12 363
12 364
12 369
12 371
12 374
12 375
12 378
12 380
12 381
12 384
12 385
12 386
12 389
12 390
12 393
12 396
12 398
12 400
12 401
12 403
12 405
12 407
12 411
12 414
12 417
12 419
12 420
12 424
12 427
12 435
12 444
12 453
12 458
12 462
12 467
12 470
12 472
12 474
12 478
12 483
12 485
12 486
12 489
12 490
12 492
12 495
12 502
12 504
12 505
12 511
12 512
12 514
12 516
12 518
12 519
12 523
12 524
12 525
12 526
12 527
12 546
12 549
12 550
12 551
12 564
12 565
12 566
12 571
12 572
12 573
12 577
12 580
12 583
12 588
12 593
12 594
12 595
12 598
12 601
12 608
12 609
12 614
12 615
12 617
12 619
12 620
12 625
12 629
12 630
12 637
12 640
12 641
12 643
12 646
12 647
12 649
12 658
12 659
12 664
12 667
12 674
12 675
12 677
12 678
12 679
12 683
12 686
12 687
12 692
12 695
12 698
12 700
12 701
12 704
12 706
12 710
12 712
12 714
12 716
12 719
12 721
12 726
12 729
12 734
12 736
12 737
12 743
12 744
12 748
12 750
12 757
12 758
12 762
12 764
12 769
12 770
12 771
12 773
12 776
12 778
12 781
12 782
12 783
12 784
12 786
12 787
12 789
12 791
12 794
12 795
12 796
12 797
12 799
13 83
13 84
13 87
13 89
13 90
13 93
13 94
13 95
13 102
13 107
13 110
13 111
13 114
13 116
13 123
13 124
13 127
13 130
13 136
13 141
13 146
13 148
13 152
13 153
13 162
13 163
13 165
13 167
13 168
13 170
13 172
13 173
13 174
13 175
13 183
13 185
13 187
13 188
13 190
13 191
13 192
13 193
13 196
13 205
13 207
13 208
13 210
13 213
13 217
13 219
13 220
13 222
13 225
13 228
13 229
13 233
13 236
13 238
13 241
13 242
13 244
13 247
13 249
13 252
13 254
13 261
13 262
13 268
13 269
13 280
13 284
13 291
13 300
13 302
13 309
13 310
13 314
13 315
13 316
13 317
13 320
13 325
13 326
13 329
13 330
13 337
13 340
13 342
13 346
13 349
13 350
13 351
13 357
13 358
13 359
13 360
13 367
13 369
13 372
13 373
13 376
13 377
13 378
13 381
13 382
13 383
13 390
13 394
13 398
13 401
13 404
13 409
13 415
13 419
13 429
13 432
13 433
13 435
13 437
13 438
13 439
13 441
13 443
13 444
13 445
13 446
13 447
13 449
13 452
13 455
13 457
13 460
13 462
13 469
13 470
13 472
13 475
13 483
13 485
13 489
13 490
13 492
13 494
13 495
13 497
13 499
13 504
13 505
13 509
13 511
13 515
13 516
13 518
13 520
13 521
13 524
13 531
13 535
13 540
13 541
13 545
13 549
13 551
13 554
13 556
13 557
13 564
13 568
13 571
13 573
13 575
13 580
13 581
13 582
13 583
13 584
13 585
13 587
13 598
13 599
13 612
13 615
13 616
13 617
13 618
13 619
13 626
13 627
13 633
13 634
13 638
13 639
13 642
13 643
13 646
13 648
13 654
13 656
13 657
13 660
13 670
13 675
13 677
13 679
13 682
13 686
13 689
13 690
13 691
13 693
13 696
13 698
13 699
13 701
13 703
13 706
13 707
13 710
13 715
13 719
13 722
13 727
13 728
13 730
13 733
13 739
13 741
13 742
13 744
13 746
13 748
13 749
13 752
13 754
13 755
13 756
13 763
13 769
13 770
13 772
13 773
13 779
13 780
13 782
13 784
13 785
13 786
13 787
13 788
13 792
13 794
13 795
13 799
13 800
14 81
14 85
14 87
14 89
14 90
14 95
14 97
14 100
14 105
14 113
14 114
14 116
14 117
14 124
14 125
14 128
14 129
14 130
14 133
14 146
14 151
14 152
14 156
14 159
14 170
14 184
14 185
14 186
14 193
14 196
14 205
14 206
14 209
14 213
14 214
14 216
14 219
14 227
14 229
14 232
14 240
14 244
14 258
14 259
14 260
14 270
14 274
14 275
14 294
14 295
14 299
14 301
14 302
14 304
14 305
14 307
14 308
14 310
14 317
14 318
14 322
14 323
14 328
14 347
14 348
14 353
14 354
14 356
14 357
14 359
14 360
14 363
14 364
14 368
14 374
14 375
14 377
14 378
14 381
14 384
14 394
14 398
14 404
14 410
14 412
14 415
14 424
14 430
14 431
14 432
14 435
14 438
14 440
14 445
14 449
14 450
14 453
14 454
14 455
14 462
14 465
14 469
14 475
14 479
14 481
14 486
14 491
14 494
14 498
14 500
14 501
14 502
14 503
14 506
14 511
14 513
14 514
14 515
14 518
14 519
14 531
14 533
14 536
14 537
14 539
14 541
14 543
14 546
14 550
14 551
14 553
14 556
14 559
14 563
14 564
14 566
14 569
14 570
14 572
14 574
14 575
14 578
14 582
14 586
14 589
14 598
14 600
14 601
14 603
14 604
14 605
14 606
14 623
14 633
14 637
14 639
14 640
14 644
14 651
14 653
14 657
14 660
14 666
14 668
14 669
14 682
14 683
14 687
14 688
14 692
14 694
14 705
14 712
14 718
14 725
14 727
14 728
14 730
14 732
14 743
14 745
14 746
14 748
14 750
14 751
14 754
14 756
14 763
14 766
14 777
14 794
15 90
15 93
15 94
15 97
15 103
15 107
15 110
15 111
15 113
15 114
15 120
15 124
15 128
15 135
15 137
15 145
15 159
15 160
15 164
15 165
15 167
15 170
15 176
15 181
15 183
15 185
15 186
15 188
15 190
15 192
15 194
15 195
15 196
15 197
15 199
15 201
15 204
15 206
15 209
15 210
15 211
15 212
15 215
15 217
15 218
15 219
15 220
15 236
15 238
15 240
15 243
15 246
15 248
15 250
15 259
15 261
15 267
15 270
15 273
15 274
15 277
15 279
15 280
15 281
15 283
15 284
15 285
15 286
15 297
15 298
15 299
15 301
15 302
15 304
15 311
15 314
15 320
15 321
15 323
15 325
15 331
15 335
15 345
15 349
15 361
15 362
15 363
15 372
15 374
15 376
15 378
15 381
15 382
15 389
15 390
15 393
15 398
15 402
15 403
15 407
15 410
15 412
15 413
15 414
15 415
15 417
15 418
15 419
15 425
15 430
15 431
15 432
15 433
15 438
15 439
15 447
15 450
15 452
15 453
15 457
15 462
15 463
15 467
15 468
15 469
15 471
15 474
15 490
15 501
15 502
15 503
15 508
15 509
15 511
15 515
15 516
15 517
15 521
15 522
15 525
15 532
15 535
15 540
15 542
15 546
15 549
15 558
15 560
15 563
15 566
15 570
15 571
15 572
15 574
15 590
15 591
15 592
15 593
15 595
15 597
15 598
15 609
15 614
15 615
15 621
15 624
15 632
15 635
15 636
15 640
15 642
15 645
15 646
15 647
15 653
15 660
15 668
15 671
15 673
15 678
15 683
15 684
15 687
15 688
15 694
15 699
15 701
15 705
15 711
15 713
15 717
15 718
15 719
15 722
15 724
15 726
15 729
15 732
15 734
15 736
15 737
15 741
15 746
15 748
15 753
15 754
15 760
15 761
15 762
15 767
15 772
15 774
15 779
15 793
15 798
16 81
16 85
16 86
16 92
16 93
16 94
16 95
16 97
16 98
16 100
16 101
16 105
16 106
16 108
16 109
16 110
16 115
16 119
16 123
16 125
16 135
16 145
16 148
16 150
16 153
16 157
16 160
16 161
16 162
16 163
16 164
16 165
16 174
16 177
16 180
16 182
16 184
16 186
16 193
16 197
16 198
16 203
16 204
16 207
16 210
16 215
16 216
16 217
16 222
16 230
16 236
16 237
16 244
16 246
16 249
16 254
16 258
16 265
16 266
16 273
16 274
16 276
16 279
16 283
16 287
16 297
16 300
16 304
16 310
16 313
16 315
16 316
16 319
16 322
16 323
16 325
16 327
16 328
16 332
16 333
16 338
16 341
16 342
16 343
16 347
16 349
16 350
16 351
16 358
16 363
16 364
16 368
16 369
16 374
16 378
16 381
16 384
16 385
16 389
16 397
16 408
16 410
16 412
16 417
16 428
16 430
16 431
16 433
16 434
16 439
16 442
16 444
16 453
16 463
16 465
16 467
16 474
16 477
16 478
16 482
16 483
16 488
16 489
16 494
16 497
16 499
16 500
16 503
16 507
16 511
16 516
16 519
16 520
16 521
16 522
16 523
16 526
16 532
16 533
16 540
16 544
16 546
16 552
16 553
16 554
16 555
16 556
16 560
16 567
16 569
16 570
16 572
16 576
16 577
16 580
16 581
16 586
16 589
16 595
16 596
16 601
16 606
16 608
16 611
16 613
16 614
16 615
16 618
16 623
16 624
16 626
16 627
16 628
16 637
16 638
16 640
16 641
16 642
16 649
16 651
16 657
16 659
16 668
16 669
16 672
16 676
16 680
16 681
16 682
16 685
16 687
16 691
16 693
16 694
16 697
16 698
16 701
16 704
16 705
16 708
16 711
16 714
16 715
16 716
16 717
16 730
16 732
16 736
16 751
16 753
16 756
16 757
16 759
16 761
16 763
16 767
16 772
16 773
16 774
16 777
16 779
16 787
16 788
16 791
16 795
16 797
16 798
16 800
17 83
17 85
17 88
17 95
17 96
17 98
17 102
17 105
17 106
17 109
17 111
17 124
17 132
17 134
17 136
17 142
17 148
17 151
17 154
17 157
17 158
17 163
17 164
17 166
17 167
17 170
17 172
17 175
17 178
17 182
17 183
17 184
17 188
17 189
17 190
17 196
17 198
17 205
17 206
17 210
17 212
17 216
17 220
17 221
17 226
17 230
17 231
17 232
17 234
17 235
17 237
17 239
17 241
17 247
17 252
17 255
17 257
17 262
17 263
17 264
17 265
17 274
17 277
17 284
17 285
17 287
17 290
17 291
17 292
17 296
17 298
17 300
17 308
17 310
17 312
17 313
17 324
17 326
17 329
17 330
17 332
17 339
17 343
17 346
17 348
17 349
17 350
17 351
17 354
17 355
17 356
17 358
17 365
17 366
17 368
17 369
17 370
17 372
17 373
17 375
17 376
17 377
17 381
17 383
17 384
17 386
17 400
17 409
17 412
17 420
17 424
17 425
17 426
17 431
17 432
17 437
17 444
17 456
17 460
17 461
17 463
17 467
17 468
17 469
17 470
17 472
17 476
17 481
17 483
17 484
17 488
17 492
17 495
17 514
17 515
17 519
17 526
17 527
17 528
17 531
17 541
17 543
17 545
17 550
17 557
17 559
17 569
17 570
17 577
17 580
17 581
17 588
17 591
17 594
17 595
17 597
17 598
17 599
17 606
17 608
17 610
17 611
17 612
17 614
17 616
17 617
17 621
17 629
17 639
17 640
17 645
17 648
17 649
17 650
17 653
17 658
17 666
17 675
17 677
17 681
17 682
17 683
17 692
17 693
17 698
17 700
17 704
17 705
17 710
17 711
17 713
17 715
17 718
17 720
17 721
17 724
17 728
17 733
17 734
17 736
17 747
17 753
17 755
17 760
17 763
17 764
17 767
17 771
17 780
17 781
17 787
17 789
17 791
17 792
17 793
17 794
17 797
17 799
18 81
18 85
18 93
18 94
18 96
18 102
18 106
18 111
18 113
18 116
18 117
18 122
18 125
18 127
18 130
18 131
18 133
18 143
18 150
18 154
18 157
18 158
18 161
18 162
18 166
18 177
18 178
18 182
18 191
18 193
18 197
18 198
18 199
18 202
18 210
18 216
18 221
18 223
18 227
18 230
18 235
18 237
18 238
18 239
18 240
18 242
18 248
18 252
18 255
18 258
18 262
18 265
18 267
18 268
18 269
18 273
18 275
18 279
18 280
18 285
18 286
18 287
18 291
18 296
18 303
18 306
18 308
18 313
18 318
18 329
18 340
18 341
18 342
18 343
18 348
18 351
18 361
18 362
18 367
18 369
18 378
18 379
18 385
18 386
18 391
18 394
18 396
18 402
18 403
18 405
18 417
18 418
18 420
18 424
18 426
18 435
18 442
18 443
18 448
18 451
18 452
18 455
18 459
18 465
18 470
18 471
18 476
18 478
18 479
18 481
18 483
18 484
18 490
18 491
18 492
18 493
18 496
18 497
18 500
18 502
18 508
18 509
18 510
18 513
18 521
18 527
18 528
18 529
18 530
18 534
18 536
18 537
18 542
18 546
18 550
18 551
18 555
18 564
18 565
18 569
18 574
18 575
18 580
18 582
18 584
18 586
18 587
18 601
18 604
18 607
18 610
18 611
18 617
18 619
18 620
18 623
18 624
18 625
18 630
18 631
18 635
18 636
18 644
18 645
18 646
18 647
18 649
18 654
18 660
18 661
18 662
18 663
18 664
18 666
18 668
18 671
18 672
18 677
18 683
18 686
18 689
18 692
18 694
18 697
18 699
18 704
18 705
18 715
18 717
18 723
18 727
18 730
18 733
18 736
18 749
18 750
18 751
18 754
18 756
18 757
18 765
18 766
18 767
18 768
18 769
18 770
18 772
18 773
18 774
18 775
18 776
18 785
18 787
18 790
18 793
18 795
18 799
19 83
19 84
19 85
19 86
19 87
19 88
19 94
19 100
19 103
19 110
19 112
19 114
19 120
19 125
19 131
19 135
19 141
19 142
19 151
19 158
19 159
19 160
19 162
19 170
19 174
19 175
19 179
19 184
19 185
19 189
19 192
19 199
19 201
19 206
19 208
19 209
19 212
19 214
19 215
19 220
19 221
19 230
19 240
19 244
19 245
19 247
19 249
19 250
19 253
19 256
19 257
19 264
19 268
19 275
19 280
19 281
19 283
19 285
19 292
19 293
19 295
19 296
19 297
19 299
19 303
19 305
19 319
19 324
19 328
19 329
19 332
19 333
19 335
19 336
19 337
19 338
19 339
19 342
19 343
19 344
19 345
19 349
19 356
19 360
19 361
19 364
19 368
19 369
19 374
19 379
19 382
19 383
19 385
19 388
19 394
19 400
19 402
19 409
19 410
19 423
19 424
19 428
19 433
19 435
19 447
19 448
19 450
19 454
19 457
19 460
19 465
19 470
19 478
19 483
19 488
19 489
19 490
19 494
19 498
19 501
19 505
19 506
19 509
19 517
19 518
19 519
19 525
19 530
19 534
19 535
19 537
19 540
19 545
19 549
19 552
19 553
19 556
19 558
19 559
19 563
19 570
19 575
19 576
19 577
19 578
19 580
19 584
19 588
19 590
19 592
19 593
19 595
19 605
19 620
19 622
19 623
19 624
19 625
19 628
19 633
19 639
19 641
19 642
19 644
19 645
19 647
19 663
19 666
19 673
19 675
19 676
19 677
19 679
19 682
19 683
19 695
19 700
19 701
19 702
19 705
19 711
19 713
19 720
19 722
19 728
19 730
19 743
19 745
19 755
19 756
19 757
19 761
19 772
19 776
19 779
19 790
19 792
19 796
20 81
20 83
20 89
20 92
20 93
20 96
20 100
20 101
20 106
20 109
20 110
20 112
20 116
20 118
20 119
20 122
20 123
20 129
20 131
20 134
20 136
20 138
20 149
20 151
20 153
20 159
20 162
20 169
20 171
20 175
20 180
20 184
20 188
20 196
20 201
20 202
20 203
20 206
20 208
20 209
20 210
20 213
20 220
20 222
20 229
20 236
20 238
20 244
20 249
20 251
20 252
20 254
20 255
20 261
20 263
20 266
20 267
20 272
20 274
20 277
20 280
20 282
20 283
20 287
20 289
20 290
20 292
20 295
20 299
20 304
20 306
20 307
20 308
20 309
20 310
20 313
20 318
20 319
20 322
20 324
20 328
20 330
20 336
20 343
20 350
20 353
20 355
20 356
20 358
20 359
20 361
20 363
20 364
20 368
20 369
20 370
20 372
20 373
20 375
20 376
20 377
20 379
20 381
20 383
20 393
20 396
20 397
20 398
20 400
20 401
20 403
20 407
20 414
20 415
20 423
20 425
20 429
20 435
20 436
20 437
20 440
20 445
20 447
20 450
20 453
20 454
20 457
20 458
20 460
20 464
20 465
20 468
20 469
20 471
20 473
20 476
20 477
20 478
20 480
20 488
20 489
20 492
20 493
20 497
20 501
20 504
20 506
20 514
20 515
20 516
20 525
20 531
20 535
20 546
20 552
20 558
20 561
20 563
20 565
20 566
20 568
20 571
20 572
20 573
20 582
20 583
20 584
20 588
20 591
20 593
20 594
20 595
20 599
20 600
20 609
20 611
20 612
20 618
20 625
20 626
20 628
20 633
20 637
20 643
20 646
20 647
20 654
20 658
20 660
20 665
20 669
20 673
20 675
20 678
20 679
20 683
20 685
20 689
20 690
20 698
20 700
20 705
20 707
20 708
20 715
20 716
20 718
20 719
20 720
20 722
20 727
20 729
20 730
20 732
20 738
20 741
20 744
20 746
20 755
20 762
20 769
20 771
20 778
20 779
20 783
20 786
20 793
20 795
20 796
20 799
21 84
21 85
21 89
21 91
21 97
21 101
21 106
21 111
21 116
21 118
21 119
21 120
21 121
21 122
21 123
21 124
21 126
21 130
21 133
21 137
21 138
21 139
21 148
21 150
21 151
21 156
21 158
21 159
21 161
21 162
21 165
21 175
21 177
21 182
21 183
21 184
21 187
21 188
21 189
21 190
21 191
21 193
21 196
21 199
21 200
21 204
21 205
21 206
21 213
21 216
21 218
21 220
21 231
21 236
21 237
21 248
21 251
21 257
21 260
21 263
21 268
21 275
21 277
21 279
21 283
21 288
21 294
21 298
21 303
21 308
21 312
21 316
21 325
21 326
21 331
21 332
21 333
21 340
21 342
21 347
21 348
21 350
21 353
21 354
21 355
21 356
21 365
21 367
21 369
21 370
21 374
21 375
21 376
21 379
21 380
21 389
21 392
21 393
21 395
21 402
21 406
21 414
21 427
21 429
21 432
21 434
21 435
21 439
21 440
21 441
21 446
21 452
21 456
21 457
21 458
21 461
21 467
21 468
21 473
21 475
21 478
21 482
21 484
21 492
21 494
21 500
21 504
21 505
21 508
21 513
21 516
21 524
21 527
21 530
21 531
21 532
21 533
21 538
21 544
21 545
21 546
21 553
21 556
21 564
21 573
21 575
21 576
21 580
21 582
21 590
21 592
21 604
21 606
21 610
21 616
21 621
21 629
21 640
21 641
21 642
21 649
21 652
21 662
21 664
21 667
21 668
21 673
21 675
21 677
21 686
21 688
21 693
21 695
21 696
21 698
21 699
21 703
21 705
21 710
21 712
21 714
21 719
21 720
21 722
21 724
21 728
21 741
21 744
21 745
21 750
21 753
21 756
21 757
21 761
21 763
21 777
21 779
21 785
21 788
21 791
21 793
21 796
22 81
22 83
22 85
22 86
22 88
22 93
22 95
22 97
22 106
22 107
22 109
22 112
22 114
22 115
22 117
22 118
22 121
22 124
22 125
22 128
22 129
22 130
22 132
22 134
22 137
22 140
22 141
22 152
22 156
22 160
22 162
22 163
22 166
22 176
22 179
22 180
22 194
22 202
22 204
22 205
22 211
22 212
22 215
22 216
22 217
22 218
22 219
22 220
22 225
22 230
22 233
22 234
22 239
22 240
22 245
22 247
22 248
22 251
22 253
22 256
22 258
22 260
22 263
22 264
22 265
22 267
22 270
22 271
22 273
22 274
22 277
22 278
22 282
22 283
22 285
22 286
22 288
22 293
22 295
22 301
22 303
22 313
22 318
22 322
22 323
22 324
22 327
22 328
22 333
22 335
22 338
22 339
22 341
22 343
22 344
22 347
22 348
22 349
22 350
22 355
22 356
22 363
22 366
22 378
22 383
22 386
22 387
22 388
22 389
22 391
22 392
22 393
22 400
22 406
22 410
22 411
22 426
22 430
22 434
22 440
22 442
22 445
22 447
22 448
22 450
22 462
22 463
22 465
22 472
22 475
22 476
22 482
22 487
22 492
22 495
22 498
22 504
22 506
22 511
22 515
22 516
22 518
22 523
22 527
22 528
22 533
22 534
22 538
22 540
22 542
22 550
22 556
22 558
22 560
22 565
22 566
22 567
22 569
22 570
22 579
22 580
22 581
22 587
22 592
22 596
22 597
22 600
22 609
22 614
22 616
22 617
22 618
22 625
22 630
22 635
22 637
22 646
22 649
22 653
22 656
22 659
22 660
22 661
22 662
22 663
22 668
22 670
22 673
22 675
22 679
22 690
22 693
22 695
22 698
22 699
22 706
22 716
22 726
22 730
22 731
22 741
22 744
22 749
22 751
22 755
22 757
22 758
22 764
22 765
22 767
22 771
22 775
22 779
22 785
22 787
22 788
22 789
22 792
22 793
22 797
22 799
22 800
23 85
23 90
23 91
23 93
23 95
23 96
23 98
23 99
23 105
23 116
23 120
23 123
23 126
23 130
23 132
23 139
23 140
23 141
23 146
23 150
23 152
23 156
23 159
23 160
23 163
23 168
23 169
23 173
23 174
23 180
23 182
23 184
23 186
23 192
23 193
23 199
23 200
23 211
23 212
23 219
23 230
23 235
23 237
23 245
23 248
23 258
23 264
23 265
23 268
23 271
23 273
23 275
23 279
23 280
23 281
23 282
23 283
23 285
23 288
23 292
23 293
23 298
23 300
23 304
23 309
23 311
23 312
23 316
23 317
23 320
23 323
23 324
23 326
23 328
23 329
23 331
23 334
23 335
23 338
23 339
23 342
23 343
23 346
23 349
23 356
23 360
23 368
23 369
23 373
23 375
23 376
23 382
23 383
23 386
23 389
23 390
23 393
23 395
23 404
23 407
23 419
23 421
23 422
23 424
23 426
23 430
23 431
23 439
23 445
23 446
23 447
23 449
23 451
23 452
23 454
23 458
23 459
23 460
23 461
23 462
23 464
23 470
23 475
23 478
23 481
23 485
23 486
23 488
23 490
23 499
23 501
23 502
23 504
23 506
23 511
23 512
23 518
23 527
23 528
23 529
23 531
23 532
23 533
23 536
23 537
23 539
23 543
23 549
23 551
23 560
23 561
23 563
23 566
23 573
23 577
23 578
23 580
23 581
23 588
23 589
23 596
23 597
23 603
23 607
23 626
23 628
23 630
23 640
23 645
23 646
23 647
23 650
23 658
23 665
23 666
23 667
23 668
23 669
23 677
23 680
23 685
23 689
23 691
23 692
23 696
23 700
23 701
23 702
23 709
23 710
23 711
23 717
23 721
23 723
23 726
23 730
23 733
23 736
23 737
23 743
23 744
23 746
23 747
23 748
23 751
23 755
23 756
23 757
23 758
23 759
23 761
23 763
23 774
23 776
23 780
23 787
23 788
23 789
23 793
23 794
24 81
24 84
24 85
24 86
24 89
24 90
24 91
24 92
24 93
24 94
24 98
24 100
24 109
24 110
24 111
24 115
24 119
24 124
24 127
24 129
24 130
24 134
24 137
24 138
24 145
24 154
24 155
24 157
24 159
24 161
24 162
24 163
24 167
24 171
24 176
24 183
24 193
24 195
24 199
24 205
24 208
24 212
24 217
24 221
24 222
24 223
24 229
24 230
24 241
24 246
24 248
24 250
24 251
24 255
24 256
24 265
24 270
24 273
24 276
24 278
24 289
24 293
24 294
24 298
24 299
24 300
24 303
24 304
24 305
24 307
24 308
24 309
24 311
24 313
24 314
24 316
24 319
24 320
24 326
24 332
24 336
24 344
24 349
24 350
24 357
24 364
24 371
24 372
24 373
24 381
24 382
24 384
24 385
24 386
24 388
24 390
24 394
24 395
24 396
24 399
24 408
24 409
24 411
24 412
24 415
24 417
24 419
24 422
24 423
24 433
24 434
24 442
24 443
24 445
24 450
24 453
24 454
24 455
24 458
24 461
24 463
24 464
24 466
24 471
24 472
24 477
24 478
24 480
24 481
24 482
24 483
24 484
24 486
24 490
24 496
24 498
24 500
24 504
24 506
24 518
24 519
24 526
24 527
24 529
24 531
24 537
24 540
24 541
24 542
24 547
24 548
24 552
24 553
24 554
24 559
24 561
24 562
24 569
24 574
24 575
24 582
24 592
24 597
24 604
24 605
24 606
24 609
24 614
24 618
24 622
24 628
24 632
24 634
24 636
24 639
24 640
24 644
24 661
24 662
24 663
24 668
24 678
24 681
24 684
24 685
24 686
24 687
24 692
24 693
24 699
24 703
24 705
24 709
24 713
24 716
24 717
24 720
24 726
24 727
24 731
24 735
24 738
24 741
24 743
24 745
24 749
24 753
24 754
24 757
24 760
24 761
24 764
24 767
24 769
24 771
24 772
24 778
24 782
24 783
24 785
24 789
24 791
24 793
24 795
24 796
24 797
25 84
25 89
25 95
25 105
25 107
25 110
25 111
25 114
25 115
25 116
25 118
25 119
25 122
25 131
25 135
25 137
25 138
25 150
25 152
25 156
25 158
25 163
25 167
25 171
25 173
25 180
25 184
25 187
25 188
25 202
25 204
25 205
25 207
25 208
25 215
25 216
25 218
25 224
25 225
25 228
25 229
25 241
25 251
25 252
25 253
25 258
25 264
25 269
25 271
25 272
25 274
25 280
25 286
25 290
25 293
25 294
25 295
25 298
25 305
25 306
25 309
25 310
25 316
25 318
25 320
25 324
25 327
25 332
25 339
25 342
25 343
25 345
25 347
25 362
25 365
25 366
25 379
25 381
25 389
25 397
25 405
25 414
25 415
25 416
25 418
25 420
25 421
25 428
25 430
25 434
25 435
25 442
25 443
25 448
25 459
25 460
25 461
25 462
25 463
25 464
25 465
25 466
25 467
25 475
25 477
25 479
25 485
25 489
25 496
25 497
25 503
25 508
25 510
25 512
25 514
25 519
25 524
25 530
25 536
25 537
25 545
25 547
25 551
25 553
25 554
25 555
25 556
25 558
25 559
25 562
25 565
25 582
25 586
25 587
25 594
25 595
25 596
25 598
25 600
25 602
25 603
25 606
25 607
25 614
25 615
25 620
25 630
25 631
25 634
25 637
25 643
25 644
25 646
25 647
25 650
25 652
25 653
25 654
25 659
25 660
25 664
25 665
25 675
25 677
25 680
25 681
25 682
25 684
25 687
25 692
25 693
25 704
25 707
25 715
25 716
25 717
25 719
25 720
25 721
25 724
25 729
25 731
25 732
25 734
25 736
25 738
25 742
25 747
25 748
25 752
25 754
25 755
25 757
25 758
25 760
25 761
25 764
25 765
25 767
25 768
25 772
25 776
25 781
25 782
25 783
25 787
25 791
25 795
25 796
25 798
25 800
26 83
26 87
26 91
26 94
26 95
26 105
26 107
26 110
26 113
26 115
26 116
26 118
26 119
26 123
26 129
26 130
26 133
26 134
26 142
26 145
26 147
26 149
26 156
26 163
26 164
26 167
26 170
26 172
26 182
26 183
26 184
26 185
26 186
26 189
26 196
26 197
26 200
26 201
26 210
26 213
26 217
26 220
26 221
26 224
26 227
26 228
26 229
26 232
26 243
26 246
26 248
26 250
26 251
26 253
26 256
26 262
26 263
26 268
26 271
26 272
26 277
26 280
26 281
26 287
26 289
26 292
26 299
26 305
26 308
26 311
26 312
26 320
26 322
26 323
26 330
26 331
26 338
26 341
26 348
26 353
26 355
26 363
26 367
26 369
26 373
26 385
26 386
26 396
26 397
26 404
26 413
26 424
26 425
26 426
26 427
26 428
26 429
26 432
26 438
26 441
26 442
26 444
26 448
26 449
26 451
26 459
26 462
26 463
26 464
26 466
26 469
26 471
26 472
26 473
26 476
26 483
26 490
26 491
26 492
26 493
26 495
26 498
26 500
26 508
26 511
26 513
26 515
26 520
26 523
26 531
26 536
26 537
26 539
26 540
26 541
26 549
26 550
26 552
26 553
26 555
26 558
26 559
26 560
26 562
26 569
26 573
26 575
26 577
26 585
26 586
26 592
26 593
26 595
26 597
26 599
26 600
26 606
26 608
26 612
26 613
26 615
26 616
26 617
26 619
26 621
26 625
26 628
26 631
26 640
26 641
26 645
26 647
26 648
26 649
26 650
26 653
26 657
26 661
26 662
26 664
26 665
26 666
26 668
26 673
26 690
26 692
26 693
26 702
26 705
26 708
26 714
26 719
26 722
26 727
26 735
26 739
26 741
26 743
26 745
26 751
26 756
26 757
26 758
26 759
26 760
26 761
26 765
26 766
26 768
26 783
26 785
26 787
26 800
27 82
27 89
27 98
27 103
27 106
27 115
27 117
27 120
27 125
27 127
27 134
27 135
27 137
27 138
27 146
27 148
27 150
27 154
27 155
27 157
27 161
27 169
27 171
27 175
27 177
27 181
27 182
27 183
27 190
27 195
27 197
27 199
27 201
27 207
27 209
27 211
27 212
27 213
27 214
27 220
27 221
27 222
27 227
27 229
27 231
27 234
27 236
27 239
27 241
27 259
27 269
27 273
27 274
27 275
27 279
27 287
27 289
27 295
27 298
27 299
27 301
27 303
27 305
27 310
27 311
27 314
27 317
27 324
27 328
27 330
27 331
27 333
27 336
27 338
27 339
27 340
27 343
27 346
27 349
27 360
27 361
27 365
27 367
27 369
27 370
27 373
27 376
27 377
27 378
27 379
27 391
27 395
27 396
27 397
27 398
27 399
27 401
27 404
27 417
27 418
27 423
27 425
27 428
27 438
27 439
27 442
27 444
27 446
27 456
27 459
27 462
27 464
27 465
27 471
27 474
27 479
27 486
27 488
27 490
27 491
27 492
27 497
27 500
27 503
27 505
27 510
27 515
27 516
27 517
27 520
27 521
27 522
27 523
27 524
27 525
27 527
27 529
27 534
27 540
27 542
27 545
27 548
27 549
27 558
27 561
27 562
27 563
27 565
27 566
27 568
27 569
27 570
27 573
27 579
27 583
27 584
27 590
27 597
27 605
27 606
27 610
27 617
27 618
27 621
27 624
27 635
27 637
27 638
27 649
27 651
27 652
27 653
27 655
27 657
27 658
27 659
27 660
27 663
27 669
27 678
27 679
27 680
27 681
27 689
27 690
27 691
27 693
27 696
27 697
27 698
27 699
27 701
27 706
27 707
27 710
27 713
27 715
27 720
27 721
27 722
27 724
27 725
27 727
27 731
27 735
27 736
27 737
27 738
27 743
27 744
27 752
27 753
27 756
27 758
27 761
27 765
27 768
27 770
27 782
27 785
27 788
27 795
27 800
28 83
28 86
28 91
28 93
28 94
28 95
28 99
28 100
28 101
28 103
28 107
28 109
28 112
28 123
28 125
28 128
28 130
28 131
28 135
28 139
28 140
28 146
28 149
28 150
28 154
28 156
28 159
28 161
28 164
28 166
28 169
28 172
28 181
28 184
28 185
28 186
28 188
28 189
28 198
28 203
28 204
28 205
28 210
28 213
28 215
28 217
28 225
28 230
28 234
28 235
28 239
28 240
28 250
28 252
28 261
28 262
28 263
28 266
28 267
28 269
28 270
28 283
28 285
28 288
28 290
28 295
28 297
28 304
28 306
28 311
28 316
28 317
28 320
28 322
28 323
28 324
28 328
28 333
28 336
28 338
28 342
28 348
28 351
28 357
28 359
28 360
28 363
28 367
28 371
28 375
28 380
28 384
28 392
28 393
28 397
28 401
28 410
28 411
28 415
28 421
28 422
28 424
28 427
28 428
28 430
28 431
28 433
28 435
28 437
28 444
28 446
28 448
28 457
28 460
28 461
28 462
28 464
28 465
28 472
28 477
28 479
28 483
28 484
28 489
28 498
28 499
28 501
28 502
28 506
28 508
28 511
28 514
28 519
28 525
28 527
28 529
28 532
28 534
28 535
28 539
28 550
28 551
28 562
28 563
28 568
28 569
28 571
28 572
28 574
28 578
28 580
28 585
28 586
28 587
28 588
28 591
28 593
28 596
28 597
28 598
28 600
28 607
28 614
28 615
28 624
28 628
28 629
28 632
28 636
28 639
28 640
28 641
28 645
28 648
28 649
28 650
28 653
28 654
28 655
28 657
28 658
28 659
28 663
28 667
28 674
28 676
28 679
28 683
28 687
28 693
28 695
28 698
28 702
28 704
28 705
28 708
28 710
28 717
28 719
28 725
28 727
28 729
28 733
28 734
28 737
28 739
28 742
28 743
28 744
28 745
28 750
28 751
28 756
28 765
28 769
28 770
28 772
28 774
28 779
28 780
28 787
28 789
28 792
28 794
28 797
29 83
29 101
29 102
29 107
29 108
29 115
29 116
29 123
29 126
29 131
29 137
29 140
29 143
29 145
29 147
29 149
29 150
29 151
29 152
29 153
29 155
29 156
29 157
29 159
29 164
29 167
29 168
29 169
29 170
29 171
29 172
29 173
29 183
29 185
29 187
29 190
29 197
29 198
29 199
29 200
29 201
29 202
29 204
29 208
29 211
29 212
29 214
29 216
29 220
29 223
29 225
29 228
29 229
29 232
29 233
29 239
29 242
29 247
29 250
29 251
29 252
29 256
29 257
29 260
29 261
29 262
29 266
29 268
29 271
29 273
29 277
29 281
29 282
29 283
29 288
29 291
29 293
29 294
29 302
29 305
29 306
29 309
29 310
29 320
29 326
29 329
29 331
29 333
29 337
29 340
29 342
29 344
29 345
29 349
29 356
29 357
29 359
29 360
29 364
29 368
29 369
29 390
29 392
29 395
29 411
29 416
29 418
29 419
29 422
29 429
29 430
29 433
29 437
29 443
29 444
29 447
29 451
29 455
29 459
29 460
29 468
29 477
29 480
29 481
29 482
29 486
29 487
29 488
29 492
29 496
29 498
29 500
29 501
29 502
29 506
29 507
29 512
29 513
29 520
29 528
29 530
29 533
29 537
29 538
29 541
29 545
29 547
29 549
29 550
29 552
29 554
29 556
29 557
29 558
29 559
29 560
29 563
29 567
29 576
29 577
29 578
29 580
29 581
29 583
29 585
29 587
29 593
29 596
29 597
29 602
29 606
29 607
29 608
29 609
29 612
29 613
29 614
29 615
29 625
29 626
29 628
29 630
29 637
29 639
29 642
29 644
29 650
29 651
29 655
29 656
29 657
29 658
29 664
29 667
29 668
29 672
29 678
29 681
29 684
29 694
29 696
29 699
29 702
29 709
29 714
29 715
29 717
29 724
29 725
29 727
29 728
29 729
29 730
29 738
29 740
29 743
29 744
29 746
29 748
29 749
29 750
29 752
29 755
29 758
29 761
29 762
29 763
29 766
29 769
29 771
29 772
29 778
29 779
29 786
29 788
29 791
29 794
29 795
29 797
29 799
30 82
30 83
30 87
30 93
30 100
30 101
30 102
30 105
30 106
30 111
30 112
30 115
30 121
30 124
30 125
30 126
30 128
30 129
30 134
30 135
30 136
30 141
30 149
30 154
30 157
30 159
30 163
30 173
30 177
30 181
30 189
30 190
30 193
30 196
30 199
30 201
30 205
30 206
30 208
30 209
30 212
30 218
30 220
30 223
30 225
30 234
30 238
30 240
30 242
30 247
30 249
30 250
30 252
30 257
30 261
30 265
30 267
30 271
30 277
30 289
30 290
30 292
30 294
30 296
30 301
30 302
30 312
30 313
30 315
30 322
30 330
30 336
30 341
30 349
30 355
30 356
30 360
30 363
30 364
30 368
30 369
30 372
30 375
30 378
30 383
30 387
30 400
30 405
30 406
30 412
30 413
30 414
30 416
30 417
30 419
30 423
30 427
30 429
30 434
30 435
30 438
30 439
30 441
30 448
30 449
30 450
30 456
30 457
30 464
30 465
30 466
30 474
30 499
30 500
30 507
30 509
30 512
30 514
30 515
30 518
30 519
30 522
30 524
30 528
30 531
30 540
30 544
30 545
30 546
30 550
30 552
30 554
30 557
30 558
30 559
30 561
30 562
30 565
30 571
30 572
30 575
30 577
30 581
30 584
30 586
30 588
30 594
30 595
30 596
30 597
30 603
30 605
30 606
30 607
30 610
30 616
30 619
30 620
30 621
30 623
30 626
30 628
30 633
30 637
30 641
30 644
30 646
30 654
30 655
30 656
30 657
30 663
30 666
30 667
30 668
30 670
30 671
30 674
30 675
30 677
30 684
30 685
30 687
30 690
30 693
30 703
30 705
30 709
30 710
30 716
30 724
30 726
30 727
30 735
30 738
30 739
30 742
30 743
30 745
30 746
30 748
30 756
30 758
30 760
30 763
30 769
30 770
30 772
30 773
30 775
30 780
30 782
30 783
30 786
30 789
30 796
30 799
31 81
31 82
31 83
31 86
31 94
31 96
31 98
31 106
31 107
31 109
31 113
31 119
31 122
31 124
31 125
31 127
31 130
31 131
31 138
31 140
31 147
31 154
31 156
31 160
31 161
31 164
31 165
31 172
31 173
31 176
31 177
31 184
31 187
31 190
31 191
31 196
31 197
31 201
31 202
31 209
31 216
31 219
31 221
31 227
31 229
31 231
31 235
31 236
31 237
31 238
31 239
31 243
31 252
31 255
31 266
31 269
31 270
31 278
31 283
31 290
31 294
31 295
31 310
31 312
31 313
31 315
31 317
31 322
31 323
31 328
31 331
31 333
31 334
31 336
31 338
31 339
31 340
31 341
31 357
31 359
31 383
31 384
31 389
31 392
31 397
31 398
31 400
31 408
31 411
31 412
31 413
31 414
31 419
31 420
31 432
31 443
31 448
31 450
31 461
31 462
31 467
31 475
31 488
31 490
31 491
31 494
31 496
31 497
31 498
31 499
31 500
31 511
31 518
31 524
31 525
31 526
31 527
31 537
31 540
31 542
31 547
31 548
31 549
31 556
31 564
31 566
31 570
31 573
31 575
31 579
31 582
31 583
31 591
31 593
31 594
31 596
31 597
31 598
31 604
31 605
31 609
31 612
31 613
31 614
31 615
31 618
31 621
31 625
31 627
31 629
31 634
31 635
31 639
31 643
31 649
31 656
31 659
31 660
31 665
31 666
31 669
31 671
31 673
31 679
31 683
31 685
31 686
31 690
31 699
31 701
31 702
31 706
31 707
31 710
31 717
31 719
31 721
31 730
31 735
31 738
31 742
31 746
31 752
31 754
31 759
31 763
31 768
31 769
31 771
31 774
31 777
31 778
31 782
31 785
31 786
31 787
31 788
31 793
31 798
31 800
32 83
32 85
32 88
32 90
32 91
32 105
32 108
32 109
32 122
32 123
32 124
32 125
32 126
32 137
32 139
32 142
32 148
32 150
32 151
32 154
32 156
32 157
32 160
32 165
32 166
32 167
32 169
32 170
32 174
32 180
32 181
32 182
32 184
32 196
32 202
32 206
32 207
32 209
32 211
32 212
32 221
32 222
32 224
32 226
32 227
32 234
32 238
32 241
32 242
32 245
32 246
32 247
32 248
32 249
32 254
32 258
32 262
32 265
32 266
32 267
32 269
32 270
32 271
32 276
32 282
32 285
32 287
32 289
32 297
32 306
32 312
32 313
32 315
32 316
32 321
32 326
32 328
32 330
32 332
32 334
32 337
32 340
32 342
32 346
32 350
32 355
32 359
32 360
32 361
32 363
32 374
32 375
32 379
32 381
32 388
32 389
32 391
32 392
32 394
32 399
32 408
32 412
32 413
32 414
32 420
32 421
32 423
32 425
32 434
32 441
32 442
32 445
32 448
32 454
32 455
32 459
32 461
32 462
32 464
32 467
32 470
32 471
32 472
32 474
32 476
32 488
32 490
32 506
32 509
32 512
32 514
32 515
32 517
32 519
32 520
32 525
32 526
32 527
32 531
32 532
32 534
32 539
32 542
32 547
32 558
32 561
32 562
32 564
32 565
32 568
32 571
32 573
32 583
32 590
32 594
32 604
32 610
32 611
32 615
32 616
32 620
32 621
32 624
32 629
32 630
32 632
32 633
32 635
32 639
32 640
32 644
32 648
32 652
32 654
32 661
32 662
32 663
32 671
32 672
32 679
32 681
32 684
32 685
32 687
32 692
32 697
32 705
32 708
32 710
32 714
32 717
32 722
32 727
32 729
32 730
32 734
32 739
32 741
32 743
32 744
32 745
32 747
32 749
32 754
32 757
32 762
32 771
32 784
32 788
32 792
32 797
32 798
33 87
33 105
33 106
33 111
33 114
33 116
33 121
33 125
33 126
33 127
33 128
33 137
33 138
33 144
33 145
33 150
33 151
33 154
33 155
33 165
33 171
33 184
33 186
33 189
33 190
33 192
33 198
33 200
33 202
33 205
33 206
33 207
33 209
33 210
33 218
33 219
33 220
33 222
33 224
33 225
33 231
33 235
33 236
33 240
33 242
33 247
33 249
33 250
33 251
33 258
33 262
33 266
33 271
33 272
33 274
33 278
33 279
33 280
33 283
33 284
33 287
33 289
33 291
33 294
33 295
33 296
33 297
33 302
33 304
33 305
33 306
33 307
33 313
33 316
33 318
33 319
33 324
33 325
33 326
33 328
33 333
33 334
33 336
33 337
33 351
33 352
33 354
33 359
33 360
33 361
33 363
33 369
33 374
33 378
33 383
33 386
33 388
33 389
33 393
33 395
33 396
33 397
33 401
33 402
33 403
33 405
33 408
33 412
33 419
33 422
33 423
33 430
33 431
33 438
33 442
33 447
33 451
33 453
33 455
33 457
33 458
33 459
33 461
33 466
33 470
33 473
33 474
33 479
33 482
33 487
33 488
33 492
33 493
33 494
33 496
33 501
33 502
33 503
33 505
33 507
33 508
33 516
33 518
33 521
33 522
33 523
33 528
33 533
33 534
33 535
33 542
33 551
33 553
33 554
33 556
33 558
33 559
33 566
33 568
33 573
33 575
33 576
33 580
33 588
33 595
33 598
33 599
33 600
33 602
33 605
33 608
33 610
33 614
33 615
33 622
33 625
33 632
33 633
33 642
33 648
33 651
33 657
33 658
33 663
33 664
33 668
33 671
33 674
33 677
33 684
33 685
33 689
33 690
33 691
33 693
33 695
33 700
33 706
33 718
33 719
33 721
33 724
33 734
33 735
33 749
33 751
33 755
33 758
33 760
33 768
33 771
33 772
33 774
33 778
33 783
33 787
33 791
33 793
33 794
33 795
33 797
33 798
33 800
34 82
34 89
34 92
34 93
34 96
34 99
34 101
34 103
34 106
34 112
34 114
34 119
34 124
34 127
34 128
34 137
34 138
34 140
34 142
34 143
34 144
34 147
34 148
34 156
34 163
34 166
34 172
34 181
34 182
34 183
34 188
34 189
34 193
34 201
34 202
34 203
34 211
34 215
34 220
34 222
34 226
34 233
34 234
34 235
34 238
34 240
34 242
34 246
34 249
34 252
34 253
34 258
34 259
34 261
34 262
34 266
34 267
34 269
34 273
34 274
34 278
34 281
34 289
34 291
34 292
34 301
34 302
34 305
34 306
34 310
34 311
34 317
34 321
34 323
34 331
34 337
34 339
34 341
34 349
34 351
34 355
34 359
34 361
34 366
34 370
34 377
34 380
34 381
34 382
34 384
34 386
34 388
34 390
34 393
34 398
34 399
34 408
34 412
34 413
34 416
34 418
34 421
34 431
34 434
34 442
34 444
34 456
34 458
34 460
34 464
34 465
34 467
34 470
34 472
34 480
34 482
34 484
34 486
34 496
34 497
34 498
34 500
34 502
34 503
34 508
34 515
34 518
34 524
34 527
34 530
34 532
34 533
34 535
34 543
34 549
34 550
34 552
34 558
34 561
34 565
34 567
34 576
34 580
34 585
34 586
34 588
34 589
34 595
34 598
34 604
34 607
34 608
34 609
34 611
34 613
34 622
34 623
34 634
34 642
34 661
34 669
34 674
34 677
34 679
34 681
34 683
34 684
34 685
34 688
34 697
34 700
34 703
34 704
34 706
34 709
34 711
34 714
34 716
34 717
34 720
34 723
34 724
34 727
34 728
34 729
34 732
34 733
34 748
34 749
34 752
34 758
34 762
34 768
34 780
34 784
34 785
34 788
34 789
34 790
34 793
34 795
34 796
34 798
35 83
35 84
35 87
35 95
35 96
35 101
35 102
35 103
35 107
35 110
35 115
35 116
35 119
35 126
35 128
35 133
35 139
35 142
35 144
35 145
35 146
35 147
35 148
35 150
35 152
35 154
35 159
35 161
35 163
35 168
35 171
35 172
35 178
35 179
35 180
35 182
35 187
35 190
35 201
35 203
35 206
35 207
35 208
35 209
35 212
35 214
35 216
35 218
35 219
35 221
35 222
35 227
35 229
35 233
35 235
35 236
35 237
35 242
35 243
35 244
35 245
35 253
35 256
35 257
35 258
35 260
35 261
35 262
35 271
35 272
35 288
35 289
35 290
35 292
35 301
35 310
35 313
35 314
35 318
35 320
35 322
35 323
35 324
35 330
35 331
35 334
35 351
35 355
35 359
35 360
35 361
35 362
35 366
35 367
35 368
35 371
35 374
35 377
35 380
35 382
35 383
35 384
35 385
35 386
35 389
35 396
35 398
35 402
35 405
35 407
35 412
35 417
35 419
35 421
35 424
35 427
35 429
35 432
35 434
35 435
35 437
35 442
35 448
35 450
35 452
35 454
35 465
35 470
35 472
35 485
35 486
35 489
35 491
35 495
35 497
35 499
35 504
35 513
35 515
35 516
35 517
35 523
35 525
35 527
35 529
35 530
35 531
35 537
35 542
35 543
35 550
35 551
35 553
35 559
35 561
35 562
35 565
35 568
35 570
35 571
35 578
35 579
35 580
35 582
35 583
35 585
35 592
35 595
35 597
35 603
35 606
35 607
35 608
35 610
35 611
35 617
35 620
35 623
35 625
35 628
35 633
35 639
35 640
35 642
35 643
35 644
35 646
35 648
35 657
35 659
35 668
35 672
35 673
35 676
35 684
35 685
35 692
35 693
35 694
35 697
35 698
35 699
35 700
35 701
35 707
35 716
35 717
35 722
35 725
35 729
35 730
35 731
35 732
35 733
35 736
35 737
35 739
35 741
35 745
35 747
35 755
35 765
35 767
35 769
35 770
35 771
35 773
35 775
35 777
35 778
35 780
35 782
35 789
35 790
35 795
35 796
36 84
36 88
36 90
36 97
36 100
36 102
36 104
36 109
36 110
36 121
36 124
36 125
36 127
36 128
36 133
36 144
36 148
36 149
36 152
36 154
36 157
36 158
36 163
36 169
36 172
36 177
36 182
36 183
36 187
36 188
36 191
36 195
36 197
36 200
36 203
36 206
36 209
36 212
36 214
36 215
36 216
36 219
36 221
36 223
36 229
36 235
36 237
36 243
36 244
36 246
36 247
36 249
36 250
36 251
36 258
36 264
36 269
36 273
36 287
36 293
36 295
36 298
36 304
36 312
36 313
36 325
36 334
36 341
36 353
36 355
36 356
36 358
36 359
36 367
36 370
36 371
36 374
36 378
36 383
36 385
36 389
36 390
36 395
36 402
36 403
36 407
36 411
36 420
36 422
36 423
36 425
36 429
36 432
36 436
36 439
36 442
36 449
36 451
36 455
36 458
36 459
36 461
36 464
36 466
36 468
36 471
36 474
36 480
36 482
36 483
36 484
36 492
36 494
36 497
36 504
36 505
36 510
36 517
36 522
36 526
36 528
36 536
36 539
36 544
36 549
36 551
36 558
36 560
36 561
36 564
36 568
36 574
36 576
36 577
36 579
36 584
36 586
36 590
36 599
36 601
36 607
36 609
36 617
36 624
36 626
36 628
36 634
36 636
36 637
36 638
36 640
36 650
36 651
36 652
36 656
36 661
36 662
36 665
36 678
36 681
36 686
36 692
36 693
36 694
36 696
36 697
36 702
36 705
36 707
36 709
36 710
36 713
36 720
36 721
36 725
36 726
36 728
36 731
36 735
36 739
36 741
36 742
36 745
36 751
36 758
36 759
36 760
36 761
36 763
36 766
36 768
36 770
36 773
36 776
36 784
36 785
36 787
36 794
36 798
37 84
37 87
37 102
37 108
37 116
37 117
37 120
37 125
37 128
37 130
37 131
37 143
37 144
37 149
37 157
37 160
37 173
37 176
37 181
37 184
37 185
37 198
37 200
37 202
37 205
37 211
37 213
37 216
37 219
37 220
37 222
37 223
37 225
37 228
37 231
37 235
37 238
37 239
37 244
37 248
37 251
37 252
37 257
37 270
37 273
37 276
37 277
37 278
37 280
37 285
37 286
37 287
37 298
37 315
37 316
37 335
37 337
37 348
37 354
37 355
37 359
37 365
37 366
37 369
37 370
37 371
37 372
37 376
37 377
37 379
37 385
37 388
37 390
37 391
37 393
37 397
37 398
37 400
37 401
37 403
37 409
37 411
37 414
37 416
37 417
37 418
37 420
37 424
37 427
37 431
37 435
37 436
37 437
37 449
37 451
37 454
37 456
37 461
37 464
37 465
37 469
37 470
37 472
37 473
37 479
37 482
37 486
37 487
37 488
37 495
37 499
37 506
37 507
37 509
37 510
37 513
37 515
37 521
37 523
37 528
37 536
37 541
37 543
37 544
37 546
37 547
37 550
37 553
37 556
37 557
37 559
37 560
37 564
37 570
37 573
37 574
37 575
37 580
37 583
37 588
37 592
37 597
37 601
37 606
37 608
37 615
37 619
37 630
37 631
37 636
37 637
37 643
37 645
37 648
37 649
37 652
37 657
37 667
37 675
37 678
37 681
37 683
37 687
37 689
37 691
37 693
37 695
37 697
37 703
37 705
37 706
37 707
37 712
37 714
37 716
37 717
37 721
37 722
37 724
37 731
37 732
37 735
37 736
37 737
37 741
37 742
37 749
37 750
37 756
37 757
37 768
37 769
37 772
37 777
37 778
37 779
37 782
37 783
37 785
37 787
37 789
37 794
37 795
37 799
37 800
38 82
38 90
38 91
38 95
38 98
38 100
38 106
38 109
38 112
38 113
38 116
38 140
38 142
38 145
38 146
38 147
38 148
38 152
38 156
38 158
38 165
38 166
38 172
38 174
38 176
38 183
38 185
38 194
38 195
38 196
38 198
38 202
38 203
38 208
38 209
38 213
38 220
38 222
38 227
38 229
38 240
38 241
38 246
38 255
38 257
38 260
38 266
38 270
38 276
38 277
38 279
38 284
38 291
38 292
38 293
38 295
38 296
38 302
38 303
38 305
38 307
38 312
38 313
38 316
38 320
38 324
38 326
38 339
38 343
38 351
38 353
38 356
38 357
38 359
38 360
38 361
38 367
38 368
38 370
38 375
38 388
38 392
38 393
38 394
38 397
38 398
38 399
38 402
38 404
38 408
38 409
38 412
38 417
38 421
38 423
38 427
38 428
38 429
38 430
38 431
38 434
38 436
38 438
38 440
38 442
38 453
38 456
38 459
38 461
38 462
38 465
38 473
38 489
38 490
38 496
38 499
38 502
38 507
38 512
38 514
38 523
38 525
38 527
38 529
38 530
38 537
38 538
38 544
38 546
38 549
38 554
38 556
38 557
38 560
38 568
38 573
38 579
38 581
38 584
38 587
38 597
38 598
38 599
38 601
38 605
38 610
38 611
38 616
38 617
38 624
38 627
38 628
38 629
38 631
38 633
38 634
38 636
38 637
38 648
38 656
38 658
38 659
38 664
38 666
38 670
38 672
38 675
38 681
38 682
38 683
38 687
38 692
38 697
38 699
38 702
38 703
38 706
38 707
38 710
38 720
38 722
38 728
38 732
38 735
38 737
38 741
38 745
38 748
38 750
38 760
38 769
38 770
38 775
38 781
38 789
38 790
38 791
38 792
38 798
39 86
39 88
39 90
39 91
39 93
39 94
39 98
39 99
39 102
39 105
39 117
39 123
39 130
39 131
39 133
39 136
39 137
39 146
39 149
39 151
39 154
39 157
39 158
39 160
39 163
39 164
39 170
39 174
39 175
39 179
39 181
39 184
39 191
39 192
39 195
39 196
39 198
39 201
39 209
39 210
39 211
39 212
39 216
39 223
39 225
39 226
39 233
39 236
39 237
39 242
39 249
39 254
39 265
39 266
39 270
39 274
39 276
39 277
39 285
39 294
39 295
39 297
39 298
39 310
39 313
39 314
39 315
39 316
39 318
39 319
39 323
39 326
39 329
39 331
39 334
39 337
39 342
39 355
39 356
39 359
39 360
39 361
39 364
39 365
39 366
39 379
39 383
39 388
39 389
39 390
39 394
39 395
39 396
39 398
39 405
39 411
39 412
39 414
39 417
39 418
39 420
39 421
39 425
39 438
39 443
39 444
39 446
39 451
39 456
39 462
39 463
39 464
39 465
39 474
39 475
39 477
39 480
39 485
39 486
39 490
39 497
39 498
39 499
39 501
39 502
39 503
39 513
39 515
39 516
39 517
39 519
39 520
39 522
39 526
39 531
39 533
39 534
39 536
39 538
39 539
39 542
39 550
39 555
39 556
39 557
39 558
39 559
39 563
39 566
39 567
39 570
39 571
39 572
39 577
39 579
39 585
39 586
39 587
39 588
39 591
39 594
39 599
39 602
39 610
39 611
39 616
39 625
39 630
39 633
39 634
39 635
39 637
39 638
39 644
39 651
39 657
39 670
39 671
39 672
39 673
39 674
39 675
39 679
39 680
39 683
39 684
39 686
39 689
39 692
39 693
39 700
39 706
39 707
39 712
39 716
39 717
39 719
39 720
39 729
39 733
39 740
39 742
39 745
39 746
39 747
39 751
39 754
39 755
39 757
39 763
39 764
39 765
39 768
39 779
39 780
39 787
39 789
39 791
39 792
39 793
40 84
40 85
40 88
40 92
40 97
40 99
40 102
40 105
40 109
40 110
40 111
40 112
40 117
40 120
40 121
40 122
40 123
40 125
40 127
40 139
40 140
40 146
40 152
40 154
40 161
40 162
40 163
40 164
40 169
40 174
40 176
40 192
40 196
40 197
40 198
40 202
40 203
40 204
40 206
40 207
40 209
40 210
40 212
40 214
40 217
40 220
40 222
40 223
40 228
40 231
40 233
40 234
40 245
40 246
40 252
40 263
40 264
40 267
40 270
40 276
40 278
40 279
40 284
40 292
40 304
40 305
40 307
40 308
40 311
40 312
40 326
40 329
40 332
40 333
40 334
40 341
40 342
40 343
40 350
40 353
40 354
40 356
40 358
40 360
40 364
40 369
40 374
40 377
40 378
40 379
40 385
40 388
40 390
40 391
40 394
40 395
40 396
40 408
40 414
40 416
40 419
40 420
40 434
40 437
40 440
40 441
40 446
40 448
40 451
40 460
40 461
40 465
40 467
40 468
40 469
40 477
40 486
40 490
40 494
40 498
40 500
40 502
40 507
40 509
40 514
40 520
40 521
40 526
40 528
40 531
40 533
40 535
40 543
40 552
40 554
40 559
40 563
40 564
40 565
40 569
40 571
40 577
40 578
40 581
40 587
40 588
40 592
40 594
40 597
40 599
40 602
40 603
40 607
40 608
40 613
40 616
40 620
40 625
40 632
40 637
40 640
40 642
40 644
40 648
40 656
40 657
40 663
40 665
40 673
40 677
40 683
40 686
40 690
40 703
40 707
40 708
40 718
40 719
40 726
40 727
40 733
40 738
40 740
40 742
40 748
40 750
40 753
40 755
40 756
40 757
40 759
40 763
40 765
40 768
40 769
40 774
40 776
40 777
40 788
40 789
40 797
40 799
41 84
41 86
41 87
41 88
41 89
41 90
41 93
41 98
41 99
41 106
41 108
41 109
41 110
41 113
41 114
41 118
41 119
41 120
41 122
41 124
41 126
41 129
41 136
41 138
41 144
41 146
41 147
41 149
41 152
41 154
41 158
41 163
41 169
41 172
41 174
41 175
41 176
41 177
41 181
41 189
41 191
41 194
41 196
41 198
41 204
41 205
41 206
41 210
41 217
41 220
41 223
41 236
41 239
41 240
41 242
41 244
41 245
41 247
41 248
41 249
41 252
41 253
41 259
41 263
41 265
41 267
41 271
41 274
41 276
41 279
41 294
41 297
41 300
41 309
41 312
41 313
41 318
41 322
41 323
41 327
41 328
41 330
41 332
41 333
41 334
41 336
41 338
41 340
41 341
41 342
41 343
41 344
41 346
41 349
41 350
41 352
41 354
41 357
41 365
41 366
41 367
41 374
41 376
41 377
41 381
41 384
41 385
41 388
41 389
41 390
41 394
41 396
41 400
41 401
41 402
41 406
41 410
41 414
41 416
41 418
41 421
41 424
41 425
41 431
41 437
41 440
41 441
41 443
41 445
41 447
41 449
41 452
41 458
41 462
41 463
41 464
41 465
41 472
41 474
41 475
41 479
41 482
41 484
41 487
41 488
41 495
41 497
41 499
41 500
41 503
41 507
41 508
41 510
41 511
41 512
41 513
41 514
41 515
41 516
41 521
41 523
41 526
41 527
41 530
41 533
41 544
41 545
41 547
41 549
41 550
41 551
41 558
41 559
41 562
41 564
41 568
41 569
41 574
41 578
41 582
41 588
41 593
41 594
41 595
41 597
41 599
41 606
41 609
41 627
41 628
41 629
41 633
41 639
41 641
41 642
41 645
41 648
41 652
41 655
41 656
41 657
41 659
41 662
41 665
41 667
41 669
41 673
41 677
41 679
41 680
41 685
41 688
41 691
41 693
41 694
41 695
41 698
41 701
41 705
41 709
41 710
41 711
41 713
41 714
41 715
41 720
41 724
41 727
41 735
41 737
41 738
41 739
41 741
41 742
41 745
41 747
41 752
41 759
41 761
41 763
41 776
41 780
41 785
41 788
41 791
41 796
41 800
42 82
42 85
42 96
42 99
42 100
42 104
42 105
42 106
42 108
42 117
42 118
42 123
42 130
42 132
42 134
42 136
42 137
42 141
42 144
42 149
42 151
42 152
42 157
42 159
42 168
42 169
42 176
42 180
42 183
42 184
42 185
42 189
42 190
42 193
42 194
42 195
42 197
42 198
42 201
42 204
42 206
42 211
42 212
42 213
42 215
42 217
42 223
42 224
42 228
42 230
42 235
42 243
42 250
42 252
42 253
42 254
42 256
42 258
42 259
42 260
42 263
42 265
42 266
42 273
42 275
42 277
42 280
42 281
42 282
42 286
42 297
42 299
42 304
42 305
42 311
42 315
42 316
42 319
42 322
42 330
42 335
42 339
42 340
42 341
42 346
42 358
42 361
42 363
42 374
42 376
42 381
42 388
42 392
42 395
42 398
42 401
42 406
42 409
42 410
42 411
42 412
42 413
42 414
42 424
42 428
42 432
42 434
42 440
42 441
42 446
42 449
42 453
42 454
42 456
42 457
42 466
42 467
42 468
42 475
42 479
42 480
42 482
42 488
42 492
42 493
42 494
42 495
42 496
42 498
42 499
42 504
42 506
42 509
42 514
42 522
42 524
42 527
42 530
42 535
42 542
42 543
42 545
42 547
42 551
42 552
42 554
42 556
42 563
42 564
42 572
42 575
42 577
42 586
42 589
42 590
42 596
42 597
42 601
42 603
42 604
42 606
42 607
42 610
42 611
42 613
42 618
42 620
42 623
42 626
42 629
42 639
42 640
42 645
42 652
42 654
42 657
42 658
42 660
42 661
42 664
42 665
42 667
42 673
42 683
42 690
42 692
42 694
42 696
42 717
42 726
42 730
42 733
42 741
42 743
42 744
42 745
42 749
42 754
42 758
42 763
42 764
42 774
42 778
42 779
42 785
42 796
42 800
43 82
43 92
43 97
43 99
43 100
43 106
43 107
43 114
43 115
43 116
43 129
43 130
43 131
43 132
43 136
43 142
43 149
43 150
43 153
43 158
43 160
43 161
43 162
43 163
43 167
43 172
43 185
43 187
43 189
43 191
43 192
43 193
43 196
43 197
43 199
43 200
43 202
43 204
43 209
43 210
43 211
43 212
43 216
43 219
43 222
43 224
43 232
43 234
43 235
43 236
43 239
43 241
43 245
43 247
43 251
43 252
43 253
43 256
43 261
43 265
43 273
43 274
43 276
43 278
43 284
43 286
43 287
43 289
43 292
43 296
43 297
43 300
43 307
43 313
43 330
43 340
43 346
43 353
43 362
43 364
43 369
43 371
43 372
43 376
43 377
43 379
43 380
43 382
43 385
43 390
43 396
43 404
43 405
43 407
43 413
43 415
43 416
43 418
43 421
43 423
43 425
43 426
43 428
43 432
43 435
43 439
43 445
43 454
43 459
43 460
43 461
43 467
43 471
43 491
43 498
43 511
43 512
43 513
43 528
43 529
43 533
43 535
43 545
43 547
43 549
43 552
43 554
43 555
43 558
43 559
43 568
43 570
43 575
43 576
43 580
43 583
43 589
43 590
43 593
43 594
43 595
43 597
43 598
43 604
43 612
43 613
43 616
43 622
43 626
43 631
43 632
43 633
43 634
43 636
43 638
43 640
43 642
43 643
43 645
43 649
43 664
43 667
43 668
43 674
43 677
43 681
43 683
43 685
43 688
43 689
43 691
43 694
43 699
43 702
43 705
43 711
43 717
43 718
43 722
43 723
43 725
43 733
43 738
43 740
43 743
43 755
43 766
43 771
43 778
43 779
43 782
43 787
43 788
43 789
43 791
43 793
43 795
43 799
44 81
44 82
44 83
44 90
44 91
44 93
44 95
44 99
44 106
44 110
44 111
44 113
44 117
44 118
44 122
44 124
44 136
44 137
44 138
44 140
44 142
44 144
44 164
44 168
44 181
44 182
44 192
44 197
44 199
44 200
44 201
44 203
44 204
44 206
44 208
44 214
44 217
44 220
44 221
44 222
44 223
44 227
44 232
44 247
44 253
44 254
44 255
44 257
44 266
44 267
44 268
44 274
44 278
44 279
44 281
44 283
44 288
44 289
44 298
44 299
44 302
44 305
44 306
44 309
44 310
44 312
44 314
44 317
44 321
44 327
44 331
44 337
44 342
44 343
44 348
44 356
44 361
44 363
44 366
44 369
44 375
44 378
44 380
44 382
44 385
44 386
44 389
44 390
44 391
44 395
44 403
44 410
44 412
44 416
44 418
44 419
44 433
44 435
44 436
44 453
44 455
44 457
44 460
44 464
44 467
44 468
44 470
44 474
44 475
44 478
44 481
44 483
44 486
44 487
44 488
44 489
44 491
44 493
44 494
44 495
44 496
44 499
44 500
44 502
44 505
44 509
44 515
44 531
44 534
44 536
44 537
44 541
44 545
44 547
44 550
44 551
44 555
44 556
44 557
44 558
44 566
44 568
44 573
44 576
44 580
44 582
44 584
44 590
44 591
44 592
44 595
44 601
44 612
44 613
44 616
44 617
44 618
44 622
44 626
44 632
44 637
44 641
44 644
44 645
44 649
44 651
44 656
44 663
44 667
44 669
44 670
44 674
44 675
44 677
44 678
44 679
44 684
44 686
44 689
44 690
44 691
44 693
44 695
44 704
44 705
44 710
44 711
44 717
44 720
44 721
44 722
44 724
44 725
44 731
44 732
44 733
44 734
44 735
44 738
44 750
44 753
44 754
44 759
44 762
44 773
44 774
44 784
44 788
44 789
44 798
44 799
44 800
45 81
45 82
45 83
45 95
45 96
45 101
45 107
45 115
45 118
45 119
45 120
45 121
45 122
45 123
45 130
45 135
45 143
45 148
45 151
45 157
45 160
45 161
45 167
45 168
45 174
45 180
45 182
45 185
45 188
45 193
45 194
45 204
45 208
45 215
45 222
45 226
45 230
45 231
45 234
45 235
45 236
45 239
45 240
45 241
45 249
45 253
45 259
45 263
45 265
45 270
45 271
45 281
45 282
45 289
45 290
45 291
45 292
45 297
45 298
45 301
45 302
45 303
45 306
45 309
45 312
45 313
45 314
45 317
45 318
45 319
45 321
45 322
45 326
45 333
45 334
45 340
45 343
45 353
45 361
45 363
45 371
45 374
45 376
45 377
45 380
45 386
45 389
45 396
45 398
45 401
45 403
45 404
45 411
45 413
45 416
45 417
45 419
45 420
45 421
45 422
45 423
45 425
45 432
45 433
45 434
45 442
45 443
45 447
45 448
45 452
45 453
45 457
45 458
45 459
45 464
45 465
45 467
45 476
45 479
45 492
45 496
45 497
45 505
45 507
45 508
45 513
45 516
45 519
45 520
45 525
45 530
45 531
45 532
45 534
45 537
45 538
45 542
45 547
45 553
45 558
45 560
45 564
45 565
45 570
45 573
45 574
45 580
45 584
45 585
45 586
45 594
45 595
45 596
45 598
45 603
45 605
45 610
45 612
45 613
45 615
45 617
45 618
45 625
45 628
45 637
45 639
45 648
45 651
45 657
45 661
45 662
45 663
45 668
45 670
45 673
45 676
45 681
45 687
45 694
45 695
45 696
45 702
45 703
45 708
45 710
45 713
45 717
45 719
45 722
45 725
45 729
45 730
45 733
45 735
45 736
45 737
45 738
45 739
45 743
45 749
45 757
45 758
45 762
45 763
45 766
45 767
45 768
45 769
45 774
45 775
45 779
45 781
45 783
45 787
45 791
45 792
45 800
46 82
46 83
46 84
46 88
46 90
46 96
46 104
46 106
46 107
46 108
46 115
46 117
46 121
46 123
46 127
46 129
46 131
46 133
46 135
46 137
46 154
46 156
46 158
46 160
46 163
46 164
46 166
46 167
46 177
46 178
46 179
46 185
46 186
46 188
46 194
46 198
46 199
46 200
46 203
46 218
46 219
46 223
46 225
46 228
46 229
46 234
46 235
46 243
46 249
46 252
46 253
46 254
46 255
46 258
46 259
46 260
46 264
46 265
46 268
46 270
46 271
46 272
46 273
46 277
46 279
46 285
46 291
46 299
46 302
46 308
46 314
46 318
46 321
46 328
46 332
46 333
46 335
46 339
46 341
46 342
46 346
46 347
46 349
46 354
46 355
46 358
46 361
46 362
46 367
46 371
46 372
46 373
46 376
46 381
46 382
46 383
46 384
46 385
46 390
46 392
46 394
46 398
46 405
46 414
46 420
46 423
46 425
46 427
46 429
46 431
46 432
46 433
46 434
46 435
46 451
46 452
46 453
46 454
46 458
46 460
46 463
46 465
46 469
46 473
46 477
46 478
46 487
46 488
46 491
46 494
46 495
46 496
46 497
46 499
46 503
46 505
46 509
46 511
46 512
46 514
46 521
46 523
46 525
46 531
46 534
46 536
46 548
46 551
46 552
46 562
46 565
46 572
46 573
46 574
46 577
46 585
46 589
46 602
46 604
46 608
46 611
46 612
46 613
46 614
46 616
46 623
46 625
46 626
46 628
46 630
46 636
46 639
46 648
46 649
46 650
46 660
46 666
46 670
46 673
46 677
46 678
46 680
46 682
46 684
46 686
46 688
46 691
46 698
46 699
46 705
46 707
46 708
46 709
46 713
46 716
46 717
46 721
46 730
46 738
46 742
46 744
46 747
46 751
46 752
46 753
46 754
46 760
46 762
46 764
46 772
46 778
46 780
46 783
46 785
46 789
46 794
46 796
47 81
47 84
47 86
47 88
47 91
47 94
47 98
47 106
47 107
47 109
47 110
47 112
47 124
47 132
47 133
47 135
47 136
47 137
47 139
47 140
47 145
47 147
47 149
47 158
47 160
47 162
47 168
47 170
47 171
47 177
47 185
47 187
47 191
47 203
47 206
47 208
47 212
47 218
47 219
47 222
47 224
47 228
47 230
47 232
47 235
47 237
47 240
47 244
47 245
47 250
47 256
47 262
47 266
47 273
47 277
47 278
47 284
47 289
47 293
47 296
47 298
47 305
47 307
47 313
47 319
47 320
47 330
47 332
47 334
47 335
47 339
47 342
47 345
47 346
47 347
47 352
47 357
47 364
47 366
47 373
47 382
47 385
47 386
47 387
47 393
47 399
47 400
47 404
47 405
47 406
47 407
47 419
47 420
47 431
47 438
47 442
47 447
47 448
47 451
47 458
47 460
47 467
47 471
47 472
47 473
47 476
47 477
47 488
47 498
47 502
47 504
47 505
47 506
47 507
47 508
47 517
47 521
47 522
47 523
47 526
47 527
47 535
47 540
47 544
47 545
47 546
47 547
47 548
47 550
47 551
47 552
47 556
47 560
47 561
47 564
47 568
47 573
47 574
47 588
47 589
47 594
47 596
47 597
47 598
47 601
47 602
47 603
47 604
47 606
47 607
47 613
47 614
47 617
47 618
47 620
47 623
47 635
47 646
47 647
47 648
47 652
47 658
47 664
47 665
47 669
47 674
47 676
47 681
47 683
47 684
47 687
47 688
47 690
47 696
47 697
47 698
47 700
47 702
47 704
47 705
47 710
47 721
47 723
47 724
47 725
47 726
47 729
47 730
47 732
47 734
47 740
47 743
47 747
47 750
47 756
47 757
47 758
47 759
47 761
47 762
47 765
47 767
47 768
47 782
47 788
47 791
47 793
47 795
47 799
47 800
48 85
48 86
48 89
48 92
48 96
48 100
48 104
48 105
48 107
48 111
48 112
48 116
48 119
48 120
48 121
48 128
48 140
48 142
48 143
48 145
48 146
48 149
48 151
48 154
48 155
48 158
48 169
48 172
48 173
48 178
48 179
48 185
48 191
48 195
48 202
48 217
48 220
48 222
48 225
48 229
48 232
48 233
48 236
48 237
48 238
48 243
48 245
48 249
48 252
48 258
48 259
48 262
48 263
48 272
48 273
48 274
48 276
48 278
48 282
48 286
48 294
48 297
48 299
48 306
48 307
48 308
48 311
48 315
48 321
48 325
48 329
48 330
48 332
48 333
48 334
48 340
48 346
48 348
48 352
48 356
48 357
48 360
48 361
48 362
48 364
48 365
48 371
48 374
48 379
48 383
48 384
48 387
48 388
48 389
48 393
48 404
48 405
48 412
48 413
48 416
48 425
48 426
48 427
48 428
48 429
48 430
48 432
48 433
48 441
48 443
48 446
48 448
48 455
48 456
48 459
48 460
48 463
48 466
48 468
48 470
48 473
48 474
48 475
48 487
48 492
48 498
48 513
48 522
48 524
48 535
48 541
48 542
48 543
48 550
48 553
48 557
48 561
48 564
48 568
48 570
48 571
48 574
48 575
48 579
48 585
48 586
48 587
48 590
48 597
48 598
48 601
48 605
48 609
48 612
48 617
48 618
48 620
48 623
48 632
48 633
48 635
48 640
48 641
48 649
48 651
48 653
48 656
48 659
48 660
48 662
48 667
48 668
48 670
48 674
48 675
48 681
48 684
48 685
48 687
48 696
48 698
48 699
48 716
48 717
48 719
48 721
48 722
48 724
48 732
48 738
48 740
48 742
48 743
48 746
48 747
48 748
48 749
48 750
48 751
48 757
48 761
48 765
48 770
48 771
48 773
48 775
48 778
48 779
48 780
48 782
48 783
48 785
48 786
48 788
48 790
48 795
49 86
49 87
49 90
49 93
49 95
49 97
49 102
49 107
49 109
49 114
49 118
49 120
49 125
49 126
49 127
49 129
49 130
49 132
49 136
49 140
49 142
49 143
49 144
49 155
49 157
49 158
49 159
49 161
49 164
49 165
49 167
49 168
49 178
49 179
49 182
49 185
49 192
49 198
49 202
49 207
49 215
49 216
49 218
49 223
49 224
49 226
49 233
49 236
49 238
49 251
49 253
49 254
49 256
49 261
49 267
49 268
49 270
49 271
49 276
49 284
49 286
49 290
49 291
49 295
49 297
49 300
49 302
49 303
49 312
49 316
49 317
49 319
49 321
49 325
49 332
49 334
49 339
49 342
49 350
49 356
49 358
49 362
49 363
49 364
49 365
49 366
49 370
49 374
49 376
49 377
49 378
49 381
49 386
49 387
49 392
49 395
49 396
49 404
49 407
49 409
49 416
49 417
49 422
49 424
49 426
49 427
49 428
49 430
49 436
49 439
49 445
49 447
49 450
49 455
49 457
49 459
49 464
49 468
49 469
49 472
49 474
49 476
49 479
49 482
49 484
49 486
49 488
49 493
49 496
49 500
49 501
49 502
49 504
49 510
49 514
49 515
49 523
49 525
49 532
49 536
49 540
49 542
49 543
49 546
49 549
49 556
49 562
49 565
49 566
49 569
49 570
49 571
49 573
49 574
49 575
49 579
49 583
49 584
49 585
49 590
49 601
49 603
49 604
49 605
49 606
49 615
49 625
49 628
49 629
49 635
49 642
49 644
49 645
49 649
49 653
49 655
49 656
49 658
49 664
49 665
49 667
49 670
49 672
49 678
49 679
49 682
49 684
49 691
49 693
49 694
49 696
49 710
49 711
49 714
49 716
49 720
49 725
49 730
49 732
49 735
49 736
49 737
49 747
49 748
49 749
49 753
49 755
49 757
49 760
49 766
49 770
49 771
49 775
49 777
49 788
49 790
49 794
50 89
50 97
50 98
50 101
50 107
50 108
50 112
50 126
50 130
50 131
50 144
50 153
50 161
50 167
50 171
50 175
50 177
50 180
50 182
50 184
50 185
50 191
50 192
50 194
50 195
50 201
50 204
50 220
50 221
50 223
50 224
50 227
50 230
50 231
50 232
50 235
50 238
50 240
50 242
50 244
50 246
50 247
50 250
50 254
50 256
50 259
50 265
50 267
50 269
50 274
50 278
50 282
50 283
50 287
50 290
50 293
50 294
50 297
50 300
50 311
50 313
50 315
50 317
50 320
50 326
50 328
50 333
50 335
50 337
50 339
50 340
50 343
50 345
50 346
50 347
50 351
50 352
50 353
50 358
50 360
50 369
50 375
50 376
50 384
50 385
50 386
50 390
50 399
50 400
50 401
50 404
50 405
50 406
50 408
50 409
50 411
50 413
50 414
50 417
50 418
50 424
50 428
50 429
50 435
50 440
50 447
50 450
50 452
50 453
50 459
50 461
50 466
50 469
50 473
50 477
50 483
50 490
50 494
50 498
50 499
50 501
50 504
50 507
50 509
50 517
50 521
50 528
50 538
50 539
50 544
50 546
50 554
50 555
50 559
50 560
50 562
50 566
50 571
50 572
50 576
50 577
50 584
50 585
50 587
50 592
50 598
50 607
50 610
50 611
50 614
50 616
50 619
50 621
50 622
50 624
50 627
50 628
50 629
50 636
50 637
50 640
50 643
50 645
50 650
50 652
50 654
50 659
50 660
50 662
50 663
50 666
50 671
50 673
50 675
50 677
50 678
50 685
50 695
50 700
50 701
50 706
50 708
50 712
50 715
50 727
50 739
50 743
50 744
50 753
50 755
50 767
50 772
50 774
50 775
50 776
50 778
50 781
50 782
50 792
50 795
50 796
51 84
51 89
51 90
51 91
51 92
51 96
51 108
51 110
51 112
51 114
51 115
51 119
51 123
51 126
51 130
51 138
51 141
51 142
51 144
51 146
51 152
51 158
51 162
51 168
51 169
51 171
51 173
51 174
51 177
51 183
51 184
51 188
51 190
51 191
51 192
51 198
51 201
51 203
51 204
51 206
51 210
51 220
51 221
51 222
51 231
51 234
51 235
51 236
51 238
51 240
51 241
51 242
51 244
51 245
51 247
51 248
51 249
51 251
51 252
51 253
51 255
51 257
51 258
51 261
51 263
51 264
51 269
51 276
51 281
51 288
51 290
51 292
51 293
51 294
51 295
51 297
51 302
51 303
51 304
51 310
51 312
51 313
51 314
51 321
51 324
51 326
51 329
51 330
51 332
51 334
51 336
51 339
51 346
51 348
51 349
51 350
51 351
51 356
51 361
51 369
51 370
51 373
51 377
51 378
51 379
51 381
51 382
51 387
51 394
51 397
51 402
51 404
51 408
51 409
51 414
51 416
51 423
51 425
51 427
51 428
51 432
51 434
51 436
51 444
51 457
51 461
51 462
51 463
51 466
51 469
51 472
51 478
51 479
51 481
51 484
51 488
51 491
51 498
51 500
51 501
51 503
51 504
51 506
51 520
51 521
51 522
51 524
51 525
51 530
51 531
51 535
51 537
51 538
51 540
51 542
51 547
51 550
51 562
51 565
51 570
51 571
51 574
51 576
51 579
51 582
51 583
51 591
51 593
51 595
51 598
51 600
51 601
51 602
51 607
51 609
51 615
51 617
51 619
51 621
51 622
51 628
51 632
51 634
51 637
51 656
51 657
51 658
51 659
51 663
51 665
51 666
51 672
51 681
51 682
51 694
51 696
51 700
51 705
51 706
51 707
51 710
51 711
51 712
51 714
51 715
51 716
51 719
51 720
51 721
51 722
51 723
51 727
51 729
51 732
51 734
51 735
51 741
51 748
51 750
51 752
51 753
51 758
51 759
51 761
51 762
51 763
51 764
51 766
51 768
51 769
51 774
51 775
51 784
51 785
51 792
51 800
52 83
52 85
52 86
52 89
52 97
52 100
52 106
52 113
52 117
52 119
52 125
52 128
52 129
52 137
52 139
52 140
52 143
52 149
52 155
52 157
52 158
52 163
52 165
52 166
52 176
52 178
52 180
52 184
52 185
52 186
52 192
52 193
52 204
52 207
52 208
52 209
52 214
52 216
52 222
52 228
52 230
52 231
52 232
52 233
52 234
52 241
52 242
52 243
52 245
52 247
52 248
52 254
52 261
52 262
52 267
52 269
52 272
52 275
52 278
52 279
52 281
52 283
52 284
52 285
52 299
52 301
52 302
52 303
52 304
52 306
52 307
52 314
52 315
52 316
52 321
52 323
52 329
52 330
52 332
52 335
52 339
52 341
52 342
52 344
52 350
52 360
52 361
52 363
52 374
52 379
52 384
52 385
52 391
52 392
52 398
52 401
52 404
52 410
52 411
52 426
52 435
52 445
52 456
52 457
52 458
52 461
52 466
52 467
52 469
52 473
52 478
52 479
52 486
52 492
52 498
52 499
52 500
52 504
52 505
52 509
52 510
52 512
52 514
52 515
52 517
52 519
52 520
52 524
52 525
52 527
52 534
52 538
52 541
52 547
52 548
52 551
52 554
52 559
52 560
52 566
52 567
52 569
52 572
52 574
52 576
52 577
52 585
52 586
52 597
52 598
52 612
52 613
52 615
52 619
52 626
52 631
52 632
52 633
52 635
52 636
52 640
52 645
52 646
52 648
52 652
52 658
52 660
52 661
52 663
52 672
52 673
52 680
52 681
52 682
52 684
52 689
52 693
52 702
52 706
52 707
52 709
52 714
52 716
52 718
52 719
52 721
52 726
52 727
52 731
52 732
52 733
52 736
52 740
52 742
52 743
52 747
52 749
52 751
52 756
52 759
52 760
52 761
52 762
52 766
52 768
52 769
52 770
52 772
52 773
52 780
52 782
52 783
52 788
52 789
52 792
52 798
53 87
53 90
53 102
53 108
53 120
53 121
53 125
53 128
53 137
53 139
53 140
53 144
53 151
53 152
53 155
53 156
53 159
53 160
53 165
53 168
53 169
53 173
53 184
53 185
53 187
53 191
53 202
53 211
53 214
53 218
53 223
53 227
53 228
53 229
53 232
53 234
53 236
53 237
53 239
53 251
53 252
53 260
53 262
53 267
53 268
53 271
53 273
53 277
53 279
53 284
53 291
53 294
53 296
53 308
53 320
53 324
53 326
53 327
53 333
53 341
53 342
53 346
53 347
53 352
53 353
53 356
53 357
53 363
53 364
53 367
53 370
53 377
53 378
53 379
53 380
53 383
53 393
53 394
53 395
53 403
53 410
53 411
53 414
53 418
53 425
53 426
53 429
53 440
53 442
53 444
53 446
53 447
53 451
53 460
53 474
53 487
53 488
53 491
53 496
53 499
53 500
53 505
53 507
53 520
53 528
53 531
53 535
53 538
53 539
53 544
53 548
53 556
53 557
53 560
53 561
53 562
53 569
53 570
53 573
53 577
53 579
53 580
53 581
53 592
53 603
53 604
53 614
53 617
53 618
53 619
53 620
53 621
53 625
53 630
53 631
53 637
53 638
53 644
53 645
53 649
53 658
53 659
53 660
53 662
53 666
53 669
53 672
53 673
53 674
53 681
53 682
53 683
53 684
53 685
53 686
53 690
53 694
53 696
53 698
53 701
53 703
53 705
53 706
53 709
53 710
53 717
53 722
53 728
53 734
53 740
53 742
53 747
53 749
53 750
53 751
53 754
53 755
53 756
53 757
53 761
53 765
53 775
53 781
53 784
53 786
53 787
53 790
53 792
53 797
53 798
53 800
54 90
54 92
54 93
54 97
54 105
54 110
54 112
54 114
54 117
54 120
54 122
54 127
54 128
54 131
54 132
54 137
54 147
54 151
54 155
54 160
54 167
54 170
54 171
54 172
54 177
54 178
54 180
54 184
54 189
54 190
54 191
54 193
54 195
54 197
54 199
54 206
54 209
54 212
54 221
54 226
54 227
54 228
54 231
54 233
54 240
54 241
54 242
54 243
54 244
54 248
54 250
54 252
54 255
54 261
54 269
54 273
54 277
54 278
54 282
54 287
54 289
54 299
54 304
54 307
54 318
54 322
54 323
54 325
54 331
54 334
54 344
54 348
54 352
54 356
54 360
54 362
54 363
54 366
54 367
54 371
54 372
54 378
54 379
54 382
54 387
54 392
54 393
54 395
54 398
54 401
54 402
54 403
54 405
54 411
54 412
54 414
54 415
54 417
54 420
54 424
54 427
54 428
54 431
54 432
54 434
54 437
54 440
54 441
54 443
54 444
54 446
54 448
54 449
54 452
54 455
54 457
54 464
54 467
54 475
54 478
54 481
54 482
54 483
54 485
54 487
54 488
54 489
54 490
54 494
54 505
54 508
54 514
54 515
54 518
54 520
54 528
54 535
54 536
54 542
54 543
54 544
54 552
54 556
54 559
54 561
54 563
54 564
54 566
54 569
54 570
54 574
54 576
54 581
54 588
54 589
54 591
54 592
54 595
54 596
54 604
54 608
54 614
54 616
54 619
54 620
54 621
54 626
54 627
54 629
54 637
54 640
54 644
54 646
54 648
54 649
54 654
54 659
54 666
54 669
54 671
54 674
54 675
54 679
54 681
54 682
54 684
54 688
54 694
54 695
54 697
54 698
54 700
54 702
54 707
54 713
54 716
54 719
54 729
54 734
54 736
54 740
54 746
54 750
54 752
54 756
54 759
54 761
54 763
54 767
54 776
54 779
54 783
54 785
54 786
54 788
54 790
54 795
54 797
54 799
55 81
55 87
55 90
55 91
55 94
55 98
55 102
55 105
55 106
55 108
55 109
55 110
55 113
55 116
55 125
55 128
55 129
55 136
55 138
55 141
55 142
55 144
55 145
55 147
55 150
55 153
55 155
55 156
55 164
55 168
55 172
55 176
55 178
55 181
55 185
55 187
55 191
55 195
55 204
55 210
55 211
55 215
55 217
55 218
55 220
55 221
55 222
55 236
55 238
55 241
55 242
55 246
55 251
55 262
55 266
55 277
55 280
55 286
55 287
55 289
55 297
55 301
55 303
55 304
55 305
55 307
55 308
55 309
55 314
55 316
55 317
55 323
55 332
55 334
55 335
55 340
55 341
55 342
55 350
55 352
55 358
55 359
55 364
55 370
55 371
55 373
55 377
55 378
55 384
55 387
55 389
55 392
55 401
55 408
55 410
55 412
55 414
55 421
55 422
55 425
55 428
55 433
55 434
55 435
55 437
55 439
55 442
55 448
55 449
55 452
55 454
55 458
55 461
55 462
55 464
55 465
55 475
55 480
55 485
55 487
55 495
55 497
55 499
55 508
55 518
55 525
55 531
55 532
55 535
55 539
55 541
55 549
55 557
55 560
55 561
55 563
55 577
55 580
55 584
55 585
55 587
55 597
55 601
55 602
55 607
55 612
55 620
55 624
55 625
55 626
55 627
55 628
55 629
55 630
55 635
55 639
55 642
55 647
55 648
55 656
55 659
55 660
55 661
55 664
55 667
55 668
55 676
55 679
55 680
55 683
55 693
55 694
55 695
55 704
55 705
55 706
55 713
55 715
55 721
55 723
55 725
55 727
55 728
55 729
55 731
55 733
55 734
55 744
55 745
55 748
55 752
55 754
55 759
55 762
55 763
55 779
55 783
55 791
55 792
55 793
56 81
56 82
56 83
56 90
56 92
56 94
56 98
56 100
56 103
56 104
56 111
56 112
56 113
56 114
56 120
56 125
56 127
56 129
56 130
56 131
56 132
56 133
56 135
56 137
56 140
56 150
56 154
56 156
56 159
56 174
56 177
56 178
56 182
56 187
56 189
56 191
56 195
56 199
56 201
56 203
56 207
56 210
56 211
56 220
56 225
56 228
56 230
56 235
56 236
56 237
56 238
56 240
56 241
56 247
56 248
56 249
56 250
56 253
56 254
56 255
56 256
56 257
56 264
56 265
56 276
56 280
56 281
56 286
56 289
56 292
56 297
56 299
56 300
56 306
56 308
56 311
56 312
56 313
56 318
56 320
56 323
56 325
56 329
56 333
56 339
56 341
56 343
56 344
56 349
56 351
56 352
56 356
56 360
56 361
56 362
56 366
56 372
56 375
56 381
56 386
56 388
56 391
56 395
56 399
56 404
56 406
56 410
56 416
56 422
56 426
56 431
56 443
56 449
56 461
56 463
56 464
56 469
56 472
56 483
56 488
56 494
56 495
56 496
56 498
56 500
56 501
56 502
56 505
56 510
56 521
56 524
56 532
56 534
56 535
56 536
56 540
56 541
56 543
56 551
56 556
56 557
56 561
56 562
56 565
56 567
56 568
56 572
56 574
56 576
56 584
56 586
56 590
56 591
56 606
56 609
56 611
56 612
56 619
56 629
56 630
56 635
56 642
56 643
56 646
56 648
56 653
56 657
56 659
56 661
56 663
56 667
56 672
56 683
56 685
56 690
56 691
56 693
56 708
56 709
56 716
56 717
56 720
56 723
56 726
56 727
56 728
56 731
56 737
56 738
56 748
56 751
56 752
56 754
56 755
56 756
56 760
56 762
56 763
56 764
56 766
56 767
56 769
56 770
56 773
56 783
56 785
56 787
56 789
56 790
56 792
56 796
56 798
56 800
57 84
57 90
57 95
57 97
57 99
57 109
57 111
57 114
57 115
57 116
57 122
57 126
57 128
57 129
57 131
57 136
57 142
57 144
57 145
57 151
57 152
57 153
57 154
57 156
57 159
57 161
57 162
57 167
57 173
57 176
57 183
57 184
57 185
57 187
57 195
57 200
57 204
57 205
57 208
57 218
57 221
57 223
57 225
57 229
57 230
57 238
57 239
57 241
57 246
57 247
57 258
57 264
57 267
57 268
57 272
57 273
57 276
57 280
57 283
57 286
57 294
57 297
57 298
57 305
57 310
57 311
57 312
57 313
57 317
57 318
57 323
57 324
57 327
57 331
57 340
57 344
57 345
57 350
57 354
57 366
57 367
57 374
57 382
57 385
57 392
57 394
57 395
57 397
57 400
57 401
57 402
57 403
57 404
57 410
57 411
57 412
57 415
57 416
57 417
57 422
57 425
57 427
57 431
57 434
57 435
57 436
57 440
57 449
57 457
57 459
57 468
57 479
57 480
57 485
57 489
57 491
57 496
57 497
57 499
57 500
57 510
57 511
57 513
57 514
57 515
57 516
57 521
57 523
57 526
57 531
57 535
57 541
57 545
57 546
57 548
57 549
57 550
57 554
57 556
57 558
57 559
57 562
57 564
57 569
57 571
57 573
57 576
57 577
57 580
57 585
57 588
57 589
57 590
57 592
57 593
57 595
57 599
57 601
57 602
57 603
57 608
57 612
57 613
57 616
57 620
57 622
57 623
57 628
57 637
57 641
57 642
57 644
57 647
57 648
57 649
57 650
57 652
57 656
57 658
57 659
57 660
57 661
57 665
57 666
57 669
57 670
57 671
57 681
57 682
57 686
57 687
57 694
57 699
57 704
57 706
57 721
57 722
57 724
57 729
57 730
57 735
57 738
57 739
57 741
57 749
57 754
57 755
57 756
57 759
57 760
57 761
57 762
57 770
57 778
57 781
57 784
57 785
57 788
57 794
57 797
57 799
58 81
58 82
58 83
58 86
58 90
58 91
58 93
58 97
58 100
58 103
58 113
58 115
58 116
58 117
58 118
58 119
58 120
58 121
58 123
58 126
58 127
58 129
58 134
58 144
58 147
58 148
58 165
58 168
58 180
58 183
58 185
58 197
58 199
58 201
58 202
58 217
58 220
58 222
58 223
58 225
58 227
58 231
58 232
58 239
58 241
58 245
58 252
58 256
58 258
58 261
58 263
58 267
58 268
58 270
58 271
58 274
58 277
58 279
58 280
58 281
58 282
58 288
58 297
58 299
58 301
58 302
58 307
58 308
58 315
58 317
58 322
58 324
58 325
58 329
58 330
58 333
58 334
58 340
58 345
58 346
58 351
58 357
58 362
58 365
58 369
58 372
58 375
58 376
58 381
58 384
58 391
58 394
58 398
58 399
58 401
58 411
58 417
58 422
58 423
58 424
58 426
58 433
58 434
58 438
58 439
58 443
58 444
58 445
58 450
58 451
58 453
58 454
58 456
58 457
58 458
58 461
58 464
58 468
58 471
58 475
58 477
58 479
58 483
58 486
58 487
58 488
58 491
58 493
58 500
58 501
58 503
58 513
58 515
58 518
58 522
58 526
58 532
58 533
58 535
58 538
58 539
58 541
58 545
58 546
58 547
58 554
58 555
58 556
58 558
58 560
58 562
58 563
58 565
58 566
58 569
58 578
58 583
58 592
58 593
58 596
58 601
58 609
58 610
58 612
58 613
58 618
58 622
58 623
58 629
58 630
58 635
58 643
58 647
58 649
58 650
58 652
58 658
58 659
58 661
58 667
58 675
58 686
58 691
58 698
58 702
58 710
58 722
58 723
58 724
58 725
58 732
58 736
58 740
58 744
58 745
58 750
58 756
58 759
58 760
58 763
58 764
58 765
58 766
58 771
58 780
58 787
58 789
58 798
58 799
59 81
59 82
59 84
59 87
59 88
59 91
59 93
59 100
59 101
59 102
59 107
59 112
59 117
59 118
59 119
59 121
59 126
59 128
59 130
59 134
59 135
59 137
59 142
59 146
59 147
59 148
59 149
59 158
59 159
59 160
59 161
59 162
59 164
59 169
59 172
59 174
59 176
59 177
59 179
59 181
59 187
59 188
59 196
59 200
59 210
59 214
59 216
59 219
59 220
59 221
59 222
59 224
59 226
59 231
59 235
59 237
59 247
59 252
59 265
59 266
59 273
59 274
59 275
59 277
59 284
59 285
59 286
59 294
59 296
59 297
59 298
59 308
59 310
59 311
59 316
59 318
59 319
59 320
59 326
59 327
59 336
59 338
59 340
59 342
59 348
59 355
59 357
59 361
59 363
59 364
59 369
59 373
59 381
59 382
59 385
59 386
59 392
59 397
59 406
59 407
59 411
59 416
59 420
59 423
59 425
59 427
59 428
59 432
59 433
59 434
59 437
59 439
59 443
59 445
59 446
59 448
59 449
59 451
59 452
59 457
59 458
59 460
59 462
59 463
59 464
59 468
59 469
59 473
59 474
59 475
59 479
59 486
59 488
59 494
59 499
59 503
59 505
59 506
59 509
59 510
59 517
59 521
59 523
59 524
59 529
59 530
59 536
59 539
59 540
59 541
59 547
59 556
59 565
59 576
59 577
59 580
59 581
59 586
59 590
59 591
59 596
59 597
59 599
59 600
59 601
59 606
59 608
59 619
59 622
59 623
59 624
59 625
59 627
59 630
59 636
59 638
59 639
59 640
59 642
59 644
59 651
59 667
59 668
59 669
59 670
59 672
59 673
59 674
59 679
59 681
59 687
59 688
59 689
59 695
59 701
59 705
59 710
59 717
59 722
59 723
59 729
59 730
59 733
59 738
59 742
59 743
59 746
59 747
59 753
59 756
59 758
59 759
59 761
59 762
59 764
59 765
59 767
59 769
59 770
59 772
59 774
59 777
59 781
59 792
59 796
59 797
59 799
59 800
60 81
60 83
60 85
60 86
60 90
60 91
60 93
60 100
60 102
60 103
60 111
60 123
60 127
60 129
60 135
60 137
60 138
60 145
60 147
60 153
60 158
60 162
60 165
60 166
60 168
60 171
60 177
60 180
60 187
60 190
60 191
60 192
60 196
60 199
60 207
60 208
60 209
60 211
60 216
60 217
60 218
60 220
60 222
60 226
60 227
60 229
60 230
60 231
60 232
60 234
60 238
60 241
60 244
60 249
60 251
60 253
60 258
60 268
60 269
60 270
60 273
60 275
60 276
60 278
60 281
60 284
60 289
60 290
60 295
60 300
60 303
60 305
60 306
60 309
60 311
60 313
60 315
60 325
60 327
60 328
60 329
60 332
60 333
60 334
60 336
60 340
60 341
60 342
60 347
60 348
60 349
60 371
60 373
60 378
60 379
60 380
60 396
60 399
60 406
60 407
60 409
60 415
60 416
60 418
60 419
60 424
60 430
60 431
60 438
60 441
60 443
60 445
60 451
60 453
60 455
60 456
60 459
60 460
60 462
60 465
60 473
60 476
60 480
60 482
60 484
60 485
60 487
60 490
60 494
60 496
60 503
60 504
60 510
60 511
60 517
60 523
60 528
60 529
60 530
60 531
60 532
60 534
60 536
60 539
60 540
60 543
60 546
60 549
60 563
60 564
60 566
60 573
60 578
60 591
60 592
60 595
60 596
60 597
60 605
60 606
60 608
60 616
60 621
60 623
60 624
60 628
60 631
60 633
60 634
60 639
60 648
60 649
60 650
60 653
60 661
60 665
60 666
60 672
60 674
60 678
60 680
60 684
60 694
60 695
60 699
60 700
60 710
60 714
60 715
60 718
60 722
60 724
60 725
60 727
60 728
60 729
60 731
60 734
60 735
60 740
60 741
60 743
60 751
60 754
60 755
60 757
60 761
60 764
60 770
60 775
60 784
60 787
60 795
61 91
61 92
61 94
61 95
61 96
61 97
61 99
61 101
61 105
61 111
61 114
61 116
61 117
61 122
61 124
61 125
61 127
61 130
61 139
61 143
61 147
61 148
61 150
61 154
61 156
61 163
61 169
61 175
61 180
61 188
61 195
61 201
61 204
61 206
61 207
61 210
61 211
61 212
61 215
61 216
61 224
61 227
61 237
61 242
61 243
61 246
61 248
61 250
61 253
61 255
61 263
61 265
61 266
61 268
61 271
61 272
61 273
61 275
61 286
61 290
61 300
61 301
61 305
61 309
61 311
61 312
61 313
61 317
61 319
61 321
61 327
61 330
61 331
61 332
61 334
61 336
61 340
61 342
61 346
61 347
61 348
61 353
61 354
61 361
61 362
61 363
61 368
61 370
61 375
61 383
61 384
61 385
61 389
61 392
61 394
61 397
61 405
61 406
61 410
61 413
61 419
61 422
61 431
61 432
61 435
61 436
61 437
61 441
61 444
61 449
61 450
61 455
61 457
61 469
61 470
61 475
61 477
61 479
61 480
61 481
61 482
61 485
61 486
61 487
61 491
61 493
61 494
61 496
61 503
61 504
61 508
61 509
61 514
61 515
61 517
61 525
61 526
61 529
61 533
61 536
61 539
61 541
61 547
61 549
61 551
61 553
61 556
61 559
61 561
61 562
61 565
61 571
61 572
61 573
61 576
61 584
61 585
61 591
61 603
61 608
61 613
61 618
61 620
61 622
61 625
61 626
61 628
61 631
61 635
61 642
61 647
61 651
61 652
61 653
61 662
61 664
61 666
61 667
61 670
61 673
61 676
61 678
61 679
61 680
61 683
61 685
61 686
61 687
61 691
61 692
61 699
61 700
61 701
61 703
61 705
61 710
61 711
61 712
61 715
61 719
61 728
61 729
61 733
61 734
61 739
61 742
61 751
61 752
61 755
61 766
61 770
61 775
61 778
61 780
61 787
61 789
61 790
61 796
61 799
62 83
62 84
62 86
62 89
62 91
62 93
62 95
62 97
62 100
62 101
62 106
62 108
62 109
62 112
62 117
62 118
62 119
62 121
62 122
62 124
62 128
62 129
62 130
62 132
62 136
62 147
62 150
62 151
62 153
62 160
62 164
62 165
62 167
62 168
62 173
62 174
62 176
62 178
62 181
62 182
62 186
62 187
62 190
62 191
62 192
62 194
62 196
62 197
62 200
62 201
62 202
62 204
62 206
62 214
62 215
62 219
62 220
62 223
62 226
62 231
62 232
62 235
62 236
62 242
62 254
62 257
62 258
62 263
62 267
62 269
62 274
62 276
62 277
62 278
62 279
62 284
62 287
62 292
62 294
62 296
62 297
62 299
62 300
62 304
62 307
62 309
62 310
62 312
62 313
62 315
62 317
62 320
62 328
62 330
62 334
62 340
62 342
62 346
62 353
62 355
62 356
62 357
62 358
62 362
62 365
62 367
62 370
62 372
62 378
62 379
62 381
62 383
62 386
62 387
62 388
62 391
62 392
62 395
62 400
62 409
62 411
62 417
62 418
62 420
62 421
62 422
62 433
62 437
62 440
62 443
62 447
62 456
62 463
62 464
62 466
62 469
62 470
62 477
62 479
62 480
62 482
62 484
62 485
62 488
62 490
62 493
62 497
62 505
62 507
62 509
62 519
62 520
62 525
62 529
62 532
62 539
62 541
62 542
62 546
62 550
62 551
62 552
62 553
62 556
62 564
62 568
62 575
62 578
62 579
62 584
62 591
62 595
62 601
62 605
62 609
62 613
62 614
62 617
62 618
62 620
62 621
62 626
62 636
62 639
62 641
62 646
62 647
62 657
62 662
62 668
62 671
62 672
62 673
62 675
62 680
62 685
62 687
62 696
62 698
62 699
62 703
62 707
62 709
62 713
62 718
62 724
62 725
62 729
62 739
62 750
62 758
62 759
62 761
62 763
62 777
62 783
62 787
62 788
62 790
62 792
62 793
63 81
63 83
63 96
63 97
63 99
63 109
63 112
63 117
63 121
63 126
63 131
63 135
63 136
63 138
63 139
63 144
63 145
63 146
63 153
63 159
63 165
63 171
63 175
63 184
63 186
63 187
63 190
63 193
63 195
63 196
63 198
63 205
63 206
63 207
63 217
63 218
63 220
63 221
63 222
63 223
63 233
63 239
63 241
63 245
63 246
63 252
63 259
63 260
63 262
63 265
63 269
63 270
63 277
63 280
63 282
63 283
63 288
63 291
63 304
63 305
63 307
63 309
63 311
63 312
63 314
63 318
63 320
63 326
63 330
63 332
63 335
63 336
63 338
63 339
63 348
63 350
63 357
63 370
63 373
63 381
63 384
63 387
63 388
63 389
63 396
63 398
63 399
63 406
63 429
63 431
63 437
63 438
63 439
63 441
63 442
63 451
63 452
63 454
63 457
63 462
63 463
63 466
63 473
63 474
63 478
63 483
63 485
63 488
63 492
63 496
63 499
63 513
63 517
63 518
63 520
63 528
63 530
63 533
63 535
63 540
63 541
63 542
63 544
63 551
63 553
63 554
63 556
63 557
63 558
63 559
63 560
63 564
63 565
63 569
63 572
63 575
63 576
63 579
63 583
63 586
63 590
63 596
63 597
63 603
63 607
63 608
63 609
63 612
63 614
63 616
63 618
63 621
63 622
63 623
63 627
63 630
63 631
63 636
63 641
63 643
63 645
63 647
63 651
63 657
63 659
63 660
63 662
63 668
63 671
63 679
63 681
63 685
63 686
63 695
63 696
63 698
63 699
63 704
63 705
63 707
63 710
63 712
63 713
63 714
63 718
63 719
63 724
63 726
63 736
63 738
63 740
63 741
63 753
63 755
63 756
63 762
63 770
63 772
63 774
63 775
63 778
63 793
63 800
64 81
64 87
64 88
64 94
64 98
64 103
64 105
64 106
64 111
64 112
64 113
64 114
64 116
64 119
64 122
64 128
64 129
64 132
64 134
64 137
64 144
64 148
64 149
64 151
64 154
64 163
64 176
64 177
64 179
64 180
64 181
64 182
64 187
64 190
64 193
64 195
64 200
64 201
64 203
64 206
64 207
64 209
64 213
64 220
64 223
64 225
64 226
64 228
64 229
64 231
64 234
64 239
64 243
64 245
64 253
64 254
64 257
64 258
64 265
64 266
64 267
64 272
64 273
64 274
64 278
64 282
64 283
64 287
64 290
64 294
64 295
64 296
64 297
64 300
64 301
64 304
64 307
64 308
64 310
64 314
64 316
64 330
64 331
64 335
64 337
64 338
64 359
64 361
64 362
64 367
64 372
64 373
64 383
64 389
64 390
64 395
64 398
64 401
64 404
64 409
64 411
64 419
64 430
64 434
64 436
64 439
64 440
64 442
64 444
64 446
64 447
64 454
64 455
64 462
64 471
64 472
64 477
64 483
64 486
64 487
64 498
64 499
64 502
64 504
64 520
64 527
64 543
64 544
64 545
64 546
64 550
64 553
64 556
64 559
64 563
64 567
64 569
64 575
64 576
64 578
64 582
64 584
64 588
64 589
64 594
64 595
64 596
64 602
64 607
64 621
64 625
64 629
64 635
64 639
64 642
64 643
64 648
64 651
64 653
64 654
64 655
64 660
64 666
64 670
64 671
64 674
64 679
64 682
64 685
64 702
64 704
64 710
64 711
64 715
64 716
64 718
64 721
64 723
64 725
64 728
64 731
64 732
64 733
64 736
64 745
64 754
64 756
64 757
64 769
64 770
64 771
64 775
64 786
64 788
64 792
64 793
64 795
64 797
65 85
65 89
65 95
65 96
65 99
65 101
65 102
65 105
65 106
65 108
65 109
65 117
65 118
65 122
65 124
65 126
65 127
65 134
65 146
65 150
65 151
65 162
65 164
65 165
65 172
65 177
65 183
65 186
65 188
65 189
65 191
65 193
65 198
65 206
65 208
65 211
65 214
65 223
65 230
65 236
65 246
65 249
65 253
65 255
65 256
65 258
65 262
65 263
65 270
65 272
65 273
65 278
65 283
65 287
65 288
65 289
65 297
65 298
65 299
65 303
65 311
65 312
65 316
65 317
65 319
65 332
65 335
65 336
65 339
65 341
65 343
65 344
65 347
65 350
65 354
65 355
65 356
65 358
65 364
65 367
65 368
65 370
65 376
65 380
65 381
65 386
65 387
65 388
65 390
65 391
65 392
65 399
65 401
65 403
65 407
65 408
65 413
65 427
65 435
65 439
65 442
65 447
65 458
65 460
65 462
65 466
65 469
65 474
65 482
65 484
65 487
65 490
65 493
65 494
65 497
65 499
65 504
65 506
65 509
65 511
65 519
65 521
65 524
65 525
65 528
65 529
65 533
65 536
65 537
65 538
65 539
65 542
65 547
65 553
65 554
65 557
65 559
65 560
65 562
65 565
65 570
65 574
65 580
65 587
65 606
65 608
65 611
65 614
65 617
65 618
65 620
65 622
65 626
65 630
65 637
65 642
65 643
65 645
65 646
65 651
65 652
65 657
65 658
65 661
65 669
65 673
65 678
65 683
65 688
65 693
65 697
65 698
65 704
65 705
65 707
65 710
65 714
65 728
65 731
65 732
65 736
65 738
65 743
65 744
65 745
65 747
65 751
65 755
65 757
65 760
65 764
65 767
65 770
65 771
65 772
65 784
65 786
65 790
65 792
65 794
65 798
66 81
66 87
66 88
66 90
66 92
66 99
66 102
66 103
66 104
66 105
66 107
66 108
66 109
66 110
66 112
66 113
66 114
66 123
66 124
66 125
66 127
66 129
66 131
66 132
66 133
66 134
66 136
66 137
66 138
66 139
66 140
66 150
66 153
66 161
66 164
66 166
66 172
66 173
66 179
66 180
66 183
66 187
66 188
66 198
66 201
66 202
66 205
66 219
66 220
66 222
66 226
66 230
66 231
66 232
66 233
66 242
66 243
66 244
66 253
66 261
66 262
66 265
66 269
66 270
66 273
66 274
66 275
66 278
66 283
66 285
66 286
66 296
66 302
66 303
66 311
66 312
66 316
66 317
66 330
66 333
66 334
66 336
66 337
66 340
66 341
66 342
66 346
66 349
66 358
66 364
66 365
66 370
66 374
66 375
66 379
66 380
66 382
66 383
66 384
66 386
66 387
66 390
66 392
66 398
66 400
66 406
66 411
66 420
66 422
66 427
66 431
66 434
66 437
66 443
66 444
66 445
66 447
66 450
66 457
66 458
66 461
66 462
66 463
66 469
66 471
66 474
66 478
66 479
66 484
66 485
66 488
66 491
66 492
66 498
66 501
66 506
66 511
66 518
66 519
66 520
66 526
66 531
66 533
66 534
66 535
66 537
66 542
66 543
66 552
66 557
66 561
66 563
66 564
66 566
66 568
66 570
66 572
66 574
66 575
66 578
66 581
66 587
66 589
66 590
66 592
66 606
66 621
66 626
66 627
66 633
66 634
66 643
66 644
66 647
66 656
66 661
66 667
66 674
66 676
66 681
66 682
66 687
66 689
66 691
66 698
66 699
66 703
66 705
66 708
66 711
66 712
66 713
66 718
66 729
66 732
66 736
66 737
66 738
66 740
66 742
66 744
66 747
66 753
66 754
66 761
66 764
66 765
66 769
66 779
66 780
66 781
66 782
66 790
66 791
66 795
66 798
67 83
67 85
67 89
67 98
67 100
67 105
67 115
67 116
67 117
67 120
67 123
67 130
67 134
67 137
67 144
67 146
67 153
67 155
67 156
67 157
67 163
67 165
67 167
67 178
67 180
67 190
67 192
67 193
67 199
67 200
67 206
67 208
67 211
67 216
67 220
67 221
67 225
67 227
67 237
67 242
67 246
67 249
67 251
67 256
67 260
67 262
67 263
67 267
67 269
67 271
67 274
67 280
67 281
67 282
67 288
67 290
67 292
67 297
67 307
67 308
67 309
67 311
67 312
67 316
67 317
67 320
67 323
67 330
67 334
67 335
67 337
67 343
67 345
67 347
67 350
67 351
67 353
67 356
67 358
67 363
67 364
67 373
67 378
67 379
67 381
67 382
67 393
67 400
67 402
67 404
67 405
67 406
67 407
67 410
67 415
67 420
67 423
67 430
67 439
67 440
67 441
67 442
67 445
67 446
67 447
67 448
67 451
67 456
67 460
67 462
67 463
67 468
67 472
67 473
67 476
67 478
67 486
67 487
67 490
67 492
67 494
67 495
67 496
67 501
67 503
67 506
67 508
67 511
67 513
67 514
67 517
67 518
67 521
67 527
67 528
67 532
67 535
67 538
67 547
67 551
67 553
67 559
67 560
67 565
67 573
67 574
67 575
67 577
67 583
67 585
67 590
67 599
67 601
67 603
67 604
67 607
67 608
67 616
67 619
67 620
67 621
67 623
67 625
67 626
67 631
67 636
67 643
67 649
67 651
67 654
67 655
67 658
67 662
67 663
67 665
67 670
67 674
67 677
67 680
67 681
67 684
67 685
67 688
67 693
67 696
67 697
67 700
67 704
67 708
67 710
67 711
67 715
67 717
67 722
67 723
67 729
67 733
67 735
67 738
67 740
67 743
67 748
67 756
67 758
67 759
67 760
67 762
67 764
67 768
67 774
67 776
67 777
67 778
67 786
67 789
67 796
67 797
67 798
67 800
68 83
68 93
68 97
68 106
68 107
68 113
68 114
68 115
68 118
68 121
68 124
68 125
68 126
68 128
68 130
68 134
68 139
68 142
68 145
68 147
68 148
68 149
68 151
68 153
68 155
68 159
68 162
68 163
68 167
68 169
68 174
68 175
68 180
68 183
68 186
68 189
68 195
68 198
68 199
68 202
68 204
68 205
68 213
68 222
68 225
68 226
68 231
68 233
68 243
68 250
68 254
68 260
68 261
68 262
68 274
68 275
68 276
68 282
68 284
68 287
68 289
68 290
68 292
68 298
68 300
68 302
68 307
68 315
68 317
68 318
68 320
68 323
68 324
68 327
68 330
68 331
68 333
68 337
68 338
68 339
68 341
68 342
68 346
68 349
68 350
68 352
68 362
68 367
68 368
68 374
68 378
68 379
68 381
68 383
68 387
68 388
68 394
68 396
68 398
68 399
68 418
68 419
68 421
68 426
68 428
68 429
68 439
68 450
68 453
68 456
68 461
68 464
68 466
68 470
68 471
68 476
68 479
68 489
68 490
68 491
68 494
68 495
68 497
68 503
68 506
68 510
68 511
68 513
68 514
68 518
68 521
68 523
68 526
68 527
68 529
68 531
68 532
68 535
68 540
68 541
68 545
68 549
68 550
68 552
68 563
68 567
68 571
68 578
68 584
68 586
68 589
68 590
68 594
68 601
68 603
68 605
68 606
68 611
68 612
68 614
68 616
68 617
68 618
68 619
68 624
68 625
68 627
68 630
68 632
68 635
68 637
68 640
68 642
68 645
68 651
68 654
68 655
68 658
68 660
68 661
68 667
68 669
68 670
68 671
68 675
68 677
68 680
68 690
68 695
68 707
68 708
68 713
68 720
68 722
68 725
68 726
68 734
68 735
68 736
68 739
68 740
68 743
68 748
68 753
68 754
68 761
68 765
68 774
68 786
68 788
68 789
68 791
68 795
68 797
69 84
69 85
69 86
69 87
69 88
69 91
69 93
69 97
69 103
69 105
69 106
69 108
69 109
69 114
69 123
69 125
69 129
69 130
69 131
69 134
69 142
69 150
69 155
69 159
69 160
69 161
69 164
69 168
69 180
69 186
69 187
69 191
69 192
69 196
69 197
69 199
69 201
69 205
69 207
69 208
69 210
69 211
69 213
69 214
69 218
69 221
69 225
69 226
69 227
69 232
69 233
69 238
69 239
69 240
69 249
69 253
69 254
69 259
69 261
69 269
69 271
69 272
69 273
69 280
69 282
69 286
69 288
69 293
69 297
69 307
69 313
69 315
69 317
69 318
69 320
69 324
69 326
69 327
69 330
69 345
69 349
69 350
69 351
69 356
69 358
69 361
69 362
69 363
69 365
69 368
69 370
69 383
69 389
69 390
69 391
69 392
69 393
69 397
69 399
69 400
69 402
69 403
69 404
69 406
69 408
69 412
69 414
69 415
69 420
69 428
69 432
69 437
69 439
69 440
69 441
69 449
69 450
69 456
69 457
69 459
69 463
69 466
69 471
69 474
69 479
69 482
69 488
69 489
69 491
69 492
69 493
69 499
69 500
69 507
69 511
69 514
69 515
69 516
69 519
69 524
69 525
69 526
69 534
69 537
69 540
69 543
69 550
69 554
69 555
69 564
69 565
69 572
69 574
69 575
69 577
69 579
69 580
69 581
69 583
69 591
69 592
69 593
69 596
69 605
69 608
69 611
69 617
69 631
69 632
69 633
69 636
69 638
69 640
69 643
69 644
69 652
69 653
69 655
69 657
69 658
69 661
69 662
69 663
69 666
69 667
69 669
69 670
69 680
69 683
69 684
69 686
69 688
69 697
69 715
69 717
69 718
69 722
69 737
69 741
69 743
69 747
69 749
69 753
69 755
69 757
69 762
69 763
69 764
69 765
69 766
69 772
69 778
69 780
69 782
69 794
69 795
69 799
69 800
70 81
70 82
70 84
70 90
70 92
70 95
70 96
70 103
70 104
70 105
70 107
70 114
70 116
70 118
70 121
70 123
70 124
70 135
70 138
70 145
70 151
70 157
70 170
70 171
70 172
70 173
70 175
70 177
70 179
70 183
70 191
70 192
70 193
70 205
70 207
70 214
70 216
70 219
70 220
70 221
70 225
70 230
70 232
70 235
70 244
70 248
70 253
70 254
70 256
70 262
70 264
70 268
70 273
70 276
70 277
70 284
70 292
70 303
70 310
70 311
70 312
70 321
70 324
70 326
70 331
70 332
70 335
70 339
70 347
70 349
70 353
70 357
70 364
70 367
70 369
70 377
70 378
70 380
70 381
70 388
70 392
70 393
70 395
70 396
70 399
70 407
70 415
70 420
70 423
70 424
70 430
70 432
70 434
70 443
70 456
70 458
70 463
70 465
70 469
70 474
70 478
70 483
70 488
70 498
70 503
70 505
70 517
70 522
70 528
70 529
70 530
70 534
70 538
70 540
70 544
70 549
70 550
70 552
70 553
70 556
70 557
70 565
70 566
70 568
70 570
70 571
70 575
70 580
70 584
70 585
70 587
70 589
70 593
70 595
70 598
70 604
70 607
70 616
70 617
70 618
70 621
70 626
70 627
70 634
70 636
70 638
70 640
70 644
70 645
70 646
70 655
70 657
70 661
70 664
70 670
70 673
70 675
70 679
70 680
70 681
70 686
70 687
70 688
70 689
70 690
70 693
70 695
70 698
70 700
70 704
70 705
70 706
70 713
70 716
70 718
70 719
70 722
70 726
70 727
70 728
70 729
70 734
70 737
70 738
70 739
70 740
70 742
70 746
70 750
70 754
70 755
70 761
70 762
70 768
70 769
70 772
70 779
70 781
70 783
70 785
71 86
71 88
71 90
71 92
71 93
71 95
71 97
71 101
71 102
71 105
71 110
71 120
71 121
71 125
71 126
71 128
71 130
71 131
71 137
71 138
71 139
71 140
71 142
71 147
71 150
71 152
71 154
71 159
71 163
71 173
71 174
71 179
71 182
71 186
71 187
71 188
71 192
71 202
71 205
71 209
71 211
71 220
71 221
71 223
71 224
71 225
71 226
71 231
71 233
71 236
71 240
71 244
71 247
71 253
71 254
71 262
71 263
71 265
71 267
71 274
71 277
71 283
71 285
71 286
71 294
71 298
71 300
71 310
71 311
71 312
71 313
71 320
71 326
71 331
71 335
71 340
71 354
71 356
71 357
71 363
71 365
71 366
71 372
71 374
71 377
71 378
71 379
71 380
71 388
71 394
71 396
71 398
71 411
71 413
71 414
71 416
71 424
71 425
71 427
71 429
71 434
71 436
71 437
71 442
71 456
71 460
71 461
71 463
71 466
71 469
71 470
71 471
71 477
71 481
71 483
71 486
71 487
71 488
71 496
71 499
71 510
71 511
71 512
71 513
71 524
71 530
71 532
71 535
71 537
71 538
71 539
71 543
71 544
71 549
71 551
71 554
71 555
71 560
71 573
71 579
71 580
71 585
71 587
71 592
71 601
71 602
71 610
71 611
71 617
71 619
71 624
71 627
71 629
71 632
71 638
71 648
71 653
71 657
71 659
71 662
71 663
71 664
71 673
71 676
71 678
71 680
71 683
71 688
71 691
71 694
71 695
71 696
71 700
71 707
71 710
71 712
71 718
71 719
71 720
71 722
71 725
71 727
71 730
71 731
71 732
71 733
71 736
71 739
71 741
71 744
71 746
71 749
71 750
71 757
71 760
71 770
71 772
71 782
71 787
71 791
71 792
71 794
71 795
71 796
71 798
71 799
72 83
72 87
72 89
72 90
72 91
72 97
72 101
72 105
72 106
72 109
72 111
72 112
72 113
72 127
72 129
72 135
72 136
72 140
72 141
72 142
72 146
72 154
72 159
72 161
72 165
72 168
72 181
72 186
72 189
72 198
72 199
72 202
72 207
72 208
72 209
72 210
72 211
72 212
72 216
72 217
72 219
72 221
72 226
72 233
72 236
72 238
72 239
72 247
72 249
72 250
72 252
72 253
72 262
72 264
72 267
72 270
72 273
72 276
72 279
72 281
72 283
72 287
72 293
72 295
72 296
72 300
72 302
72 304
72 305
72 306
72 309
72 310
72 313
72 319
72 323
72 325
72 330
72 331
72 332
72 339
72 340
72 347
72 350
72 353
72 354
72 355
72 356
72 358
72 362
72 365
72 366
72 367
72 368
72 369
72 370
72 375
72 376
72 381
72 384
72 385
72 387
72 395
72 396
72 400
72 404
72 408
72 409
72 414
72 416
72 419
72 425
72 428
72 433
72 435
72 437
72 440
72 443
72 450
72 451
72 452
72 455
72 463
72 471
72 474
72 475
72 482
72 483
72 485
72 487
72 489
72 495
72 499
72 515
72 522
72 528
72 531
72 533
72 537
72 542
72 544
72 545
72 549
72 550
72 551
72 555
72 558
72 559
72 561
72 563
72 570
72 576
72 582
72 584
72 590
72 592
72 593
72 601
72 612
72 615
72 619
72 623
72 624
72 625
72 631
72 634
72 635
72 640
72 647
72 650
72 653
72 654
72 656
72 657
72 667
72 675
72 681
72 683
72 685
72 688
72 689
72 692
72 697
72 704
72 710
72 716
72 729
72 731
72 732
72 734
72 735
72 739
72 741
72 743
72 751
72 754
72 755
72 756
72 763
72 767
72 770
72 771
72 772
72 776
72 777
72 780
72 783
72 784
72 798
73 83
73 85
73 89
73 94
73 96
73 97
73 101
73 102
73 104
73 106
73 110
73 111
73 118
73 119
73 125
73 127
73 132
73 139
73 143
73 150
73 153
73 155
73 165
73 166
73 171
73 174
73 176
73 177
73 179
73 184
73 185
73 191
73 198
73 199
73 200
73 207
73 220
73 228
73 231
73 233
73 237
73 238
73 239
73 243
73 244
73 248
73 256
73 257
73 273
73 277
73 285
73 286
73 287
73 288
73 291
73 292
73 294
73 298
73 300
73 302
73 304
73 306
73 309
73 310
73 319
73 320
73 322
73 329
73 331
73 332
73 333
73 342
73 351
73 352
73 357
73 366
73 369
73 377
73 380
73 381
73 385
73 389
73 391
73 392
73 394
73 396
73 406
73 409
73 410
73 416
73 417
73 421
73 423
73 425
73 426
73 429
73 435
73 441
73 442
73 444
73 445
73 446
73 450
73 452
73 456
73 457
73 462
73 465
73 466
73 470
73 475
73 476
73 478
73 480
73 481
73 482
73 485
73 486
73 488
73 490
73 494
73 507
73 509
73 510
73 516
73 522
73 528
73 534
73 535
73 538
73 543
73 546
73 549
73 552
73 558
73 560
73 561
73 564
73 567
73 568
73 569
73 572
73 573
73 574
73 584
73 593
73 598
73 599
73 603
73 605
73 611
73 614
73 615
73 616
73 618
73 619
73 621
73 625
73 629
73 630
73 631
73 636
73 637
73 640
73 643
73 647
73 648
73 649
73 650
73 651
73 654
73 656
73 664
73 668
73 671
73 678
73 682
73 684
73 688
73 689
73 691
73 692
73 697
73 701
73 702
73 704
73 711
73 712
73 713
73 717
73 721
73 722
73 725
73 728
73 731
73 734
73 738
73 740
73 752
73 754
73 756
73 760
73 762
73 763
73 764
73 766
73 767
73 770
73 771
73 773
73 775
73 776
73 780
73 782
73 784
73 785
73 791
73 792
74 81
74 84
74 85
74 90
74 93
74 94
74 97
74 99
74 101
74 107
74 110
74 112
74 114
74 115
74 116
74 119
74 122
74 123
74 124
74 126
74 129
74 134
74 144
74 145
74 148
74 149
74 158
74 160
74 165
74 167
74 170
74 174
74 175
74 176
74 178
74 181
74 182
74 183
74 184
74 187
74 189
74 194
74 196
74 208
74 213
74 216
74 218
74 224
74 225
74 228
74 231
74 236
74 250
74 255
74 258
74 270
74 273
74 274
74 282
74 286
74 287
74 292
74 293
74 300
74 302
74 305
74 314
74 317
74 318
74 320
74 321
74 322
74 330
74 334
74 341
74 344
74 356
74 357
74 358
74 366
74 371
74 373
74 374
74 380
74 384
74 385
74 387
74 390
74 393
74 394
74 397
74 401
74 402
74 403
74 404
74 405
74 408
74 409
74 411
74 416
74 417
74 421
74 423
74 432
74 433
74 434
74 437
74 447
74 453
74 459
74 461
74 462
74 464
74 465
74 471
74 472
74 476
74 477
74 478
74 479
74 483
74 486
74 494
74 497
74 504
74 507
74 513
74 514
74 515
74 518
74 520
74 523
74 524
74 527
74 528
74 529
74 537
74 539
74 543
74 545
74 547
74 548
74 550
74 556
74 558
74 562
74 565
74 566
74 567
74 573
74 575
74 581
74 588
74 591
74 593
74 594
74 595
74 600
74 603
74 607
74 608
74 609
74 613
74 617
74 618
74 624
74 627
74 635
74 636
74 637
74 639
74 640
74 645
74 647
74 650
74 654
74 656
74 665
74 668
74 669
74 676
74 680
74 685
74 687
74 688
74 692
74 693
74 696
74 700
74 701
74 708
74 712
74 719
74 726
74 728
74 733
74 735
74 736
74 739
74 746
74 748
74 749
74 751
74 755
74 763
74 765
74 767
74 768
74 772
74 781
74 786
74 787
74 794
74 796
74 798
74 799
74 800
75 89
75 91
75 93
75 94
75 96
75 103
75 105
75 112
75 115
75 123
75 124
75 140
75 142
75 144
75 145
75 155
75 156
75 159
75 167
75 172
75 174
75 183
75 187
75 189
75 193
75 198
75 202
75 208
75 216
75 222
75 223
75 226
75 229
75 230
75 231
75 235
75 237
75 240
75 243
75 244
75 245
75 252
75 256
75 259
75 263
75 266
75 268
75 270
75 271
75 279
75 282
75 284
75 285
75 289
75 292
75 294
75 298
75 300
75 302
75 304
75 306
75 311
75 315
75 318
75 319
75 320
75 321
75 334
75 335
75 339
75 340
75 347
75 348
75 357
75 361
75 362
75 363
75 367
75 379
75 380
75 385
75 386
75 392
75 393
75 395
75 396
75 405
75 406
75 407
75 411
75 414
75 416
75 418
75 422
75 424
75 426
75 437
75 445
75 446
75 451
75 455
75 456
75 457
75 461
75 462
75 463
75 468
75 469
75 470
75 472
75 473
75 474
75 475
75 478
75 479
75 480
75 486
75 488
75 489
75 505
75 506
75 512
75 522
75 527
75 529
75 534
75 535
75 537
75 538
75 541
75 542
75 543
75 545
75 546
75 547
75 550
75 555
75 566
75 567
75 568
75 572
75 580
75 583
75 585
75 594
75 613
75 615
75 618
75 622
75 636
75 637
75 638
75 640
75 641
75 642
75 643
75 655
75 656
75 663
75 670
75 671
75 673
75 684
75 686
75 687
75 690
75 693
75 694
75 696
75 699
75 701
75 707
75 711
75 717
75 720
75 726
75 728
75 737
75 742
75 743
75 754
75 757
75 758
75 759
75 760
75 762
75 765
75 771
75 774
75 779
75 787
75 793
75 797
75 798
75 799
75 800
76 81
76 86
76 89
76 92
76 97
76 102
76 106
76 109
76 111
76 112
76 119
76 123
76 129
76 131
76 132
76 134
76 141
76 144
76 148
76 150
76 153
76 154
76 157
76 158
76 161
76 170
76 172
76 174
76 177
76 178
76 186
76 187
76 192
76 193
76 199
76 206
76 207
76 210
76 212
76 216
76 217
76 219
76 220
76 221
76 222
76 227
76 228
76 229
76 232
76 233
76 235
76 237
76 242
76 251
76 253
76 256
76 264
76 266
76 267
76 276
76 283
76 285
76 286
76 289
76 296
76 298
76 299
76 300
76 301
76 306
76 307
76 310
76 312
76 313
76 315
76 317
76 329
76 333
76 334
76 338
76 339
76 340
76 341
76 345
76 350
76 351
76 353
76 358
76 366
76 371
76 374
76 376
76 379
76 386
76 387
76 388
76 390
76 391
76 394
76 396
76 398
76 399
76 402
76 415
76 416
76 419
76 420
76 424
76 427
76 428
76 431
76 432
76 433
76 434
76 435
76 436
76 439
76 445
76 446
76 452
76 456
76 458
76 462
76 464
76 468
76 469
76 471
76 477
76 483
76 484
76 487
76 493
76 503
76 504
76 511
76 522
76 530
76 532
76 534
76 537
76 538
76 541
76 543
76 544
76 546
76 551
76 554
76 558
76 563
76 568
76 570
76 572
76 573
76 574
76 576
76 577
76 578
76 580
76 581
76 584
76 585
76 590
76 592
76 597
76 599
76 601
76 604
76 605
76 610
76 611
76 616
76 624
76 626
76 630
76 633
76 634
76 637
76 638
76 641
76 643
76 646
76 647
76 649
76 650
76 658
76 660
76 665
76 675
76 676
76 678
76 680
76 681
76 688
76 690
76 692
76 693
76 697
76 701
76 702
76 704
76 706
76 709
76 719
76 720
76 722
76 725
76 728
76 729
76 730
76 735
76 736
76 740
76 742
76 749
76 754
76 757
76 758
76 761
76 762
76 764
76 767
76 768
76 770
76 771
76 773
76 774
76 776
76 780
76 781
76 792
76 793
76 797
76 798
77 81
77 86
77 88
77 90
77 93
77 97
77 99
77 100
77 102
77 109
77 111
77 117
77 118
77 127
77 135
77 137
77 138
77 141
77 142
77 152
77 154
77 157
77 160
77 166
77 177
77 178
77 179
77 182
77 184
77 187
77 188
77 193
77 195
77 198
77 199
77 201
77 203
77 209
77 210
77 212
77 220
77 221
77 236
77 238
77 241
77 253
77 256
77 263
77 267
77 268
77 270
77 274
77 279
77 281
77 282
77 283
77 284
77 285
77 286
77 287
77 288
77 290
77 295
77 299
77 302
77 307
77 313
77 316
77 319
77 320
77 321
77 324
77 333
77 335
77 337
77 338
77 347
77 353
77 365
77 367
77 374
77 375
77 376
77 383
77 384
77 385
77 386
77 391
77 395
77 397
77 399
77 400
77 410
77 412
77 419
77 420
77 421
77 425
77 427
77 431
77 435
77 436
77 437
77 438
77 440
77 443
77 450
77 453
77 454
77 455
77 456
77 458
77 463
77 464
77 466
77 470
77 475
77 477
77 483
77 485
77 487
77 489
77 493
77 495
77 507
77 511
77 512
77 513
77 515
77 519
77 521
77 523
77 525
77 526
77 528
77 529
77 530
77 532
77 533
77 534
77 537
77 539
77 542
77 548
77 553
77 557
77 558
77 560
77 564
77 567
77 568
77 574
77 576
77 584
77 585
77 586
77 588
77 590
77 595
77 600
77 601
77 605
77 607
77 608
77 613
77 614
77 616
77 621
77 622
77 623
77 624
77 630
77 645
77 646
77 648
77 649
77 655
77 658
77 659
77 665
77 670
77 674
77 675
77 682
77 684
77 687
77 690
77 695
77 701
77 709
77 717
77 719
77 720
77 722
77 723
77 725
77 726
77 733
77 737
77 738
77 740
77 748
77 763
77 780
77 784
77 785
77 790
77 794
77 796
78 83
78 85
78 86
78 87
78 91
78 94
78 96
78 100
78 102
78 108
78 112
78 115
78 117
78 120
78 121
78 123
78 124
78 127
78 129
78 134
78 135
78 144
78 146
78 147
78 152
78 153
78 157
78 158
78 161
78 162
78 164
78 167
78 168
78 171
78 172
78 176
78 184
78 185
78 190
78 191
78 196
78 197
78 198
78 199
78 202
78 203
78 204
78 206
78 210
78 211
78 215
78 216
78 220
78 222
78 225
78 226
78 233
78 239
78 242
78 244
78 249
78 250
78 259
78 262
78 266
78 267
78 272
78 273
78 279
78 281
78 283
78 285
78 298
78 299
78 300
78 303
78 309
78 312
78 320
78 322
78 324
78 326
78 331
78 332
78 340
78 346
78 349
78 350
78 354
78 355
78 362
78 369
78 378
78 379
78 386
78 389
78 390
78 395
78 398
78 407
78 409
78 412
78 419
78 421
78 426
78 427
78 430
78 432
78 439
78 442
78 443
78 447
78 458
78 465
78 466
78 467
78 472
78 473
78 475
78 479
78 480
78 484
78 485
78 487
78 489
78 490
78 493
78 498
78 499
78 500
78 501
78 506
78 509
78 520
78 524
78 525
78 526
78 528
78 531
78 538
78 539
78 541
78 544
78 545
78 553
78 554
78 555
78 560
78 563
78 565
78 568
78 570
78 571
78 572
78 578
78 579
78 584
78 587
78 590
78 591
78 595
78 596
78 598
78 615
78 620
78 621
78 625
78 628
78 634
78 636
78 638
78 644
78 645
78 650
78 651
78 652
78 657
78 658
78 660
78 672
78 673
78 675
78 678
78 679
78 690
78 693
78 694
78 696
78 700
78 702
78 703
78 705
78 709
78 715
78 718
78 721
78 722
78 724
78 728
78 737
78 738
78 740
78 741
78 756
78 757
78 758
78 762
78 763
78 768
78 780
78 785
78 786
78 787
78 789
78 790
78 792
78 795
78 796
78 797
78 798
78 800
79 86
79 89
79 92
79 93
79 94
79 95
79 101
79 102
79 103
79 109
79 117
79 121
79 122
79 125
79 128
79 130
79 137
79 143
79 146
79 152
79 155
79 159
79 162
79 167
79 175
79 182
79 186
79 189
79 195
79 198
79 202
79 203
79 205
79 208
79 210
79 211
79 214
79 219
79 224
79 227
79 228
79 229
79 232
79 233
79 234
79 236
79 241
79 246
79 249
79 253
79 256
79 257
79 258
79 260
79 262
79 276
79 294
79 295
79 302
79 303
79 304
79 305
79 306
79 308
79 314
79 315
79 322
79 324
79 326
79 327
79 328
79 331
79 335
79 336
79 343
79 346
79 349
79 351
79 353
79 354
79 366
79 368
79 370
79 373
79 376
79 383
79 384
79 388
79 391
79 395
79 400
79 405
79 408
79 409
79 410
79 414
79 415
79 416
79 419
79 432
79 434
79 437
79 445
79 447
79 449
79 450
79 453
79 461
79 468
79 471
79 473
79 478
79 479
79 480
79 481
79 483
79 487
79 489
79 493
79 494
79 498
79 503
79 507
79 508
79 513
79 514
79 515
79 518
79 520
79 522
79 524
79 525
79 528
79 535
79 538
79 542
79 543
79 547
79 551
79 555
79 559
79 560
79 562
79 563
79 564
79 567
79 568
79 569
79 579
79 583
79 598
79 602
79 605
79 607
79 613
79 618
79 619
79 620
79 623
79 631
79 632
79 633
79 634
79 645
79 651
79 654
79 659
79 663
79 665
79 668
79 669
79 670
79 677
79 684
79 685
79 688
79 691
79 694
79 697
79 698
79 701
79 703
79 706
79 708
79 711
79 718
79 722
79 726
79 727
79 728
79 741
79 743
79 745
79 747
79 750
79 755
79 762
79 764
79 765
79 768
79 770
79 781
79 782
79 783
79 785
79 788
79 791
79 792
79 793
79 797
79 798
79 799
80 84
80 88
80 90
80 91
80 93
80 94
80 97
80 101
80 104
80 117
80 127
80 129
80 138
80 139
80 145
80 150
80 152
80 162
80 165
80 174
80 181
80 182
80 188
80 189
80 191
80 200
80 204
80 208
80 209
80 218
80 220
80 222
80 224
80 227
80 231
80 232
80 236
80 238
80 241
80 242
80 258
80 259
80 261
80 263
80 269
80 270
80 271
80 277
80 278
80 281
80 284
80 288
80 290
80 292
80 295
80 301
80 305
80 308
80 312
80 316
80 317
80 323
80 325
80 326
80 327
80 328
80 329
80 330
80 335
80 339
80 343
80 345
80 347
80 354
80 357
80 360
80 363
80 366
80 377
80 383
80 385
80 387
80 389
80 391
80 394
80 400
80 405
80 414
80 416
80 418
80 420
80 427
80 436
80 441
80 442
80 445
80 446
80 448
80 455
80 457
80 462
80 463
80 468
80 471
80 473
80 475
80 477
80 481
80 484
80 488
80 489
80 491
80 496
80 500
80 506
80 507
80 508
80 511
80 512
80 516
80 522
80 523
80 525
80 528
80 530
80 533
80 534
80 536
80 537
80 547
80 548
80 549
80 553
80 556
80 560
80 561
80 562
80 564
80 566
80 574
80 585
80 587
80 590
80 593
80 594
80 596
80 600
80 603
80 606
80 608
80 609
80 613
80 620
80 624
80 625
80 626
80 627
80 633
80 635
80 645
80 650
80 655
80 659
80 662
80 665
80 670
80 672
80 673
80 683
80 685
80 687
80 689
80 691
80 698
80 699
80 703
80 706
80 707
80 708
80 719
80 723
80 727
80 729
80 734
80 736
80 738
80 740
80 742
80 743
80 748
80 752
80 756
80 757
80 759
80 766
80 769
80 776
80 777
80 778
80 780
80 782
80 785
80 789
80 794
80 796
81 162
81 164
81 170
81 181
81 186
81 196
81 200
81 207
81 220
81 221
81 224
81 227
81 229
81 233
81 239
81 242
81 243
81 246
81 247
81 248
81 251
81 255
81 257
81 262
81 264
81 265
81 270
81 278
81 279
81 283
81 285
81 286
81 287
81 294
81 296
81 298
81 300
81 301
81 305
81 306
81 311
81 312
81 313
81 315
81 316
81 321
81 323
81 329
81 330
81 333
81 339
81 343
81 351
81 352
81 353
81 355
81 358
81 362
81 363
81 364
81 367
81 368
81 373
81 375
81 376
81 378
81 380
81 381
81 383
81 385
81 388
81 390
81 400
81 403
81 405
81 407
81 411
81 412
81 413
81 419
81 420
81 423
81 426
81 432
81 433
81 435
81 437
81 439
81 441
81 445
81 446
81 448
81 451
81 454
81 455
81 456
81 459
81 460
81 461
81 463
81 466
81 468
81 473
81 474
81 475
81 480
81 487
81 490
81 492
81 496
81 508
81 509
81 512
81 514
81 516
81 519
81 524
81 525
81 526
81 528
81 529
81 530
81 534
81 535
81 538
81 539
81 541
81 542
81 545
81 549
81 556
81 557
81 559
81 563
81 568
81 574
81 575
81 579
81 583
81 585
81 586
81 597
81 599
81 600
81 603
81 605
81 614
81 618
81 622
81 623
81 626
81 627
81 630
81 631
81 633
81 634
81 636
81 643
81 648
81 649
81 653
81 658
81 659
81 661
81 662
81 664
81 665
81 672
81 692
81 694
81 695
81 696
81 703
81 704
81 713
81 718
81 721
81 726
81 727
81 733
81 738
81 740
81 741
81 745
81 746
81 754
81 755
81 763
81 765
81 768
81 769
81 775
81 776
81 779
81 780
81 781
81 783
81 786
81 787
81 790
81 793
81 794
81 796
81 798
82 161
82 163
82 164
82 167
82 169
82 171
82 173
82 175
82 176
82 185
82 187
82 189
82 190
82 192
82 194
82 202
82 205
82 207
82 210
82 218
82 220
82 225
82 227
82 229
82 230
82 237
82 242
82 243
82 253
82 255
82 257
82 259
82 262
82 263
82 268
82 270
82 271
82 273
82 275
82 279
82 282
82 285
82 298
82 299
82 303
82 309
82 312
82 313
82 316
82 318
82 321
82 322
82 325
82 330
82 338
82 349
82 351
82 354
82 362
82 364
82 367
82 374
82 376
82 379
82 381
82 383
82 386
82 389
82 391
82 398
82 399
82 402
82 403
82 407
82 409
82 415
82 425
82 427
82 432
82 434
82 445
82 446
82 447
82 449
82 455
82 463
82 464
82 470
82 472
82 478
82 483
82 486
82 487
82 488
82 490
82 493
82 495
82 496
82 500
82 501
82 502
82 505
82 506
82 507
82 509
82 514
82 515
82 517
82 519
82 523
82 530
82 531
82 532
82 533
82 535
82 546
82 548
82 551
82 562
82 564
82 567
82 568
82 569
82 570
82 573
82 575
82 577
82 579
82 580
82 584
82 587
82 594
82 598
82 606
82 607
82 609
82 610
82 611
82 615
82 622
82 623
82 625
82 626
82 629
82 637
82 640
82 647
82 655
82 656
82 661
82 667
82 668
82 672
82 679
82 680
82 681
82 683
82 685
82 691
82 693
82 715
82 720
82 727
82 728
82 729
82 731
82 732
82 737
82 741
82 748
82 752
82 755
82 758
82 760
82 763
82 772
82 773
82 774
82 775
82 777
82 780
82 781
82 785
82 786
82 789
82 792
82 793
83 162
83 169
83 173
83 175
83 178
83 182
83 184
83 191
83 195
83 198
83 200
83 202
83 205
83 206
83 208
83 213
83 214
83 218
83 222
83 223
83 225
83 227
83 228
83 234
83 244
83 246
83 249
83 264
83 266
83 268
83 269
83 270
83 279
83 282
83 286
83 287
83 288
83 289
83 293
83 295
83 300
83 301
83 302
83 306
83 308
83 310
83 316
83 323
83 327
83 329
83 330
83 332
83 334
83 337
83 338
83 341
83 344
83 346
83 348
83 350
83 352
83 356
83 361
83 362
83 365
83 366
83 374
83 381
83 384
83 385
83 393
83 397
83 401
83 412
83 414
83 419
83 420
83 424
83 426
83 431
83 433
83 434
83 435
83 438
83 439
83 440
83 442
83 447
83 453
83 455
83 456
83 458
83 465
83 467
83 470
83 476
83 478
83 479
83 482
83 484
83 485
83 496
83 497
83 498
83 500
83 508
83 510
83 512
83 513
83 514
83 517
83 519
83 522
83 526
83 527
83 529
83 530
83 531
83 533
83 534
83 535
83 538
83 540
83 541
83 548
83 552
83 553
83 554
83 558
83 560
83 562
83 563
83 565
83 567
83 568
83 571
83 572
83 574
83 575
83 579
83 582
83 586
83 592
83 598
83 604
83 607
83 608
83 609
83 610
83 611
83 612
83 615
83 623
83 627
83 628
83 631
83 635
83 636
83 637
83 638
83 641
83 644
83 645
83 648
83 650
83 651
83 653
83 657
83 658
83 662
83 663
83 664
83 666
83 674
83 675
83 677
83 684
83 685
83 688
83 691
83 693
83 694
83 701
83 710
83 711
83 714
83 719
83 721
83 722
83 725
83 730
83 733
83 734
83 735
83 738
83 749
83 752
83 757
83 760
83 764
83 769
83 772
83 773
83 775
83 776
83 777
83 786
83 787
83 788
83 789
83 791
83 792
83 793
83 799
84 166
84 167
84 168
84 169
84 180
84 185
84 192
84 194
84 199
84 201
84 203
84 207
84 213
84 214
84 215
84 223
84 228
84 229
84 230
84 234
84 236
84 238
84 243
84 245
84 251
84 252
84 253
84 260
84 263
84 264
84 265
84 267
84 270
84 273
84 274
84 278
84 280
84 281
84 284
84 287
84 294
84 295
84 305
84 312
84 313
84 316
84 318
84 323
84 325
84 326
84 331
84 332
84 336
84 339
84 344
84 347
84 348
84 349
84 350
84 353
84 357
84 359
84 365
84 370
84 376
84 377
84 379
84 381
84 382
84 384
84 385
84 387
84 400
84 408
84 411
84 417
84 419
84 426
84 427
84 428
84 432
84 434
84 440
84 441
84 443
84 447
84 451
84 459
84 464
84 466
84 467
84 469
84 474
84 477
84 481
84 482
84 489
84 500
84 501
84 503
84 505
84 507
84 516
84 517
84 518
84 521
84 533
84 535
84 537
84 538
84 542
84 543
84 544
84 546
84 556
84 557
84 559
84 560
84 561
84 571
84 572
84 574
84 575
84 576
84 581
84 585
84 586
84 589
84 591
84 600
84 602
84 603
84 613
84 616
84 619
84 620
84 629
84 630
84 631
84 639
84 641
84 645
84 651
84 654
84 656
84 658
84 659
84 662
84 664
84 667
84 669
84 672
84 673
84 676
84 679
84 682
84 683
84 685
84 689
84 692
84 696
84 702
84 703
84 704
84 706
84 707
84 716
84 719
84 720
84 721
84 723
84 733
84 739
84 741
84 743
84 749
84 752
84 753
84 758
84 762
84 768
84 769
84 772
84 779
84 780
84 782
84 783
84 784
84 788
84 790
84 794
84 795
84 797
84 799
84 800
85 161
85 164
85 167
85 168
85 169
85 171
85 175
85 181
85 182
85 186
85 187
85 188
85 190
85 192
85 196
85 202
85 204
85 210
85 212
85 214
85 215
85 216
85 219
85 220
85 223
85 228
85 230
85 241
85 255
85 261
85 263
85 264
85 270
85 272
85 273
85 275
85 276
85 277
85 282
85 284
85 288
85 295
85 303
85 307
85 312
85 314
85 317
85 319
85 321
85 325
85 327
85 333
85 337
85 340
85 346
85 353
85 362
85 365
85 367
85 371
85 372
85 384
85 385
85 395
85 398
85 401
85 403
85 405
85 406
85 407
85 410
85 414
85 419
85 426
85 429
85 438
85 439
85 440
85 447
85 449
85 451
85 459
85 464
85 468
85 472
85 473
85 475
85 480
85 484
85 486
85 496
85 497
85 501
85 514
85 520
85 525
85 528
85 530
85 531
85 534
85 542
85 551
85 554
85 556
85 557
85 559
85 563
85 565
85 571
85 581
85 583
85 584
85 585
85 586
85 588
85 589
85 598
85 601
85 603
85 605
85 611
85 614
85 620
85 623
85 629
85 634
85 636
85 638
85 645
85 647
85 649
85 654
85 660
85 662
85 667
85 674
85 675
85 677
85 678
85 679
85 681
85 686
85 691
85 694
85 702
85 703
85 705
85 706
85 712
85 716
85 723
85 727
85 734
85 739
85 740
85 743
85 746
85 755
85 762
85 765
85 769
85 772
85 773
85 777
85 779
85 782
85 788
85 791
86 161
86 162
86 163
86 166
86 167
86 169
86 170
86 175
86 178
86 179
86 183
86 184
86 185
86 188
86 190
86 191
86 194
86 196
86 197
86 198
86 201
86 203
86 209
86 213
86 217
86 218
86 220
86 232
86 237
86 238
86 240
86 241
86 242
86 244
86 249
86 253
86 265
86 271
86 280
86 284
86 285
86 288
86 291
86 293
86 296
86 304
86 307
86 314
86 317
86 320
86 321
86 323
86 326
86 332
86 334
86 335
86 338
86 342
86 343
86 350
86 351
86 354
86 357
86 359
86 364
86 367
86 372
86 378
86 379
86 380
86 383
86 385
86 390
86 401
86 404
86 405
86 407
86 409
86 411
86 415
86 416
86 417
86 419
86 421
86 422
86 429
86 430
86 432
86 435
86 436
86 438
86 442
86 443
86 447
86 451
86 452
86 453
86 455
86 456
86 462
86 475
86 480
86 487
86 489
86 490
86 502
86 507
86 508
86 514
86 516
86 517
86 518
86 523
86 526
86 527
86 531
86 532
86 533
86 535
86 538
86 539
86 542
86 547
86 550
86 558
86 559
86 562
86 565
86 567
86 569
86 570
86 572
86 576
86 577
86 583
86 587
86 592
86 595
86 599
86 605
86 610
86 611
86 614
86 622
86 624
86 626
86 632
86 633
86 637
86 640
86 642
86 643
86 649
86 652
86 653
86 655
86 658
86 661
86 663
86 666
86 671
86 674
86 677
86 678
86 679
86 686
86 687
86 690
86 692
86 693
86 694
86 698
86 700
86 701
86 706
86 708
86 714
86 716
86 721
86 727
86 728
86 731
86 732
86 733
86 734
86 735
86 739
86 743
86 748
86 749
86 750
86 753
86 755
86 758
86 762
86 766
86 768
86 770
86 775
86 776
86 779
86 784
86 796
86 800
87 163
87 167
87 171
87 173
87 174
87 176
87 177
87 179
87 183
87 184
87 186
87 191
87 193
87 198
87 199
87 201
87 204
87 205
87 209
87 210
87 213
87 221
87 222
87 224
87 230
87 231
87 238
87 240
87 241
87 244
87 245
87 247
87 250
87 257
87 261
87 262
87 264
87 266
87 267
87 268
87 272
87 274
87 275
87 279
87 280
87 282
87 285
87 292
87 302
87 304
87 306
87 308
87 309
87 311
87 313
87 316
87 318
87 319
87 326
87 328
87 329
87 330
87 333
87 334
87 336
87 339
87 340
87 349
87 353
87 354
87 357
87 358
87 360
87 361
87 373
87 380
87 382
87 386
87 388
87 394
87 396
87 399
87 401
87 405
87 409
87 417
87 421
87 422
87 424
87 425
87 426
87 430
87 433
87 438
87 439
87 444
87 445
87 448
87 453
87 458
87 460
87 470
87 473
87 476
87 483
87 485
87 494
87 495
87 496
87 498
87 499
87 501
87 502
87 506
87 511
87 512
87 513
87 517
87 524
87 525
87 527
87 530
87 539
87 546
87 547
87 553
87 555
87 567
87 569
87 572
87 573
87 575
87 576
87 577
87 578
87 582
87 584
87 588
87 595
87 597
87 598
87 601
87 602
87 606
87 615
87 616
87 618
87 619
87 620
87 622
87 625
87 628
87 637
87 640
87 644
87 645
87 651
87 652
87 654
87 655
87 661
87 671
87 674
87 676
87 680
87 683
87 684
87 689
87 691
87 693
87 694
87 695
87 697
87 699
87 701
87 702
87 706
87 708
87 715
87 719
87 725
87 727
87 728
87 730
87 735
87 736
87 737
87 740
87 746
87 748
87 752
87 756
87 758
87 767
87 773
87 776
87 777
87 778
87 779
87 785
87 790
87 792
87 793
87 794
87 797
87 799
88 173
88 179
88 181
88 185
88 188
88 191
88 194
88 200
88 201
88 204
88 206
88 208
88 209
88 212
88 213
88 215
88 224
88 226
88 227
88 233
88 239
88 240
88 252
88 258
88 261
88 264
88 265
88 267
88 269
88 276
88 278
88 285
88 288
88 290
88 293
88 305
88 306
88 309
88 311
88 312
88 316
88 317
88 318
88 321
88 324
88 339
88 342
88 344
88 357
88 364
88 367
88 368
88 373
88 377
88 378
88 380
88 386
88 399
88 400
88 402
88 404
88 405
88 409
88 411
88 412
88 422
88 427
88 433
88 434
88 437
88 439
88 442
88 445
88 446
88 450
88 452
88 455
88 457
88 458
88 462
88 463
88 472
88 476
88 480
88 485
88 487
88 493
88 495
88 496
88 507
88 508
88 509
88 515
88 520
88 523
88 525
88 527
88 533
88 535
88 539
88 540
88 541
88 544
88 551
88 559
88 563
88 569
88 571
88 576
88 579
88 580
88 582
88 583
88 589
88 590
88 591
88 592
88 593
88 596
88 598
88 602
88 607
88 613
88 617
88 618
88 619
88 621
88 622
88 623
88 636
88 638
88 642
88 651
88 655
88 656
88 658
88 660
88 664
88 669
88 676
88 679
88 680
88 682
88 685
88 690
88 691
88 693
88 695
88 701
88 702
88 703
88 709
88 714
88 719
88 722
88 729
88 732
88 735
88 739
88 745
88 750
88 756
88 757
88 758
88 763
88 767
88 772
88 773
88 781
88 788
88 789
88 791
88 792
88 793
88 795
88 797
88 798
89 161
89 163
89 167
89 168
89 169
89 176
89 177
89 181
89 184
89 189
89 192
89 198
89 199
89 200
89 205
89 210
89 211
89 215
89 219
89 222
89 223
89 225
89 230
89 233
89 234
89 235
89 239
89 240
89 245
89 247
89 249
89 252
89 259
89 260
89 267
89 271
89 274
89 275
89 277
89 281
89 285
89 288
89 294
89 296
89 297
89 299
89 300
89 308
89 310
89 318
89 321
89 324
89 326
89 327
89 329
89 332
89 333
89 334
89 341
89 342
89 349
89 352
89 353
89 354
89 355
89 359
89 362
89 368
89 373
89 384
89 391
89 392
89 393
89 403
89 406
89 409
89 416
89 417
89 418
89 429
89 430
89 432
89 433
89 439
89 440
89 442
89 445
89 449
89 453
89 456
89 459
89 461
89 462
89 464
89 465
89 471
89 477
89 479
89 486
89 487
89 488
89 497
89 498
89 499
89 503
89 505
89 506
89 508
89 513
89 520
89 521
89 528
89 529
89 536
89 538
89 541
89 543
89 544
89 545
89 547
89 549
89 551
89 552
89 553
89 557
89 563
89 566
89 568
89 569
89 572
89 581
89 588
89 594
89 597
89 598
89 602
89 608
89 610
89 613
89 614
89 622
89 624
89 627
89 628
89 632
89 636
89 640
89 641
89 642
89 651
89 652
89 653
89 656
89 659
89 666
89 669
89 672
89 673
89 678
89 679
89 684
89 688
89 693
89 694
89 695
89 696
89 698
89 700
89 705
89 708
89 709
89 710
89 712
89 713
89 720
89 722
89 723
89 724
89 727
89 730
89 731
89 738
89 743
89 745
89 749
89 756
89 760
89 762
89 766
89 774
89 776
89 782
89 785
89 787
89 789
89 790
89 794
89 795
89 796
89 797
89 800
90 161
90 162
90 168
90 169
90 171
90 174
90 177
90 178
90 179
90 180
90 182
90 185
90 188
90 196
90 197
90 198
90 199
90 201
90 205
90 225
90 227
90 229
90 235
90 236
90 239
90 243
90 244
90 245
90 246
90 247
90 255
90 257
90 264
90 265
90 268
90 275
90 279
90 280
90 286
90 287
90 290
90 291
90 306
90 307
90 310
90 318
90 328
90 331
90 334
90 345
90 349
90 351
90 352
90 355
90 361
90 362
90 363
90 367
90 368
90 370
90 374
90 382
90 383
90 384
90 386
90 396
90 397
90 401
90 402
90 406
90 410
90 416
90 417
90 418
90 419
90 424
90 425
90 426
90 427
90 428
90 430
90 433
90 438
90 444
90 447
90 448
90 449
90 450
90 459
90 461
90 468
90 469
90 471
90 472
90 476
90 493
90 503
90 504
90 508
90 515
90 517
90 525
90 526
90 528
90 531
90 537
90 539
90 542
90 544
90 547
90 551
90 556
90 559
90 563
90 567
90 570
90 572
90 576
90 577
90 578
90 587
90 589
90 594
90 597
90 599
90 601
90 605
90 608
90 610
90 611
90 612
90 613
90 614
90 615
90 618
90 620
90 626
90 631
90 635
90 637
90 638
90 649
90 651
90 652
90 655
90 657
90 658
90 660
90 670
90 674
90 679
90 680
90 688
90 689
90 694
90 698
90 700
90 701
90 703
90 706
90 708
90 720
90 732
90 740
90 750
90 753
90 755
90 756
90 757
90 763
90 772
90 775
90 781
90 788
90 790
90 792
90 796
90 797
90 798
90 799
91 162
91 170
91 172
91 176
91 178
91 179
91 180
91 181
91 184
91 189
91 190
91 191
91 192
91 198
91 200
91 201
91 206
91 208
91 211
91 215
91 216
91 218
91 221
91 226
91 227
91 230
91 231
91 240
91 242
91 245
91 247
91 248
91 252
91 254
91 255
91 257
91 258
91 261
91 262
91 265
91 266
91 271
91 274
91 275
91 277
91 278
91 281
91 284
91 288
91 291
91 292
91 295
91 299
91 300
91 301
91 302
91 305
91 306
91 308
91 310
91 317
91 323
91 328
91 330
91 336
91 337
91 342
91 344
91 346
91 347
91 351
91 364
91 365
91 370
91 372
91 374
91 376
91 378
91 384
91 389
91 393
91 395
91 399
91 400
91 401
91 405
91 406
91 413
91 416
91 422
91 424
91 428
91 429
91 436
91 439
91 453
91 458
91 467
91 471
91 481
91 484
91 492
91 499
91 506
91 508
91 514
91 519
91 522
91 523
91 524
91 530
91 531
91 532
91 540
91 542
91 545
91 552
91 553
91 556
91 559
91 564
91 566
91 567
91 576
91 582
91 585
91 586
91 590
91 591
91 592
91 595
91 602
91 605
91 607
91 610
91 611
91 615
91 617
91 626
91 627
91 629
91 630
91 633
91 635
91 638
91 640
91 642
91 643
91 655
91 656
91 658
91 662
91 663
91 664
91 668
91 669
91 673
91 679
91 681
91 685
91 693
91 695
91 698
91 699
91 703
91 708
91 709
91 710
91 712
91 714
91 721
91 731
91 734
91 738
91 743
91 751
91 753
91 755
91 757
91 760
91 761
91 763
91 765
91 767
91 770
91 771
91 772
91 778
91 788
91 792
91 796
91 799
92 167
92 170
92 172
92 174
92 176
92 179
92 181
92 184
92 188
92 195
92 197
92 199
92 200
92 202
92 203
92 204
92 210
92 213
92 220
92 224
92 228
92 230
92 238
92 241
92 246
92 251
92 253
92 255
92 256
92 261
92 262
92 269
92 270
92 273
92 279
92 281
92 284
92 285
92 288
92 290
92 293
92 296
92 298
92 300
92 301
92 307
92 308
92 309
92 316
92 330
92 334
92 335
92 339
92 345
92 346
92 355
92 356
92 358
92 365
92 368
92 374
92 375
92 377
92 380
92 381
92 385
92 387
92 393
92 394
92 396
92 399
92 400
92 409
92 414
92 419
92 420
92 421
92 422
92 434
92 437
92 440
92 447
92 452
92 460
92 461
92 463
92 464
92 473
92 478
92 479
92 481
92 482
92 483
92 487
92 489
92 491
92 493
92 494
92 497
92 505
92 506
92 507
92 509
92 512
92 513
92 520
92 529
92 534
92 535
92 536
92 537
92 542
92 550
92 552
92 558
92 559
92 560
92 562
92 566
92 569
92 570
92 577
92 578
92 585
92 587
92 588
92 589
92 591
92 593
92 597
92 599
92 602
92 606
92 607
92 614
92 615
92 617
92 618
92 620
92 621
92 622
92 625
92 629
92 638
92 642
92 653
92 655
92 657
92 660
92 662
92 663
92 665
92 667
92 669
92 672
92 674
92 676
92 677
92 679
92 681
92 684
92 687
92 693
92 702
92 705
92 706
92 708
92 715
92 718
92 720
92 723
92 731
92 733
92 739
92 742
92 743
92 744
92 746
92 747
92 748
92 749
92 751
92 754
92 755
92 756
92 759
92 764
92 765
92 766
92 768
92 769
92 771
92 772
92 774
92 780
92 781
92 783
92 784
92 787
92 792
92 795
92 798
92 799
93 161
93 165
93 169
93 171
93 186
93 189
93 194
93 196
93 201
93 202
93 206
93 209
93 210
93 211
93 215
93 219
93 221
93 224
93 228
93 231
93 250
93 252
93 257
93 258
93 259
93 262
93 263
93 269
93 272
93 276
93 280
93 286
93 295
93 296
93 298
93 300
93 303
93 306
93 309
93 314
93 319
93 322
93 323
93 324
93 330
93 331
93 335
93 337
93 338
93 340
93 341
93 345
93 347
93 349
93 351
93 352
93 358
93 359
93 366
93 367
93 370
93 371
93 372
93 376
93 377
93 378
93 381
93 382
93 384
93 385
93 386
93 387
93 388
93 390
93 391
93 393
93 394
93 398
93 399
93 400
93 405
93 406
93 407
93 414
93 415
93 429
93 431
93 434
93 435
93 439
93 441
93 442
93 455
93 456
93 469
93 470
93 476
93 481
93 482
93 490
93 493
93 495
93 496
93 502
93 507
93 508
93 510
93 512
93 515
93 519
93 521
93 522
93 526
93 533
93 534
93 536
93 539
93 542
93 544
93 546
93 550
93 551
93 555
93 560
93 568
93 574
93 575
93 583
93 584
93 585
93 595
93 598
93 599
93 600
93 601
93 602
93 605
93 607
93 611
93 622
93 627
93 628
93 629
93 631
93 637
93 640
93 643
93 649
93 657
93 658
93 660
93 664
93 666
93 670
93 680
93 683
93 692
93 693
93 694
93 698
93 699
93 702
93 710
93 714
93 717
93 720
93 725
93 729
93 735
93 737
93 739
93 742
93 743
93 745
93 746
93 747
93 748
93 753
93 757
93 758
93 762
93 784
93 785
93 789
93 791
93 796
93 799
94 163
94 168
94 169
94 178
94 181
94 182
94 185
94 189
94 192
94 195
94 196
94 199
94 200
94 207
94 208
94 209
94 214
94 218
94 236
94 237
94 242
94 246
94 250
94 252
94 259
94 260
94 264
94 269
94 273
94 276
94 282
94 283
94 287
94 288
94 291
94 293
94 300
94 303
94 304
94 307
94 310
94 311
94 312
94 316
94 317
94 318
94 324
94 331
94 332
94 334
94 337
94 339
94 342
94 345
94 347
94 351
94 352
94 358
94 363
94 364
94 365
94 366
94 368
94 372
94 374
94 379
94 386
94 391
94 393
94 395
94 396
94 399
94 400
94 401
94 403
94 404
94 407
94 410
94 412
94 425
94 430
94 434
94 437
94 441
94 442
94 445
94 449
94 452
94 462
94 463
94 464
94 466
94 469
94 472
94 473
94 477
94 478
94 479
94 482
94 484
94 500
94 502
94 506
94 518
94 523
94 524
94 530
94 531
94 534
94 537
94 540
94 541
94 544
94 546
94 552
94 554
94 555
94 557
94 558
94 564
94 567
94 573
94 577
94 588
94 594
94 595
94 596
94 601
94 602
94 610
94 620
94 622
94 625
94 626
94 628
94 629
94 631
94 634
94 636
94 637
94 638
94 641
94 646
94 648
94 650
94 652
94 667
94 669
94 670
94 671
94 679
94 682
94 683
94 684
94 687
94 692
94 697
94 701
94 702
94 706
94 710
94 713
94 719
94 724
94 733
94 736
94 737
94 738
94 745
94 746
94 747
94 749
94 752
94 754
94 755
94 756
94 758
94 759
94 764
94 765
94 769
94 770
94 771
94 772
94 773
94 776
94 777
94 779
94 785
94 788
94 791
94 794
94 799
95 161
95 165
95 167
95 168
95 170
95 171
95 172
95 174
95 183
95 184
95 193
95 197
95 202
95 210
95 211
95 213
95 214
95 216
95 218
95 228
95 236
95 238
95 240
95 241
95 243
95 246
95 247
95 249
95 251
95 254
95 260
95 261
95 262
95 268
95 271
95 284
95 286
95 288
95 292
95 302
95 303
95 306
95 307
95 321
95 322
95 323
95 324
95 325
95 331
95 335
95 339
95 342
95 345
95 346
95 354
95 355
95 361
95 363
95 364
95 366
95 370
95 376
95 391
95 395
95 401
95 404
95 410
95 414
95 416
95 418
95 420
95 424
95 426
95 428
95 432
95 433
95 437
95 438
95 441
95 442
95 445
95 447
95 454
95 458
95 464
95 466
95 468
95 470
95 472
95 473
95 478
95 479
95 486
95 487
95 490
95 492
95 496
95 500
95 504
95 512
95 513
95 516
95 519
95 525
95 526
95 527
95 529
95 532
95 535
95 545
95 546
95 553
95 556
95 557
95 559
95 561
95 563
95 570
95 573
95 574
95 581
95 583
95 585
95 588
95 591
95 595
95 596
95 604
95 614
95 615
95 618
95 627
95 628
95 631
95 638
95 642
95 646
95 648
95 650
95 651
95 653
95 654
95 659
95 661
95 666
95 670
95 675
95 681
95 685
95 689
95 692
95 693
95 694
95 695
95 698
95 702
95 707
95 709
95 711
95 716
95 719
95 720
95 721
95 723
95 725
95 728
95 736
95 737
95 746
95 747
95 748
95 750
95 756
95 758
95 759
95 760
95 764
95 767
95 768
95 774
95 775
95 780
95 782
95 787
95 791
95 792
95 794
95 798
95 799
96 163
96 166
96 168
96 170
96 184
96 187
96 191
96 192
96 195
96 197
96 198
96 199
96 200
96 201
96 202
96 205
96 206
96 208
96 209
96 222
96 223
96 224
96 228
96 230
96 232
96 236
96 237
96 240
96 241
96 244
96 253
96 255
96 256
96 257
96 260
96 261
96 263
96 265
96 272
96 275
96 282
96 284
96 285
96 290
96 293
96 294
96 301
96 302
96 307
96 308
96 310
96 319
96 326
96 328
96 330
96 333
96 334
96 337
96 343
96 345
96 351
96 353
96 355
96 356
96 357
96 358
96 361
96 362
96 364
96 365
96 366
96 367
96 374
96 375
96 379
96 384
96 386
96 387
96 392
96 397
96 402
96 404
96 410
96 414
96 416
96 417
96 422
96 428
96 429
96 430
96 431
96 432
96 433
96 436
96 445
96 447
96 455
96 457
96 458
96 460
96 463
96 464
96 465
96 469
96 472
96 475
96 476
96 477
96 479
96 484
96 487
96 490
96 499
96 503
96 505
96 507
96 509
96 520
96 523
96 526
96 527
96 531
96 539
96 540
96 541
96 542
96 543
96 548
96 551
96 552
96 558
96 569
96 572
96 573
96 574
96 576
96 578
96 580
96 582
96 585
96 586
96 592
96 594
96 596
96 601
96 604
96 606
96 607
96 610
96 611
96 612
96 613
96 615
96 617
96 621
96 622
96 624
96 626
96 635
96 639
96 642
96 643
96 646
96 650
96 653
96 654
96 656
96 657
96 659
96 665
96 667
96 670
96 678
96 681
96 683
96 685
96 687
96 689
96 693
96 695
96 698
96 700
96 702
96 705
96 706
96 712
96 714
96 722
96 726
96 732
96 735
96 736
96 745
96 746
96 755
96 761
96 769
96 774
96 777
96 784
96 785
96 786
96 788
96 796
96 798
96 800
97 163
97 165
97 171
97 172
97 174
97 179
97 180
97 184
97 185
97 186
97 189
97 191
97 200
97 202
97 208
97 210
97 213
97 214
97 216
97 225
97 226
97 227
97 229
97 230
97 231
97 238
97 241
97 249
97 251
97 254
97 258
97 265
97 268
97 280
97 287
97 291
97 294
97 300
97 303
97 309
97 318
97 320
97 325
97 329
97 332
97 333
97 335
97 337
97 338
97 339
97 344
97 350
97 352
97 355
97 356
97 357
97 361
97 367
97 372
97 374
97 377
97 378
97 381
97 384
97 391
97 393
97 394
97 398
97 406
97 410
97 412
97 421
97 422
97 431
97 438
97 441
97 443
97 450
97 454
97 459
97 461
97 466
97 468
97 469
97 472
97 473
97 474
97 476
97 478
97 482
97 488
97 489
97 493
97 496
97 497
97 499
97 501
97 509
97 510
97 514
97 521
97 526
97 530
97 534
97 535
97 539
97 540
97 544
97 545
97 546
97 547
97 550
97 551
97 557
97 564
97 566
97 569
97 570
97 572
97 578
97 580
97 584
97 585
97 586
97 587
97 589
97 590
97 591
97 596
97 600
97 601
97 604
97 608
97 610
97 616
97 617
97 618
97 631
97 635
97 636
97 637
97 639
97 646
97 648
97 659
97 661
97 663
97 666
97 667
97 668
97 670
97 674
97 683
97 684
97 685
97 689
97 690
97 692
97 694
97 695
97 699
97 703
97 713
97 715
97 723
97 725
97 731
97 732
97 734
97 739
97 740
97 741
97 742
97 747
97 750
97 756
97 761
97 771
97 773
97 775
97 776
97 781
97 784
97 788
97 789
97 792
97 796
97 800
98 162
98 166
98 168
98 171
98 172
98 177
98 179
98 180
98 182
98 184
98 187
98 188
98 191
98 199
98 200
98 208
98 214
98 216
98 218
98 221
98 222
98 223
98 234
98 236
98 242
98 246
98 247
98 249
98 250
98 257
98 260
98 261
98 265
98 269
98 278
98 279
98 282
98 284
98 285
98 287
98 288
98 289
98 290
98 295
98 297
98 298
98 305
98 309
98 312
98 315
98 322
98 326
98 329
98 339
98 340
98 343
98 348
98 349
98 350
98 354
98 357
98 363
98 365
98 366
98 367
98 373
98 374
98 377
98 381
98 382
98 387
98 390
98 392
98 398
98 403
98 404
98 406
98 409
98 412
98 415
98 421
98 428
98 431
98 432
98 439
98 445
98 449
98 456
98 458
98 459
98 464
98 469
98 474
98 479
98 480
98 481
98 482
98 484
98 487
98 489
98 500
98 507
98 509
98 513
98 515
98 517
98 519
98 521
98 523
98 524
98 535
98 537
98 542
98 545
98 547
98 548
98 551
98 555
98 556
98 560
98 561
98 566
98 568
98 569
98 571
98 577
98 579
98 582
98 591
98 593
98 594
98 602
98 603
98 604
98 616
98 618
98 620
98 627
98 628
98 632
98 635
98 636
98 637
98 641
98 643
98 644
98 646
98 655
98 659
98 662
98 665
98 671
98 673
98 679
98 680
98 681
98 686
98 696
98 698
98 704
98 709
98 712
98 713
98 716
98 718
98 728
98 735
98 739
98 740
98 742
98 743
98 751
98 755
98 756
98 757
98 759
98 771
98 773
98 774
98 777
98 779
98 781
98 788
98 791
98 794
98 796
98 799
99 162
99 171
99 173
99 175
99 181
99 182
99 183
99 188
99 191
99 192
99 194
99 196
99 197
99 198
99 202
99 203
99 207
99 209
99 214
99 219
99 220
99 222
99 225
99 226
99 229
99 230
99 236
99 243
99 247
99 249
99 251
99 255
99 256
99 261
99 262
99 263
99 264
99 267
99 273
99 276
99 277
99 282
99 284
99 286
99 287
99 291
99 293
99 294
99 301
99 305
99 307
99 310
99 311
99 312
99 318
99 319
99 322
99 323
99 327
99 329
99 330
99 332
99 340
99 342
99 343
99 349
99 351
99 355
99 360
99 361
99 369
99 373
99 377
99 378
99 379
99 380
99 383
99 385
99 386
99 388
99 390
99 393
99 394
99 396
99 397
99 410
99 413
99 418
99 421
99 425
99 428
99 429
99 432
99 434
99 437
99 439
99 440
99 441
99 442
99 446
99 447
99 452
99 453
99 458
99 466
99 469
99 470
99 474
99 475
99 476
99 483
99 488
99 496
99 498
99 500
99 508
99 511
99 512
99 514
99 515
99 519
99 520
99 523
99 534
99 535
99 537
99 548
99 549
99 552
99 554
99 555
99 557
99 559
99 560
99 566
99 567
99 568
99 577
99 579
99 586
99 587
99 589
99 590
99 595
99 596
99 598
99 602
99 604
99 605
99 607
99 620
99 623
99 628
99 629
99 631
99 636
99 637
99 644
99 647
99 651
99 652
99 655
99 659
99 663
99 668
99 674
99 675
99 676
99 677
99 683
99 684
99 685
99 686
99 688
99 689
99 691
99 692
99 696
99 699
99 707
99 708
99 711
99 715
99 719
99 720
99 725
99 728
99 732
99 733
99 734
99 736
99 739
99 740
99 742
99 745
99 753
99 757
99 759
99 760
99 762
99 770
99 772
99 773
99 777
99 778
99 782
99 785
99 786
99 787
99 788
99 790
99 791
99 792
99 794
99 795
99 798
99 799
100 163
100 166
100 167
100 179
100 181
100 182
100 183
100 184
100 185
100 195
100 198
100 199
100 204
100 209
100 213
100 216
100 221
100 223
100 224
100 226
100 237
100 244
100 246
100 248
100 250
100 260
100 262
100 264
100 265
100 266
100 268
100 271
100 272
100 278
100 280
100 284
100 285
100 288
100 292
100 294
100 299
100 300
100 302
100 305
100 307
100 308
100 319
100 330
100 332
100 333
100 336
100 339
100 342
100 346
100 349
100 353
100 356
100 357
100 358
100 359
100 360
100 361
100 365
100 367
100 368
100 376
100 382
100 385
100 386
100 390
100 391
100 394
100 403
100 414
100 415
100 422
100 423
100 425
100 426
100 429
100 431
100 432
100 434
100 443
100 444
100 446
100 449
100 452
100 457
100 460
100 463
100 466
100 467
100 470
100 477
100 486
100 488
100 490
100 499
100 501
100 505
100 513
100 515
100 522
100 526
100 529
100 531
100 533
100 539
100 541
100 543
100 544
100 548
100 549
100 557
100 559
100 561
100 563
100 564
100 567
100 569
100 570
100 571
100 574
100 588
100 590
100 601
100 602
100 603
100 606
100 611
100 614
100 615
100 617
100 620
100 624
100 626
100 632
100 633
100 636
100 640
100 644
100 655
100 656
100 659
100 663
100 669
100 670
100 675
100 679
100 686
100 695
100 696
100 699
100 714
100 715
100 716
100 720
100 722
100 725
100 728
100 732
100 740
100 741
100 744
100 745
100 754
100 758
100 762
100 765
100 769
100 772
100 778
100 781
100 782
100 783
100 785
100 792
100 793
100 795
100 796
100 798
100 800
101 163
101 164
101 170
101 172
101 178
101 179
101 180
101 184
101 186
101 187
101 189
101 190
101 193
101 195
101 196
101 197
101 198
101 199
101 202
101 204
101 214
101 218
101 221
101 223
101 224
101 228
101 229
101 231
101 235
101 236
101 237
101 241
101 245
101 247
101 248
101 250
101 261
101 263
101 266
101 268
101 270
101 271
101 274
101 279
101 282
101 284
101 285
101 287
101 289
101 290
101 297
101 298
101 302
101 303
101 304
101 305
101 312
101 315
101 317
101 320
101 328
101 338
101 340
101 346
101 352
101 359
101 361
101 366
101 369
101 371
101 374
101 375
101 377
101 378
101 379
101 381
101 385
101 388
101 390
101 391
101 393
101 397
101 401
101 402
101 403
101 406
101 409
101 410
101 411
101 412
101 415
101 428
101 429
101 431
101 432
101 448
101 450
101 451
101 453
101 455
101 467
101 469
101 471
101 473
101 475
101 477
101 479
101 482
101 487
101 489
101 491
101 495
101 498
101 502
101 505
101 508
101 509
101 510
101 512
101 518
101 520
101 521
101 526
101 531
101 542
101 543
101 544
101 545
101 547
101 552
101 553
101 556
101 557
101 564
101 565
101 567
101 568
101 569
101 585
101 587
101 588
101 592
101 598
101 600
101 601
101 602
101 605
101 609
101 610
101 614
101 618
101 619
101 620
101 621
101 624
101 632
101 633
101 637
101 638
101 641
101 642
101 644
101 646
101 654
101 658
101 659
101 661
101 663
101 664
101 669
101 685
101 686
101 692
101 696
101 697
101 701
101 702
101 708
101 709
101 712
101 715
101 718
101 721
101 729
101 732
101 739
101 740
101 745
101 746
101 749
101 752
101 758
101 760
101 764
101 766
101 767
101 768
101 775
101 777
101 779
101 781
101 782
101 786
101 791
101 792
101 794
101 795
101 797
102 163
102 164
102 167
102 169
102 171
102 174
102 182
102 185
102 187
102 189
102 193
102 197
102 198
102 202
102 203
102 207
102 211
102 212
102 213
102 216
102 220
102 228
102 232
102 233
102 235
102 237
102 238
102 251
102 254
102 255
102 257
102 258
102 263
102 264
102 268
102 270
102 272
102 275
102 277
102 278
102 281
102 283
102 284
102 289
102 290
102 293
102 299
102 302
102 303
102 309
102 322
102 326
102 328
102 329
102 339
102 341
102 343
102 345
102 346
102 348
102 349
102 367
102 369
102 371
102 375
102 382
102 384
102 386
102 388
102 390
102 392
102 394
102 395
102 399
102 400
102 404
102 408
102 414
102 415
102 416
102 417
102 421
102 422
102 423
102 425
102 427
102 438
102 440
102 442
102 443
102 444
102 446
102 448
102 451
102 458
102 467
102 468
102 469
102 471
102 474
102 475
102 479
102 480
102 481
102 487
102 492
102 494
102 498
102 501
102 505
102 508
102 513
102 514
102 517
102 518
102 521
102 522
102 525
102 527
102 529
102 530
102 532
102 534
102 537
102 545
102 549
102 551
102 555
102 559
102 561
102 563
102 564
102 568
102 569
102 574
102 577
102 584
102 585
102 587
102 591
102 595
102 604
102 605
102 606
102 610
102 612
102 613
102 615
102 616
102 625
102 629
102 630
102 633
102 634
102 637
102 639
102 643
102 644
102 646
102 649
102 650
102 654
102 660
102 661
102 669
102 670
102 671
102 674
102 681
102 683
102 684
102 689
102 694
102 697
102 700
102 707
102 712
102 713
102 715
102 716
102 718
102 719
102 721
102 724
102 726
102 738
102 741
102 748
102 749
102 750
102 752
102 754
102 755
102 757
102 759
102 762
102 763
102 766
102 769
102 773
102 779
102 780
102 781
102 784
102 791
102 795
102 797
102 799
103 161
103 167
103 169
103 172
103 173
103 174
103 176
103 179
103 180
103 189
103 190
103 195
103 200
103 203
103 207
103 216
103 222
103 225
103 229
103 231
103 232
103 234
103 238
103 239
103 245
103 248
103 254
103 263
103 264
103 267
103 269
103 281
103 282
103 285
103 291
103 294
103 295
103 299
103 300
103 301
103 302
103 303
103 304
103 309
103 314
103 316
103 325
103 327
103 328
103 329
103 330
103 332
103 335
103 339
103 340
103 343
103 350
103 351
103 357
103 359
103 362
103 371
103 373
103 378
103 380
103 383
103 386
103 387
103 389
103 397
103 398
103 400
103 401
103 404
103 407
103 410
103 413
103 416
103 419
103 428
103 429
103 439
103 443
103 447
103 449
103 453
103 456
103 460
103 471
103 473
103 474
103 475
103 478
103 483
103 485
103 494
103 497
103 502
103 504
103 506
103 507
103 510
103 513
103 515
103 518
103 520
103 523
103 527
103 528
103 539
103 541
103 542
103 549
103 555
103 556
103 557
103 558
103 560
103 562
103 563
103 565
103 566
103 569
103 578
103 579
103 583
103 587
103 590
103 594
103 599
103 606
103 611
103 612
103 621
103 624
103 625
103 626
103 628
103 629
103 631
103 635
103 643
103 650
103 652
103 656
103 659
103 676
103 677
103 681
103 688
103 698
103 699
103 701
103 702
103 711
103 714
103 716
103 718
103 721
103 727
103 729
103 731
103 732
103 736
103 741
103 742
103 746
103 749
103 750
103 751
103 753
103 767
103 774
103 778
103 782
103 783
103 785
103 786
103 792
103 795
103 796
104 168
104 171
104 173
104 174
104 177
104 180
104 181
104 184
104 185
104 186
104 187
104 189
104 192
104 203
104 208
104 210
104 216
104 217
104 218
104 219
104 225
104 227
104 229
104 239
104 240
104 241
104 244
104 246
104 247
104 248
104 251
104 252
104 253
104 255
104 257
104 258
104 259
104 260
104 262
104 263
104 266
104 278
104 279
104 287
104 291
104 294
104 297
104 298
104 299
104 302
104 304
104 305
104 316
104 318
104 319
104 323
104 327
104 328
104 330
104 333
104 338
104 339
104 341
104 342
104 348
104 349
104 354
104 355
104 359
104 360
104 361
104 364
104 366
104 377
104 383
104 386
104 388
104 397
104 398
104 400
104 401
104 402
104 404
104 411
104 412
104 420
104 427
104 429
104 430
104 433
104 435
104 439
104 441
104 444
104 448
104 451
104 457
104 458
104 461
104 468
104 469
104 472
104 475
104 478
104 484
104 486
104 487
104 490
104 492
104 495
104 499
104 501
104 503
104 508
104 510
104 513
104 514
104 515
104 520
104 522
104 528
104 536
104 541
104 542
104 543
104 545
104 548
104 552
104 554
104 556
104 559
104 560
104 561
104 562
104 563
104 565
104 566
104 569
104 571
104 575
104 579
104 582
104 585
104 587
104 588
104 590
104 593
104 594
104 603
104 605
104 607
104 609
104 611
104 612
104 616
104 625
104 627
104 633
104 636
104 638
104 639
104 640
104 641
104 644
104 645
104 652
104 657
104 659
104 662
104 671
104 675
104 678
104 683
104 685
104 687
104 689
104 699
104 702
104 705
104 706
104 707
104 710
104 713
104 715
104 718
104 719
104 727
104 728
104 730
104 735
104 738
104 739
104 745
104 753
104 755
104 759
104 762
104 764
104 765
104 768
104 769
104 778
104 781
104 782
104 787
104 791
104 792
104 795
104 797
104 798
104 800
105 161
105 164
105 168
105 178
105 180
105 187
105 197
105 200
105 203
105 206
105 209
105 212
105 214
105 215
105 217
105 225
105 229
105 230
105 231
105 233
105 238
105 240
105 241
105 248
105 252
105 258
105 263
105 265
105 266
105 271
105 272
105 274
105 275
105 278
105 279
105 288
105 290
105 292
105 305
105 307
105 309
105 311
105 313
105 321
105 324
105 326
105 330
105 332
105 335
105 343
105 348
105 370
105 371
105 373
105 383
105 389
105 391
105 396
105 399
105 400
105 405
105 406
105 409
105 412
105 413
105 416
105 417
105 419
105 421
105 426
105 431
105 432
105 433
105 434
105 435
105 442
105 445
105 446
105 448
105 452
105 453
105 455
105 468
105 474
105 476
105 483
105 489
105 494
105 496
105 500
105 502
105 503
105 521
105 522
105 543
105 547
105 550
105 551
105 552
105 556
105 560
105 565
105 566
105 568
105 572
105 573
105 574
105 581
105 584
105 586
105 588
105 592
105 601
105 617
105 619
105 627
105 630
105 632
105 643
105 647
105 652
105 656
105 657
105 661
105 662
105 663
105 665
105 667
105 668
105 673
105 675
105 676
105 677
105 679
105 684
105 687
105 688
105 690
105 692
105 693
105 694
105 700
105 702
105 703
105 704
105 705
105 707
105 712
105 714
105 715
105 716
105 717
105 719
105 720
105 721
105 724
105 725
105 734
105 738
105 739
105 750
105 751
105 752
105 753
105 754
105 756
105 765
105 766
105 768
105 769
105 772
105 777
105 778
105 779
105 780
105 788
105 789
105 792
105 796
105 797
106 171
106 172
106 177
106 178
106 179
106 183
106 186
106 195
106 198
106 202
106 207
106 210
106 212
106 213
106 219
106 221
106 222
106 226
106 228
106 230
106 231
106 233
106 236
106 237
106 238
106 242
106 243
106 266
106 268
106 269
106 273
106 276
106 278
106 279
106 280
106 282
106 288
106 290
106 291
106 293
106 299
106 302
106 303
106 304
106 306
106 307
106 309
106 311
106 312
106 313
106 316
106 317
106 330
106 332
106 334
106 335
106 339
106 342
106 344
106 348
106 349
106 358
106 359
106 360
106 363
106 368
106 370
106 381
106 385
106 391
106 392
106 393
106 394
106 396
106 399
106 403
106 405
106 413
106 415
106 417
106 420
106 423
106 425
106 428
106 429
106 433
106 435
106 437
106 441
106 443
106 446
106 448
106 449
106 451
106 456
106 457
106 462
106 464
106 466
106 468
106 471
106 473
106 477
106 483
106 485
106 486
106 490
106 492
106 498
106 508
106 509
106 510
106 511
106 513
106 515
106 517
106 519
106 523
106 524
106 529
106 532
106 534
106 535
106 539
106 544
106 557
106 560
106 561
106 564
106 569
106 570
106 574
106 583
106 584
106 585
106 587
106 589
106 592
106 597
106 602
106 605
106 608
106 615
106 621
106 623
106 625
106 631
106 638
106 640
106 643
106 646
106 648
106 654
106 664
106 675
106 679
106 682
106 684
106 688
106 689
106 690
106 693
106 695
106 697
106 702
106 711
106 713
106 716
106 717
106 721
106 726
106 727
106 728
106 730
106 731
106 738
106 743
106 752
106 758
106 760
106 762
106 764
106 766
106 771
106 777
106 778
106 779
106 780
106 781
106 782
106 783
106 784
106 786
106 789
106 798
107 161
107 165
107 170
107 171
107 177
107 180
107 182
107 183
107 197
107 204
107 206
107 209
107 219
107 226
107 230
107 231
107 235
107 239
107 245
107 252
107 256
107 260
107 262
107 273
107 274
107 277
107 278
107 279
107 282
107 287
107 288
107 291
107 293
107 302
107 306
107 308
107 311
107 312
107 314
107 315
107 320
107 324
107 327
107 328
107 329
107 334
107 336
107 342
107 345
107 347
107 348
107 349
107 355
107 356
107 357
107 360
107 361
107 362
107 366
107 374
107 375
107 377
107 378
107 387
107 388
107 390
107 392
107 393
107 396
107 397
107 400
107 402
107 403
107 404
107 405
107 407
107 409
107 410
107 411
107 413
107 414
107 416
107 417
107 420
107 421
107 430
107 431
107 432
107 435
107 439
107 441
107 442
107 443
107 446
107 450
107 451
107 452
107 453
107 456
107 461
107 463
107 464
107 465
107 474
107 475
107 477
107 479
107 480
107 482
107 483
107 489
107 490
107 492
107 497
107 498
107 500
107 501
107 507
107 509
107 514
107 521
107 526
107 528
107 529
107 531
107 534
107 537
107 542
107 543
107 544
107 547
107 550
107 551
107 553
107 558
107 564
107 565
107 566
107 569
107 573
107 583
107 588
107 589
107 590
107 591
107 593
107 602
107 603
107 612
107 613
107 615
107 618
107 623
107 624
107 628
107 634
107 636
107 638
107 646
107 650
107 652
107 654
107 662
107 664
107 665
107 670
107 671
107 677
107 681
107 682
107 686
107 688
107 689
107 690
107 699
107 703
107 709
107 710
107 717
107 725
107 727
107 728
107 732
107 738
107 740
107 745
107 746
107 747
107 753
107 755
107 757
107 761
107 764
107 765
107 771
107 773
107 775
107 776
107 777
107 782
107 783
107 784
107 790
107 794
107 795
107 796
108 162
108 164
108 165
108 166
108 168
108 174
108 175
108 177
108 178
108 180
108 181
108 185
108 186
108 187
108 188
108 189
108 192
108 194
108 197
108 198
108 201
108 206
108 209
108 210
108 214
108 218
108 221
108 223
108 225
108 234
108 236
108 246
108 247
108 251
108 255
108 259
108 263
108 267
108 279
108 281
108 282
108 283
108 289
108 292
108 296
108 300
108 303
108 306
108 308
108 309
108 311
108 315
108 318
108 326
108 327
108 330
108 333
108 336
108 338
108 340
108 342
108 344
108 345
108 346
108 347
108 350
108 354
108 358
108 359
108 360
108 361
108 362
108 363
108 364
108 365
108 366
108 367
108 374
108 376
108 377
108 378
108 380
108 383
108 384
108 389
108 390
108 395
108 396
108 398
108 401
108 404
108 408
108 410
108 411
108 415
108 416
108 422
108 427
108 434
108 435
108 439
108 442
108 448
108 450
108 452
108 455
108 457
108 465
108 466
108 468
108 475
108 485
108 487
108 489
108 492
108 496
108 500
108 503
108 505
108 509
108 510
108 512
108 514
108 517
108 521
108 534
108 536
108 538
108 539
108 542
108 545
108 546
108 553
108 556
108 559
108 561
108 562
108 564
108 566
108 567
108 569
108 576
108 580
108 584
108 588
108 592
108 595
108 604
108 608
108 611
108 627
108 628
108 632
108 635
108 639
108 640
108 641
108 642
108 648
108 649
108 651
108 652
108 654
108 656
108 659
108 662
108 668
108 670
108 673
108 675
108 676
108 677
108 678
108 680
108 687
108 688
108 690
108 691
108 692
108 694
108 701
108 707
108 709
108 714
108 718
108 720
108 723
108 729
108 740
108 746
108 749
108 755
108 756
108 758
108 765
108 766
108 772
108 776
108 777
108 778
108 780
108 783
108 789
108 793
108 794
108 796
108 799
108 800
109 161
109 168
109 174
109 181
109 192
109 196
109 200
109 204
109 209
109 211
109 224
109 226
109 229
109 230
109 237
109 238
109 239
109 244
109 245
109 248
109 250
109 258
109 259
109 260
109 273
109 274
109 276
109 278
109 295
109 296
109 298
109 300
109 303
109 306
109 310
109 312
109 315
109 316
109 322
109 324
109 327
109 337
109 342
109 346
109 347
109 352
109 355
109 356
109 359
109 367
109 374
109 375
109 376
109 379
109 382
109 384
109 389
109 397
109 405
109 406
109 407
109 425
109 427
109 429
109 433
109 434
109 437
109 438
109 446
109 447
109 454
109 457
109 460
109 461
109 466
109 471
109 475
109 476
109 477
109 478
109 483
109 485
109 488
109 490
109 491
109 497
109 504
109 505
109 506
109 507
109 508
109 509
109 510
109 516
109 521
109 526
109 528
109 534
109 535
109 537
109 538
109 539
109 541
109 542
109 544
109 546
109 548
109 550
109 551
109 558
109 559
109 562
109 567
109 575
109 577
109 578
109 580
109 581
109 582
109 584
109 585
109 597
109 604
109 609
109 611
109 616
109 617
109 619
109 620
109 622
109 623
109 629
109 630
109 633
109 634
109 638
109 646
109 649
109 651
109 652
109 653
109 655
109 656
109 659
109 660
109 666
109 669
109 672
109 674
109 676
109 677
109 679
109 680
109 681
109 684
109 686
109 689
109 690
109 692
109 694
109 695
109 701
109 711
109 717
109 723
109 724
109 725
109 728
109 732
109 733
109 736
109 738
109 739
109 740
109 741
109 742
109 744
109 746
109 747
109 751
109 753
109 754
109 758
109 761
109 765
109 767
109 770
109 773
109 775
109 776
109 783
109 787
109 792
109 795
109 796
110 162
110 163
110 166
110 167
110 170
110 180
110 182
110 183
110 184
110 185
110 187
110 191
110 195
110 200
110 204
110 210
110 212
110 215
110 217
110 222
110 223
110 224
110 226
110 231
110 233
110 236
110 238
110 239
110 240
110 241
110 243
110 247
110 252
110 253
110 257
110 264
110 267
110 268
110 271
110 274
110 276
110 278
110 282
110 285
110 286
110 289
110 299
110 300
110 301
110 302
110 306
110 308
110 310
110 311
110 313
110 316
110 317
110 321
110 322
110 325
110 328
110 329
110 330
110 331
110 339
110 345
110 347
110 348
110 349
110 352
110 353
110 356
110 360
110 375
110 377
110 394
110 395
110 398
110 400
110 403
110 408
110 410
110 418
110 420
110 422
110 424
110 426
110 432
110 438
110 440
110 446
110 447
110 458
110 466
110 474
110 479
110 481
110 482
110 483
110 489
110 490
110 492
110 495
110 496
110 503
110 507
110 515
110 517
110 519
110 521
110 522
110 528
110 536
110 542
110 543
110 544
110 547
110 548
110 552
110 558
110 565
110 570
110 574
110 577
110 578
110 587
110 591
110 592
110 596
110 597
110 601
110 604
110 606
110 611
110 612
110 613
110 619
110 622
110 623
110 625
110 626
110 628
110 629
110 631
110 632
110 633
110 635
110 636
110 645
110 650
110 652
110 653
110 654
110 655
110 662
110 668
110 671
110 678
110 681
110 694
110 695
110 698
110 702
110 703
110 706
110 707
110 711
110 716
110 717
110 718
110 722
110 723
110 724
110 725
110 728
110 730
110 736
110 737
110 738
110 739
110 741
110 749
110 750
110 755
110 758
110 759
110 767
110 773
110 775
110 779
110 784
110 786
110 789
110 790
110 796
110 797
110 798
110 799
111 162
111 166
111 168
111 174
111 177
111 178
111 181
111 184
111 187
111 190
111 191
111 192
111 194
111 207
111 209
111 214
111 218
111 219
111 224
111 226
111 232
111 239
111 241
111 242
111 244
111 245
111 249
111 254
111 261
111 262
111 264
111 272
111 275
111 277
111 286
111 287
111 288
111 291
111 294
111 295
111 297
111 300
111 302
111 303
111 304
111 306
111 313
111 315
111 318
111 341
111 342
111 344
111 347
111 348
111 350
111 354
111 357
111 358
111 365
111 366
111 370
111 372
111 379
111 381
111 386
111 392
111 393
111 395
111 397
111 400
111 402
111 403
111 408
111 409
111 412
111 413
111 419
111 425
111 429
111 430
111 440
111 447
111 454
111 455
111 462
111 464
111 467
111 470
111 472
111 473
111 474
111 475
111 478
111 481
111 482
111 484
111 485
111 486
111 489
111 492
111 493
111 496
111 497
111 501
111 503
111 507
111 513
111 526
111 530
111 532
111 535
111 537
111 539
111 540
111 542
111 543
111 544
111 545
111 547
111 550
111 554
111 555
111 556
111 558
111 560
111 566
111 569
111 571
111 572
111 573
111 578
111 583
111 585
111 587
111 596
111 599
111 601
111 609
111 616
111 617
111 619
111 620
111 624
111 629
111 630
111 636
111 639
111 643
111 644
111 649
111 652
111 661
111 663
111 665
111 678
111 679
111 684
111 687
111 693
111 694
111 697
111 700
111 711
111 714
111 715
111 718
111 724
111 726
111 727
111 730
111 738
111 739
111 743
111 744
111 745
111 751
111 755
111 756
111 765
111 767
111 769
111 772
111 775
111 780
111 791
111 792
111 796
112 162
112 165
112 170
112 171
112 177
112 179
112 180
112 181
112 184
112 185
112 186
112 190
112 191
112 194
112 195
112 196
112 198
112 200
112 202
112 203
112 204
112 205
112 207
112 210
112 211
112 213
112 214
112 218
112 221
112 223
112 224
112 228
112 232
112 235
112 237
112 239
112 240
112 242
112 244
112 247
112 255
112 266
112 268
112 269
112 270
112 281
112 285
112 287
112 288
112 296
112 297
112 299
112 300
112 303
112 305
112 309
112 310
112 311
112 316
112 320
112 323
112 325
112 327
112 328
112 329
112 332
112 334
112 335
112 336
112 344
112 345
112 346
112 347
112 349
112 354
112 355
112 357
112 358
112 359
112 360
112 361
112 364
112 368
112 372
112 375
112 378
112 380
112 384
112 389
112 393
112 398
112 401
112 402
112 403
112 409
112 419
112 422
112 426
112 428
112 433
112 435
112 437
112 443
112 447
112 448
112 463
112 465
112 468
112 474
112 481
112 482
112 484
112 486
112 493
112 494
112 498
112 502
112 503
112 506
112 509
112 511
112 512
112 514
112 516
112 521
112 522
112 525
112 527
112 529
112 534
112 538
112 541
112 544
112 546
112 549
112 553
112 555
112 559
112 562
112 573
112 574
112 576
112 578
112 579
112 587
112 591
112 592
112 602
112 606
112 612
112 613
112 616
112 617
112 619
112 626
112 628
112 631
112 635
112 639
112 640
112 645
112 646
112 647
112 648
112 651
112 656
112 660
112 670
112 671
112 680
112 682
112 683
112 684
112 690
112 693
112 696
112 706
112 708
112 709
112 718
112 728
112 730
112 734
112 740
112 742
112 746
112 748
112 750
112 751
112 753
112 756
112 760
112 761
112 762
112 764
112 774
112 775
112 776
112 778
112 779
112 780
112 781
112 785
112 787
112 788
112 789
112 798
112 799
112 800
113 162
113 163
113 167
113 172
113 173
113 174
113 175
113 177
113 180
113 187
113 189
113 192
113 193
113 195
113 196
113 197
113 199
113 203
113 204
113 208
113 222
113 227
113 232
113 234
113 237
113 240
113 241
113 243
113 248
113 250
113 262
113 263
113 266
113 268
113 270
113 278
113 282
113 284
113 291
113 296
113 298
113 299
113 302
113 313
113 318
113 320
113 323
113 327
113 330
113 331
113 332
113 345
113 346
113 347
113 349
113 351
113 352
113 354
113 358
113 366
113 367
113 379
113 380
113 381
113 382
113 388
113 400
113 403
113 404
113 409
113 412
113 414
113 420
113 422
113 423
113 430
113 435
113 436
113 439
113 442
113 449
113 450
113 451
113 453
113 457
113 458
113 460
113 461
113 467
113 476
113 477
113 481
113 482
113 483
113 484
113 485
113 490
113 491
113 492
113 496
113 502
113 504
113 505
113 507
113 508
113 511
113 512
113 516
113 519
113 520
113 522
113 523
113 524
113 528
113 529
113 534
113 536
113 538
113 540
113 541
113 543
113 544
113 545
113 550
113 552
113 554
113 555
113 556
113 557
113 560
113 561
113 565
113 566
113 567
113 578
113 581
113 586
113 590
113 596
113 602
113 611
113 615
113 617
113 619
113 621
113 623
113 626
113 627
113 628
113 629
113 632
113 633
113 635
113 638
113 644
113 648
113 649
113 651
113 652
113 658
113 662
113 667
113 668
113 671
113 673
113 675
113 683
113 684
113 689
113 694
113 695
113 700
113 706
113 707
113 708
113 715
113 717
113 720
113 722
113 725
113 734
113 736
113 738
113 747
113 750
113 752
113 759
113 762
113 768
113 769
113 770
113 771
113 774
113 775
113 777
113 787
113 790
113 791
113 794
114 164
114 166
114 172
114 175
114 182
114 184
114 185
114 186
114 188
114 191
114 198
114 200
114 201
114 202
114 203
114 205
114 206
114 210
114 211
114 216
114 217
114 223
114 224
114 227
114 229
114 233
114 234
114 237
114 239
114 245
114 248
114 249
114 250
114 251
114 252
114 259
114 267
114 268
114 273
114 288
114 289
114 291
114 295
114 297
114 298
114 307
114 310
114 318
114 319
114 321
114 324
114 325
114 327
114 333
114 334
114 336
114 341
114 343
114 349
114 351
114 354
114 357
114 361
114 363
114 368
114 369
114 370
114 372
114 375
114 379
114 387
114 394
114 398
114 402
114 404
114 408
114 409
114 413
114 414
114 417
114 432
114 433
114 439
114 445
114 453
114 457
114 458
114 464
114 465
114 473
114 483
114 484
114 485
114 486
114 487
114 489
114 491
114 494
114 497
114 509
114 510
114 512
114 516
114 518
114 519
114 522
114 528
114 530
114 533
114 537
114 538
114 539
114 540
114 545
114 547
114 553
114 554
114 555
114 556
114 559
114 566
114 567
114 570
114 572
114 573
114 574
114 577
114 583
114 584
114 585
114 590
114 592
114 594
114 596
114 599
114 600
114 602
114 603
114 607
114 608
114 609
114 610
114 612
114 618
114 624
114 626
114 628
114 634
114 637
114 638
114 641
114 642
114 643
114 644
114 647
114 649
114 650
114 651
114 652
114 655
114 660
114 665
114 667
114 671
114 673
114 680
114 683
114 684
114 685
114 686
114 698
114 699
114 703
114 704
114 711
114 714
114 717
114 718
114 723
114 725
114 731
114 740
114 741
114 748
114 749
114 750
114 752
114 762
114 766
114 780
114 782
114 783
114 785
114 786
114 788
114 789
114 791
114 793
115 163
115 166
115 167
115 168
115 176
115 178
115 182
115 186
115 188
115 191
115 195
115 196
115 206
115 208
115 209
115 210
115 213
115 214
115 216
115 218
115 219
115 228
115 230
115 231
115 234
115 239
115 243
115 245
115 246
115 258
115 261
115 262
115 263
115 265
115 266
115 267
115 269
115 273
115 274
115 275
115 278
115 283
115 286
115 301
115 302
115 316
115 317
115 319
115 321
115 327
115 332
115 334
115 336
115 340
115 342
115 344
115 349
115 353
115 357
115 359
115 361
115 365
115 367
115 368
115 369
115 372
115 375
115 378
115 380
115 381
115 384
115 391
115 392
115 394
115 396
115 398
115 400
115 402
115 406
115 408
115 412
115 417
115 423
115 429
115 440
115 442
115 443
115 444
115 445
115 446
115 450
115 451
115 454
115 460
115 462
115 465
115 466
115 468
115 469
115 473
115 474
115 477
115 487
115 492
115 495
115 496
115 497
115 500
115 502
115 504
115 505
115 507
115 509
115 511
115 512
115 513
115 514
115 516
115 517
115 518
115 522
115 532
115 540
115 542
115 546
115 553
115 558
115 560
115 561
115 564
115 572
115 574
115 575
115 579
115 582
115 583
115 584
115 586
115 595
115 596
115 597
115 599
115 600
115 603
115 605
115 606
115 607
115 609
115 614
115 618
115 624
115 625
115 626
115 628
115 630
115 632
115 638
115 639
115 640
115 643
115 647
115 650
115 651
115 652
115 653
115 657
115 662
115 670
115 671
115 673
115 674
115 675
115 682
115 684
115 685
115 689
115 693
115 695
115 697
115 699
115 702
115 708
115 709
115 712
115 715
115 717
115 720
115 721
115 724
115 726
115 729
115 743
115 748
115 750
115 751
115 754
115 755
115 758
115 761
115 764
115 766
115 771
115 783
115 784
115 788
115 792
115 795
115 797
115 799
115 800
116 166
116 167
116 168
116 169
116 172
116 183
116 184
116 189
116 190
116 192
116 197
116 201
116 205
116 207
116 209
116 210
116 214
116 215
116 218
116 221
116 222
116 223
116 226
116 234
116 238
116 239
116 240
116 241
116 242
116 243
116 246
116 248
116 252
116 256
116 261
116 263
116 264
116 265
116 269
116 276
116 277
116 278
116 281
116 285
116 287
116 288
116 289
116 290
116 291
116 293
116 297
116 300
116 301
116 302
116 304
116 305
116 307
116 308
116 309
116 312
116 313
116 315
116 316
116 318
116 322
116 324
116 325
116 326
116 328
116 337
116 338
116 342
116 343
116 344
116 350
116 355
116 361
116 364
116 372
116 375
116 376
116 378
116 380
116 382
116 392
116 395
116 396
116 397
116 398
116 399
116 402
116 403
116 407
116 408
116 410
116 413
116 419
116 420
116 426
116 430
116 432
116 433
116 440
116 451
116 452
116 456
116 460
116 462
116 463
116 469
116 470
116 472
116 475
116 478
116 479
116 481
116 487
116 488
116 493
116 497
116 501
116 504
116 507
116 508
116 510
116 513
116 522
116 524
116 526
116 529
116 535
116 538
116 540
116 542
116 557
116 558
116 561
116 562
116 569
116 572
116 573
116 581
116 589
116 593
116 594
116 598
116 600
116 604
116 608
116 610
116 613
116 614
116 618
116 622
116 623
116 626
116 629
116 631
116 635
116 639
116 640
116 645
116 654
116 656
116 659
116 666
116 672
116 673
116 677
116 685
116 687
116 688
116 689
116 692
116 694
116 696
116 698
116 706
116 707
116 712
116 718
116 719
116 722
116 725
116 726
116 738
116 740
116 741
116 747
116 748
116 753
116 754
116 760
116 761
116 762
116 764
116 767
116 772
116 773
116 774
116 775
116 777
116 780
116 782
116 787
116 794
116 796
116 797
117 164
117 168
117 172
117 178
117 180
117 184
117 186
117 189
117 197
117 202
117 209
117 210
117 213
117 219
117 220
117 222
117 225
117 227
117 229
117 231
117 237
117 238
117 240
117 242
117 244
117 245
117 258
117 273
117 274
117 277
117 278
117 279
117 281
117 283
117 286
117 287
117 290
117 292
117 293
117 298
117 299
117 300
117 302
117 307
117 310
117 311
117 313
117 314
117 319
117 320
117 322
117 325
117 329
117 335
117 336
117 337
117 341
117 343
117 345
117 346
117 347
117 349
117 350
117 352
117 360
117 362
117 364
117 366
117 368
117 373
117 375
117 377
117 379
117 380
117 387
117 389
117 390
117 391
117 400
117 417
117 418
117 427
117 428
117 431
117 434
117 438
117 440
117 450
117 454
117 456
117 459
117 460
117 461
117 462
117 463
117 464
117 473
117 476
117 477
117 481
117 487
117 491
117 492
117 495
117 497
117 500
117 505
117 508
117 509
117 517
117 518
117 521
117 527
117 535
117 537
117 538
117 541
117 545
117 553
117 557
117 559
117 564
117 568
117 570
117 572
117 573
117 576
117 581
117 583
117 585
117 589
117 594
117 595
117 597
117 606
117 610
117 611
117 613
117 617
117 622
117 627
117 628
117 635
117 637
117 643
117 650
117 651
117 657
117 663
117 664
117 665
117 667
117 671
117 673
117 674
117 675
117 682
117 684
117 691
117 695
117 696
117 700
117 703
117 704
117 705
117 710
117 711
117 712
117 713
117 714
117 720
117 725
117 727
117 731
117 733
117 736
117 738
117 739
117 740
117 742
117 743
117 745
117 747
117 749
117 756
117 769
117 771
117 777
117 781
117 785
117 788
117 792
117 793
118 161
118 166
118 168
118 170
118 172
118 174
118 175
118 177
118 179
118 185
118 186
118 193
118 195
118 196
118 199
118 207
118 210
118 216
118 223
118 228
118 231
118 232
118 234
118 238
118 240
118 241
118 242
118 245
118 249
118 256
118 258
118 261
118 268
118 279
118 280
118 281
118 282
118 292
118 295
118 296
118 298
118 303
118 304
118 305
118 306
118 307
118 308
118 314
118 315
118 316
118 325
118 334
118 337
118 340
118 342
118 343
118 344
118 345
118 348
118 352
118 353
118 354
118 356
118 361
118 364
118 368
118 370
118 373
118 374
118 378
118 381
118 383
118 385
118 388
118 389
118 393
118 396
118 401
118 410
118 412
118 419
118 421
118 426
118 427
118 430
118 433
118 436
118 441
118 447
118 448
118 449
118 450
118 453
118 457
118 458
118 477
118 478
118 494
118 498
118 502
118 505
118 506
118 507
118 511
118 514
118 515
118 518
118 519
118 521
118 523
118 524
118 526
118 529
118 530
118 531
118 536
118 537
118 538
118 544
118 546
118 548
118 549
118 552
118 553
118 560
118 565
118 566
118 574
118 579
118 585
118 591
118 592
118 594
118 597
118 599
118 616
118 621
118 622
118 623
118 624
118 625
118 632
118 636
118 637
118 638
118 642
118 647
118 651
118 653
118 661
118 664
118 668
118 669
118 671
118 673
118 676
118 680
118 681
118 684
118 691
118 693
118 697
118 703
118 706
118 707
118 709
118 712
118 717
118 718
118 721
118 724
118 725
118 726
118 727
118 730
118 731
118 733
118 740
118 742
118 744
118 745
118 748
118 749
118 750
118 752
118 754
118 759
118 761
118 762
118 768
118 769
118 772
118 774
118 782
118 786
118 788
118 789
118 792
118 794
118 795
118 796
118 798
118 799
118 800
119 161
119 163
119 164
119 166
119 174
119 179
119 183
119 186
119 187
119 190
119 191
119 193
119 195
119 198
119 205
119 208
119 213
119 214
119 216
119 225
119 226
119 227
119 233
119 234
119 235
119 238
119 239
119 240
119 242
119 243
119 244
119 246
119 248
119 249
119 254
119 257
119 260
119 262
119 268
119 270
119 282
119 283
119 287
119 292
119 295
119 299
119 300
119 317
119 318
119 319
119 322
119 327
119 328
119 334
119 340
119 342
119 345
119 347
119 351
119 352
119 362
119 363
119 364
119 366
119 370
119 374
119 379
119 380
119 389
119 390
119 401
119 402
119 404
119 406
119 409
119 411
119 415
119 421
119 424
119 430
119 437
119 446
119 454
119 455
119 458
119 463
119 465
119 466
119 467
119 474
119 476
119 477
119 480
119 481
119 482
119 484
119 486
119 488
119 493
119 494
119 497
119 498
119 500
119 509
119 511
119 517
119 525
119 526
119 527
119 528
119 531
119 536
119 538
119 539
119 541
119 544
119 551
119 552
119 555
119 558
119 559
119 561
119 565
119 566
119 567
119 571
119 580
119 583
119 585
119 589
119 591
119 592
119 593
119 597
119 599
119 602
119 606
119 609
119 617
119 618
119 621
119 623
119 625
119 630
119 635
119 636
119 637
119 644
119 647
119 653
119 656
119 658
119 663
119 668
119 674
119 676
119 677
119 680
119 684
119 690
119 695
119 696
119 699
119 701
119 704
119 714
119 717
119 718
119 720
119 722
119 725
119 729
119 732
119 736
119 739
119 740
119 749
119 752
119 754
119 755
119 759
119 764
119 765
119 767
119 777
119 778
119 780
119 783
119 785
119 786
119 789
120 167
120 172
120 178
120 181
120 184
120 185
120 187
120 193
120 194
120 199
120 201
120 203
120 205
120 207
120 211
120 216
120 223
120 230
120 242
120 244
120 248
120 256
120 261
120 264
120 268
120 273
120 278
120 283
120 287
120 288
120 292
120 295
120 300
120 302
120 304
120 305
120 307
120 310
120 311
120 316
120 321
120 325
120 327
120 331
120 335
120 340
120 342
120 348
120 349
120 353
120 354
120 355
120 356
120 358
120 362
120 364
120 365
120 369
120 371
120 382
120 383
120 390
120 398
120 400
120 404
120 407
120 423
120 426
120 434
120 435
120 447
120 452
120 453
120 455
120 458
120 459
120 463
120 464
120 469
120 470
120 474
120 476
120 477
120 479
120 481
120 489
120 491
120 492
120 502
120 503
120 504
120 506
120 507
120 512
120 520
120 522
120 524
120 525
120 526
120 527
120 531
120 540
120 545
120 547
120 548
120 555
120 557
120 564
120 570
120 575
120 579
120 583
120 584
120 585
120 590
120 591
120 593
120 594
120 596
120 597
120 600
120 604
120 607
120 611
120 617
120 622
120 627
120 628
120 633
120 638
120 644
120 653
120 657
120 660
120 662
120 664
120 673
120 674
120 676
120 681
120 682
120 683
120 685
120 689
120 691
120 695
120 704
120 709
120 711
120 712
120 716
120 719
120 720
120 727
120 728
120 731
120 732
120 736
120 739
120 740
120 741
120 742
120 746
120 748
120 752
120 754
120 755
120 759
120 761
120 762
120 763
120 771
120 777
120 781
120 783
120 786
120 789
120 790
120 793
120 796
120 799
121 165
121 166
121 169
121 170
121 171
121 175
121 178
121 180
121 183
121 186
121 191
121 193
121 194
121 196
121 201
121 207
121 209
121 215
121 218
121 219
121 233
121 243
121 244
121 246
121 247
121 257
121 262
121 263
121 264
121 267
121 270
121 274
121 278
121 281
121 290
121 292
121 293
121 295
121 301
121 304
121 309
121 310
121 311
121 316
121 318
121 319
121 321
121 323
121 324
121 325
121 327
121 330
121 337
121 338
121 348
121 349
121 356
121 357
121 360
121 362
121 367
121 368
121 374
121 380
121 382
121 386
121 387
121 388
121 390
121 391
121 392
121 393
121 396
121 400
121 401
121 404
121 405
121 410
121 411
121 416
121 420
121 425
121 427
121 432
121 433
121 438
121 442
121 443
121 446
121 448
121 466
121 470
121 472
121 473
121 480
121 485
121 486
121 499
121 502
121 505
121 511
121 514
121 515
121 516
121 518
121 520
121 521
121 524
121 527
121 533
121 541
121 542
121 543
121 546
121 550
121 551
121 552
121 553
121 554
121 555
121 556
121 557
121 565
121 569
121 571
121 573
121 576
121 579
121 581
121 587
121 588
121 590
121 592
121 596
121 600
121 605
121 607
121 609
121 612
121 614
121 615
121 622
121 623
121 627
121 628
121 630
121 632
121 634
121 644
121 645
121 649
121 650
121 655
121 663
121 669
121 671
121 676
121 677
121 684
121 687
121 691
121 693
121 695
121 699
121 700
121 702
121 706
121 713
121 714
121 715
121 716
121 718
121 719
121 723
121 726
121 728
121 729
121 731
121 732
121 740
121 753
121 755
121 765
121 766
121 767
121 768
121 770
121 772
121 774
121 777
121 780
121 782
121 791
121 793
121 794
121 795
121 798
121 799
122 162
122 166
122 167
122 170
122 176
122 181
122 183
122 184
122 187
122 198
122 210
122 213
122 214
122 215
122 217
122 223
122 228
122 229
122 231
122 236
122 243
122 245
122 247
122 252
122 256
122 260
122 261
122 269
122 270
122 275
122 278
122 280
122 285
122 292
122 298
122 303
122 304
122 306
122 308
122 312
122 315
122 324
122 327
122 332
122 335
122 336
122 340
122 345
122 347
122 350
122 351
122 357
122 359
122 360
122 362
122 363
122 366
122 373
122 379
122 384
122 385
122 390
122 392
122 394
122 397
122 398
122 402
122 403
122 407
122 410
122 418
122 421
122 424
122 426
122 431
122 435
122 437
122 440
122 442
122 443
122 446
122 450
122 453
122 454
122 456
122 465
122 471
122 487
122 488
122 490
122 491
122 492
122 496
122 498
122 500
122 507
122 513
122 515
122 518
122 524
122 525
122 530
122 535
122 538
122 542
122 544
122 546
122 548
122 554
122 555
122 558
122 561
122 564
122 572
122 576
122 582
122 594
122 595
122 598
122 602
122 607
122 609
122 614
122 625
122 628
122 630
122 636
122 644
122 649
122 651
122 654
122 655
122 657
122 664
122 667
122 668
122 671
122 673
122 675
122 678
122 682
122 683
122 684
122 685
122 688
122 690
122 698
122 700
122 702
122 705
122 709
122 710
122 722
122 723
122 724
122 728
122 730
122 733
122 736
122 737
122 743
122 746
122 747
122 749
122 750
122 752
122 755
122 759
122 766
122 778
122 779
122 780
122 784
122 785
122 786
122 788
122 794
122 796
122 798
122 799
123 161
123 162
123 165
123 173
123 175
123 182
123 184
123 187
123 188
123 190
123 192
123 197
123 198
123 201
123 214
123 215
123 224
123 228
123 232
123 233
123 236
123 244
123 248
123 258
123 259
123 265
123 267
123 268
123 272
123 277
123 279
123 283
123 284
123 288
123 291
123 294
123 298
123 299
123 301
123 321
123 324
123 330
123 331
123 334
123 338
123 342
123 344
123 351
123 353
123 354
123 355
123 360
123 366
123 368
123 371
123 373
123 374
123 375
123 388
123 396
123 397
123 399
123 400
123 402
123 407
123 408
123 409
123 413
123 414
123 417
123 422
123 429
123 430
123 435
123 437
123 441
123 442
123 452
123 458
123 460
123 465
123 467
123 472
123 477
123 498
123 501
123 504
123 508
123 509
123 512
123 514
123 517
123 519
123 520
123 521
123 522
123 527
123 530
123 535
123 538
123 540
123 541
123 542
123 545
123 551
123 552
123 555
123 563
123 565
123 567
123 575
123 577
123 582
123 587
123 592
123 593
123 594
123 595
123 597
123 599
123 607
123 609
123 612
123 616
123 617
123 624
123 625
123 632
123 633
123 640
123 646
123 654
123 657
123 658
123 664
123 665
123 666
123 671
123 673
123 676
123 681
123 682
123 683
123 685
123 686
123 692
123 693
123 694
123 705
123 714
123 716
123 717
123 719
123 720
123 725
123 729
123 730
123 733
123 734
123 735
123 738
123 739
123 741
123 749
123 754
123 755
123 757
123 764
123 765
123 768
123 771
123 783
123 789
123 790
123 792
123 796
123 798
123 799
124 163
124 178
124 182
124 185
124 189
124 194
124 197
124 199
124 200
124 202
124 207
124 210
124 212
124 214
124 221
124 222
124 227
124 228
124 229
124 231
124 236
124 238
124 240
124 241
124 242
124 250
124 253
124 255
124 256
124 263
124 264
124 265
124 274
124 277
124 281
124 283
124 288
124 289
124 290
124 299
124 300
124 304
124 309
124 311
124 315
124 319
124 320
124 323
124 325
124 330
124 333
124 334
124 342
124 343
124 348
124 353
124 354
124 355
124 357
124 358
124 367
124 377
124 386
124 390
124 396
124 399
124 400
124 402
124 404
124 406
124 410
124 411
124 413
124 418
124 420
124 424
124 431
124 433
124 434
124 435
124 439
124 440
124 443
124 446
124 450
124 455
124 470
124 473
124 476
124 478
124 480
124 481
124 482
124 486
124 487
124 489
124 490
124 495
124 498
124 500
124 506
124 507
124 508
124 509
124 512
124 518
124 519
124 530
124 533
124 534
124 538
124 541
124 542
124 548
124 550
124 551
124 557
124 559
124 561
124 563
124 569
124 572
124 574
124 581
124 582
124 585
124 589
124 590
124 592
124 593
124 595
124 596
124 597
124 599
124 600
124 603
124 606
124 612
124 613
124 619
124 624
124 627
124 631
124 634
124 643
124 645
124 654
124 656
124 658
124 661
124 662
124 664
124 666
124 669
124 670
124 676
124 681
124 685
124 686
124 690
124 693
124 694
124 696
124 703
124 704
124 707
124 709
124 711
124 713
124 715
124 716
124 720
124 724
124 725
124 729
124 730
124 731
124 740
124 741
124 745
124 746
124 751
124 755
124 760
124 763
124 775
124 784
124 785
124 788
124 789
124 791
124 793
124 796
125 162
125 163
125 173
125 180
125 189
125 190
125 192
125 194
125 201
125 203
125 204
125 214
125 216
125 217
125 219
125 222
125 231
125 235
125 240
125 241
125 245
125 246
125 248
125 250
125 252
125 254
125 258
125 261
125 270
125 271
125 273
125 275
125 279
125 281
125 286
125 292
125 293
125 298
125 305
125 306
125 311
125 313
125 315
125 317
125 320
125 322
125 326
125 328
125 339
125 347
125 350
125 352
125 359
125 360
125 362
125 364
125 365
125 368
125 379
125 380
125 381
125 388
125 390
125 407
125 419
125 421
125 422
125 429
125 431
125 435
125 441
125 442
125 448
125 450
125 454
125 460
125 461
125 462
125 463
125 464
125 466
125 475
125 479
125 480
125 481
125 486
125 487
125 489
125 495
125 496
125 500
125 506
125 507
125 508
125 509
125 511
125 513
125 514
125 515
125 516
125 518
125 520
125 521
125 525
125 531
125 532
125 533
125 534
125 537
125 541
125 542
125 543
125 545
125 549
125 557
125 562
125 563
125 566
125 572
125 573
125 577
125 583
125 587
125 589
125 603
125 605
125 606
125 607
125 608
125 609
125 611
125 612
125 615
125 617
125 622
125 625
125 629
125 630
125 634
125 635
125 637
125 638
125 640
125 641
125 647
125 649
125 650
125 655
125 659
125 665
125 673
125 674
125 680
125 681
125 685
125 692
125 696
125 697
125 699
125 703
125 704
125 708
125 709
125 719
125 721
125 725
125 732
125 738
125 741
125 744
125 745
125 747
125 748
125 749
125 753
125 756
125 759
125 767
125 768
125 769
125 771
125 774
125 780
125 783
125 785
125 788
125 789
125 791
125 794
125 798
125 800
126 168
126 176
126 180
126 181
126 185
126 189
126 192
126 194
126 198
126 206
126 214
126 216
126 217
126 218
126 220
126 222
126 224
126 228
126 236
126 245
126 252
126 259
126 262
126 263
126 270
126 272
126 274
126 278
126 281
126 283
126 288
126 295
126 297
126 298
126 305
126 306
126 309
126 310
126 311
126 315
126 320
126 333
126 335
126 340
126 344
126 348
126 349
126 352
126 355
126 357
126 360
126 366
126 367
126 368
126 377
126 386
126 390
126 392
126 395
126 396
126 397
126 399
126 404
126 408
126 410
126 423
126 424
126 428
126 438
126 443
126 447
126 448
126 451
126 453
126 470
126 477
126 481
126 483
126 485
126 488
126 489
126 492
126 495
126 500
126 516
126 520
126 521
126 530
126 531
126 535
126 540
126 543
126 546
126 558
126 561
126 562
126 566
126 570
126 571
126 574
126 575
126 577
126 578
126 586
126 595
126 596
126 599
126 602
126 605
126 606
126 608
126 610
126 611
126 613
126 614
126 622
126 624
126 625
126 628
126 631
126 633
126 637
126 642
126 644
126 645
126 649
126 652
126 654
126 655
126 658
126 659
126 661
126 665
126 667
126 668
126 672
126 673
126 674
126 676
126 680
126 686
126 687
126 695
126 696
126 701
126 705
126 706
126 712
126 713
126 719
126 723
126 727
126 730
126 731
126 734
126 740
126 741
126 742
126 743
126 745
126 749
126 753
126 754
126 756
126 758
126 765
126 771
126 774
126 785
127 171
127 172
127 175
127 178
127 192
127 193
127 197
127 203
127 206
127 211
127 217
127 221
127 224
127 232
127 233
127 240
127 245
127 249
127 250
127 252
127 256
127 259
127 260
127 261
127 264
127 268
127 272
127 277
127 279
127 287
127 288
127 291
127 294
127 295
127 296
127 299
127 309
127 310
127 317
127 319
127 322
127 324
127 326
127 333
127 335
127 337
127 342
127 345
127 347
127 348
127 349
127 357
127 359
127 360
127 363
127 365
127 367
127 372
127 376
127 380
127 385
127 390
127 394
127 395
127 398
127 410
127 426
127 430
127 439
127 443
127 444
127 447
127 448
127 452
127 455
127 463
127 469
127 470
127 472
127 478
127 483
127 487
127 490
127 496
127 498
127 503
127 509
127 510
127 513
127 522
127 523
127 525
127 526
127 535
127 537
127 540
127 543
127 544
127 546
127 547
127 548
127 549
127 550
127 556
127 559
127 575
127 576
127 577
127 581
127 584
127 589
127 591
127 592
127 595
127 597
127 602
127 607
127 608
127 611
127 615
127 617
127 623
127 624
127 627
127 630
127 632
127 633
127 640
127 643
127 648
127 650
127 651
127 656
127 658
127 659
127 664
127 665
127 669
127 670
127 672
127 673
127 676
127 677
127 680
127 681
127 682
127 683
127 689
127 693
127 699
127 703
127 706
127 707
127 708
127 718
127 720
127 721
127 726
127 729
127 736
127 740
127 745
127 751
127 752
127 754
127 755
127 760
127 761
127 762
127 767
127 769
127 774
127 776
127 777
127 781
127 786
127 793
127 797
128 162
128 164
128 165
128 166
128 169
128 170
128 174
128 175
128 177
128 180
128 187
128 194
128 197
128 200
128 201
128 204
128 205
128 211
128 212
128 215
128 218
128 222
128 223
128 224
128 225
128 233
128 234
128 235
128 236
128 238
128 239
128 241
128 244
128 245
128 247
128 248
128 249
128 252
128 253
128 256
128 263
128 272
128 282
128 291
128 292
128 301
128 303
128 304
128 305
128 306
128 307
128 317
128 319
128 321
128 326
128 327
128 330
128 331
128 333
128 334
128 335
128 337
128 338
128 347
128 348
128 349
128 353
128 354
128 359
128 361
128 365
128 366
128 370
128 372
128 373
128 376
128 392
128 393
128 394
128 397
128 400
128 404
128 410
128 415
128 420
128 422
128 423
128 429
128 435
128 439
128 440
128 443
128 444
128 445
128 453
128 454
128 456
128 457
128 458
128 459
128 461
128 464
128 465
128 474
128 479
128 485
128 486
128 487
128 489
128 495
128 496
128 500
128 505
128 512
128 517
128 519
128 529
128 533
128 536
128 538
128 543
128 544
128 546
128 548
128 549
128 553
128 556
128 557
128 561
128 564
128 567
128 579
128 581
128 584
128 589
128 590
128 593
128 607
128 613
128 615
128 624
128 627
128 628
128 629
128 630
128 631
128 636
128 641
128 647
128 650
128 656
128 671
128 674
128 677
128 679
128 681
128 682
128 684
128 685
128 686
128 687
128 690
128 695
128 696
128 698
128 699
128 701
128 708
128 710
128 713
128 714
128 717
128 718
128 723
128 732
128 733
128 743
128 752
128 754
128 758
128 764
128 766
128 770
128 775
128 779
128 780
128 781
128 783
128 786
128 787
128 788
128 789
128 796
128 799
129 161
129 163
129 164
129 169
129 170
129 172
129 173
129 185
129 189
129 194
129 199
129 201
129 219
129 225
129 227
129 230
129 232
129 233
129 238
129 241
129 242
129 245
129 246
129 251
129 254
129 257
129 259
129 261
129 262
129 263
129 264
129 265
129 277
129 279
129 284
129 297
129 301
129 304
129 306
129 308
129 310
129 311
129 314
129 315
129 317
129 320
129 321
129 323
129 331
129 334
129 337
129 340
129 341
129 342
129 343
129 347
129 349
129 353
129 356
129 357
129 365
129 367
129 368
129 369
129 373
129 377
129 378
129 382
129 386
129 387
129 391
129 393
129 406
129 409
129 414
129 415
129 416
129 418
129 419
129 432
129 437
129 442
129 448
129 457
129 458
129 459
129 461
129 465
129 469
129 470
129 471
129 482
129 483
129 496
129 497
129 501
129 504
129 513
129 516
129 518
129 523
129 528
129 531
129 533
129 537
129 542
129 544
129 545
129 551
129 552
129 555
129 560
129 567
129 569
129 574
129 579
129 585
129 586
129 587
129 589
129 594
129 595
129 598
129 602
129 603
129 605
129 607
129 612
129 617
129 624
129 626
129 627
129 630
129 631
129 635
129 639
129 644
129 650
129 651
129 655
129 663
129 664
129 667
129 669
129 672
129 674
129 675
129 677
129 680
129 684
129 691
129 692
129 698
129 700
129 701
129 702
129 703
129 708
129 709
129 713
129 714
129 717
129 718
129 722
129 725
129 727
129 730
129 736
129 747
129 754
129 757
129 764
129 766
129 767
129 769
129 770
129 774
129 775
129 780
129 785
129 797
129 799
129 800
130 165
130 166
130 171
130 179
130 180
130 181
130 184
130 189
130 191
130 193
130 201
130 202
130 203
130 204
130 207
130 208
130 209
130 210
130 211
130 212
130 214
130 215
130 219
130 220
130 222
130 223
130 233
130 234
130 239
130 240
130 248
130 249
130 251
130 257
130 258
130 263
130 272
130 277
130 278
130 281
130 286
130 287
130 300
130 303
130 305
130 307
130 310
130 315
130 316
130 322
130 323
130 326
130 327
130 328
130 334
130 337
130 341
130 342
130 351
130 354
130 357
130 360
130 368
130 371
130 372
130 376
130 380
130 383
130 384
130 385
130 386
130 387
130 393
130 394
130 400
130 406
130 409
130 427
130 428
130 430
130 432
130 433
130 438
130 440
130 441
130 442
130 443
130 446
130 447
130 449
130 451
130 453
130 454
130 458
130 465
130 469
130 475
130 477
130 478
130 479
130 481
130 483
130 485
130 486
130 495
130 503
130 509
130 521
130 522
130 525
130 534
130 538
130 539
130 542
130 544
130 546
130 548
130 550
130 552
130 558
130 560
130 562
130 565
130 568
130 572
130 573
130 574
130 576
130 579
130 587
130 591
130 593
130 594
130 596
130 599
130 600
130 602
130 605
130 606
130 608
130 611
130 613
130 618
130 620
130 621
130 622
130 626
130 629
130 632
130 637
130 638
130 649
130 651
130 653
130 659
130 661
130 664
130 665
130 666
130 668
130 679
130 682
130 685
130 690
130 691
130 696
130 697
130 700
130 704
130 710
130 714
130 716
130 717
130 720
130 723
130 724
130 728
130 731
130 734
130 744
130 746
130 747
130 753
130 754
130 756
130 762
130 771
130 772
130 783
130 784
130 787
130 795
131 161
131 165
131 170
131 173
131 174
131 186
131 187
131 194
131 195
131 197
131 198
131 199
131 202
131 204
131 210
131 211
131 215
131 217
131 220
131 222
131 230
131 235
131 236
131 238
131 239
131 244
131 246
131 247
131 248
131 249
131 251
131 252
131 253
131 257
131 259
131 260
131 261
131 264
131 268
131 274
131 276
131 278
131 279
131 281
131 288
131 297
131 299
131 302
131 304
131 305
131 308
131 311
131 312
131 316
131 326
131 327
131 333
131 334
131 338
131 347
131 353
131 354
131 355
131 361
131 365
131 366
131 371
131 374
131 377
131 379
131 391
131 393
131 399
131 401
131 402
131 405
131 409
131 410
131 414
131 415
131 419
131 426
131 440
131 442
131 443
131 445
131 446
131 447
131 454
131 458
131 465
131 466
131 469
131 473
131 474
131 482
131 486
131 487
131 491
131 493
131 496
131 497
131 498
131 502
131 507
131 509
131 511
131 516
131 517
131 518
131 520
131 521
131 525
131 526
131 539
131 541
131 544
131 548
131 549
131 551
131 552
131 554
131 555
131 560
131 564
131 567
131 571
131 572
131 573
131 577
131 583
131 586
131 587
131 588
131 589
131 590
131 591
131 594
131 597
131 599
131 606
131 607
131 614
131 615
131 617
131 620
131 621
131 629
131 634
131 638
131 640
131 641
131 649
131 650
131 655
131 656
131 658
131 660
131 665
131 666
131 667
131 672
131 674
131 678
131 682
131 684
131 686
131 687
131 690
131 693
131 698
131 699
131 703
131 705
131 706
131 708
131 709
131 711
131 713
131 714
131 715
131 719
131 723
131 725
131 734
131 736
131 740
131 741
131 744
131 748
131 749
131 766
131 770
131 774
131 781
131 785
131 789
131 790
131 792
131 795
131 796
132 161
132 164
132 178
132 184
132 188
132 189
132 193
132 195
132 198
132 203
132 204
132 208
132 209
132 210
132 213
132 216
132 219
132 221
132 229
132 232
132 233
132 237
132 240
132 254
132 256
132 258
132 260
132 266
132 269
132 272
132 274
132 277
132 281
132 285
132 293
132 301
132 302
132 303
132 309
132 310
132 322
132 332
132 335
132 336
132 341
132 343
132 344
132 345
132 349
132 354
132 358
132 365
132 370
132 372
132 377
132 378
132 383
132 384
132 385
132 386
132 387
132 388
132 390
132 391
132 392
132 393
132 395
132 398
132 399
132 405
132 408
132 418
132 421
132 430
132 435
132 443
132 448
132 451
132 453
132 456
132 459
132 470
132 472
132 475
132 476
132 480
132 489
132 494
132 504
132 509
132 512
132 519
132 520
132 523
132 531
132 533
132 536
132 551
132 553
132 555
132 559
132 564
132 566
132 568
132 569
132 575
132 576
132 578
132 584
132 589
132 590
132 591
132 594
132 595
132 597
132 599
132 603
132 604
132 605
132 612
132 614
132 615
132 621
132 628
132 630
132 647
132 650
132 651
132 655
132 663
132 665
132 666
132 668
132 684
132 688
132 689
132 698
132 699
132 701
132 702
132 703
132 712
132 717
132 718
132 719
132 721
132 723
132 727
132 733
132 744
132 745
132 750
132 752
132 753
132 757
132 762
132 763
132 770
132 773
132 775
132 776
132 779
132 783
132 788
132 791
132 794
132 798
133 166
133 169
133 170
133 171
133 172
133 173
133 177
133 183
133 184
133 187
133 191
133 194
133 200
133 201
133 205
133 211
133 215
133 217
133 220
133 221
133 225
133 228
133 229
133 230
133 232
133 235
133 236
133 237
133 239
133 243
133 252
133 256
133 259
133 264
133 265
133 270
133 271
133 273
133 276
133 278
133 284
133 286
133 288
133 289
133 291
133 296
133 300
133 308
133 312
133 313
133 317
133 321
133 322
133 323
133 324
133 325
133 327
133 329
133 330
133 332
133 336
133 340
133 341
133 346
133 348
133 353
133 360
133 363
133 365
133 374
133 377
133 379
133 389
133 391
133 392
133 396
133 397
133 400
133 401
133 404
133 408
133 410
133 411
133 415
133 436
133 459
133 460
133 467
133 468
133 472
133 473
133 476
133 481
133 490
133 491
133 495
133 499
133 504
133 507
133 510
133 517
133 523
133 525
133 527
133 531
133 533
133 537
133 538
133 540
133 543
133 545
133 547
133 551
133 554
133 555
133 556
133 560
133 565
133 568
133 572
133 577
133 580
133 590
133 591
133 592
133 600
133 604
133 609
133 613
133 614
133 615
133 623
133 624
133 627
133 630
133 632
133 636
133 637
133 638
133 641
133 644
133 647
133 648
133 650
133 651
133 652
133 653
133 655
133 658
133 663
133 669
133 672
133 674
133 675
133 678
133 681
133 683
133 684
133 691
133 693
133 696
133 700
133 704
133 707
133 708
133 709
133 711
133 715
133 716
133 717
133 725
133 730
133 732
133 735
133 739
133 741
133 743
133 745
133 746
133 747
133 748
133 755
133 758
133 764
133 766
133 767
133 768
133 769
133 774
133 775
133 776
133 785
133 787
133 790
133 794
133 795
133 798
133 800
134 162
134 166
134 168
134 173
134 178
134 182
134 187
134 189
134 197
134 198
134 201
134 202
134 203
134 205
134 209
134 220
134 229
134 231
134 232
134 237
134 259
134 267
134 268
134 269
134 273
134 283
134 284
134 289
134 292
134 295
134 297
134 300
134 302
134 304
134 308
134 309
134 312
134 316
134 322
134 326
134 330
134 334
134 336
134 339
134 340
134 344
134 346
134 349
134 354
134 357
134 358
134 362
134 372
134 373
134 376
134 384
134 392
134 395
134 397
134 402
134 410
134 411
134 414
134 418
134 427
134 428
134 435
134 439
134 441
134 451
134 453
134 454
134 462
134 466
134 470
134 473
134 485
134 492
134 499
134 500
134 502
134 505
134 508
134 510
134 512
134 514
134 517
134 518
134 519
134 521
134 522
134 531
134 533
134 536
134 540
134 542
134 544
134 546
134 547
134 549
134 552
134 554
134 558
134 563
134 569
134 570
134 572
134 574
134 575
134 576
134 577
134 578
134 581
134 598
134 600
134 605
134 607
134 611
134 613
134 632
134 637
134 638
134 639
134 646
134 647
134 650
134 654
134 659
134 663
134 664
134 666
134 673
134 675
134 678
134 683
134 686
134 688
134 690
134 705
134 713
134 716
134 723
134 731
134 732
134 735
134 737
134 742
134 744
134 747
134 748
134 752
134 755
134 759
134 762
134 763
134 767
134 771
134 772
134 773
134 782
134 784
134 789
134 793
134 795
134 797
134 799
135 162
135 163
135 164
135 169
135 174
135 181
135 182
135 187
135 196
135 201
135 209
135 212
135 213
135 217
135 220
135 221
135 223
135 224
135 226
135 234
135 236
135 238
135 239
135 242
135 245
135 251
135 255
135 258
135 261
135 270
135 273
135 277
135 279
135 282
135 294
135 295
135 300
135 302
135 308
135 312
135 315
135 317
135 319
135 320
135 326
135 333
135 334
135 338
135 341
135 342
135 346
135 347
135 349
135 350
135 355
135 358
135 361
135 363
135 365
135 369
135 370
135 374
135 379
135 382
135 389
135 395
135 396
135 399
135 401
135 403
135 406
135 408
135 410
135 416
135 418
135 419
135 420
135 421
135 425
135 426
135 430
135 432
135 434
135 437
135 439
135 440
135 446
135 447
135 454
135 459
135 460
135 465
135 469
135 478
135 489
135 493
135 494
135 497
135 498
135 499
135 511
135 517
135 534
135 535
135 538
135 544
135 549
135 552
135 555
135 557
135 559
135 560
135 567
135 570
135 572
135 574
135 577
135 578
135 579
135 581
135 583
135 585
135 586
135 590
135 591
135 593
135 599
135 600
135 601
135 602
135 615
135 621
135 622
135 631
135 635
135 638
135 639
135 640
135 642
135 644
135 651
135 652
135 661
135 662
135 663
135 667
135 669
135 673
135 675
135 685
135 687
135 688
135 689
135 693
135 696
135 701
135 702
135 708
135 713
135 717
135 721
135 725
135 726
135 729
135 737
135 750
135 751
135 752
135 757
135 759
135 761
135 763
135 766
135 768
135 772
135 778
135 786
135 792
135 794
135 795
135 796
135 798
135 799
136 164
136 168
136 170
136 172
136 175
136 177
136 182
136 183
136 184
136 185
136 190
136 191
136 193
136 194
136 196
136 200
136 203
136 205
136 206
136 216
136 219
136 220
136 222
136 224
136 227
136 228
136 229
136 231
136 236
136 245
136 262
136 263
136 268
136 270
136 272
136 273
136 277
136 279
136 281
136 282
136 289
136 290
136 294
136 301
136 302
136 303
136 315
136 319
136 321
136 323
136 327
136 328
136 330
136 339
136 345
136 352
136 355
136 357
136 358
136 362
136 363
136 366
136 369
136 372
136 374
136 379
136 382
136 383
136 390
136 392
136 393
136 394
136 395
136 397
136 400
136 403
136 404
136 405
136 407
136 409
136 410
136 412
136 413
136 416
136 419
136 426
136 428
136 433
136 439
136 442
136 445
136 451
136 457
136 461
136 463
136 465
136 466
136 471
136 473
136 476
136 479
136 480
136 485
136 487
136 498
136 506
136 507
136 508
136 514
136 518
136 519
136 526
136 529
136 531
136 533
136 541
136 542
136 543
136 547
136 549
136 550
136 554
136 555
136 558
136 560
136 562
136 564
136 565
136 568
136 569
136 572
136 574
136 580
136 582
136 585
136 586
136 595
136 603
136 608
136 610
136 613
136 618
136 620
136 624
136 625
136 629
136 630
136 634
136 640
136 641
136 642
136 649
136 650
136 651
136 654
136 656
136 659
136 662
136 670
136 676
136 678
136 691
136 692
136 693
136 694
136 698
136 704
136 710
136 714
136 717
136 720
136 723
136 725
136 732
136 735
136 738
136 743
136 750
136 753
136 757
136 767
136 768
136 770
136 773
136 783
136 784
136 789
136 791
136 794
136 796
136 798
137 168
137 169
137 170
137 178
137 180
137 181
137 184
137 185
137 191
137 194
137 196
137 203
137 204
137 212
137 215
137 221
137 225
137 227
137 230
137 235
137 239
137 240
137 241
137 242
137 243
137 244
137 247
137 253
137 255
137 257
137 258
137 261
137 264
137 265
137 268
137 276
137 277
137 278
137 281
137 284
137 287
137 289
137 291
137 293
137 295
137 297
137 301
137 302
137 305
137 315
137 316
137 318
137 320
137 323
137 327
137 334
137 335
137 338
137 339
137 344
137 346
137 347
137 348
137 350
137 351
137 352
137 353
137 357
137 359
137 360
137 361
137 364
137 367
137 370
137 374
137 382
137 385
137 387
137 395
137 396
137 400
137 403
137 407
137 408
137 409
137 413
137 414
137 415
137 422
137 424
137 425
137 430
137 435
137 439
137 440
137 445
137 446
137 447
137 448
137 449
137 455
137 457
137 459
137 461
137 467
137 468
137 470
137 472
137 473
137 482
137 483
137 484
137 489
137 490
137 491
137 492
137 495
137 496
137 498
137 499
137 500
137 501
137 502
137 504
137 506
137 511
137 514
137 528
137 529
137 530
137 531
137 532
137 537
137 539
137 544
137 554
137 557
137 565
137 571
137 572
137 577
137 581
137 587
137 592
137 593
137 600
137 602
137 605
137 609
137 612
137 613
137 615
137 616
137 621
137 622
137 623
137 625
137 629
137 630
137 632
137 639
137 641
137 647
137 653
137 658
137 659
137 662
137 668
137 670
137 673
137 686
137 690
137 692
137 701
137 711
137 718
137 721
137 724
137 730
137 735
137 742
137 743
137 756
137 759
137 762
137 766
137 768
137 771
137 774
137 777
137 783
137 784
137 787
137 789
137 791
137 797
137 798
138 161
138 168
138 172
138 173
138 175
138 179
138 183
138 188
138 190
138 194
138 196
138 197
138 204
138 205
138 217
138 218
138 222
138 226
138 230
138 231
138 232
138 235
138 237
138 238
138 241
138 250
138 251
138 257
138 258
138 263
138 265
138 266
138 267
138 275
138 277
138 278
138 283
138 290
138 293
138 294
138 295
138 299
138 302
138 303
138 307
138 309
138 311
138 316
138 319
138 320
138 321
138 325
138 331
138 332
138 333
138 336
138 341
138 343
138 349
138 351
138 352
138 355
138 357
138 368
138 369
138 371
138 373
138 374
138 377
138 378
138 385
138 386
138 387
138 389
138 393
138 395
138 396
138 402
138 410
138 413
138 414
138 415
138 418
138 423
138 426
138 427
138 428
138 430
138 435
138 438
138 441
138 444
138 449
138 451
138 453
138 462
138 466
138 467
138 468
138 471
138 476
138 478
138 480
138 482
138 487
138 498
138 503
138 504
138 506
138 518
138 520
138 522
138 528
138 530
138 533
138 538
138 539
138 540
138 544
138 546
138 547
138 549
138 557
138 558
138 561
138 567
138 570
138 578
138 582
138 583
138 584
138 585
138 587
138 589
138 591
138 592
138 594
138 595
138 598
138 603
138 604
138 612
138 614
138 618
138 625
138 629
138 630
138 634
138 639
138 649
138 652
138 658
138 662
138 665
138 667
138 671
138 676
138 680
138 681
138 686
138 691
138 692
138 693
138 694
138 698
138 704
138 706
138 707
138 709
138 712
138 716
138 721
138 725
138 727
138 732
138 736
138 739
138 740
138 742
138 743
138 744
138 745
138 746
138 747
138 748
138 752
138 753
138 756
138 763
138 764
138 769
138 772
138 773
138 777
138 779
138 780
138 781
138 783
138 788
138 792
139 163
139 165
139 166
139 172
139 181
139 183
139 188
139 191
139 199
139 200
139 205
139 207
139 208
139 209
139 216
139 223
139 226
139 228
139 229
139 230
139 234
139 235
139 239
139 242
139 249
139 254
139 255
139 258
139 259
139 261
139 263
139 271
139 278
139 287
139 290
139 294
139 295
139 298
139 299
139 300
139 301
139 307
139 312
139 314
139 317
139 319
139 324
139 328
139 331
139 333
139 334
139 336
139 341
139 351
139 355
139 356
139 357
139 359
139 362
139 363
139 364
139 370
139 372
139 374
139 383
139 384
139 385
139 390
139 391
139 393
139 394
139 399
139 400
139 404
139 408
139 412
139 419
139 421
139 422
139 424
139 432
139 434
139 436
139 443
139 450
139 454
139 455
139 456
139 457
139 460
139 461
139 464
139 470
139 471
139 475
139 485
139 492
139 495
139 497
139 504
139 507
139 508
139 511
139 513
139 520
139 521
139 523
139 526
139 527
139 530
139 531
139 532
139 540
139 544
139 556
139 561
139 562
139 575
139 584
139 592
139 593
139 594
139 601
139 604
139 609
139 610
139 611
139 612
139 616
139 617
139 618
139 619
139 620
139 621
139 622
139 623
139 624
139 626
139 633
139 635
139 641
139 642
139 646
139 648
139 651
139 652
139 654
139 655
139 657
139 662
139 664
139 665
139 666
139 669
139 670
139 671
139 675
139 681
139 682
139 683
139 688
139 690
139 693
139 699
139 700
139 702
139 708
139 712
139 716
139 717
139 723
139 726
139 737
139 741
139 745
139 748
139 751
139 756
139 758
139 760
139 764
139 768
139 770
139 773
139 777
139 782
139 787
139 788
139 792
139 795
139 797
139 799
139 800
140 165
140 168
140 169
140 173
140 176
140 177
140 178
140 179
140 180
140 187
140 192
140 194
140 195
140 199
140 202
140 203
140 206
140 207
140 209
140 214
140 218
140 221
140 222
140 223
140 226
140 227
140 231
140 237
140 238
140 241
140 242
140 246
140 254
140 256
140 265
140 269
140 270
140 271
140 272
140 275
140 276
140 283
140 289
140 292
140 293
140 294
140 296
140 301
140 303
140 307
140 309
140 316
140 320
140 322
140 326
140 340
140 343
140 344
140 352
140 355
140 369
140 370
140 376
140 380
140 382
140 385
140 388
140 390
140 391
140 394
140 398
140 403
140 404
140 405
140 409
140 414
140 416
140 417
140 420
140 425
140 427
140 431
140 433
140 435
140 437
140 439
140 446
140 449
140 458
140 459
140 463
140 471
140 472
140 479
140 485
140 487
140 489
140 493
140 498
140 500
140 501
140 506
140 507
140 509
140 517
140 518
140 519
140 521
140 522
140 523
140 525
140 526
140 529
140 532
140 545
140 546
140 555
140 567
140 569
140 572
140 575
140 580
140 586
140 593
140 595
140 598
140 602
140 606
140 608
140 610
140 614
140 618
140 620
140 629
140 632
140 633
140 638
140 639
140 645
140 646
140 647
140 656
140 657
140 658
140 662
140 663
140 671
140 672
140 673
140 679
140 683
140 685
140 688
140 690
140 694
140 695
140 696
140 697
140 702
140 709
140 716
140 719
140 722
140 723
140 725
140 730
140 733
140 735
140 740
140 742
140 744
140 745
140 747
140 750
140 751
140 754
140 757
140 758
140 763
140 770
140 774
140 776
140 782
140 784
140 786
140 793
140 794
140 795
141 161
141 164
141 166
141 170
141 171
141 174
141 176
141 177
141 181
141 183
141 186
141 191
141 192
141 193
141 196
141 200
141 207
141 209
141 223
141 224
141 230
141 239
141 241
141 243
141 245
141 246
141 248
141 252
141 253
141 256
141 258
141 260
141 262
141 267
141 268
141 271
141 275
141 276
141 279
141 287
141 288
141 290
141 292
141 295
141 304
141 310
141 314
141 329
141 331
141 337
141 338
141 339
141 342
141 345
141 346
141 351
141 352
141 358
141 363
141 364
141 365
141 367
141 372
141 374
141 375
141 376
141 379
141 380
141 382
141 385
141 390
141 391
141 392
141 394
141 403
141 404
141 413
141 421
141 423
141 435
141 437
141 441
141 447
141 453
141 455
141 456
141 460
141 462
141 465
141 466
141 467
141 469
141 471
141 479
141 482
141 484
141 487
141 488
141 496
141 499
141 507
141 508
141 513
141 514
141 515
141 520
141 522
141 523
141 527
141 529
141 536
141 542
141 543
141 546
141 547
141 549
141 551
141 553
141 554
141 556
141 558
141 576
141 578
141 580
141 581
141 583
141 584
141 585
141 591
141 592
141 594
141 597
141 598
141 604
141 608
141 610
141 615
141 618
141 626
141 632
141 638
141 645
141 651
141 653
141 656
141 660
141 668
141 675
141 678
141 689
141 691
141 693
141 694
141 696
141 700
141 703
141 706
141 707
141 708
141 709
141 713
141 715
141 718
141 730
141 734
141 736
141 737
141 738
141 739
141 744
141 752
141 757
141 758
141 762
141 763
141 764
141 765
141 771
141 777
141 780
141 792
142 163
142 164
142 167
142 173
142 175
142 182
142 183
142 186
142 188
142 192
142 200
142 202
142 203
142 204
142 205
142 208
142 210
142 211
142 213
142 216
142 219
142 221
142 222
142 225
142 227
142 228
142 235
142 236
142 237
142 238
142 240
142 242
142 245
142 247
142 248
142 249
142 251
142 258
142 269
142 271
142 272
142 275
142 277
142 280
142 283
142 284
142 289
142 292
142 294
142 302
142 306
142 307
142 308
142 312
142 316
142 319
142 320
142 329
142 331
142 332
142 340
142 348
142 349
142 351
142 360
142 361
142 364
142 367
142 375
142 379
142 381
142 382
142 386
142 392
142 393
142 395
142 398
142 400
142 408
142 410
142 411
142 414
142 417
142 418
142 423
142 432
142 433
142 436
142 439
142 440
142 445
142 446
142 452
142 469
142 470
142 472
142 473
142 474
142 480
142 481
142 483
142 484
142 489
142 491
142 494
142 497
142 498
142 502
142 506
142 507
142 512
142 515
142 516
142 517
142 520
142 521
142 523
142 525
142 527
142 534
142 545
142 547
142 548
142 550
142 564
142 567
142 569
142 571
142 577
142 578
142 580
142 581
142 584
142 587
142 589
142 592
142 593
142 594
142 595
142 598
142 599
142 601
142 603
142 612
142 617
142 622
142 628
142 630
142 632
142 633
142 636
142 639
142 640
142 641
142 648
142 658
142 684
142 685
142 700
142 709
142 712
142 713
142 714
142 716
142 718
142 719
142 720
142 723
142 726
142 730
142 733
142 738
142 753
142 754
142 755
142 766
142 769
142 771
142 774
142 775
142 776
142 778
142 783
142 790
142 792
142 795
142 796
142 799
143 163
143 171
143 180
143 183
143 188
143 189
143 191
143 194
143 199
143 206
143 207
143 213
143 215
143 217
143 218
143 219
143 221
143 223
143 224
143 225
143 228
143 230
143 237
143 241
143 243
143 250
143 253
143 257
143 264
143 271
143 279
143 285
143 286
143 288
143 289
143 290
143 294
143 304
143 306
143 307
143 308
143 312
143 315
143 322
143 325
143 330
143 333
143 334
143 335
143 337
143 340
143 346
143 353
143 354
143 364
143 365
143 367
143 375
143 377
143 380
143 384
143 386
143 392
143 395
143 400
143 401
143 403
143 408
143 411
143 421
143 422
143 425
143 431
143 432
143 435
143 439
143 440
143 441
143 442
143 443
143 448
143 454
143 455
143 457
143 459
143 460
143 461
143 468
143 470
143 472
143 473
143 475
143 477
143 478
143 479
143 480
143 483
143 484
143 485
143 487
143 492
143 494
143 500
143 502
143 505
143 508
143 518
143 521
143 523
143 526
143 527
143 528
143 529
143 531
143 537
143 538
143 540
143 542
143 551
143 552
143 562
143 563
143 568
143 571
143 573
143 575
143 576
143 577
143 578
143 580
143 581
143 585
143 590
143 591
143 593
143 596
143 600
143 601
143 602
143 603
143 609
143 619
143 620
143 631
143 634
143 636
143 637
143 640
143 641
143 644
143 646
143 648
143 651
143 657
143 658
143 664
143 665
143 670
143 677
143 678
143 680
143 681
143 682
143 684
143 686
143 688
143 695
143 699
143 701
143 704
143 707
143 708
143 719
143 728
143 732
143 734
143 739
143 744
143 747
143 748
143 751
143 752
143 759
143 761
143 762
143 767
143 774
143 775
143 784
143 789
143 791
143 792
143 796
143 800
144 161
144 162
144 164
144 166
144 169
144 173
144 174
144 177
144 182
144 188
144 193
144 195
144 202
144 206
144 210
144 212
144 213
144 224
144 227
144 230
144 236
144 237
144 238
144 239
144 241
144 242
144 244
144 248
144 250
144 261
144 262
144 263
144 266
144 268
144 272
144 274
144 278
144 287
144 292
144 295
144 296
144 298
144 300
144 301
144 302
144 303
144 308
144 309
144 310
144 311
144 312
144 315
144 316
144 320
144 323
144 328
144 335
144 344
144 345
144 350
144 356
144 357
144 358
144 360
144 361
144 365
144 367
144 368
144 369
144 373
144 374
144 375
144 376
144 377
144 379
144 380
144 389
144 392
144 394
144 399
144 401
144 404
144 407
144 408
144 410
144 413
144 416
144 418
144 423
144 432
144 434
144 435
144 438
144 440
144 443
144 447
144 455
144 459
144 463
144 465
144 473
144 475
144 476
144 479
144 482
144 484
144 488
144 490
144 493
144 497
144 500
144 506
144 513
144 515
144 520
144 521
144 522
144 529
144 530
144 533
144 535
144 537
144 538
144 545
144 547
144 548
144 550
144 562
144 564
144 570
144 571
144 575
144 577
144 582
144 585
144 586
144 587
144 588
144 590
144 596
144 604
144 605
144 611
144 615
144 620
144 623
144 625
144 626
144 629
144 631
144 638
144 642
144 650
144 651
144 652
144 653
144 654
144 655
144 656
144 657
144 663
144 664
144 665
144 669
144 672
144 676
144 680
144 687
144 688
144 691
144 692
144 697
144 698
144 709
144 717
144 718
144 719
144 721
144 727
144 731
144 732
144 735
144 740
144 741
144 743
144 745
144 748
144 749
144 751
144 752
144 754
144 755
144 760
144 761
144 766
144 784
144 785
144 787
144 794
144 795
144 797
145 163
145 171
145 174
145 175
145 176
145 182
145 184
145 186
145 187
145 191
145 192
145 194
145 203
145 205
145 206
145 211
145 220
145 229
145 230
145 239
145 244
145 247
145 251
145 253
145 255
145 256
145 258
145 267
145 268
145 269
145 270
145 273
145 278
145 281
145 282
145 283
145 285
145 286
145 288
145 291
145 297
145 300
145 301
145 302
145 303
145 305
145 308
145 310
145 318
145 319
145 329
145 336
145 337
145 339
145 342
145 347
145 348
145 350
145 359
145 361
145 363
145 364
145 365
145 366
145 367
145 368
145 370
145 371
145 373
145 377
145 380
145 385
145 386
145 389
145 391
145 393
145 395
145 396
145 401
145 406
145 413
145 417
145 418
145 422
145 423
145 425
145 436
145 438
145 439
145 441
145 445
145 448
145 449
145 453
145 458
145 463
145 470
145 472
145 474
145 475
145 476
145 478
145 485
145 487
145 493
145 495
145 498
145 499
145 503
145 504
145 505
145 506
145 516
145 517
145 522
145 523
145 526
145 532
145 534
145 541
145 545
145 546
145 552
145 567
145 573
145 579
145 583
145 584
145 585
145 595
145 597
145 598
145 600
145 602
145 604
145 605
145 608
145 611
145 619
145 621
145 636
145 637
145 641
145 642
145 646
145 651
145 652
145 655
145 658
145 660
145 661
145 664
145 665
145 666
145 670
145 676
145 677
145 682
145 689
145 692
145 694
145 696
145 697
145 698
145 700
145 707
145 709
145 714
145 715
145 717
145 720
145 723
145 728
145 733
145 736
145 739
145 745
145 748
145 751
145 758
145 761
145 764
145 765
145 771
145 772
145 774
145 775
145 778
145 788
145 794
145 796
145 798
146 161
146 163
146 165
146 166
146 170
146 176
146 194
146 196
146 197
146 206
146 207
146 208
146 215
146 216
146 221
146 223
146 225
146 226
146 230
146 233
146 237
146 240
146 241
146 243
146 244
146 245
146 246
146 249
146 253
146 260
146 261
146 263
146 265
146 269
146 273
146 275
146 276
146 277
146 278
146 279
146 282
146 284
146 286
146 287
146 292
146 301
146 304
146 307
146 310
146 313
146 319
146 320
146 324
146 325
146 327
146 330
146 332
146 333
146 336
146 344
146 352
146 353
146 365
146 367
146 371
146 374
146 375
146 382
146 384
146 386
146 394
146 395
146 396
146 399
146 401
146 403
146 406
146 407
146 408
146 409
146 413
146 414
146 422
146 423
146 424
146 433
146 434
146 441
146 449
146 451
146 456
146 459
146 460
146 462
146 463
146 466
146 467
146 468
146 469
146 471
146 474
146 478
146 485
146 486
146 487
146 491
146 493
146 501
146 502
146 506
146 507
146 510
146 518
146 519
146 520
146 526
146 529
146 533
146 538
146 539
146 540
146 549
146 550
146 552
146 555
146 557
146 560
146 566
146 567
146 571
146 573
146 575
146 577
146 581
146 583
146 588
146 599
146 607
146 608
146 613
146 615
146 617
146 618
146 623
146 624
146 629
146 630
146 631
146 632
146 638
146 644
146 648
146 650
146 653
146 655
146 657
146 658
146 664
146 667
146 670
146 673
146 675
146 677
146 680
146 681
146 685
146 691
146 697
146 698
146 702
146 706
146 709
146 711
146 714
146 717
146 720
146 722
146 727
146 728
146 731
146 736
146 739
146 740
146 742
146 743
146 745
146 749
146 753
146 754
146 758
146 760
146 762
146 765
146 767
146 771
146 772
146 774
146 776
146 778
146 782
146 785
146 787
146 788
146 791
146 799
147 163
147 165
147 170
147 172
147 176
147 178
147 179
147 180
147 193
147 194
147 198
147 209
147 211
147 215
147 216
147 219
147 223
147 227
147 233
147 235
147 236
147 243
147 244
147 246
147 247
147 253
147 254
147 257
147 260
147 263
147 265
147 270
147 271
147 273
147 275
147 276
147 277
147 282
147 284
147 295
147 298
147 300
147 301
147 313
147 316
147 317
147 318
147 319
147 321
147 323
147 324
147 325
147 328
147 332
147 333
147 336
147 337
147 339
147 350
147 352
147 354
147 355
147 356
147 358
147 360
147 363
147 364
147 367
147 368
147 372
147 373
147 382
147 385
147 386
147 392
147 393
147 400
147 404
147 409
147 415
147 416
147 422
147 428
147 434
147 445
147 447
147 453
147 458
147 461
147 462
147 467
147 470
147 471
147 472
147 475
147 476
147 477
147 479
147 484
147 491
147 494
147 496
147 498
147 501
147 512
147 516
147 517
147 520
147 521
147 523
147 529
147 533
147 534
147 537
147 540
147 541
147 542
147 554
147 555
147 556
147 557
147 558
147 559
147 561
147 563
147 565
147 570
147 575
147 577
147 579
147 585
147 588
147 590
147 592
147 596
147 600
147 603
147 605
147 611
147 613
147 618
147 621
147 626
147 631
147 633
147 634
147 635
147 639
147 641
147 643
147 647
147 650
147 652
147 657
147 663
147 664
147 666
147 671
147 672
147 673
147 674
147 676
147 685
147 691
147 696
147 700
147 709
147 711
147 713
147 715
147 724
147 725
147 727
147 730
147 733
147 735
147 740
147 742
147 749
147 750
147 751
147 753
147 754
147 759
147 762
147 764
147 769
147 771
147 772
147 774
147 775
147 776
147 791
147 792
147 794
147 797
147 798
148 162
148 172
148 176
148 180
148 181
148 193
148 194
148 204
148 205
148 217
148 219
148 233
148 241
148 243
148 245
148 246
148 247
148 250
148 257
148 258
148 261
148 263
148 267
148 273
148 276
148 280
148 285
148 288
148 294
148 297
148 300
148 302
148 306
148 311
148 312
148 314
148 315
148 318
148 321
148 326
148 327
148 335
148 339
148 341
148 345
148 349
148 353
148 354
148 355
148 356
148 359
148 365
148 367
148 370
148 378
148 381
148 383
148 385
148 388
148 389
148 392
148 398
148 399
148 400
148 401
148 405
148 406
148 410
148 411
148 413
148 414
148 418
148 420
148 426
148 428
148 431
148 432
148 435
148 437
148 440
148 442
148 443
148 444
148 451
148 456
148 459
148 460
148 463
148 470
148 471
148 472
148 477
148 488
148 489
148 490
148 500
148 504
148 510
148 515
148 517
148 520
148 524
148 527
148 534
148 538
148 540
148 543
148 544
148 545
148 546
148 548
148 551
148 556
148 560
148 561
148 562
148 563
148 565
148 570
148 575
148 576
148 587
148 588
148 592
148 598
148 600
148 601
148 606
148 607
148 614
148 615
148 616
148 619
148 622
148 628
148 632
148 633
148 636
148 646
148 648
148 650
148 658
148 660
148 667
148 670
148 671
148 674
148 676
148 677
148 681
148 685
148 686
148 688
148 693
148 698
148 700
148 701
148 702
148 704
148 707
148 708
148 711
148 714
148 715
148 726
148 727
148 745
148 749
148 755
148 765
148 769
148 770
148 775
148 778
148 780
148 786
148 788
148 789
148 790
148 791
148 793
148 794
148 796
148 797
149 161
149 162
149 163
149 166
149 168
149 171
149 173
149 177
149 184
149 194
149 196
149 197
149 198
149 200
149 204
149 208
149 209
149 210
149 213
149 214
149 215
149 219
149 222
149 223
149 224
149 227
149 231
149 234
149 235
149 236
149 239
149 241
149 254
149 256
149 260
149 266
149 271
149 275
149 276
149 277
149 282
149 284
149 286
149 287
149 288
149 290
149 291
149 292
149 294
149 296
149 302
149 303
149 304
149 310
149 311
149 312
149 316
149 321
149 327
149 328
149 330
149 332
149 337
149 338
149 341
149 342
149 343
149 347
149 349
149 351
149 356
149 360
149 362
149 363
149 367
149 371
149 374
149 378
149 382
149 384
149 386
149 387
149 399
149 402
149 403
149 405
149 410
149 413
149 415
149 417
149 420
149 423
149 425
149 426
149 431
149 432
149 437
149 438
149 444
149 445
149 448
149 453
149 457
149 462
149 467
149 473
149 474
149 476
149 477
149 478
149 480
149 483
149 489
149 492
149 496
149 497
149 500
149 505
149 507
149 508
149 512
149 515
149 519
149 524
149 526
149 528
149 538
149 539
149 542
149 543
149 544
149 547
149 551
149 552
149 553
149 559
149 561
149 565
149 577
149 583
149 584
149 591
149 592
149 595
149 600
149 603
149 604
149 605
149 608
149 609
149 610
149 611
149 612
149 613
149 619
149 622
149 626
149 628
149 632
149 634
149 639
149 640
149 644
149 647
149 650
149 663
149 678
149 683
149 694
149 698
149 699
149 708
149 709
149 714
149 715
149 716
149 718
149 726
149 732
149 739
149 742
149 752
149 756
149 757
149 760
149 761
149 765
149 766
149 767
149 768
149 771
149 780
149 783
149 790
149 791
149 792
150 162
150 172
150 180
150 183
150 190
150 191
150 195
150 199
150 206
150 208
150 209
150 211
150 213
150 218
150 221
150 223
150 227
150 228
150 229
150 234
150 235
150 239
150 240
150 242
150 244
150 247
150 258
150 260
150 265
150 268
150 271
150 277
150 278
150 283
150 285
150 287
150 288
150 292
150 294
150 295
150 305
150 306
150 318
150 320
150 322
150 323
150 324
150 330
150 331
150 338
150 339
150 344
150 345
150 347
150 348
150 351
150 353
150 356
150 369
150 379
150 383
150 385
150 395
150 396
150 398
150 399
150 403
150 411
150 412
150 416
150 418
150 424
150 428
150 438
150 442
150 443
150 445
150 446
150 449
150 455
150 456
150 463
150 466
150 471
150 480
150 481
150 494
150 497
150 501
150 504
150 507
150 520
150 524
150 527
150 528
150 532
150 534
150 536
150 537
150 538
150 540
150 544
150 547
150 551
150 553
150 554
150 557
150 558
150 559
150 560
150 561
150 562
150 572
150 573
150 574
150 577
150 580
150 587
150 588
150 589
150 591
150 593
150 594
150 595
150 597
150 598
150 602
150 609
150 612
150 613
150 619
150 620
150 622
150 623
150 628
150 631
150 632
150 638
150 639
150 641
150 645
150 647
150 648
150 653
150 655
150 660
150 663
150 670
150 671
150 674
150 676
150 677
150 679
150 684
150 686
150 688
150 689
150 705
150 708
150 710
150 711
150 715
150 716
150 717
150 720
150 723
150 726
150 728
150 731
150 733
150 739
150 740
150 742
150 743
150 745
150 747
150 750
150 752
150 757
150 760
150 761
150 762
150 764
150 775
150 777
150 778
150 780
150 781
150 782
150 787
150 791
150 793
150 794
150 795
151 161
151 162
151 163
151 164
151 170
151 171
151 177
151 180
151 186
151 187
151 189
151 190
151 192
151 194
151 195
151 198
151 201
151 203
151 210
151 213
151 214
151 216
151 217
151 218
151 226
151 228
151 231
151 240
151 241
151 246
151 251
151 260
151 262
151 268
151 269
151 273
151 277
151 279
151 281
151 287
151 289
151 290
151 293
151 294
151 297
151 304
151 307
151 312
151 315
151 318
151 320
151 321
151 322
151 324
151 325
151 331
151 332
151 333
151 334
151 336
151 337
151 345
151 346
151 348
151 350
151 356
151 365
151 367
151 368
151 370
151 371
151 372
151 373
151 377
151 379
151 380
151 383
151 384
151 396
151 400
151 403
151 404
151 412
151 414
151 419
151 421
151 423
151 424
151 427
151 430
151 436
151 442
151 444
151 445
151 452
151 454
151 459
151 464
151 465
151 472
151 473
151 474
151 475
151 482
151 484
151 485
151 490
151 492
151 496
151 498
151 500
151 502
151 503
151 505
151 516
151 517
151 518
151 520
151 521
151 524
151 526
151 527
151 530
151 533
151 534
151 539
151 540
151 541
151 546
151 547
151 548
151 549
151 556
151 557
151 561
151 562
151 566
151 569
151 575
151 591
151 595
151 597
151 598
151 601
151 604
151 612
151 614
151 615
151 635
151 636
151 637
151 642
151 649
151 651
151 656
151 659
151 662
151 665
151 666
151 667
151 672
151 673
151 676
151 677
151 678
151 682
151 684
151 690
151 697
151 699
151 704
151 705
151 710
151 712
151 716
151 724
151 727
151 728
151 729
151 730
151 736
151 739
151 742
151 747
151 752
151 755
151 756
151 757
151 759
151 766
151 776
151 777
151 781
151 782
151 785
151 786
151 788
151 793
151 796
152 166
152 167
152 181
152 182
152 183
152 188
152 191
152 193
152 194
152 196
152 200
152 203
152 207
152 209
152 211
152 212
152 216
152 222
152 225
152 244
152 251
152 254
152 263
152 264
152 269
152 273
152 274
152 276
152 277
152 279
152 281
152 282
152 283
152 284
152 286
152 288
152 290
152 300
152 303
152 304
152 310
152 311
152 312
152 318
152 319
152 321
152 323
152 324
152 329
152 332
152 333
152 334
152 338
152 343
152 346
152 354
152 359
152 360
152 371
152 372
152 373
152 376
152 378
152 383
152 384
152 385
152 387
152 389
152 390
152 391
152 393
152 398
152 399
152 400
152 404
152 407
152 411
152 414
152 418
152 420
152 426
152 430
152 431
152 435
152 444
152 445
152 446
152 447
152 448
152 450
152 451
152 457
152 461
152 463
152 469
152 472
152 482
152 485
152 487
152 488
152 492
152 495
152 499
152 503
152 507
152 515
152 517
152 518
152 523
152 532
152 533
152 536
152 538
152 540
152 542
152 543
152 544
152 546
152 547
152 549
152 555
152 560
152 565
152 569
152 571
152 572
152 574
152 580
152 581
152 584
152 594
152 596
152 597
152 602
152 606
152 608
152 612
152 613
152 614
152 615
152 622
152 624
152 628
152 631
152 632
152 633
152 635
152 641
152 643
152 652
152 653
152 662
152 666
152 667
152 670
152 671
152 672
152 673
152 678
152 681
152 683
152 684
152 687
152 689
152 690
152 692
152 697
152 702
152 704
152 705
152 707
152 716
152 717
152 718
152 721
152 725
152 726
152 729
152 732
152 735
152 740
152 741
152 743
152 744
152 746
152 752
152 754
152 755
152 756
152 758
152 762
152 763
152 768
152 770
152 772
152 775
152 776
152 788
152 791
152 793
153 161
153 166
153 167
153 170
153 176
153 178
153 180
153 182
153 193
153 199
153 201
153 203
153 204
153 205
153 208
153 212
153 214
153 217
153 225
153 229
153 230
153 232
153 238
153 243
153 250
153 252
153 254
153 256
153 259
153 265
153 266
153 268
153 269
153 271
153 272
153 274
153 275
153 280
153 281
153 284
153 288
153 291
153 293
153 295
153 298
153 302
153 304
153 307
153 311
153 314
153 316
153 317
153 319
153 322
153 323
153 330
153 331
153 332
153 335
153 340
153 341
153 343
153 346
153 348
153 354
153 355
153 356
153 359
153 360
153 361
153 363
153 365
153 367
153 368
153 372
153 373
153 376
153 387
153 388
153 391
153 393
153 395
153 396
153 398
153 400
153 401
153 403
153 404
153 407
153 411
153 413
153 415
153 417
153 419
153 421
153 425
153 426
153 427
153 429
153 431
153 432
153 439
153 440
153 442
153 444
153 449
153 458
153 461
153 463
153 465
153 472
153 474
153 479
153 482
153 483
153 486
153 488
153 489
153 492
153 493
153 500
153 505
153 508
153 511
153 514
153 516
153 517
153 520
153 526
153 527
153 529
153 530
153 533
153 547
153 548
153 553
153 554
153 563
153 564
153 570
153 587
153 588
153 590
153 594
153 597
153 599
153 604
153 606
153 608
153 610
153 614
153 615
153 616
153 619
153 620
153 622
153 625
153 626
153 627
153 632
153 638
153 645
153 651
153 654
153 657
153 658
153 660
153 664
153 665
153 667
153 669
153 671
153 673
153 674
153 676
153 682
153 685
153 686
153 692
153 702
153 706
153 717
153 718
153 719
153 723
153 724
153 725
153 735
153 737
153 739
153 740
153 742
153 743
153 745
153 746
153 754
153 755
153 757
153 760
153 764
153 766
153 768
153 769
153 772
153 773
153 775
153 778
153 780
153 781
153 782
153 783
153 785
153 786
153 789
153 790
153 794
153 795
153 797
153 798
154 164
154 167
154 174
154 180
154 184
154 187
154 188
154 191
154 195
154 199
154 201
154 203
154 206
154 209
154 216
154 220
154 224
154 225
154 227
154 229
154 231
154 232
154 235
154 239
154 242
154 247
154 248
154 255
154 258
154 263
154 266
154 271
154 273
154 275
154 279
154 280
154 283
154 290
154 294
154 303
154 309
154 312
154 320
154 324
154 325
154 326
154 327
154 328
154 329
154 331
154 333
154 337
154 340
154 341
154 345
154 346
154 351
154 356
154 360
154 361
154 363
154 366
154 368
154 371
154 372
154 384
154 387
154 395
154 402
154 403
154 405
154 406
154 407
154 408
154 421
154 430
154 431
154 433
154 436
154 442
154 443
154 445
154 447
154 448
154 452
154 454
154 456
154 460
154 461
154 464
154 467
154 471
154 477
154 478
154 481
154 486
154 489
154 491
154 496
154 505
154 506
154 507
154 510
154 514
154 515
154 518
154 520
154 521
154 524
154 527
154 528
154 530
154 532
154 534
154 540
154 542
154 544
154 551
154 555
154 557
154 560
154 571
154 578
154 579
154 585
154 586
154 593
154 594
154 598
154 599
154 601
154 603
154 606
154 608
154 618
154 620
154 621
154 623
154 626
154 629
154 630
154 633
154 649
154 652
154 656
154 662
154 668
154 669
154 673
154 682
154 684
154 686
154 689
154 692
154 696
154 700
154 702
154 703
154 707
154 709
154 717
154 721
154 722
154 726
154 727
154 729
154 732
154 737
154 741
154 743
154 746
154 749
154 754
154 760
154 761
154 767
154 771
154 773
154 781
154 782
154 790
154 797
154 798
154 800
155 161
155 164
155 169
155 171
155 174
155 187
155 190
155 193
155 198
155 200
155 205
155 206
155 209
155 210
155 215
155 216
155 217
155 220
155 224
155 226
155 229
155 231
155 232
155 238
155 239
155 252
155 253
155 257
155 259
155 265
155 270
155 272
155 273
155 274
155 275
155 276
155 284
155 288
155 297
155 300
155 308
155 315
155 316
155 317
155 320
155 326
155 331
155 336
155 338
155 344
155 345
155 348
155 365
155 367
155 377
155 380
155 382
155 386
155 387
155 391
155 392
155 393
155 394
155 399
155 403
155 406
155 409
155 410
155 415
155 416
155 422
155 423
155 424
155 425
155 431
155 434
155 437
155 440
155 442
155 444
155 446
155 447
155 464
155 466
155 471
155 474
155 478
155 487
155 499
155 505
155 509
155 511
155 512
155 514
155 519
155 522
155 523
155 526
155 531
155 532
155 538
155 540
155 543
155 548
155 555
155 556
155 559
155 563
155 565
155 567
155 573
155 575
155 576
155 584
155 590
155 594
155 595
155 599
155 604
155 608
155 618
155 620
155 621
155 631
155 645
155 648
155 650
155 652
155 655
155 657
155 662
155 663
155 664
155 667
155 669
155 672
155 675
155 677
155 680
155 681
155 690
155 691
155 696
155 701
155 706
155 710
155 711
155 715
155 721
155 722
155 725
155 729
155 733
155 734
155 740
155 741
155 742
155 744
155 748
155 749
155 752
155 753
155 755
155 759
155 760
155 771
155 773
155 774
155 779
155 780
155 781
155 787
155 788
155 789
155 791
155 799
156 163
156 164
156 165
156 167
156 169
156 170
156 171
156 174
156 177
156 188
156 190
156 194
156 196
156 197
156 198
156 202
156 203
156 205
156 207
156 213
156 221
156 225
156 226
156 229
156 232
156 238
156 241
156 242
156 245
156 247
156 254
156 258
156 262
156 264
156 270
156 272
156 275
156 277
156 280
156 286
156 289
156 290
156 297
156 300
156 302
156 303
156 309
156 310
156 313
156 316
156 322
156 324
156 325
156 333
156 335
156 337
156 338
156 339
156 340
156 342
156 343
156 347
156 349
156 357
156 363
156 364
156 368
156 371
156 374
156 375
156 378
156 381
156 382
156 386
156 390
156 395
156 409
156 413
156 418
156 424
156 426
156 433
156 434
156 438
156 440
156 446
156 454
156 455
156 461
156 476
156 478
156 479
156 480
156 495
156 499
156 506
156 508
156 510
156 511
156 521
156 523
156 528
156 530
156 541
156 544
156 552
156 557
156 563
156 565
156 569
156 572
156 581
156 602
156 607
156 608
156 610
156 611
156 613
156 614
156 615
156 616
156 617
156 618
156 621
156 625
156 641
156 642
156 648
156 649
156 650
156 651
156 657
156 659
156 661
156 662
156 664
156 666
156 668
156 670
156 676
156 685
156 686
156 687
156 692
156 697
156 698
156 702
156 704
156 705
156 709
156 710
156 711
156 712
156 717
156 721
156 722
156 724
156 729
156 732
156 733
156 736
156 737
156 738
156 739
156 743
156 745
156 752
156 755
156 757
156 762
156 763
156 777
156 778
156 782
156 785
156 786
156 790
156 792
156 796
157 167
157 179
157 180
157 182
157 185
157 188
157 190
157 191
157 192
157 193
157 195
157 200
157 205
157 220
157 223
157 224
157 225
157 226
157 228
157 231
157 232
157 233
157 237
157 249
157 250
157 253
157 255
157 256
157 267
157 268
157 271
157 273
157 275
157 290
157 293
157 294
157 295
157 296
157 298
157 299
157 300
157 303
157 314
157 319
157 324
157 327
157 333
157 335
157 336
157 337
157 341
157 344
157 347
157 348
157 351
157 355
157 356
157 358
157 360
157 367
157 374
157 375
157 379
157 382
157 384
157 387
157 408
157 409
157 414
157 417
157 418
157 420
157 423
157 424
157 431
157 439
157 443
157 445
157 446
157 450
157 451
157 455
157 460
157 464
157 470
157 471
157 472
157 475
157 476
157 478
157 481
157 483
157 488
157 489
157 494
157 495
157 500
157 501
157 502
157 506
157 512
157 513
157 514
157 525
157 531
157 533
157 535
157 536
157 540
157 541
157 548
157 550
157 551
157 552
157 557
157 565
157 571
157 573
157 577
157 580
157 595
157 598
157 602
157 603
157 606
157 608
157 609
157 611
157 613
157 614
157 616
157 617
157 618
157 621
157 626
157 627
157 636
157 638
157 639
157 646
157 653
157 658
157 659
157 666
157 669
157 677
157 681
157 683
157 685
157 694
157 695
157 696
157 701
157 703
157 705
157 706
157 707
157 710
157 715
157 716
157 718
157 719
157 721
157 728
157 738
157 740
157 753
157 756
157 757
157 759
157 760
157 764
157 765
157 769
157 771
157 778
157 786
157 789
157 793
157 796
157 798
158 162
158 166
158 170
158 173
158 175
158 177
158 179
158 182
158 185
158 189
158 191
158 193
158 194
158 195
158 198
158 200
158 214
158 216
158 222
158 230
158 235
158 238
158 239
158 243
158 248
158 250
158 255
158 256
158 257
158 260
158 264
158 265
158 266
158 267
158 272
158 273
158 274
158 280
158 284
158 291
158 298
158 301
158 303
158 304
158 306
158 309
158 312
158 315
158 323
158 326
158 329
158 331
158 332
158 333
158 340
158 341
158 343
158 347
158 351
158 352
158 355
158 357
158 359
158 366
158 367
158 368
158 373
158 374
158 375
158 376
158 380
158 382
158 383
158 390
158 399
158 404
158 410
158 411
158 412
158 413
158 414
158 415
158 418
158 420
158 425
158 433
158 442
158 444
158 445
158 446
158 448
158 454
158 455
158 456
158 459
158 461
158 463
158 469
158 471
158 472
158 473
158 475
158 476
158 477
158 480
158 483
158 484
158 490
158 491
158 493
158 495
158 503
158 507
158 510
158 517
158 518
158 520
158 521
158 522
158 525
158 526
158 527
158 529
158 532
158 534
158 542
158 544
158 552
158 553
158 558
158 563
158 564
158 565
158 567
158 569
158 576
158 580
158 581
158 582
158 583
158 589
158 594
158 597
158 606
158 607
158 611
158 613
158 616
158 620
158 622
158 624
158 626
158 629
158 638
158 639
158 642
158 648
158 649
158 661
158 663
158 667
158 673
158 674
158 676
158 682
158 683
158 684
158 689
158 690
158 695
158 699
158 708
158 716
158 717
158 727
158 729
158 733
158 734
158 735
158 739
158 742
158 746
158 747
158 752
158 761
158 767
158 771
158 777
158 781
158 785
158 786
158 789
158 790
158 792
158 798
159 165
159 171
159 173
159 176
159 181
159 184
159 187
159 188
159 190
159 191
159 192
159 196
159 205
159 210
159 212
159 214
159 218
159 221
159 222
159 225
159 227
159 234
159 238
159 239
159 243
159 251
159 254
159 258
159 259
159 262
159 266
159 269
159 276
159 279
159 280
159 284
159 288
159 290
159 291
159 293
159 296
159 301
159 302
159 305
159 308
159 309
159 310
159 312
159 313
159 315
159 318
159 321
159 325
159 340
159 343
159 347
159 348
159 349
159 350
159 354
159 355
159 370
159 371
159 377
159 380
159 386
159 393
159 396
159 398
159 401
159 404
159 405
159 406
159 407
159 412
159 413
159 421
159 422
159 423
159 426
159 428
159 429
159 431
159 432
159 434
159 444
159 445
159 450
159 454
159 461
159 466
159 467
159 468
159 474
159 475
159 476
159 477
159 478
159 479
159 484
159 485
159 489
159 491
159 492
159 493
159 499
159 505
159 507
159 508
159 509
159 511
159 524
159 529
159 544
159 551
159 553
159 555
159 557
159 561
159 562
159 564
159 565
159 567
159 570
159 571
159 572
159 573
159 576
159 578
159 583
159 587
159 589
159 595
159 596
159 600
159 601
159 605
159 607
159 611
159 613
159 621
159 629
159 630
159 633
159 636
159 637
159 640
159 643
159 646
159 649
159 654
159 659
159 663
159 664
159 668
159 669
159 674
159 678
159 679
159 684
159 685
159 687
159 688
159 690
159 691
159 696
159 697
159 702
159 704
159 707
159 713
159 715
159 716
159 724
159 727
159 729
159 730
159 731
159 738
159 740
159 744
159 747
159 756
159 757
159 758
159 763
159 778
159 782
159 783
159 784
159 785
159 790
159 794
159 795
159 799
160 163
160 166
160 169
160 171
160 180
160 185
160 187
160 188
160 189
160 193
160 203
160 204
160 212
160 214
160 216
160 217
160 218
160 220
160 226
160 231
160 233
160 242
160 246
160 247
160 253
160 254
160 260
160 264
160 266
160 270
160 275
160 276
160 277
160 283
160 286
160 289
160 290
160 291
160 294
160 307
160 312
160 315
160 316
160 330
160 332
160 333
160 338
160 344
160 356
160 357
160 359
160 362
160 364
160 365
160 367
160 368
160 369
160 370
160 375
160 376
160 377
160 387
160 388
160 391
160 412
160 413
160 414
160 418
160 422
160 425
160 435
160 438
160 439
160 441
160 442
160 450
160 454
160 457
160 461
160 463
160 467
160 475
160 476
160 479
160 488
160 492
160 495
160 498
160 500
160 507
160 512
160 514
160 518
160 525
160 527
160 529
160 535
160 538
160 545
160 548
160 550
160 551
160 553
160 554
160 560
160 561
160 566
160 567
160 573
160 574
160 578
160 581
160 582
160 588
160 594
160 596
160 599
160 602
160 603
160 604
160 607
160 610
160 615
160 620
160 627
160 630
160 635
160 636
160 643
160 644
160 652
160 653
160 660
160 661
160 664
160 667
160 668
160 673
160 674
160 675
160 677
160 683
160 685
160 687
160 691
160 692
160 694
160 695
160 696
160 699
160 705
160 707
160 713
160 714
160 716
160 717
160 723
160 724
160 727
160 728
160 735
160 737
160 740
160 741
160 747
160 748
160 750
160 754
160 760
160 766
160 768
160 769
160 770
160 771
160 772
160 773
160 774
160 778
160 791
160 792
160 796
161 253
161 256
161 259
161 260
161 264
161 266
161 267
161 273
161 276
161 279
161 288
161 292
161 299
161 304
161 306
161 310
161 317
161 321
161 324
161 327
161 337
161 338
161 345
161 348
161 350
161 351
161 361
161 362
161 372
161 373
161 375
161 377
161 378
161 379
161 383
161 386
161 393
161 394
161 398
161 402
161 405
161 406
161 407
161 412
161 417
161 426
161 428
161 429
161 430
161 431
161 446
161 448
161 449
161 453
161 454
161 468
161 474
161 483
161 488
161 497
161 498
161 501
161 502
161 503
161 508
161 515
161 516
161 517
161 521
161 526
161 530
161 531
161 532
161 535
161 536
161 537
161 540
161 541
161 542
161 543
161 547
161 554
161 555
161 556
161 562
161 567
161 568
161 573
161 576
161 577
161 580
161 584
161 587
161 592
161 594
161 602
161 604
161 605
161 606
161 609
161 611
161 614
161 618
161 625
161 626
161 629
161 633
161 634
161 637
161 639
161 640
161 648
161 650
161 651
161 662
161 671
161 672
161 674
161 675
161 676
161 688
161 690
161 693
161 696
161 698
161 703
161 707
161 709
161 710
161 713
161 714
161 721
161 728
161 729
161 736
161 739
161 743
161 750
161 755
161 759
161 762
161 764
161 766
161 767
161 770
161 772
161 773
161 778
161 780
161 784
161 786
161 791
161 793
161 798
161 799
161 800
162 244
162 250
162 264
162 265
162 268
162 269
162 274
162 276
162 282
162 287
162 288
162 291
162 297
162 300
162 304
162 318
162 319
162 321
162 324
162 329
162 331
162 332
162 333
162 345
162 346
162 348
162 352
162 369
162 374
162 375
162 377
162 380
162 381
162 382
162 383
162 384
162 387
162 392
162 393
162 400
162 405
162 406
162 407
162 408
162 410
162 411
162 414
162 416
162 418
162 420
162 422
162 427
162 431
162 436
162 438
162 442
162 444
162 451
162 452
162 461
162 465
162 466
162 467
162 472
162 473
162 475
162 476
162 480
162 482
162 483
162 486
162 492
162 502
162 504
162 506
162 507
162 508
162 518
162 531
162 533
162 541
162 544
162 548
162 559
162 561
162 567
162 568
162 571
162 574
162 577
162 580
162 585
162 587
162 588
162 593
162 602
162 603
162 604
162 606
162 609
162 615
162 617
162 619
162 628
162 632
162 637
162 640
162 641
162 642
162 643
162 647
162 649
162 653
162 658
162 660
162 661
162 662
162 664
162 667
162 672
162 677
162 678
162 689
162 691
162 697
162 701
162 705
162 708
162 709
162 710
162 711
162 712
162 714
162 717
162 719
162 720
162 721
162 722
162 728
162 729
162 730
162 731
162 736
162 739
162 741
162 744
162 746
162 747
162 749
162 750
162 755
162 756
162 759
162 770
162 773
162 776
162 781
162 782
162 783
162 787
162 789
162 791
162 793
163 241
163 244
163 245
163 251
163 252
163 254
163 255
163 257
163 258
163 260
163 263
163 269
163 271
163 275
163 283
163 295
163 298
163 300
163 305
163 307
163 310
163 314
163 316
163 325
163 326
163 329
163 330
163 331
163 334
163 336
163 337
163 338
163 340
163 344
163 350
163 352
163 355
163 363
163 372
163 373
163 374
163 377
163 378
163 381
163 383
163 389
163 397
163 399
163 406
163 410
163 411
163 415
163 417
163 419
163 422
163 423
163 429
163 434
163 440
163 445
163 446
163 450
163 453
163 459
163 460
163 464
163 468
163 471
163 472
163 474
163 475
163 476
163 479
163 481
163 488
163 490
163 494
163 497
163 499
163 501
163 507
163 510
163 515
163 521
163 523
163 525
163 527
163 535
163 538
163 539
163 541
163 546
163 549
163 552
163 556
163 557
163 559
163 560
163 562
163 567
163 570
163 575
163 580
163 581
163 582
163 585
163 589
163 592
163 593
163 596
163 597
163 615
163 620
163 628
163 630
163 632
163 638
163 639
163 640
163 642
163 644
163 645
163 646
163 648
163 649
163 653
163 656
163 659
163 672
163 675
163 676
163 678
163 683
163 685
163 688
163 689
163 690
163 691
163 696
163 697
163 698
163 700
163 703
163 704
163 708
163 713
163 718
163 722
163 726
163 727
163 741
163 745
163 752
163 753
163 754
163 759
163 763
163 767
163 768
163 769
163 770
163 774
163 776
163 777
163 778
163 780
163 782
163 786
163 789
163 794
163 795
163 798
164 242
164 243
164 248
164 249
164 250
164 255
164 257
164 260
164 263
164 265
164 266
164 269
164 273
164 276
164 281
164 284
164 290
164 291
164 295
164 297
164 306
164 310
164 313
164 317
164 320
164 321
164 323
164 325
164 327
164 329
164 330
164 334
164 338
164 340
164 342
164 345
164 351
164 353
164 359
164 360
164 363
164 364
164 365
164 367
164 371
164 375
164 381
164 384
164 395
164 401
164 404
164 414
164 416
164 419
164 436
164 439
164 443
164 446
164 449
164 450
164 452
164 457
164 462
164 463
164 466
164 469
164 470
164 473
164 475
164 476
164 480
164 487
164 488
164 494
164 495
164 498
164 511
164 515
164 517
164 521
164 522
164 525
164 526
164 529
164 532
164 533
164 534
164 537
164 546
164 553
164 554
164 555
164 557
164 561
164 563
164 566
164 569
164 573
164 575
164 578
164 579
164 580
164 584
164 588
164 591
164 592
164 594
164 597
164 602
164 603
164 607
164 608
164 609
164 610
164 614
164 631
164 632
164 634
164 639
164 650
164 653
164 654
164 657
164 659
164 662
164 663
164 666
164 669
164 671
164 675
164 677
164 681
164 682
164 698
164 704
164 705
164 707
164 712
164 717
164 721
164 724
164 728
164 729
164 730
164 732
164 738
164 741
164 742
164 745
164 751
164 753
164 754
164 755
164 756
164 757
164 759
164 763
164 768
164 776
164 778
164 781
164 782
164 787
164 791
164 793
164 799
165 242
165 243
165 252
165 258
165 261
165 267
165 270
165 274
165 277
165 278
165 282
165 287
165 290
165 292
165 293
165 297
165 298
165 305
165 306
165 308
165 312
165 316
165 320
165 323
165 324
165 325
165 326
165 329
165 335
165 336
165 339
165 341
165 342
165 343
165 347
165 348
165 349
165 351
165 352
165 353
165 354
165 355
165 361
165 363
165 365
165 368
165 381
165 385
165 386
165 387
165 388
165 393
165 394
165 397
165 400
165 405
165 409
165 412
165 415
165 417
165 419
165 421
165 423
165 426
165 429
165 430
165 433
165 434
165 444
165 445
165 448
165 455
165 458
165 460
165 466
165 469
165 470
165 471
165 472
165 502
165 503
165 504
165 505
165 509
165 511
165 512
165 514
165 519
165 522
165 526
165 527
165 528
165 531
165 532
165 535
165 539
165 540
165 542
165 553
165 559
165 562
165 564
165 568
165 571
165 575
165 577
165 578
165 581
165 582
165 583
165 585
165 589
165 590
165 591
165 592
165 594
165 595
165 596
165 599
165 602
165 603
165 607
165 608
165 609
165 614
165 617
165 619
165 624
165 630
165 631
165 632
165 633
165 634
165 636
165 638
165 639
165 640
165 643
165 644
165 646
165 649
165 653
165 655
165 658
165 659
165 662
165 670
165 673
165 677
165 678
165 685
165 688
165 690
165 691
165 694
165 697
165 701
165 705
165 706
165 707
165 708
165 710
165 712
165 716
165 719
165 722
165 725
165 726
165 729
165 737
165 740
165 748
165 750
165 751
165 753
165 757
165 760
165 763
165 768
165 772
165 774
165 776
165 777
165 778
165 780
165 781
165 782
165 783
165 784
165 785
165 787
165 795
165 796
165 799
166 241
166 242
166 243
166 246
166 248
166 250
166 251
166 254
166 257
166 258
166 273
166 275
166 280
166 284
166 295
166 296
166 302
166 304
166 306
166 309
166 310
166 315
166 316
166 317
166 320
166 323
166 332
166 333
166 334
166 336
166 339
166 351
166 356
166 358
166 360
166 363
166 364
166 366
166 369
166 382
166 385
166 390
166 392
166 393
166 394
166 395
166 403
166 404
166 405
166 409
166 411
166 414
166 417
166 418
166 421
166 422
166 423
166 426
166 427
166 432
166 434
166 435
166 436
166 438
166 439
166 442
166 443
166 444
166 448
166 449
166 452
166 454
166 456
166 458
166 460
166 471
166 473
166 480
166 483
166 484
166 486
166 487
166 495
166 503
166 504
166 505
166 510
166 511
166 514
166 517
166 526
166 530
166 533
166 538
166 540
166 541
166 545
166 546
166 547
166 555
166 556
166 561
166 562
166 566
166 567
166 570
166 575
166 576
166 580
166 581
166 583
166 584
166 586
166 587
166 591
166 593
166 596
166 602
166 614
166 617
166 625
166 632
166 634
166 636
166 637
166 638
166 649
166 651
166 652
166 654
166 656
166 659
166 660
166 662
166 663
166 664
166 665
166 669
166 670
166 678
166 679
166 680
166 682
166 684
166 685
166 686
166 687
166 688
166 693
166 695
166 696
166 699
166 701
166 703
166 705
166 707
166 708
166 709
166 711
166 712
166 713
166 715
166 716
166 719
166 721
166 725
166 726
166 730
166 731
166 732
166 733
166 742
166 743
166 744
166 746
166 751
166 754
166 763
166 764
166 767
166 768
166 776
166 782
166 788
166 798
167 242
167 246
167 249
167 251
167 255
167 258
167 260
167 262
167 265
167 266
167 271
167 272
167 280
167 282
167 284
167 285
167 289
167 291
167 293
167 296
167 298
167 303
167 308
167 310
167 313
167 322
167 323
167 340
167 343
167 353
167 354
167 356
167 360
167 364
167 366
167 367
167 369
167 372
167 378
167 384
167 386
167 393
167 400
167 401
167 403
167 404
167 409
167 414
167 417
167 428
167 429
167 430
167 437
167 439
167 440
167 441
167 443
167 445
167 448
167 449
167 450
167 452
167 454
167 457
167 459
167 461
167 467
167 468
167 473
167 475
167 476
167 477
167 480
167 482
167 483
167 488
167 489
167 492
167 495
167 496
167 501
167 507
167 508
167 509
167 516
167 521
167 523
167 527
167 530
167 532
167 535
167 541
167 547
167 550
167 557
167 558
167 559
167 560
167 566
167 568
167 569
167 572
167 577
167 585
167 595
167 599
167 602
167 607
167 610
167 614
167 615
167 617
167 623
167 625
167 626
167 628
167 630
167 633
167 634
167 636
167 637
167 638
167 648
167 649
167 652
167 654
167 657
167 659
167 665
167 666
167 672
167 688
167 689
167 691
167 694
167 699
167 705
167 706
167 711
167 717
167 719
167 721
167 722
167 724
167 726
167 731
167 732
167 733
167 737
167 738
167 740
167 742
167 745
167 747
167 749
167 753
167 754
167 755
167 760
167 763
167 765
167 774
167 776
167 778
167 781
167 782
167 788
167 789
167 793
168 241
168 243
168 244
168 248
168 250
168 251
168 252
168 257
168 265
168 266
168 271
168 273
168 275
168 278
168 280
168 282
168 288
168 299
168 300
168 305
168 314
168 315
168 319
168 321
168 323
168 327
168 329
168 333
168 335
168 341
168 344
168 346
168 351
168 355
168 357
168 360
168 361
168 362
168 365
168 367
168 370
168 372
168 374
168 376
168 385
168 390
168 391
168 395
168 398
168 402
168 404
168 410
168 413
168 422
168 424
168 425
168 427
168 429
168 430
168 432
168 434
168 436
168 438
168 448
168 449
168 450
168 457
168 461
168 468
168 471
168 475
168 479
168 481
168 483
168 487
168 493
168 508
168 514
168 518
168 522
168 523
168 524
168 525
168 528
168 533
168 534
168 535
168 538
168 540
168 543
168 548
168 550
168 557
168 560
168 571
168 573
168 575
168 576
168 581
168 582
168 583
168 590
168 591
168 596
168 600
168 601
168 603
168 605
168 608
168 609
168 613
168 614
168 621
168 623
168 629
168 637
168 638
168 639
168 643
168 645
168 659
168 660
168 664
168 666
168 669
168 674
168 680
168 682
168 683
168 687
168 691
168 692
168 697
168 698
168 703
168 705
168 713
168 714
168 717
168 722
168 729
168 730
168 732
168 737
168 738
168 741
168 743
168 748
168 756
168 761
168 763
168 764
168 766
168 771
168 776
168 778
168 780
168 781
168 782
168 786
168 790
168 791
168 792
168 793
168 796
168 799
169 243
169 245
169 248
169 252
169 262
169 264
169 267
169 268
169 271
169 277
169 280
169 292
169 297
169 304
169 306
169 307
169 308
169 317
169 318
169 322
169 324
169 327
169 334
169 337
169 343
169 354
169 362
169 364
169 365
169 367
169 368
169 383
169 384
169 389
169 392
169 394
169 397
169 400
169 401
169 407
169 409
169 413
169 414
169 416
169 419
169 420
169 422
169 423
169 424
169 425
169 426
169 430
169 433
169 437
169 442
169 445
169 454
169 471
169 472
169 475
169 477
169 478
169 479
169 484
169 485
169 491
169 494
169 500
169 504
169 506
169 507
169 511
169 513
169 519
169 520
169 523
169 531
169 532
169 534
169 540
169 548
169 549
169 551
169 553
169 554
169 555
169 559
169 567
169 570
169 571
169 577
169 578
169 581
169 586
169 587
169 589
169 590
169 592
169 594
169 596
169 603
169 604
169 605
169 610
169 612
169 614
169 617
169 618
169 619
169 626
169 631
169 633
169 635
169 636
169 640
169 641
169 646
169 652
169 654
169 656
169 657
169 659
169 661
169 668
169 669
169 673
169 674
169 675
169 678
169 679
169 681
169 683
169 691
169 692
169 699
169 700
169 704
169 707
169 711
169 712
169 717
169 718
169 721
169 725
169 726
169 729
169 730
169 739
169 741
169 742
169 748
169 750
169 761
169 772
169 773
169 774
169 775
169 776
170 241
170 244
170 253
170 255
170 259
170 260
170 262
170 263
170 273
170 274
170 275
170 277
170 282
170 284
170 287
170 289
170 290
170 293
170 299
170 303
170 308
170 309
170 311
170 313
170 315
170 318
170 319
170 323
170 325
170 331
170 333
170 335
170 338
170 340
170 341
170 342
170 348
170 349
170 350
170 356
170 357
170 366
170 368
170 370
170 371
170 379
170 380
170 381
170 382
170 384
170 386
170 392
170 393
170 396
170 402
170 403
170 407
170 408
170 411
170 416
170 417
170 420
170 421
170 422
170 425
170 426
170 432
170 433
170 435
170 447
170 452
170 458
170 463
170 464
170 466
170 467
170 468
170 469
170 481
170 483
170 484
170 485
170 486
170 487
170 490
170 491
170 501
170 505
170 507
170 509
170 510
170 511
170 515
170 520
170 521
170 525
170 527
170 530
170 536
170 540
170 542
170 544
170 551
170 556
170 559
170 560
170 565
170 568
170 570
170 573
170 575
170 584
170 586
170 588
170 589
170 593
170 595
170 596
170 598
170 599
170 606
170 608
170 609
170 611
170 617
170 618
170 623
170 627
170 629
170 635
170 643
170 645
170 647
170 648
170 651
170 658
170 659
170 660
170 662
170 664
170 666
170 667
170 679
170 680
170 681
170 684
170 686
170 687
170 688
170 695
170 697
170 699
170 701
170 709
170 710
170 717
170 720
170 724
170 730
170 733
170 734
170 741
170 744
170 745
170 746
170 754
170 755
170 756
170 758
170 764
170 768
170 771
170 773
170 777
170 779
170 784
170 788
170 790
170 791
170 795
170 796
170 797
171 244
171 246
171 251
171 252
171 253
171 254
171 256
171 257
171 260
171 261
171 265
171 268
171 269
171 271
171 272
171 273
171 276
171 288
171 289
171 290
171 296
171 297
171 299
171 302
171 306
171 309
171 312
171 318
171 327
171 329
171 330
171 331
171 340
171 349
171 350
171 352
171 355
171 358
171 359
171 365
171 373
171 376
171 380
171 381
171 384
171 392
171 398
171 401
171 402
171 404
171 406
171 408
171 409
171 417
171 419
171 423
171 425
171 426
171 431
171 433
171 436
171 437
171 443
171 445
171 447
171 449
171 450
171 455
171 456
171 458
171 459
171 467
171 472
171 474
171 476
171 477
171 482
171 483
171 484
171 489
171 490
171 492
171 493
171 495
171 497
171 499
171 501
171 506
171 510
171 512
171 519
171 531
171 536
171 537
171 538
171 541
171 544
171 551
171 555
171 559
171 560
171 563
171 564
171 565
171 568
171 573
171 576
171 579
171 583
171 584
171 592
171 598
171 601
171 603
171 608
171 609
171 610
171 611
171 614
171 615
171 619
171 620
171 624
171 635
171 641
171 645
171 649
171 655
171 657
171 666
171 671
171 676
171 679
171 681
171 685
171 686
171 691
171 697
171 698
171 700
171 702
171 705
171 706
171 707
171 710
171 714
171 719
171 724
171 726
171 743
171 749
171 753
171 754
171 758
171 759
171 762
171 773
171 775
171 795
171 799
172 241
172 242
172 243
172 244
172 245
172 246
172 252
172 254
172 256
172 260
172 264
172 265
172 272
172 273
172 276
172 280
172 282
172 286
172 290
172 293
172 300
172 301
172 303
172 306
172 308
172 309
172 312
172 313
172 315
172 316
172 318
172 321
172 323
172 325
172 327
172 330
172 332
172 338
172 339
172 340
172 341
172 348
172 353
172 354
172 355
172 358
172 360
172 362
172 363
172 364
172 372
172 374
172 380
172 381
172 382
172 386
172 392
172 394
172 409
172 413
172 415
172 416
172 417
172 420
172 428
172 430
172 436
172 439
172 440
172 441
172 442
172 454
172 456
172 468
172 471
172 476
172 480
172 486
172 491
172 492
172 494
172 496
172 497
172 498
172 500
172 501
172 503
172 506
172 510
172 511
172 515
172 518
172 522
172 523
172 524
172 526
172 531
172 536
172 538
172 539
172 541
172 545
172 550
172 552
172 553
172 563
172 566
172 575
172 578
172 589
172 596
172 603
172 606
172 619
172 622
172 623
172 624
172 627
172 628
172 631
172 632
172 637
172 638
172 641
172 644
172 652
172 657
172 660
172 664
172 665
172 668
172 672
172 673
172 678
172 683
172 688
172 693
172 694
172 697
172 702
172 708
172 710
172 712
172 717
172 729
172 730
172 731
172 734
172 740
172 742
172 744
172 746
172 755
172 757
172 762
172 763
172 770
172 771
172 777
172 778
172 779
172 783
172 787
172 790
172 797
173 246
173 247
173 248
173 251
173 255
173 256
173 258
173 260
173 261
173 265
173 266
173 268
173 279
173 285
173 292
173 293
173 302
173 307
173 308
173 310
173 311
173 312
173 317
173 318
173 319
173 321
173 322
173 324
173 325
173 329
173 333
173 334
173 338
173 339
173 354
173 357
173 363
173 368
173 372
173 376
173 378
173 382
173 383
173 387
173 389
173 390
173 400
173 408
173 413
173 414
173 419
173 422
173 424
173 426
173 431
173 436
173 446
173 450
173 451
173 452
173 458
173 461
173 462
173 468
173 471
173 474
173 475
173 481
173 482
173 488
173 489
173 492
173 493
173 495
173 497
173 499
173 500
173 503
173 505
173 507
173 508
173 509
173 510
173 525
173 534
173 536
173 538
173 541
173 542
173 548
173 550
173 551
173 556
173 558
173 560
173 562
173 579
173 581
173 582
173 588
173 592
173 593
173 602
173 603
173 604
173 609
173 612
173 613
173 615
173 616
173 617
173 619
173 621
173 623
173 624
173 627
173 629
173 634
173 635
173 636
173 638
173 641
173 642
173 651
173 652
173 654
173 655
173 657
173 659
173 660
173 661
173 666
173 668
173 672
173 673
173 675
173 677
173 679
173 682
173 691
173 693
173 698
173 699
173 700
173 701
173 704
173 712
173 713
173 720
173 728
173 734
173 735
173 736
173 741
173 744
173 747
173 752
173 753
173 754
173 755
173 759
173 760
173 762
173 764
173 767
173 769
173 771
173 781
173 782
173 786
173 794
174 242
174 243
174 245
174 246
174 249
174 250
174 253
174 254
174 255
174 256
174 266
174 267
174 268
174 269
174 270
174 277
174 278
174 279
174 282
174 285
174 289
174 291
174 295
174 296
174 315
174 320
174 322
174 329
174 330
174 334
174 337
174 340
174 342
174 343
174 345
174 348
174 355
174 357
174 360
174 361
174 363
174 365
174 371
174 373
174 379
174 380
174 384
174 386
174 387
174 389
174 394
174 404
174 408
174 409
174 410
174 414
174 416
174 422
174 424
174 429
174 431
174 437
174 441
174 444
174 446
174 463
174 464
174 465
174 476
174 477
174 478
174 483
174 485
174 486
174 487
174 490
174 493
174 494
174 498
174 506
174 507
174 508
174 511
174 514
174 520
174 524
174 525
174 526
174 530
174 531
174 545
174 546
174 547
174 559
174 560
174 562
174 565
174 567
174 568
174 572
174 576
174 579
174 581
174 585
174 586
174 587
174 590
174 592
174 594
174 599
174 606
174 607
174 608
174 614
174 615
174 620
174 622
174 630
174 636
174 637
174 644
174 652
174 656
174 658
174 660
174 666
174 667
174 670
174 674
174 676
174 685
174 688
174 689
174 691
174 692
174 698
174 700
174 701
174 703
174 711
174 712
174 713
174 715
174 716
174 717
174 725
174 741
174 742
174 750
174 751
174 755
174 764
174 767
174 778
174 783
174 786
174 787
174 791
174 793
175 244
175 247
175 248
175 249
175 253
175 255
175 256
175 264
175 265
175 268
175 274
175 287
175 291
175 292
175 293
175 294
175 297
175 300
175 302
175 306
175 307
175 318
175 322
175 324
175 325
175 327
175 328
175 330
175 333
175 334
175 335
175 336
175 339
175 348
175 351
175 354
175 356
175 357
175 369
175 375
175 382
175 384
175 385
175 393
175 397
175 402
175 403
175 404
175 405
175 407
175 408
175 411
175 412
175 415
175 416
175 417
175 429
175 432
175 435
175 440
175 441
175 442
175 444
175 446
175 447
175 450
175 451
175 456
175 457
175 459
175 462
175 463
175 464
175 466
175 474
175 475
175 479
175 481
175 483
175 485
175 488
175 490
175 494
175 496
175 508
175 510
175 513
175 516
175 517
175 518
175 520
175 521
175 522
175 525
175 527
175 531
175 534
175 535
175 540
175 548
175 549
175 554
175 555
175 556
175 562
175 568
175 569
175 574
175 580
175 587
175 591
175 592
175 593
175 600
175 605
175 607
175 612
175 615
175 616
175 619
175 621
175 622
175 629
175 631
175 636
175 639
175 642
175 646
175 647
175 652
175 661
175 662
175 663
175 665
175 667
175 670
175 677
175 678
175 683
175 685
175 689
175 694
175 695
175 698
175 700
175 712
175 716
175 717
175 718
175 722
175 723
175 724
175 727
175 735
175 739
175 741
175 742
175 743
175 745
175 746
175 747
175 750
175 752
175 758
175 759
175 769
175 772
175 776
175 777
175 780
175 787
175 794
175 795
175 796
175 798
175 799
175 800
176 241
176 248
176 257
176 262
176 272
176 273
176 274
176 278
176 279
176 280
176 283
176 284
176 286
176 288
176 289
176 290
176 291
176 296
176 299
176 300
176 302
176 304
176 305
176 306
176 309
176 310
176 317
176 318
176 319
176 327
176 336
176 337
176 347
176 352
176 355
176 361
176 363
176 365
176 366
176 367
176 370
176 371
176 375
176 384
176 387
176 388
176 391
176 393
176 395
176 397
176 401
176 404
176 407
176 414
176 416
176 417
176 419
176 423
176 424
176 425
176 429
176 433
176 436
176 440
176 441
176 442
176 443
176 446
176 447
176 448
176 451
176 458
176 462
176 467
176 473
176 474
176 490
176 492
176 495
176 497
176 500
176 503
176 504
176 505
176 507
176 508
176 509
176 513
176 518
176 519
176 521
176 522
176 524
176 529
176 537
176 538
176 546
176 548
176 552
176 554
176 560
176 564
176 566
176 568
176 574
176 579
176 580
176 584
176 585
176 586
176 587
176 588
176 589
176 590
176 597
176 600
176 603
176 604
176 605
176 606
176 608
176 609
176 610
176 614
176 616
176 618
176 620
176 630
176 631
176 634
176 635
176 639
176 640
176 645
176 654
176 659
176 663
176 666
176 668
176 671
176 673
176 676
176 679
176 683
176 690
176 691
176 696
176 699
176 703
176 706
176 709
176 713
176 716
176 722
176 736
176 738
176 746
176 758
176 760
176 763
176 765
176 772
176 783
176 787
176 789
176 791
176 793
176 795
176 797
176 799
177 242
177 244
177 248
177 250
177 255
177 256
177 257
177 260
177 262
177 263
177 264
177 267
177 273
177 274
177 277
177 284
177 286
177 287
177 290
177 291
177 296
177 297
177 301
177 304
177 305
177 314
177 316
177 318
177 319
177 320
177 324
177 327
177 328
177 332
177 336
177 337
177 342
177 343
177 347
177 348
177 354
177 357
177 361
177 362
177 363
177 364
177 367
177 369
177 378
177 379
177 382
177 396
177 397
177 404
177 413
177 418
177 419
177 420
177 422
177 423
177 429
177 431
177 440
177 441
177 443
177 445
177 446
177 449
177 450
177 457
177 459
177 463
177 469
177 473
177 474
177 482
177 484
177 487
177 496
177 498
177 503
177 505
177 509
177 513
177 521
177 524
177 527
177 528
177 530
177 534
177 535
177 539
177 541
177 544
177 546
177 547
177 550
177 554
177 556
177 565
177 567
177 569
177 577
177 581
177 583
177 587
177 588
177 590
177 596
177 599
177 600
177 604
177 606
177 609
177 610
177 611
177 620
177 623
177 628
177 630
177 631
177 634
177 637
177 642
177 643
177 645
177 647
177 648
177 651
177 662
177 664
177 665
177 666
177 677
177 679
177 681
177 682
177 687
177 689
177 690
177 696
177 709
177 710
177 712
177 718
177 720
177 721
177 722
177 723
177 727
177 728
177 729
177 734
177 735
177 736
177 738
177 749
177 750
177 754
177 757
177 761
177 762
177 763
177 764
177 767
177 772
177 775
177 779
177 782
177 785
177 789
177 792
177 793
177 795
177 798
177 799
177 800
178 243
178 245
178 250
178 255
178 257
178 258
178 260
178 262
178 265
178 266
178 267
178 269
178 270
178 273
178 275
178 276
178 279
178 281
178 290
178 292
178 293
178 295
178 298
178 299
178 301
178 302
178 303
178 304
178 306
178 308
178 310
178 311
178 314
178 321
178 322
178 329
178 330
178 332
178 333
178 337
178 341
178 352
178 353
178 363
178 369
178 370
178 374
178 375
178 382
178 387
178 388
178 389
178 390
178 391
178 397
178 412
178 414
178 416
178 417
178 428
178 429
178 430
178 432
178 437
178 438
178 440
178 445
178 447
178 448
178 449
178 450
178 461
178 463
178 464
178 465
178 466
178 470
178 472
178 475
178 477
178 478
178 480
178 481
178 482
178 484
178 488
178 492
178 495
178 501
178 502
178 505
178 508
178 510
178 511
178 516
178 519
178 522
178 523
178 526
178 528
178 532
178 533
178 539
178 541
178 543
178 547
178 549
178 560
178 562
178 567
178 570
178 572
178 573
178 576
178 579
178 580
178 582
178 583
178 589
178 592
178 594
178 599
178 608
178 610
178 611
178 614
178 615
178 619
178 622
178 626
178 631
178 633
178 635
178 637
178 641
178 648
178 650
178 652
178 657
178 660
178 661
178 670
178 671
178 673
178 678
178 682
178 684
178 686
178 688
178 691
178 696
178 697
178 701
178 703
178 705
178 708
178 709
178 710
178 714
178 718
178 721
178 723
178 725
178 729
178 736
178 738
178 741
178 751
178 754
178 756
178 759
178 760
178 761
178 762
178 763
178 765
178 772
178 773
178 775
178 776
178 777
178 779
178 780
178 783
178 784
178 791
178 797
178 798
178 800
179 241
179 244
179 248
179 268
179 269
179 271
179 273
179 277
179 278
179 283
179 285
179 286
179 290
179 295
179 305
179 306
179 309
179 310
179 311
179 316
179 317
179 320
179 323
179 326
179 327
179 331
179 335
179 336
179 338
179 339
179 343
179 344
179 347
179 351
179 352
179 353
179 354
179 356
179 359
179 360
179 363
179 364
179 366
179 369
179 379
179 380
179 384
179 385
179 390
179 395
179 398
179 407
179 408
179 409
179 411
179 417
179 418
179 420
179 422
179 425
179 426
179 428
179 430
179 433
179 435
179 437
179 438
179 440
179 442
179 443
179 445
179 447
179 449
179 450
179 454
179 457
179 471
179 472
179 474
179 475
179 485
179 487
179 493
179 500
179 503
179 505
179 506
179 509
179 510
179 518
179 519
179 532
179 535
179 537
179 539
179 541
179 542
179 546
179 548
179 551
179 552
179 556
179 564
179 565
179 567
179 571
179 575
179 583
179 591
179 595
179 603
179 608
179 610
179 614
179 615
179 618
179 620
179 622
179 637
179 644
179 649
179 654
179 657
179 660
179 664
179 667
179 674
179 687
179 690
179 698
179 700
179 708
179 712
179 714
179 724
179 731
179 734
179 737
179 739
179 742
179 745
179 747
179 750
179 751
179 753
179 754
179 755
179 773
179 776
179 778
179 780
179 784
179 785
179 787
179 798
179 800
180 241
180 242
180 244
180 246
180 247
180 248
180 250
180 252
180 257
180 259
180 260
180 262
180 263
180 264
180 265
180 268
180 270
180 272
180 273
180 282
180 285
180 286
180 294
180 295
180 296
180 297
180 301
180 302
180 310
180 319
180 321
180 324
180 327
180 328
180 329
180 330
180 333
180 336
180 341
180 342
180 343
180 351
180 354
180 355
180 357
180 360
180 361
180 363
180 365
180 372
180 377
180 380
180 381
180 387
180 392
180 393
180 401
180 402
180 405
180 406
180 407
180 408
180 409
180 410
180 414
180 416
180 419
180 421
180 422
180 424
180 429
180 435
180 441
180 442
180 443
180 444
180 446
180 447
180 455
180 459
180 461
180 466
180 467
180 473
180 474
180 479
180 485
180 486
180 487
180 490
180 491
180 495
180 496
180 498
180 499
180 503
180 508
180 509
180 511
180 519
180 520
180 521
180 522
180 524
180 528
180 536
180 539
180 542
180 544
180 546
180 557
180 564
180 565
180 572
180 573
180 576
180 577
180 581
180 583
180 584
180 597
180 598
180 599
180 600
180 605
180 609
180 610
180 626
180 629
180 631
180 634
180 635
180 636
180 637
180 645
180 647
180 648
180 654
180 672
180 678
180 680
180 681
180 686
180 687
180 688
180 690
180 697
180 699
180 706
180 708
180 712
180 713
180 724
180 725
180 726
180 731
180 733
180 734
180 735
180 736
180 741
180 742
180 744
180 748
180 749
180 752
180 753
180 755
180 756
180 757
180 762
180 764
180 770
180 775
180 790
180 792
180 800
181 241
181 243
181 244
181 245
181 247
181 251
181 253
181 255
181 256
181 264
181 269
181 273
181 274
181 277
181 284
181 286
181 287
181 289
181 291
181 304
181 311
181 312
181 314
181 316
181 326
181 335
181 339
181 340
181 341
181 343
181 346
181 347
181 350
181 353
181 354
181 357
181 359
181 360
181 361
181 362
181 369
181 375
181 380
181 383
181 385
181 389
181 394
181 395
181 397
181 398
181 401
181 402
181 404
181 405
181 412
181 413
181 415
181 417
181 420
181 425
181 429
181 430
181 431
181 438
181 443
181 444
181 446
181 447
181 451
181 453
181 455
181 457
181 458
181 460
181 461
181 465
181 469
181 471
181 479
181 480
181 484
181 485
181 490
181 496
181 497
181 498
181 504
181 509
181 510
181 511
181 515
181 516
181 518
181 519
181 520
181 521
181 534
181 538
181 540
181 542
181 546
181 549
181 550
181 553
181 554
181 556
181 558
181 561
181 566
181 568
181 571
181 573
181 577
181 578
181 582
181 584
181 591
181 592
181 595
181 597
181 599
181 604
181 605
181 606
181 607
181 610
181 614
181 620
181 622
181 623
181 626
181 627
181 633
181 635
181 636
181 638
181 643
181 644
181 648
181 651
181 653
181 656
181 661
181 664
181 665
181 667
181 672
181 676
181 677
181 683
181 684
181 685
181 689
181 691
181 694
181 700
181 701
181 703
181 706
181 711
181 713
181 714
181 717
181 723
181 727
181 732
181 735
181 738
181 739
181 740
181 741
181 742
181 752
181 758
181 759
181 760
181 767
181 769
181 770
181 774
181 789
181 793
181 795
182 242
182 243
182 244
182 245
182 252
182 253
182 261
182 263
182 266
182 267
182 269
182 271
182 273
182 274
182 276
182 278
182 283
182 284
182 285
182 289
182 296
182 300
182 305
182 310
182 311
182 313
182 315
182 318
182 322
182 323
182 332
182 336
182 342
182 345
182 347
182 348
182 362
182 364
182 368
182 369
182 371
182 374
182 375
182 376
182 377
182 378
182 381
182 387
182 388
182 389
182 394
182 395
182 396
182 399
182 407
182 411
182 412
182 415
182 420
182 422
182 425
182 426
182 430
182 431
182 434
182 435
182 436
182 438
182 439
182 442
182 443
182 444
182 447
182 449
182 450
182 454
182 456
182 458
182 460
182 462
182 463
182 467
182 473
182 477
182 478
182 482
182 485
182 488
182 490
182 492
182 493
182 494
182 496
182 509
182 520
182 526
182 527
182 534
182 536
182 538
182 539
182 544
182 550
182 551
182 552
182 554
182 569
182 576
182 584
182 586
182 587
182 589
182 590
182 599
182 600
182 601
182 602
182 603
182 606
182 609
182 612
182 615
182 619
182 620
182 629
182 644
182 648
182 649
182 651
182 652
182 653
182 654
182 655
182 656
182 665
182 666
182 668
182 669
182 670
182 673
182 678
182 680
182 685
182 689
182 690
182 693
182 694
182 695
182 697
182 698
182 700
182 704
182 705
182 707
182 708
182 712
182 714
182 716
182 718
182 720
182 725
182 726
182 731
182 732
182 744
182 745
182 750
182 752
182 753
182 754
182 756
182 759
182 761
182 765
182 768
182 771
182 772
182 774
182 777
182 781
182 785
182 790
182 791
182 793
182 797
183 241
183 242
183 248
183 251
183 252
183 256
183 258
183 263
183 264
183 266
183 268
183 269
183 270
183 272
183 273
183 276
183 280
183 285
183 286
183 287
183 288
183 291
183 298
183 306
183 309
183 310
183 311
183 312
183 321
183 332
183 334
183 337
183 340
183 342
183 345
183 347
183 351
183 362
183 367
183 374
183 376
183 397
183 398
183 399
183 402
183 404
183 406
183 407
183 412
183 413
183 417
183 418
183 423
183 424
183 428
183 430
183 435
183 439
183 441
183 451
183 455
183 456
183 457
183 459
183 460
183 462
183 463
183 464
183 472
183 477
183 491
183 494
183 496
183 498
183 501
183 503
183 504
183 505
183 506
183 507
183 508
183 510
183 511
183 512
183 522
183 523
183 524
183 527
183 529
183 539
183 542
183 551
183 555
183 558
183 573
183 576
183 577
183 580
183 583
183 594
183 598
183 603
183 604
183 608
183 611
183 612
183 621
183 626
183 627
183 630
183 633
183 645
183 648
183 649
183 656
183 658
183 659
183 660
183 661
183 664
183 669
183 672
183 674
183 678
183 679
183 681
183 683
183 695
183 698
183 702
183 703
183 709
183 712
183 717
183 726
183 727
183 728
183 729
183 731
183 733
183 734
183 736
183 737
183 738
183 741
183 742
183 743
183 744
183 753
183 757
183 758
183 759
183 760
183 765
183 766
183 771
183 772
183 773
183 774
183 777
183 778
183 782
183 785
183 789
183 790
183 794
183 795
183 796
184 243
184 244
184 248
184 251
184 256
184 262
184 263
184 267
184 274
184 275
184 276
184 279
184 283
184 284
184 286
184 288
184 290
184 295
184 297
184 308
184 312
184 316
184 317
184 318
184 321
184 326
184 331
184 335
184 336
184 339
184 341
184 349
184 350
184 352
184 355
184 356
184 358
184 359
184 364
184 378
184 385
184 386
184 387
184 399
184 400
184 403
184 404
184 408
184 411
184 413
184 415
184 430
184 431
184 436
184 447
184 448
184 453
184 459
184 462
184 463
184 466
184 468
184 469
184 471
184 474
184 476
184 484
184 492
184 493
184 497
184 498
184 499
184 500
184 505
184 512
184 518
184 520
184 528
184 530
184 535
184 538
184 542
184 543
184 546
184 555
184 563
184 566
184 568
184 570
184 572
184 574
184 577
184 578
184 580
184 583
184 585
184 588
184 603
184 605
184 606
184 607
184 609
184 612
184 613
184 614
184 616
184 619
184 622
184 625
184 629
184 633
184 636
184 637
184 639
184 644
184 648
184 653
184 655
184 657
184 658
184 659
184 662
184 669
184 674
184 676
184 679
184 682
184 688
184 691
184 692
184 693
184 697
184 700
184 701
184 709
184 714
184 715
184 718
184 723
184 726
184 734
184 736
184 738
184 739
184 743
184 744
184 745
184 747
184 757
184 769
184 771
184 772
184 774
184 775
184 779
184 780
184 786
184 787
184 800
185 241
185 247
185 248
185 251
185 255
185 259
185 261
185 262
185 263
185 273
185 274
185 277
185 281
185 284
185 285
185 288
185 301
185 305
185 306
185 307
185 308
185 311
185 312
185 317
185 322
185 323
185 330
185 332
185 338
185 339
185 343
185 349
185 355
185 361
185 363
185 364
185 365
185 366
185 368
185 370
185 379
185 380
185 384
185 390
185 395
185 396
185 397
185 403
185 408
185 412
185 415
185 416
185 418
185 424
185 425
185 427
185 431
185 438
185 450
185 453
185 455
185 456
185 459
185 462
185 464
185 467
185 469
185 475
185 481
185 482
185 483
185 484
185 487
185 490
185 494
185 496
185 497
185 500
185 504
185 511
185 512
185 514
185 515
185 516
185 521
185 525
185 537
185 541
185 545
185 548
185 549
185 550
185 557
185 559
185 560
185 562
185 564
185 570
185 576
185 580
185 581
185 583
185 584
185 588
185 599
185 601
185 603
185 604
185 606
185 612
185 616
185 617
185 619
185 623
185 625
185 626
185 630
185 631
185 643
185 648
185 650
185 653
185 656
185 657
185 661
185 665
185 675
185 676
185 679
185 680
185 681
185 686
185 689
185 695
185 705
185 709
185 710
185 713
185 714
185 715
185 716
185 718
185 719
185 723
185 728
185 729
185 730
185 731
185 735
185 737
185 738
185 743
185 744
185 749
185 750
185 752
185 756
185 759
185 761
185 763
185 772
185 776
185 783
185 787
185 788
185 791
185 798
186 245
186 258
186 265
186 272
186 275
186 279
186 280
186 294
186 297
186 300
186 305
186 306
186 307
186 314
186 317
186 319
186 324
186 325
186 327
186 328
186 332
186 339
186 343
186 347
186 349
186 350
186 351
186 353
186 357
186 360
186 364
186 366
186 368
186 369
186 370
186 374
186 377
186 383
186 390
186 392
186 399
186 401
186 402
186 403
186 406
186 407
186 410
186 413
186 420
186 421
186 423
186 429
186 430
186 434
186 439
186 440
186 446
186 451
186 453
186 454
186 455
186 456
186 458
186 461
186 474
186 480
186 493
186 496
186 497
186 498
186 499
186 501
186 504
186 511
186 518
186 520
186 522
186 523
186 526
186 530
186 531
186 533
186 534
186 538
186 539
186 540
186 546
186 548
186 550
186 551
186 555
186 559
186 560
186 566
186 567
186 573
186 575
186 581
186 589
186 594
186 599
186 602
186 603
186 604
186 610
186 613
186 618
186 622
186 625
186 630
186 631
186 633
186 634
186 635
186 638
186 639
186 640
186 642
186 653
186 655
186 660
186 663
186 664
186 666
186 669
186 670
186 671
186 672
186 681
186 682
186 684
186 692
186 695
186 700
186 703
186 704
186 708
186 712
186 713
186 714
186 718
186 721
186 724
186 729
186 733
186 738
186 739
186 741
186 751
186 752
186 753
186 754
186 760
186 761
186 763
186 764
186 766
186 769
186 773
186 779
186 780
186 784
186 787
186 790
186 793
186 796
186 797
186 800
187 246
187 247
187 256
187 257
187 262
187 267
187 268
187 270
187 276
187 278
187 281
187 282
187 287
187 290
187 296
187 298
187 303
187 310
187 314
187 315
187 317
187 322
187 325
187 326
187 327
187 329
187 335
187 336
187 337
187 338
187 339
187 340
187 341
187 343
187 344
187 346
187 351
187 353
187 354
187 358
187 359
187 360
187 364
187 365
187 370
187 371
187 379
187 381
187 383
187 384
187 385
187 390
187 396
187 398
187 400
187 401
187 404
187 406
187 410
187 413
187 419
187 420
187 431
187 435
187 440
187 446
187 447
187 451
187 456
187 457
187 467
187 469
187 473
187 474
187 476
187 478
187 481
187 482
187 485
187 487
187 490
187 494
187 520
187 527
187 529
187 530
187 533
187 535
187 542
187 548
187 549
187 551
187 552
187 554
187 556
187 565
187 572
187 577
187 579
187 581
187 585
187 587
187 588
187 590
187 600
187 602
187 603
187 605
187 609
187 611
187 612
187 613
187 618
187 620
187 621
187 625
187 629
187 630
187 637
187 639
187 642
187 647
187 650
187 652
187 653
187 654
187 657
187 659
187 661
187 665
187 668
187 669
187 672
187 673
187 675
187 677
187 684
187 693
187 697
187 698
187 705
187 706
187 709
187 710
187 722
187 726
187 729
187 731
187 734
187 736
187 738
187 740
187 743
187 744
187 747
187 752
187 753
187 757
187 760
187 765
187 766
187 768
187 769
187 772
187 777
187 778
187 779
187 780
187 781
187 783
187 788
187 794
187 795
187 798
188 246
188 253
188 255
188 257
188 259
188 261
188 262
188 268
188 272
188 274
188 275
188 280
188 282
188 286
188 287
188 292
188 295
188 296
188 299
188 302
188 304
188 309
188 313
188 316
188 318
188 320
188 322
188 329
188 330
188 334
188 336
188 340
188 342
188 343
188 350
188 351
188 353
188 358
188 361
188 366
188 369
188 370
188 377
188 378
188 379
188 382
188 385
188 387
188 391
188 394
188 395
188 396
188 397
188 405
188 407
188 408
188 410
188 414
188 418
188 419
188 421
188 424
188 425
188 429
188 432
188 433
188 435
188 440
188 446
188 448
188 455
188 457
188 459
188 461
188 465
188 468
188 471
188 472
188 475
188 476
188 478
188 486
188 487
188 492
188 496
188 499
188 502
188 506
188 507
188 510
188 511
188 513
188 516
188 523
188 537
188 538
188 542
188 545
188 557
188 559
188 563
188 566
188 569
188 572
188 574
188 577
188 580
188 582
188 587
188 595
188 596
188 601
188 602
188 611
188 617
188 619
188 620
188 628
188 631
188 633
188 638
188 639
188 641
188 642
188 645
188 647
188 648
188 649
188 653
188 657
188 663
188 666
188 671
188 680
188 682
188 683
188 686
188 703
188 706
188 708
188 709
188 710
188 713
188 715
188 716
188 717
188 724
188 725
188 726
188 727
188 728
188 730
188 731
188 732
188 741
188 742
188 743
188 745
188 747
188 748
188 749
188 752
188 759
188 768
188 770
188 772
188 781
188 783
188 790
188 793
188 800
189 242
189 245
189 249
189 250
189 262
189 263
189 267
189 271
189 272
189 276
189 281
189 286
189 287
189 289
189 297
189 299
189 304
189 305
189 308
189 315
189 319
189 320
189 327
189 328
189 340
189 342
189 344
189 345
189 347
189 349
189 350
189 351
189 361
189 362
189 367
189 368
189 369
189 370
189 371
189 372
189 374
189 376
189 385
189 389
189 392
189 396
189 397
189 398
189 399
189 401
189 404
189 406
189 421
189 429
189 430
189 432
189 438
189 439
189 441
189 442
189 446
189 447
189 448
189 450
189 452
189 455
189 460
189 463
189 467
189 470
189 471
189 473
189 474
189 476
189 479
189 481
189 484
189 487
189 489
189 497
189 499
189 500
189 502
189 506
189 511
189 513
189 520
189 521
189 523
189 527
189 530
189 531
189 533
189 534
189 535
189 538
189 543
189 544
189 548
189 549
189 550
189 558
189 560
189 564
189 568
189 574
189 576
189 579
189 580
189 581
189 585
189 589
189 591
189 595
189 597
189 602
189 610
189 615
189 616
189 617
189 629
189 630
189 631
189 632
189 637
189 639
189 640
189 641
189 648
189 655
189 660
189 663
189 666
189 669
189 670
189 674
189 677
189 678
189 683
189 685
189 686
189 688
189 690
189 691
189 695
189 696
189 702
189 705
189 710
189 716
189 719
189 720
189 721
189 725
189 727
189 728
189 736
189 740
189 747
189 748
189 750
189 754
189 760
189 762
189 765
189 766
189 767
189 774
189 779
189 782
189 785
189 789
189 790
189 798
189 799
189 800
190 247
190 248
190 249
190 262
190 267
190 272
190 277
190 282
190 286
190 294
190 297
190 301
190 303
190 305
190 307
190 310
190 314
190 315
190 321
190 323
190 324
190 325
190 326
190 332
190 334
190 335
190 337
190 340
190 343
190 344
190 346
190 348
190 369
190 374
190 375
190 381
190 383
190 385
190 386
190 391
190 394
190 397
190 398
190 400
190 402
190 403
190 404
190 405
190 408
190 409
190 410
190 411
190 414
190 419
190 420
190 422
190 423
190 424
190 425
190 435
190 439
190 440
190 441
190 442
190 448
190 451
190 455
190 458
190 460
190 464
190 465
190 477
190 478
190 484
190 485
190 489
190 490
190 497
190 498
190 501
190 509
190 510
190 511
190 514
190 515
190 516
190 518
190 521
190 524
190 529
190 533
190 539
190 542
190 543
190 549
190 553
190 556
190 567
190 568
190 572
190 573
190 575
190 585
190 586
190 588
190 591
190 595
190 597
190 599
190 600
190 602
190 613
190 619
190 621
190 624
190 628
190 630
190 632
190 637
190 639
190 651
190 662
190 665
190 675
190 690
190 695
190 697
190 700
190 703
190 707
190 711
190 713
190 715
190 721
190 723
190 727
190 734
190 740
190 745
190 751
190 752
190 757
190 759
190 764
190 767
190 768
190 769
190 772
190 774
190 775
190 776
190 778
190 780
190 787
190 793
190 794
190 795
191 241
191 243
191 245
191 249
191 255
191 257
191 263
191 264
191 268
191 269
191 273
191 275
191 279
191 286
191 288
191 289
191 293
191 297
191 298
191 299
191 306
191 314
191 317
191 318
191 320
191 321
191 322
191 325
191 328
191 331
191 337
191 341
191 346
191 348
191 351
191 357
191 358
191 359
191 362
191 364
191 368
191 371
191 381
191 382
191 392
191 404
191 405
191 407
191 413
191 415
191 416
191 420
191 431
191 433
191 434
191 437
191 438
191 441
191 448
191 452
191 453
191 455
191 458
191 459
191 463
191 466
191 477
191 486
191 489
191 494
191 495
191 498
191 502
191 503
191 508
191 513
191 515
191 517
191 519
191 521
191 528
191 534
191 543
191 544
191 546
191 548
191 549
191 555
191 558
191 560
191 562
191 572
191 573
191 577
191 581
191 584
191 587
191 588
191 592
191 596
191 602
191 603
191 609
191 610
191 614
191 615
191 618
191 619
191 620
191 631
191 632
191 634
191 635
191 651
191 654
191 655
191 657
191 660
191 662
191 663
191 666
191 667
191 668
191 672
191 674
191 681
191 688
191 689
191 692
191 697
191 705
191 707
191 710
191 712
191 720
191 725
191 727
191 730
191 734
191 735
191 737
191 738
191 740
191 741
191 742
191 747
191 749
191 751
191 773
191 777
191 782
191 783
191 784
191 786
191 794
191 799
191 800
192 242
192 246
192 249
192 251
192 253
192 257
192 261
192 264
192 271
192 272
192 278
192 280
192 283
192 284
192 287
192 289
192 290
192 291
192 292
192 293
192 296
192 301
192 304
192 308
192 311
192 312
192 314
192 315
192 316
192 319
192 323
192 324
192 327
192 328
192 337
192 341
192 342
192 343
192 346
192 350
192 354
192 358
192 362
192 363
192 364
192 366
192 368
192 371
192 372
192 373
192 377
192 381
192 384
192 385
192 391
192 393
192 394
192 399
192 400
192 409
192 413
192 416
192 422
192 424
192 425
192 429
192 434
192 435
192 440
192 444
192 445
192 451
192 457
192 459
192 461
192 463
192 467
192 474
192 476
192 481
192 482
192 484
192 489
192 490
192 492
192 497
192 500
192 505
192 507
192 516
192 518
192 519
192 528
192 533
192 536
192 537
192 540
192 542
192 546
192 549
192 551
192 557
192 560
192 564
192 573
192 579
192 581
192 590
192 591
192 595
192 596
192 598
192 600
192 601
192 615
192 618
192 619
192 624
192 626
192 629
192 631
192 633
192 634
192 635
192 636
192 639
192 646
192 648
192 650
192 667
192 675
192 678
192 679
192 683
192 685
192 689
192 693
192 698
192 699
192 707
192 708
192 713
192 718
192 719
192 726
192 728
192 736
192 744
192 753
192 756
192 758
192 760
192 768
192 770
192 777
192 778
192 779
192 785
192 788
192 789
192 791
192 797
192 799
192 800
193 241
193 242
193 244
193 245
193 248
193 249
193 253
193 255
193 262
193 266
193 271
193 277
193 280
193 289
193 298
193 302
193 306
193 308
193 309
193 311
193 315
193 321
193 322
193 323
193 325
193 327
193 330
193 331
193 333
193 334
193 335
193 339
193 341
193 342
193 343
193 344
193 347
193 349
193 355
193 356
193 357
193 359
193 364
193 366
193 367
193 370
193 377
193 381
193 382
193 388
193 396
193 400
193 410
193 411
193 412
193 413
193 414
193 415
193 417
193 419
193 420
193 421
193 422
193 424
193 427
193 428
193 432
193 434
193 435
193 437
193 438
193 439
193 440
193 447
193 453
193 457
193 458
193 459
193 462
193 473
193 474
193 484
193 488
193 489
193 491
193 500
193 501
193 502
193 504
193 506
193 507
193 508
193 510
193 514
193 517
193 520
193 521
193 525
193 529
193 533
193 539
193 540
193 542
193 545
193 546
193 547
193 562
193 564
193 567
193 568
193 570
193 571
193 573
193 578
193 581
193 585
193 590
193 591
193 593
193 594
193 595
193 597
193 598
193 599
193 601
193 607
193 611
193 615
193 617
193 618
193 620
193 623
193 625
193 635
193 638
193 639
193 640
193 642
193 646
193 647
193 648
193 652
193 658
193 663
193 666
193 669
193 672
193 673
193 674
193 677
193 679
193 681
193 685
193 691
193 695
193 697
193 702
193 704
193 706
193 707
193 708
193 713
193 714
193 715
193 718
193 719
193 720
193 725
193 726
193 736
193 739
193 741
193 742
193 744
193 746
193 748
193 749
193 752
193 754
193 756
193 757
193 762
193 763
193 771
193 776
193 778
193 783
193 784
193 786
193 788
193 790
193 791
193 797
194 245
194 249
194 251
194 252
194 254
194 259
194 262
194 267
194 269
194 276
194 281
194 282
194 283
194 285
194 287
194 300
194 302
194 305
194 307
194 311
194 313
194 319
194 324
194 332
194 333
194 338
194 344
194 346
194 351
194 357
194 358
194 360
194 362
194 365
194 367
194 369
194 371
194 372
194 383
194 388
194 394
194 395
194 396
194 397
194 399
194 402
194 405
194 407
194 411
194 419
194 421
194 424
194 430
194 433
194 439
194 440
194 447
194 448
194 451
194 452
194 456
194 462
194 463
194 465
194 466
194 469
194 470
194 471
194 473
194 476
194 478
194 479
194 481
194 483
194 488
194 493
194 497
194 498
194 500
194 506
194 507
194 511
194 517
194 530
194 531
194 533
194 534
194 535
194 536
194 542
194 543
194 545
194 546
194 547
194 548
194 552
194 554
194 556
194 564
194 565
194 568
194 571
194 572
194 573
194 575
194 576
194 581
194 582
194 588
194 591
194 594
194 602
194 608
194 609
194 611
194 617
194 621
194 622
194 624
194 628
194 631
194 632
194 633
194 635
194 637
194 644
194 646
194 649
194 654
194 655
194 661
194 664
194 668
194 673
194 674
194 676
194 684
194 685
194 691
194 694
194 698
194 699
194 701
194 702
194 704
194 705
194 708
194 709
194 713
194 716
194 717
194 728
194 741
194 747
194 762
194 766
194 769
194 770
194 772
194 773
194 774
194 779
194 780
194 781
194 783
194 789
194 793
194 794
194 797
195 243
195 244
195 246
195 258
195 262
195 263
195 264
195 266
195 267
195 273
195 280
195 285
195 286
195 295
195 301
195 305
195 309
195 311
195 313
195 314
195 315
195 318
195 322
195 325
195 326
195 327
195 329
195 330
195 337
195 340
195 341
195 342
195 344
195 348
195 349
195 350
195 352
195 354
195 356
195 357
195 365
195 366
195 370
195 371
195 376
195 381
195 384
195 389
195 391
195 404
195 405
195 410
195 411
195 412
195 415
195 420
195 423
195 424
195 427
195 433
195 442
195 443
195 448
195 449
195 451
195 458
195 461
195 473
195 475
195 477
195 481
195 482
195 491
195 492
195 497
195 498
195 499
195 501
195 505
195 506
195 507
195 510
195 512
195 514
195 515
195 517
195 519
195 520
195 527
195 537
195 538
195 539
195 547
195 548
195 549
195 550
195 554
195 556
195 557
195 559
195 560
195 561
195 563
195 566
195 570
195 571
195 584
195 585
195 586
195 590
195 591
195 592
195 598
195 603
195 605
195 610
195 616
195 617
195 623
195 632
195 634
195 637
195 640
195 650
195 651
195 656
195 660
195 664
195 665
195 667
195 670
195 673
195 675
195 677
195 678
195 681
195 683
195 685
195 686
195 687
195 688
195 695
195 697
195 700
195 702
195 706
195 707
195 715
195 719
195 722
195 723
195 729
195 734
195 736
195 737
195 740
195 746
195 747
195 748
195 749
195 750
195 751
195 752
195 753
195 756
195 761
195 762
195 765
195 766
195 770
195 779
195 787
195 789
195 790
195 797
195 799
195 800
196 241
196 242
196 243
196 249
196 250
196 254
196 255
196 259
196 261
196 263
196 266
196 268
196 269
196 272
196 273
196 276
196 277
196 279
196 284
196 285
196 287
196 293
196 294
196 296
196 300
196 301
196 302
196 312
196 313
196 319
196 321
196 323
196 327
196 334
196 335
196 343
196 345
196 348
196 351
196 353
196 356
196 357
196 361
196 366
196 374
196 381
196 382
196 385
196 387
196 389
196 392
196 393
196 396
196 397
196 398
196 402
196 409
196 410
196 421
196 428
196 434
196 435
196 436
196 443
196 446
196 447
196 448
196 449
196 451
196 452
196 457
196 460
196 462
196 465
196 467
196 469
196 476
196 480
196 481
196 484
196 485
196 486
196 487
196 488
196 489
196 491
196 493
196 494
196 495
196 498
196 508
196 509
196 511
196 512
196 513
196 523
196 524
196 530
196 531
196 532
196 538
196 540
196 544
196 545
196 548
196 553
196 557
196 558
196 564
196 567
196 568
196 570
196 572
196 573
196 580
196 581
196 584
196 591
196 593
196 595
196 597
196 598
196 599
196 603
196 604
196 608
196 614
196 619
196 620
196 622
196 623
196 628
196 630
196 633
196 642
196 646
196 647
196 657
196 667
196 672
196 680
196 684
196 685
196 689
196 690
196 696
196 698
196 700
196 712
196 714
196 715
196 718
196 723
196 725
196 726
196 731
196 737
196 743
196 746
196 747
196 750
196 751
196 756
196 760
196 764
196 766
196 768
196 773
196 774
196 778
196 779
196 781
196 785
196 786
196 788
196 789
196 790
196 791
196 793
196 794
197 246
197 249
197 253
197 254
197 256
197 257
197 258
197 261
197 263
197 266
197 267
197 268
197 269
197 270
197 275
197 278
197 280
197 281
197 283
197 290
197 293
197 294
197 295
197 299
197 303
197 304
197 308
197 309
197 310
197 311
197 313
197 319
197 325
197 326
197 327
197 330
197 331
197 335
197 346
197 358
197 362
197 367
197 371
197 373
197 375
197 380
197 384
197 389
197 391
197 400
197 402
197 403
197 407
197 409
197 411
197 412
197 415
197 418
197 419
197 430
197 431
197 435
197 436
197 438
197 441
197 442
197 443
197 444
197 447
197 449
197 451
197 453
197 455
197 456
197 457
197 461
197 463
197 466
197 470
197 472
197 479
197 491
197 496
197 499
197 502
197 504
197 508
197 510
197 512
197 517
197 522
197 526
197 527
197 534
197 540
197 542
197 543
197 544
197 551
197 555
197 557
197 561
197 565
197 570
197 571
197 572
197 574
197 579
197 586
197 587
197 593
197 595
197 596
197 597
197 603
197 607
197 610
197 613
197 617
197 622
197 623
197 625
197 626
197 628
197 630
197 631
197 632
197 633
197 642
197 643
197 645
197 646
197 648
197 655
197 660
197 661
197 664
197 668
197 669
197 671
197 672
197 675
197 678
197 679
197 683
197 687
197 689
197 690
197 691
197 696
197 697
197 699
197 704
197 706
197 707
197 715
197 719
197 730
197 731
197 736
197 739
197 744
197 749
197 750
197 761
197 762
197 767
197 768
197 770
197 772
197 773
197 774
197 780
197 782
197 785
197 790
197 800
198 243
198 250
198 253
198 254
198 255
198 256
198 259
198 260
198 268
198 273
198 274
198 276
198 279
198 280
198 281
198 284
198 287
198 288
198 289
198 290
198 291
198 292
198 295
198 303
198 311
198 312
198 313
198 321
198 328
198 330
198 333
198 336
198 338
198 339
198 341
198 345
198 346
198 348
198 349
198 351
198 352
198 357
198 358
198 366
198 367
198 368
198 370
198 372
198 373
198 375
198 376
198 377
198 385
198 391
198 394
198 408
198 415
198 423
198 424
198 427
198 433
198 442
198 448
198 449
198 460
198 461
198 471
198 477
198 478
198 481
198 506
198 508
198 511
198 518
198 525
198 527
198 530
198 532
198 534
198 535
198 537
198 539
198 542
198 544
198 550
198 553
198 557
198 558
198 567
198 568
198 569
198 575
198 577
198 578
198 579
198 580
198 581
198 585
198 591
198 596
198 598
198 610
198 611
198 615
198 617
198 621
198 626
198 627
198 630
198 633
198 635
198 638
198 642
198 645
198 647
198 655
198 656
198 657
198 660
198 662
198 663
198 666
198 669
198 670
198 673
198 674
198 679
198 684
198 686
198 688
198 689
198 695
198 697
198 699
198 702
198 703
198 714
198 719
198 720
198 728
198 733
198 735
198 739
198 740
198 756
198 757
198 758
198 767
198 768
198 770
198 774
198 776
198 777
198 784
198 787
198 789
198 794
198 795
198 797
199 243
199 247
199 252
199 254
199 255
199 260
199 262
199 264
199 268
199 277
199 280
199 281
199 289
199 294
199 296
199 299
199 300
199 305
199 306
199 310
199 311
199 315
199 316
199 317
199 320
199 329
199 333
199 336
199 341
199 342
199 344
199 346
199 348
199 349
199 354
199 359
199 364
199 369
199 371
199 372
199 373
199 379
199 380
199 385
199 386
199 389
199 390
199 396
199 397
199 403
199 409
199 410
199 413
199 416
199 420
199 435
199 437
199 439
199 440
199 444
199 446
199 448
199 450
199 453
199 455
199 457
199 458
199 465
199 471
199 475
199 485
199 488
199 490
199 494
199 495
199 501
199 503
199 513
199 519
199 520
199 525
199 533
199 537
199 546
199 547
199 550
199 551
199 552
199 557
199 558
199 559
199 562
199 565
199 566
199 569
199 575
199 578
199 582
199 583
199 584
199 588
199 592
199 597
199 599
199 603
199 611
199 613
199 614
199 615
199 616
199 617
199 618
199 621
199 630
199 639
199 640
199 641
199 643
199 646
199 649
199 652
199 658
199 659
199 660
199 665
199 669
199 670
199 673
199 677
199 680
199 686
199 695
199 697
199 699
199 700
199 702
199 705
199 713
199 714
199 715
199 716
199 717
199 719
199 722
199 723
199 726
199 730
199 731
199 732
199 733
199 740
199 741
199 743
199 745
199 747
199 748
199 750
199 751
199 752
199 755
199 756
199 759
199 761
199 762
199 763
199 768
199 770
199 778
199 794
199 795
199 796
199 797
199 798
200 247
200 252
200 253
200 255
200 257
200 262
200 270
200 275
200 278
200 279
200 281
200 285
200 287
200 289
200 290
200 301
200 302
200 312
200 317
200 324
200 333
200 340
200 343
200 344
200 348
200 349
200 352
200 353
200 354
200 355
200 359
200 367
200 370
200 372
200 373
200 378
200 384
200 388
200 389
200 390
200 395
200 397
200 398
200 401
200 403
200 404
200 406
200 410
200 412
200 413
200 419
200 423
200 427
200 428
200 432
200 433
200 434
200 443
200 444
200 445
200 451
200 453
200 459
200 461
200 463
200 471
200 476
200 486
200 496
200 500
200 502
200 512
200 516
200 519
200 520
200 523
200 526
200 529
200 531
200 534
200 537
200 543
200 544
200 551
200 552
200 555
200 556
200 566
200 570
200 573
200 575
200 576
200 579
200 583
200 599
200 600
200 601
200 603
200 605
200 607
200 609
200 612
200 614
200 618
200 620
200 621
200 628
200 630
200 635
200 639
200 645
200 647
200 651
200 653
200 654
200 655
200 660
200 666
200 667
200 668
200 669
200 671
200 672
200 673
200 677
200 679
200 689
200 693
200 695
200 696
200 697
200 702
200 703
200 708
200 710
200 713
200 714
200 718
200 720
200 721
200 723
200 724
200 725
200 726
200 732
200 733
200 734
200 739
200 745
200 746
200 752
200 756
200 757
200 758
200 759
200 761
200 762
200 763
200 766
200 768
200 774
200 777
200 780
200 787
200 788
200 790
200 791
200 792
201 241
201 242
201 253
201 257
201 258
201 260
201 262
201 263
201 274
201 275
201 276
201 290
201 294
201 297
201 305
201 308
201 309
201 310
201 317
201 318
201 324
201 326
201 327
201 328
201 329
201 330
201 338
201 347
201 349
201 352
201 353
201 363
201 365
201 369
201 373
201 376
201 377
201 381
201 383
201 384
201 390
201 391
201 393
201 400
201 404
201 408
201 411
201 413
201 417
201 418
201 420
201 421
201 423
201 430
201 431
201 433
201 435
201 449
201 451
201 457
201 465
201 468
201 470
201 480
201 481
201 482
201 484
201 485
201 488
201 489
201 493
201 494
201 498
201 508
201 510
201 517
201 519
201 520
201 521
201 522
201 524
201 526
201 529
201 531
201 534
201 541
201 543
201 545
201 550
201 554
201 560
201 569
201 571
201 573
201 574
201 578
201 587
201 592
201 595
201 597
201 603
201 611
201 617
201 618
201 619
201 620
201 622
201 625
201 630
201 638
201 640
201 643
201 646
201 647
201 649
201 650
201 653
201 657
201 658
201 660
201 661
201 667
201 671
201 675
201 676
201 678
201 682
201 686
201 688
201 689
201 695
201 696
201 701
201 703
201 706
201 708
201 712
201 715
201 730
201 732
201 734
201 740
201 741
201 743
201 744
201 747
201 749
201 756
201 757
201 761
201 769
201 774
201 775
201 777
201 781
201 782
201 784
201 785
201 787
201 790
201 791
201 793
201 796
201 799
202 246
202 248
202 249
202 251
202 252
202 254
202 256
202 264
202 265
202 275
202 277
202 282
202 283
202 288
202 293
202 294
202 295
202 298
202 299
202 311
202 315
202 320
202 321
202 323
202 324
202 325
202 326
202 327
202 334
202 340
202 346
202 352
202 353
202 355
202 365
202 368
202 369
202 372
202 376
202 381
202 382
202 383
202 386
202 393
202 395
202 399
202 400
202 402
202 409
202 417
202 419
202 422
202 425
202 430
202 432
202 437
202 441
202 443
202 455
202 465
202 466
202 468
202 469
202 472
202 473
202 476
202 483
202 486
202 488
202 489
202 491
202 495
202 496
202 498
202 502
202 504
202 506
202 508
202 511
202 513
202 514
202 518
202 521
202 524
202 528
202 540
202 541
202 545
202 552
202 555
202 556
202 565
202 568
202 569
202 570
202 571
202 575
202 577
202 578
202 580
202 586
202 592
202 594
202 601
202 602
202 603
202 607
202 609
202 611
202 613
202 615
202 619
202 623
202 628
202 629
202 630
202 631
202 632
202 633
202 638
202 649
202 653
202 656
202 660
202 663
202 666
202 675
202 676
202 678
202 679
202 680
202 692
202 693
202 697
202 698
202 703
202 704
202 706
202 711
202 712
202 720
202 723
202 740
202 743
202 750
202 756
202 757
202 760
202 762
202 771
202 772
202 774
202 777
202 778
202 779
202 782
202 783
202 784
202 785
202 789
202 790
202 793
202 796
202 800
203 241
203 242
203 244
203 247
203 250
203 253
203 256
203 259
203 260
203 264
203 267
203 275
203 282
203 283
203 285
203 286
203 289
203 299
203 308
203 311
203 314
203 320
203 325
203 333
203 342
203 344
203 345
203 350
203 352
203 355
203 362
203 363
203 366
203 367
203 368
203 383
203 385
203 386
203 387
203 388
203 395
203 396
203 398
203 401
203 403
203 404
203 406
203 408
203 411
203 414
203 415
203 417
203 421
203 423
203 425
203 430
203 431
203 440
203 443
203 444
203 446
203 452
203 455
203 458
203 461
203 462
203 464
203 467
203 470
203 474
203 479
203 480
203 482
203 484
203 491
203 496
203 498
203 499
203 500
203 502
203 503
203 504
203 505
203 508
203 510
203 511
203 512
203 521
203 524
203 535
203 544
203 545
203 546
203 547
203 549
203 554
203 561
203 568
203 570
203 572
203 575
203 577
203 580
203 583
203 585
203 588
203 591
203 593
203 594
203 595
203 601
203 602
203 609
203 611
203 616
203 617
203 638
203 641
203 647
203 648
203 650
203 651
203 652
203 656
203 661
203 662
203 667
203 669
203 674
203 682
203 683
203 684
203 690
203 692
203 694
203 695
203 697
203 700
203 705
203 706
203 708
203 710
203 712
203 713
203 716
203 718
203 724
203 729
203 731
203 738
203 741
203 743
203 744
203 745
203 746
203 747
203 749
203 753
203 754
203 755
203 758
203 760
203 761
203 763
203 765
203 767
203 772
203 774
203 777
203 778
203 779
203 782
203 785
203 788
203 794
203 795
203 797
203 799
203 800
204 247
204 249
204 260
204 264
204 265
204 267
204 271
204 273
204 276
204 278
204 283
204 284
204 288
204 290
204 295
204 312
204 320
204 321
204 328
204 330
204 331
204 333
204 336
204 341
204 342
204 344
204 345
204 348
204 357
204 358
204 361
204 370
204 376
204 378
204 382
204 383
204 392
204 395
204 397
204 399
204 401
204 403
204 407
204 409
204 410
204 411
204 413
204 414
204 415
204 416
204 417
204 418
204 422
204 423
204 427
204 431
204 432
204 438
204 440
204 443
204 451
204 456
204 457
204 458
204 460
204 462
204 466
204 474
204 481
204 482
204 483
204 493
204 496
204 497
204 499
204 509
204 512
204 515
204 516
204 519
204 522
204 527
204 535
204 537
204 538
204 543
204 544
204 555
204 556
204 558
204 564
204 568
204 569
204 573
204 580
204 581
204 583
204 584
204 585
204 591
204 594
204 597
204 599
204 603
204 606
204 612
204 614
204 616
204 624
204 627
204 628
204 632
204 633
204 639
204 643
204 647
204 649
204 651
204 652
204 658
204 661
204 663
204 666
204 667
204 678
204 682
204 684
204 685
204 686
204 688
204 691
204 694
204 696
204 697
204 698
204 699
204 702
204 706
204 707
204 708
204 711
204 716
204 720
204 721
204 725
204 727
204 728
204 739
204 742
204 744
204 745
204 758
204 761
204 767
204 770
204 772
204 773
204 775
204 779
204 784
204 786
204 787
204 796
205 247
205 250
205 253
205 254
205 259
205 264
205 265
205 266
205 268
205 272
205 273
205 282
205 283
205 294
205 298
205 300
205 311
205 316
205 318
205 319
205 320
205 337
205 338
205 346
205 347
205 349
205 351
205 352
205 353
205 356
205 357
205 362
205 363
205 365
205 366
205 368
205 371
205 372
205 376
205 378
205 379
205 383
205 384
205 387
205 392
205 393
205 395
205 400
205 402
205 404
205 408
205 409
205 412
205 416
205 425
205 427
205 432
205 437
205 440
205 445
205 448
205 450
205 451
205 454
205 455
205 456
205 459
205 464
205 466
205 467
205 469
205 470
205 471
205 473
205 474
205 477
205 480
205 484
205 492
205 494
205 496
205 504
205 506
205 512
205 517
205 519
205 520
205 528
205 531
205 534
205 537
205 538
205 539
205 548
205 549
205 555
205 558
205 561
205 564
205 565
205 568
205 576
205 586
205 588
205 591
205 593
205 604
205 605
205 608
205 611
205 615
205 618
205 627
205 628
205 632
205 636
205 641
205 651
205 652
205 658
205 659
205 661
205 664
205 668
205 673
205 679
205 680
205 681
205 684
205 686
205 687
205 691
205 692
205 694
205 695
205 698
205 699
205 700
205 701
205 702
205 705
205 708
205 709
205 710
205 713
205 715
205 719
205 720
205 722
205 724
205 727
205 736
205 738
205 739
205 740
205 745
205 746
205 749
205 756
205 758
205 759
205 763
205 767
205 768
205 771
205 772
205 773
205 774
205 775
205 778
205 779
205 780
205 782
205 785
205 789
205 792
205 798
205 799
206 241
206 245
206 246
206 253
206 256
206 260
206 262
206 263
206 265
206 268
206 273
206 274
206 276
206 277
206 284
206 285
206 292
206 294
206 299
206 300
206 304
206 305
206 307
206 312
206 317
206 318
206 322
206 324
206 327
206 332
206 337
206 338
206 342
206 349
206 351
206 352
206 353
206 358
206 363
206 364
206 365
206 368
206 370
206 371
206 372
206 373
206 374
206 375
206 381
206 386
206 388
206 391
206 392
206 395
206 396
206 398
206 400
206 401
206 406
206 407
206 417
206 424
206 427
206 436
206 437
206 438
206 441
206 443
206 444
206 448
206 449
206 450
206 456
206 457
206 464
206 465
206 467
206 471
206 475
206 476
206 477
206 478
206 484
206 487
206 494
206 496
206 499
206 500
206 501
206 503
206 504
206 508
206 511
206 512
206 514
206 515
206 517
206 520
206 522
206 526
206 528
206 530
206 538
206 540
206 543
206 545
206 553
206 558
206 561
206 562
206 563
206 567
206 569
206 571
206 572
206 574
206 577
206 580
206 582
206 584
206 585
206 592
206 594
206 595
206 603
206 604
206 607
206 609
206 611
206 614
206 616
206 624
206 625
206 627
206 629
206 631
206 632
206 633
206 637
206 646
206 651
206 654
206 655
206 656
206 659
206 660
206 663
206 664
206 668
206 670
206 671
206 675
206 677
206 679
206 683
206 684
206 690
206 691
206 692
206 693
206 698
206 701
206 702
206 710
206 713
206 714
206 715
206 716
206 717
206 719
206 720
206 724
206 726
206 729
206 731
206 742
206 743
206 750
206 760
206 765
206 769
206 770
206 773
206 778
206 795
206 798
206 800
207 243
207 246
207 251
207 252
207 253
207 254
207 255
207 262
207 265
207 266
207 271
207 275
207 278
207 281
207 284
207 285
207 290
207 293
207 294
207 295
207 299
207 303
207 305
207 309
207 311
207 314
207 317
207 319
207 320
207 323
207 327
207 332
207 342
207 343
207 344
207 347
207 352
207 353
207 361
207 364
207 365
207 367
207 370
207 371
207 372
207 377
207 379
207 381
207 382
207 390
207 394
207 403
207 406
207 409
207 413
207 416
207 417
207 419
207 422
207 425
207 429
207 430
207 440
207 441
207 443
207 454
207 456
207 460
207 462
207 464
207 465
207 467
207 469
207 470
207 473
207 474
207 475
207 476
207 478
207 482
207 484
207 494
207 496
207 503
207 505
207 506
207 507
207 509
207 510
207 513
207 514
207 520
207 522
207 523
207 524
207 527
207 528
207 529
207 532
207 535
207 540
207 546
207 547
207 559
207 563
207 564
207 570
207 582
207 583
207 584
207 585
207 588
207 590
207 591
207 593
207 599
207 604
207 605
207 608
207 609
207 611
207 612
207 613
207 617
207 619
207 621
207 631
207 632
207 636
207 639
207 641
207 644
207 651
207 657
207 659
207 662
207 663
207 673
207 676
207 683
207 686
207 694
207 706
207 708
207 717
207 722
207 723
207 724
207 725
207 731
207 732
207 736
207 739
207 740
207 741
207 742
207 748
207 753
207 755
207 757
207 758
207 768
207 771
207 772
207 774
207 784
207 785
207 786
207 789
207 796
208 243
208 246
208 255
208 259
208 262
208 264
208 265
208 267
208 268
208 270
208 276
208 277
208 279
208 280
208 281
208 284
208 287
208 292
208 293
208 294
208 295
208 308
208 309
208 310
208 312
208 314
208 317
208 324
208 325
208 327
208 333
208 334
208 343
208 344
208 345
208 347
208 348
208 350
208 356
208 358
208 364
208 365
208 366
208 368
208 369
208 371
208 373
208 374
208 378
208 381
208 385
208 386
208 388
208 394
208 395
208 396
208 398
208 400
208 402
208 404
208 406
208 409
208 411
208 413
208 415
208 416
208 419
208 429
208 430
208 432
208 435
208 440
208 441
208 442
208 452
208 464
208 465
208 466
208 467
208 468
208 474
208 481
208 484
208 486
208 489
208 495
208 496
208 500
208 504
208 505
208 508
208 510
208 511
208 512
208 514
208 516
208 522
208 533
208 534
208 538
208 549
208 550
208 554
208 557
208 559
208 561
208 564
208 565
208 572
208 575
208 576
208 578
208 580
208 586
208 588
208 591
208 594
208 596
208 602
208 607
208 608
208 609
208 610
208 611
208 612
208 617
208 618
208 623
208 624
208 629
208 633
208 638
208 639
208 640
208 644
208 645
208 649
208 652
208 653
208 656
208 657
208 660
208 662
208 673
208 674
208 676
208 679
208 681
208 688
208 690
208 694
208 700
208 707
208 711
208 714
208 717
208 719
208 725
208 726
208 728
208 730
208 733
208 738
208 741
208 747
208 750
208 751
208 752
208 753
208 755
208 756
208 759
208 764
208 768
208 769
208 770
208 773
208 774
208 780
208 781
208 782
208 784
208 786
208 788
208 792
208 796
208 799
209 241
209 246
209 249
209 252
209 254
209 256
209 261
209 263
209 273
209 275
209 277
209 278
209 281
209 284
209 290
209 292
209 295
209 297
209 300
209 301
209 306
209 309
209 312
209 316
209 317
209 321
209 331
209 335
209 336
209 337
209 343
209 348
209 353
209 356
209 357
209 358
209 362
209 367
209 383
209 393
209 396
209 399
209 404
209 405
209 407
209 408
209 411
209 416
209 420
209 421
209 423
209 426
209 427
209 438
209 440
209 441
209 442
209 444
209 451
209 452
209 457
209 472
209 473
209 475
209 477
209 488
209 489
209 496
209 497
209 498
209 500
209 502
209 503
209 507
209 511
209 512
209 514
209 517
209 523
209 528
209 530
209 531
209 532
209 539
209 545
209 547
209 549
209 551
209 555
209 557
209 559
209 560
209 567
209 575
209 578
209 583
209 585
209 586
209 590
209 591
209 598
209 600
209 606
209 607
209 608
209 609
209 611
209 612
209 615
209 616
209 618
209 619
209 620
209 621
209 623
209 625
209 627
209 630
209 632
209 635
209 638
209 639
209 645
209 648
209 651
209 652
209 655
209 656
209 658
209 659
209 662
209 665
209 666
209 673
209 676
209 680
209 687
209 691
209 697
209 699
209 704
209 706
209 707
209 714
209 716
209 718
209 722
209 724
209 728
209 729
209 741
209 745
209 758
209 765
209 770
209 772
209 773
209 776
209 780
209 786
209 788
209 794
209 797
209 798
210 242
210 251
210 260
210 261
210 262
210 263
210 267
210 271
210 277
210 279
210 287
210 291
210 292
210 297
210 298
210 302
210 304
210 306
210 309
210 312
210 327
210 332
210 335
210 337
210 340
210 341
210 343
210 350
210 352
210 353
210 354
210 360
210 361
210 363
210 371
210 385
210 388
210 391
210 392
210 395
210 397
210 401
210 404
210 407
210 414
210 416
210 417
210 418
210 422
210 429
210 430
210 432
210 438
210 439
210 442
210 450
210 457
210 459
210 461
210 466
210 470
210 475
210 476
210 483
210 485
210 487
210 488
210 489
210 494
210 497
210 502
210 507
210 508
210 510
210 513
210 520
210 522
210 525
210 526
210 530
210 535
210 537
210 546
210 548
210 549
210 550
210 552
210 554
210 563
210 564
210 569
210 570
210 580
210 581
210 582
210 587
210 590
210 600
210 601
210 606
210 608
210 609
210 611
210 614
210 615
210 618
210 620
210 621
210 631
210 633
210 634
210 635
210 638
210 644
210 646
210 649
210 651
210 663
210 665
210 666
210 668
210 671
210 673
210 676
210 677
210 684
210 685
210 686
210 687
210 688
210 689
210 692
210 693
210 694
210 697
210 698
210 702
210 706
210 707
210 712
210 713
210 716
210 719
210 720
210 721
210 722
210 723
210 728
210 729
210 730
210 731
210 732
210 733
210 735
210 740
210 742
210 744
210 761
210 762
210 765
210 767
210 768
210 769
210 772
210 782
210 783
210 784
210 786
210 790
210 793
210 795
210 798
210 800
211 241
211 243
211 245
211 246
211 247
211 250
211 253
211 255
211 260
211 262
211 264
211 269
211 270
211 271
211 272
211 278
211 279
211 291
211 293
211 300
211 309
211 310
211 312
211 315
211 318
211 328
211 330
211 334
211 339
211 340
211 343
211 344
211 345
211 352
211 354
211 356
211 358
211 365
211 368
211 370
211 373
211 378
211 391
211 393
211 395
211 400
211 405
211 406
211 407
211 410
211 412
211 415
211 416
211 417
211 419
211 424
211 429
211 442
211 443
211 444
211 449
211 450
211 453
211 456
211 459
211 460
211 462
211 466
211 476
211 483
211 484
211 488
211 496
211 498
211 499
211 504
211 510
211 515
211 517
211 521
211 523
211 524
211 526
211 527
211 528
211 532
211 535
211 536
211 538
211 547
211 555
211 556
211 579
211 582
211 584
211 589
211 590
211 592
211 594
211 595
211 598
211 605
211 606
211 609
211 611
211 619
211 626
211 636
211 637
211 642
211 643
211 645
211 646
211 647
211 649
211 652
211 654
211 657
211 665
211 666
211 669
211 670
211 673
211 675
211 676
211 690
211 693
211 698
211 706
211 707
211 711
211 713
211 715
211 716
211 725
211 729
211 735
211 741
211 745
211 749
211 750
211 753
211 755
211 756
211 757
211 762
211 776
211 782
211 785
211 787
211 789
211 792
211 795
211 797
211 799
211 800
212 242
212 246
212 247
212 248
212 249
212 252
212 256
212 259
212 267
212 268
212 271
212 286
212 287
212 290
212 295
212 296
212 297
212 298
212 304
212 312
212 317
212 318
212 325
212 330
212 333
212 334
212 338
212 342
212 346
212 350
212 351
212 352
212 357
212 364
212 370
212 371
212 372
212 376
212 381
212 383
212 386
212 387
212 397
212 400
212 402
212 403
212 404
212 409
212 411
212 415
212 433
212 434
212 437
212 438
212 439
212 440
212 443
212 448
212 452
212 453
212 454
212 457
212 458
212 460
212 463
212 467
212 469
212 475
212 478
212 480
212 483
212 484
212 490
212 491
212 493
212 499
212 500
212 501
212 505
212 508
212 509
212 512
212 528
212 529
212 530
212 533
212 536
212 545
212 549
212 550
212 551
212 558
212 562
212 563
212 571
212 572
212 575
212 576
212 584
212 590
212 595
212 604
212 605
212 606
212 611
212 617
212 618
212 622
212 623
212 625
212 627
212 628
212 632
212 633
212 638
212 648
212 649
212 654
212 655
212 660
212 662
212 666
212 669
212 671
212 679
212 683
212 686
212 691
212 692
212 696
212 697
212 701
212 704
212 705
212 706
212 709
212 720
212 726
212 727
212 729
212 730
212 731
212 735
212 738
212 750
212 752
212 754
212 757
212 759
212 760
212 768
212 772
212 773
212 774
212 777
212 778
212 781
212 785
212 789
212 797
212 799
213 245
213 253
213 256
213 258
213 259
213 261
213 270
213 271
213 275
213 276
213 277
213 281
213 282
213 288
213 289
213 294
213 299
213 301
213 304
213 308
213 309
213 311
213 312
213 314
213 316
213 324
213 326
213 331
213 332
213 335
213 341
213 342
213 346
213 349
213 351
213 359
213 363
213 365
213 366
213 367
213 369
213 378
213 380
213 388
213 398
213 403
213 405
213 408
213 412
213 415
213 418
213 420
213 421
213 422
213 429
213 432
213 433
213 434
213 436
213 441
213 443
213 445
213 448
213 450
213 462
213 467
213 470
213 471
213 474
213 480
213 482
213 488
213 490
213 491
213 493
213 496
213 497
213 500
213 502
213 503
213 504
213 506
213 508
213 510
213 514
213 520
213 526
213 528
213 539
213 541
213 544
213 548
213 563
213 565
213 568
213 570
213 572
213 575
213 577
213 583
213 588
213 589
213 590
213 594
213 595
213 598
213 599
213 606
213 611
213 618
213 619
213 620
213 621
213 622
213 623
213 626
213 633
213 635
213 641
213 644
213 645
213 647
213 652
213 654
213 655
213 658
213 660
213 662
213 669
213 673
213 676
213 677
213 682
213 683
213 685
213 689
213 693
213 697
213 699
213 702
213 705
213 710
213 711
213 719
213 721
213 725
213 728
213 730
213 739
213 742
213 743
213 747
213 750
213 754
213 755
213 759
213 762
213 766
213 767
213 769
213 772
213 774
213 775
213 781
213 784
213 787
213 788
213 791
213 792
213 793
213 796
213 798
213 800
214 242
214 244
214 248
214 251
214 252
214 256
214 258
214 259
214 260
214 273
214 276
214 277
214 280
214 282
214 287
214 288
214 290
214 298
214 303
214 304
214 306
214 318
214 319
214 320
214 323
214 330
214 333
214 335
214 354
214 358
214 360
214 361
214 362
214 368
214 369
214 372
214 378
214 384
214 390
214 391
214 392
214 395
214 406
214 407
214 409
214 411
214 412
214 422
214 424
214 427
214 428
214 430
214 431
214 432
214 434
214 438
214 449
214 459
214 461
214 466
214 468
214 469
214 473
214 478
214 480
214 483
214 484
214 485
214 488
214 489
214 491
214 492
214 495
214 499
214 507
214 509
214 513
214 514
214 519
214 521
214 522
214 532
214 536
214 548
214 554
214 555
214 558
214 559
214 560
214 562
214 564
214 567
214 573
214 581
214 582
214 584
214 585
214 591
214 597
214 601
214 608
214 611
214 612
214 613
214 614
214 619
214 630
214 631
214 638
214 644
214 647
214 658
214 662
214 664
214 665
214 666
214 675
214 676
214 678
214 681
214 682
214 688
214 689
214 693
214 694
214 703
214 705
214 706
214 720
214 724
214 726
214 727
214 728
214 729
214 734
214 745
214 747
214 748
214 752
214 753
214 757
214 763
214 774
214 777
214 778
214 779
214 780
214 781
214 783
214 786
214 787
215 242
215 248
215 256
215 259
215 260
215 269
215 276
215 278
215 280
215 281
215 286
215 287
215 290
215 291
215 298
215 299
215 305
215 307
215 314
215 324
215 334
215 337
215 342
215 346
215 347
215 349
215 357
215 360
215 361
215 367
215 368
215 372
215 373
215 377
215 380
215 381
215 385
215 386
215 388
215 392
215 394
215 396
215 398
215 400
215 406
215 407
215 414
215 416
215 419
215 421
215 422
215 424
215 428
215 430
215 431
215 437
215 439
215 445
215 447
215 453
215 459
215 464
215 470
215 474
215 476
215 477
215 480
215 486
215 489
215 493
215 494
215 495
215 497
215 509
215 518
215 521
215 523
215 524
215 527
215 531
215 534
215 537
215 548
215 550
215 554
215 555
215 568
215 576
215 580
215 585
215 589
215 590
215 592
215 595
215 598
215 605
215 620
215 621
215 625
215 630
215 633
215 635
215 636
215 647
215 649
215 650
215 651
215 653
215 655
215 657
215 664
215 668
215 669
215 672
215 674
215 679
215 680
215 682
215 686
215 696
215 699
215 704
215 706
215 707
215 710
215 711
215 714
215 717
215 725
215 727
215 729
215 732
215 733
215 736
215 737
215 740
215 744
215 748
215 752
215 755
215 759
215 764
215 768
215 770
215 771
215 772
215 773
215 785
215 788
215 791
215 793
216 242
216 245
216 252
216 253
216 257
216 258
216 259
216 263
216 264
216 271
216 274
216 275
216 278
216 282
216 284
216 292
216 297
216 298
216 304
216 314
216 318
216 324
216 325
216 329
216 332
216 339
216 340
216 341
216 343
216 347
216 352
216 353
216 354
216 356
216 357
216 359
216 360
216 366
216 371
216 372
216 375
216 386
216 387
216 389
216 390
216 391
216 396
216 397
216 399
216 400
216 405
216 409
216 411
216 412
216 414
216 418
216 421
216 424
216 425
216 427
216 433
216 440
216 441
216 442
216 444
216 448
216 454
216 459
216 460
216 465
216 471
216 474
216 477
216 485
216 487
216 489
216 493
216 498
216 504
216 506
216 509
216 512
216 519
216 526
216 529
216 530
216 534
216 535
216 536
216 552
216 557
216 559
216 568
216 570
216 573
216 574
216 580
216 581
216 587
216 589
216 593
216 597
216 598
216 602
216 603
216 605
216 607
216 610
216 613
216 618
216 620
216 621
216 625
216 634
216 647
216 648
216 649
216 650
216 654
216 656
216 667
216 668
216 669
216 672
216 673
216 677
216 683
216 688
216 690
216 698
216 700
216 702
216 707
216 710
216 714
216 721
216 729
216 731
216 733
216 738
216 739
216 744
216 746
216 749
216 750
216 752
216 756
216 761
216 764
216 765
216 771
216 772
216 773
216 775
216 783
216 785
216 786
216 787
216 791
216 795
217 243
217 246
217 247
217 250
217 253
217 256
217 261
217 266
217 268
217 271
217 273
217 278
217 282
217 288
217 289
217 290
217 292
217 294
217 296
217 302
217 309
217 312
217 316
217 323
217 324
217 326
217 327
217 332
217 333
217 335
217 339
217 342
217 343
217 348
217 352
217 353
217 356
217 359
217 365
217 371
217 374
217 381
217 382
217 383
217 388
217 392
217 397
217 404
217 406
217 407
217 414
217 415
217 417
217 420
217 421
217 424
217 428
217 432
217 434
217 435
217 440
217 441
217 444
217 445
217 451
217 452
217 454
217 455
217 459
217 464
217 465
217 466
217 469
217 470
217 476
217 477
217 491
217 499
217 500
217 508
217 509
217 512
217 517
217 529
217 533
217 534
217 535
217 539
217 541
217 542
217 548
217 549
217 554
217 555
217 563
217 564
217 566
217 567
217 568
217 570
217 571
217 572
217 573
217 576
217 577
217 578
217 579
217 583
217 584
217 586
217 587
217 599
217 607
217 608
217 626
217 627
217 630
217 635
217 636
217 639
217 641
217 649
217 656
217 659
217 660
217 663
217 670
217 672
217 677
217 679
217 680
217 683
217 684
217 688
217 692
217 698
217 699
217 708
217 712
217 715
217 718
217 720
217 721
217 725
217 727
217 730
217 732
217 734
217 737
217 741
217 743
217 752
217 755
217 759
217 765
217 766
217 768
217 777
217 778
217 779
217 781
217 784
217 786
217 787
217 789
217 794
217 796
217 800
218 243
218 250
218 251
218 252
218 253
218 256
218 267
218 268
218 272
218 275
218 276
218 278
218 280
218 287
218 291
218 294
218 297
218 304
218 306
218 312
218 318
218 322
218 330
218 331
218 338
218 340
218 342
218 351
218 352
218 358
218 362
218 364
218 374
218 376
218 378
218 380
218 386
218 389
218 394
218 396
218 401
218 403
218 405
218 413
218 414
218 415
218 416
218 417
218 422
218 424
218 425
218 432
218 435
218 438
218 439
218 441
218 442
218 443
218 448
218 452
218 459
218 463
218 469
218 471
218 484
218 487
218 489
218 490
218 491
218 494
218 495
218 498
218 504
218 507
218 519
218 524
218 535
218 542
218 545
218 546
218 547
218 550
218 554
218 567
218 569
218 570
218 571
218 577
218 580
218 582
218 584
218 588
218 591
218 598
218 599
218 601
218 604
218 605
218 609
218 617
218 621
218 627
218 629
218 635
218 638
218 646
218 649
218 652
218 659
218 665
218 666
218 670
218 673
218 677
218 682
218 684
218 685
218 689
218 697
218 699
218 701
218 703
218 704
218 707
218 716
218 717
218 721
218 728
218 730
218 731
218 737
218 738
218 741
218 744
218 755
218 757
218 766
218 767
218 768
218 773
218 776
218 779
218 781
218 789
218 792
218 793
218 795
218 797
218 800
219 241
219 244
219 249
219 252
219 262
219 264
219 269
219 270
219 274
219 276
219 283
219 286
219 287
219 290
219 292
219 303
219 307
219 311
219 313
219 315
219 318
219 319
219 320
219 321
219 325
219 327
219 333
219 337
219 338
219 340
219 341
219 343
219 344
219 349
219 353
219 354
219 356
219 358
219 359
219 360
219 368
219 370
219 371
219 372
219 375
219 376
219 377
219 388
219 389
219 396
219 398
219 402
219 404
219 412
219 414
219 418
219 420
219 422
219 428
219 429
219 432
219 435
219 437
219 438
219 440
219 442
219 445
219 447
219 448
219 452
219 457
219 462
219 464
219 465
219 467
219 470
219 471
219 472
219 474
219 477
219 486
219 488
219 489
219 492
219 495
219 496
219 499
219 507
219 513
219 514
219 517
219 519
219 520
219 524
219 528
219 529
219 531
219 533
219 536
219 537
219 541
219 543
219 548
219 554
219 557
219 560
219 563
219 566
219 579
219 580
219 586
219 591
219 594
219 601
219 602
219 606
219 611
219 613
219 618
219 623
219 625
219 626
219 628
219 631
219 635
219 638
219 642
219 653
219 658
219 659
219 665
219 667
219 669
219 673
219 675
219 677
219 684
219 686
219 688
219 691
219 693
219 694
219 695
219 696
219 701
219 702
219 703
219 707
219 712
219 716
219 717
219 723
219 724
219 730
219 736
219 737
219 739
219 741
219 742
219 743
219 744
219 747
219 756
219 759
219 762
219 765
219 767
219 768
219 771
219 775
219 779
219 784
219 798
220 244
220 245
220 250
220 251
220 254
220 256
220 257
220 262
220 263
220 269
220 274
220 276
220 280
220 281
220 287
220 292
220 293
220 294
220 296
220 301
220 302
220 309
220 315
220 316
220 320
220 325
220 326
220 327
220 328
220 330
220 331
220 334
220 341
220 343
220 345
220 347
220 351
220 353
220 362
220 363
220 378
220 381
220 382
220 383
220 384
220 386
220 393
220 394
220 397
220 399
220 401
220 412
220 413
220 415
220 421
220 428
220 429
220 430
220 433
220 437
220 439
220 441
220 447
220 448
220 449
220 451
220 452
220 455
220 456
220 458
220 459
220 461
220 462
220 465
220 466
220 467
220 468
220 469
220 473
220 475
220 477
220 479
220 482
220 486
220 490
220 493
220 494
220 500
220 506
220 509
220 510
220 511
220 512
220 513
220 519
220 522
220 523
220 524
220 526
220 528
220 530
220 532
220 539
220 540
220 544
220 545
220 547
220 551
220 552
220 556
220 558
220 559
220 561
220 562
220 566
220 567
220 569
220 571
220 573
220 578
220 585
220 586
220 589
220 590
220 597
220 599
220 600
220 601
220 604
220 610
220 611
220 617
220 624
220 625
220 628
220 629
220 638
220 639
220 640
220 642
220 646
220 651
220 653
220 656
220 660
220 662
220 665
220 666
220 668
220 669
220 671
220 673
220 678
220 684
220 686
220 687
220 689
220 690
220 696
220 700
220 701
220 710
220 711
220 712
220 714
220 715
220 716
220 722
220 730
220 735
220 738
220 746
220 747
220 748
220 755
220 767
220 773
220 774
220 779
220 781
220 782
220 783
220 784
220 786
220 791
220 792
220 798
221 244
221 249
221 250
221 253
221 254
221 259
221 261
221 263
221 273
221 280
221 292
221 293
221 294
221 295
221 297
221 298
221 303
221 304
221 305
221 307
221 309
221 317
221 318
221 319
221 325
221 326
221 335
221 336
221 344
221 353
221 356
221 363
221 366
221 381
221 385
221 392
221 400
221 404
221 408
221 409
221 413
221 414
221 417
221 419
221 420
221 422
221 426
221 427
221 430
221 431
221 434
221 437
221 438
221 442
221 444
221 451
221 452
221 454
221 458
221 460
221 464
221 466
221 472
221 473
221 474
221 476
221 478
221 479
221 483
221 489
221 490
221 494
221 497
221 500
221 502
221 503
221 512
221 516
221 517
221 519
221 530
221 531
221 534
221 537
221 539
221 540
221 544
221 546
221 548
221 556
221 559
221 561
221 568
221 571
221 573
221 574
221 577
221 580
221 583
221 584
221 585
221 587
221 591
221 597
221 599
221 600
221 610
221 612
221 615
221 620
221 623
221 628
221 630
221 634
221 636
221 641
221 642
221 643
221 647
221 649
221 650
221 652
221 655
221 660
221 662
221 663
221 667
221 668
221 669
221 670
221 676
221 680
221 681
221 682
221 683
221 686
221 687
221 694
221 696
221 698
221 699
221 701
221 705
221 708
221 713
221 716
221 723
221 724
221 725
221 726
221 727
221 730
221 733
221 734
221 741
221 742
221 748
221 752
221 754
221 755
221 756
221 767
221 770
221 772
221 778
221 779
221 784
221 785
221 787
221 788
221 790
221 791
222 241
222 246
222 247
222 249
222 253
222 256
222 262
222 265
222 268
222 269
222 274
222 281
222 285
222 286
222 287
222 289
222 294
222 295
222 303
222 305
222 311
222 313
222 320
222 322
222 323
222 324
222 328
222 334
222 336
222 338
222 340
222 342
222 345
222 349
222 354
222 355
222 357
222 358
222 360
222 361
222 362
222 364
222 371
222 373
222 374
222 377
222 378
222 381
222 383
222 384
222 386
222 389
222 391
222 392
222 398
222 405
222 408
222 410
222 424
222 428
222 430
222 437
222 438
222 439
222 440
222 447
222 458
222 465
222 468
222 469
222 475
222 478
222 480
222 486
222 494
222 495
222 498
222 501
222 509
222 513
222 517
222 518
222 519
222 522
222 523
222 525
222 526
222 532
222 538
222 539
222 540
222 542
222 543
222 546
222 548
222 549
222 553
222 554
222 555
222 558
222 559
222 561
222 564
222 567
222 568
222 572
222 573
222 574
222 575
222 583
222 584
222 585
222 603
222 604
222 609
222 610
222 613
222 615
222 616
222 628
222 633
222 634
222 635
222 639
222 641
222 643
222 646
222 647
222 652
222 654
222 656
222 657
222 658
222 659
222 670
222 673
222 676
222 687
222 695
222 700
222 708
222 709
222 712
222 713
222 714
222 715
222 716
222 718
222 722
222 727
222 728
222 731
222 733
222 740
222 741
222 742
222 744
222 750
222 757
222 759
222 767
222 776
222 780
222 784
222 786
222 787
222 788
222 789
222 790
222 791
222 793
222 796
222 797
222 799
222 800
223 241
223 244
223 247
223 251
223 255
223 257
223 258
223 259
223 264
223 265
223 266
223 268
223 269
223 271
223 273
223 276
223 284
223 290
223 291
223 292
223 295
223 297
223 298
223 302
223 303
223 312
223 318
223 319
223 322
223 324
223 328
223 336
223 345
223 347
223 359
223 360
223 361
223 365
223 366
223 367
223 374
223 377
223 378
223 379
223 381
223 383
223 386
223 389
223 392
223 396
223 398
223 402
223 403
223 405
223 413
223 414
223 416
223 428
223 432
223 438
223 440
223 443
223 444
223 445
223 447
223 452
223 454
223 455
223 456
223 459
223 460
223 461
223 471
223 473
223 481
223 482
223 483
223 492
223 503
223 513
223 518
223 524
223 525
223 531
223 532
223 537
223 541
223 543
223 544
223 545
223 549
223 553
223 556
223 559
223 560
223 561
223 562
223 565
223 566
223 568
223 570
223 574
223 578
223 579
223 582
223 584
223 585
223 586
223 588
223 590
223 595
223 600
223 601
223 602
223 608
223 611
223 614
223 616
223 617
223 621
223 623
223 625
223 629
223 637
223 638
223 640
223 644
223 649
223 652
223 653
223 654
223 660
223 665
223 667
223 674
223 676
223 681
223 683
223 687
223 692
223 693
223 698
223 700
223 701
223 703
223 707
223 708
223 710
223 711
223 713
223 715
223 717
223 720
223 722
223 726
223 729
223 733
223 739
223 742
223 743
223 751
223 759
223 760
223 766
223 767
223 768
223 769
223 773
223 775
223 778
223 785
223 787
223 788
223 791
223 793
223 794
223 795
223 797
224 242
224 246
224 249
224 251
224 253
224 254
224 256
224 258
224 260
224 263
224 264
224 270
224 276
224 278
224 280
224 282
224 293
224 295
224 301
224 303
224 308
224 316
224 318
224 320
224 323
224 325
224 329
224 334
224 339
224 344
224 346
224 349
224 351
224 360
224 361
224 363
224 365
224 366
224 369
224 372
224 373
224 378
224 379
224 380
224 382
224 384
224 386
224 387
224 389
224 394
224 395
224 396
224 399
224 402
224 405
224 408
224 412
224 413
224 415
224 422
224 425
224 439
224 444
224 457
224 461
224 466
224 471
224 477
224 478
224 481
224 484
224 487
224 489
224 491
224 493
224 498
224 500
224 502
224 503
224 509
224 513
224 516
224 529
224 530
224 531
224 533
224 534
224 540
224 541
224 544
224 547
224 549
224 556
224 560
224 577
224 579
224 580
224 582
224 588
224 589
224 592
224 605
224 620
224 622
224 623
224 624
224 627
224 628
224 633
224 634
224 638
224 654
224 658
224 659
224 660
224 668
224 675
224 677
224 682
224 683
224 689
224 690
224 692
224 693
224 697
224 700
224 706
224 707
224 709
224 711
224 713
224 714
224 716
224 718
224 721
224 725
224 726
224 740
224 746
224 747
224 748
224 756
224 759
224 760
224 763
224 764
224 768
224 771
224 775
224 777
224 787
224 789
224 790
224 792
224 794
224 796
224 798
224 799
224 800
225 242
225 244
225 245
225 250
225 252
225 257
225 265
225 272
225 278
225 281
225 287
225 290
225 294
225 302
225 312
225 315
225 317
225 318
225 321
225 326
225 329
225 332
225 336
225 338
225 343
225 347
225 348
225 351
225 352
225 357
225 359
225 361
225 362
225 371
225 373
225 374
225 383
225 384
225 385
225 390
225 391
225 393
225 394
225 399
225 400
225 403
225 404
225 409
225 410
225 412
225 415
225 417
225 419
225 420
225 421
225 429
225 431
225 435
225 436
225 440
225 441
225 443
225 444
225 447
225 451
225 452
225 461
225 465
225 470
225 472
225 476
225 483
225 485
225 487
225 488
225 496
225 499
225 501
225 502
225 503
225 505
225 506
225 508
225 513
225 514
225 517
225 518
225 522
225 526
225 533
225 534
225 538
225 539
225 543
225 544
225 552
225 555
225 560
225 564
225 567
225 568
225 569
225 570
225 573
225 574
225 579
225 580
225 583
225 586
225 591
225 593
225 596
225 597
225 601
225 604
225 605
225 607
225 609
225 615
225 623
225 628
225 635
225 636
225 637
225 645
225 646
225 648
225 649
225 653
225 655
225 660
225 663
225 664
225 665
225 668
225 672
225 678
225 681
225 682
225 685
225 687
225 688
225 689
225 691
225 692
225 693
225 697
225 703
225 704
225 705
225 715
225 725
225 728
225 734
225 735
225 739
225 740
225 746
225 750
225 753
225 758
225 761
225 768
225 769
225 771
225 779
225 782
225 783
225 787
225 793
225 796
226 243
226 247
226 251
226 257
226 258
226 259
226 260
226 268
226 269
226 273
226 274
226 275
226 276
226 277
226 278
226 279
226 280
226 281
226 285
226 286
226 287
226 291
226 292
226 293
226 298
226 299
226 301
226 302
226 306
226 308
226 309
226 311
226 315
226 319
226 321
226 323
226 328
226 330
226 332
226 334
226 336
226 337
226 346
226 350
226 352
226 354
226 358
226 360
226 363
226 365
226 366
226 367
226 372
226 375
226 386
226 390
226 391
226 399
226 407
226 408
226 414
226 419
226 420
226 421
226 423
226 424
226 431
226 432
226 434
226 440
226 441
226 447
226 454
226 457
226 458
226 461
226 464
226 466
226 467
226 472
226 475
226 484
226 485
226 488
226 490
226 496
226 498
226 501
226 502
226 506
226 507
226 508
226 513
226 515
226 516
226 517
226 525
226 527
226 530
226 531
226 533
226 535
226 536
226 542
226 546
226 547
226 551
226 558
226 562
226 567
226 571
226 572
226 574
226 575
226 576
226 578
226 579
226 582
226 585
226 586
226 587
226 589
226 591
226 592
226 601
226 603
226 604
226 605
226 607
226 608
226 610
226 613
226 623
226 627
226 630
226 632
226 637
226 638
226 639
226 641
226 642
226 643
226 646
226 647
226 654
226 655
226 657
226 660
226 663
226 666
226 669
226 675
226 676
226 677
226 682
226 683
226 684
226 685
226 686
226 695
226 698
226 700
226 704
226 710
226 714
226 717
226 722
226 729
226 730
226 731
226 732
226 736
226 741
226 743
226 750
226 757
226 761
226 763
226 765
226 767
226 771
226 772
226 791
226 792
226 793
227 243
227 250
227 251
227 252
227 258
227 259
227 262
227 267
227 270
227 280
227 282
227 284
227 288
227 291
227 295
227 300
227 302
227 304
227 309
227 310
227 314
227 316
227 318
227 323
227 332
227 335
227 336
227 340
227 347
227 352
227 359
227 360
227 361
227 362
227 364
227 366
227 367
227 380
227 381
227 385
227 387
227 394
227 395
227 397
227 404
227 409
227 410
227 411
227 415
227 416
227 417
227 419
227 421
227 425
227 433
227 434
227 438
227 443
227 448
227 451
227 454
227 455
227 456
227 459
227 460
227 461
227 463
227 465
227 469
227 471
227 473
227 482
227 483
227 485
227 487
227 490
227 496
227 502
227 503
227 521
227 528
227 529
227 531
227 533
227 534
227 544
227 553
227 569
227 573
227 574
227 575
227 580
227 583
227 586
227 587
227 591
227 594
227 595
227 599
227 606
227 613
227 615
227 616
227 618
227 620
227 621
227 628
227 629
227 634
227 635
227 640
227 641
227 644
227 648
227 649
227 652
227 667
227 673
227 675
227 679
227 683
227 693
227 695
227 697
227 698
227 703
227 705
227 711
227 713
227 715
227 719
227 721
227 732
227 733
227 736
227 743
227 744
227 745
227 746
227 747
227 751
227 753
227 761
227 768
227 775
227 777
227 783
227 784
227 790
227 793
227 794
227 797
228 241
228 244
228 246
228 247
228 249
228 250
228 252
228 257
228 259
228 266
228 269
228 272
228 275
228 284
228 290
228 296
228 306
228 307
228 308
228 309
228 316
228 317
228 329
228 331
228 342
228 343
228 344
228 345
228 348
228 350
228 357
228 364
228 368
228 371
228 373
228 378
228 379
228 383
228 384
228 389
228 390
228 391
228 397
228 398
228 399
228 400
228 402
228 407
228 409
228 413
228 416
228 430
228 431
228 435
228 441
228 442
228 455
228 457
228 459
228 460
228 461
228 462
228 465
228 470
228 471
228 474
228 475
228 478
228 485
228 486
228 489
228 498
228 502
228 503
228 509
228 518
228 525
228 526
228 531
228 533
228 534
228 535
228 542
228 547
228 549
228 550
228 554
228 557
228 560
228 563
228 565
228 572
228 573
228 574
228 581
228 583
228 584
228 586
228 589
228 592
228 594
228 595
228 597
228 598
228 606
228 611
228 623
228 624
228 626
228 634
228 636
228 638
228 641
228 645
228 646
228 649
228 657
228 658
228 668
228 672
228 673
228 676
228 680
228 681
228 685
228 688
228 689
228 690
228 691
228 697
228 698
228 699
228 701
228 705
228 709
228 715
228 717
228 729
228 731
228 736
228 739
228 741
228 742
228 747
228 750
228 753
228 755
228 758
228 760
228 764
228 767
228 772
228 774
228 786
228 787
228 791
228 794
228 795
228 796
228 800
229 241
229 246
229 249
229 252
229 255
229 258
229 259
229 264
229 266
229 280
229 283
229 287
229 290
229 292
229 297
229 301
229 303
229 311
229 319
229 322
229 323
229 328
229 333
229 334
229 336
229 342
229 346
229 348
229 349
229 352
229 357
229 359
229 361
229 368
229 372
229 374
229 377
229 380
229 382
229 391
229 393
229 396
229 398
229 401
229 404
229 407
229 417
229 418
229 421
229 423
229 429
229 435
229 439
229 441
229 446
229 447
229 448
229 451
229 459
229 470
229 471
229 476
229 477
229 478
229 481
229 486
229 487
229 489
229 490
229 492
229 500
229 501
229 503
229 504
229 509
229 510
229 512
229 513
229 515
229 517
229 518
229 520
229 522
229 524
229 526
229 531
229 532
229 547
229 548
229 550
229 557
229 558
229 565
229 566
229 571
229 572
229 573
229 574
229 576
229 581
229 582
229 584
229 585
229 587
229 594
229 597
229 599
229 606
229 609
229 610
229 614
229 618
229 619
229 625
229 629
229 632
229 636
229 638
229 639
229 641
229 642
229 650
229 655
229 656
229 659
229 660
229 663
229 664
229 667
229 669
229 676
229 678
229 679
229 684
229 685
229 691
229 692
229 694
229 705
229 707
229 712
229 714
229 715
229 718
229 724
229 725
229 732
229 734
229 735
229 741
229 743
229 745
229 746
229 748
229 749
229 750
229 752
229 753
229 758
229 760
229 768
229 769
229 771
229 773
229 774
229 775
229 776
229 780
229 781
229 782
229 785
229 787
229 791
229 797
229 799
230 245
230 248
230 256
230 258
230 259
230 267
230 271
230 272
230 273
230 279
230 281
230 285
230 286
230 289
230 292
230 295
230 297
230 298
230 300
230 303
230 304
230 309
230 313
230 316
230 319
230 323
230 324
230 329
230 332
230 338
230 340
230 342
230 347
230 349
230 352
230 353
230 359
230 360
230 363
230 365
230 367
230 369
230 372
230 374
230 378
230 379
230 383
230 385
230 387
230 390
230 394
230 397
230 398
230 403
230 404
230 410
230 411
230 419
230 420
230 427
230 431
230 433
230 434
230 438
230 440
230 442
230 447
230 450
230 453
230 455
230 456
230 457
230 458
230 459
230 460
230 468
230 470
230 472
230 476
230 477
230 481
230 482
230 485
230 507
230 511
230 518
230 519
230 521
230 523
230 524
230 525
230 529
230 535
230 538
230 539
230 544
230 546
230 556
230 560
230 569
230 571
230 572
230 577
230 580
230 588
230 589
230 590
230 595
230 597
230 601
230 604
230 605
230 607
230 609
230 612
230 613
230 614
230 617
230 622
230 623
230 625
230 634
230 638
230 649
230 650
230 652
230 658
230 668
230 671
230 673
230 675
230 676
230 678
230 683
230 686
230 687
230 688
230 694
230 696
230 698
230 702
230 704
230 706
230 708
230 712
230 713
230 716
230 724
230 729
230 730
230 731
230 732
230 733
230 735
230 736
230 739
230 740
230 742
230 744
230 745
230 748
230 749
230 751
230 753
230 756
230 757
230 761
230 765
230 766
230 768
230 772
230 773
230 782
230 785
230 787
230 790
230 792
231 241
231 243
231 244
231 248
231 249
231 250
231 251
231 257
231 262
231 263
231 273
231 279
231 286
231 289
231 290
231 293
231 299
231 300
231 302
231 304
231 307
231 316
231 317
231 319
231 325
231 329
231 332
231 333
231 334
231 335
231 337
231 338
231 341
231 342
231 346
231 347
231 350
231 351
231 353
231 355
231 357
231 361
231 371
231 373
231 374
231 376
231 379
231 385
231 388
231 392
231 395
231 399
231 405
231 409
231 415
231 416
231 417
231 418
231 420
231 423
231 425
231 426
231 427
231 431
231 432
231 433
231 435
231 437
231 439
231 447
231 450
231 453
231 455
231 456
231 459
231 461
231 462
231 474
231 478
231 479
231 480
231 484
231 489
231 493
231 496
231 501
231 507
231 512
231 521
231 525
231 527
231 528
231 531
231 532
231 537
231 539
231 541
231 543
231 548
231 551
231 553
231 554
231 558
231 564
231 565
231 566
231 570
231 572
231 573
231 574
231 577
231 589
231 590
231 592
231 598
231 601
231 603
231 604
231 609
231 615
231 617
231 619
231 628
231 636
231 638
231 639
231 640
231 644
231 646
231 647
231 648
231 652
231 656
231 660
231 663
231 664
231 671
231 673
231 674
231 679
231 680
231 686
231 688
231 690
231 693
231 697
231 709
231 711
231 717
231 735
231 741
231 743
231 750
231 756
231 760
231 761
231 764
231 766
231 770
231 773
231 774
231 779
231 780
231 782
231 783
231 786
231 790
231 791
231 795
231 797
231 798
232 246
232 247
232 248
232 249
232 251
232 256
232 259
232 264
232 265
232 270
232 272
232 274
232 279
232 283
232 286
232 294
232 301
232 302
232 305
232 310
232 312
232 316
232 317
232 318
232 323
232 331
232 334
232 335
232 336
232 337
232 341
232 351
232 352
232 355
232 357
232 361
232 363
232 367
232 368
232 373
232 374
232 376
232 379
232 383
232 389
232 392
232 394
232 397
232 401
232 404
232 406
232 408
232 409
232 416
232 418
232 419
232 421
232 424
232 427
232 428
232 437
232 438
232 441
232 443
232 444
232 445
232 451
232 454
232 455
232 457
232 467
232 472
232 474
232 475
232 476
232 478
232 479
232 484
232 485
232 487
232 499
232 502
232 504
232 505
232 507
232 510
232 511
232 514
232 515
232 519
232 523
232 526
232 529
232 531
232 536
232 537
232 553
232 554
232 556
232 557
232 559
232 560
232 562
232 566
232 568
232 570
232 584
232 586
232 600
232 602
232 609
232 614
232 618
232 621
232 624
232 625
232 626
232 631
232 640
232 644
232 653
232 654
232 655
232 656
232 662
232 663
232 669
232 671
232 673
232 674
232 680
232 685
232 688
232 700
232 707
232 713
232 719
232 734
232 738
232 742
232 749
232 751
232 755
232 760
232 761
232 762
232 766
232 782
232 787
232 791
232 798
233 242
233 244
233 246
233 248
233 249
233 251
233 253
233 261
233 262
233 269
233 277
233 279
233 281
233 285
233 310
233 312
233 314
233 320
233 327
233 328
233 333
233 338
233 346
233 347
233 349
233 353
233 356
233 357
233 366
233 368
233 369
233 370
233 373
233 377
233 382
233 383
233 388
233 389
233 390
233 394
233 395
233 397
233 406
233 408
233 418
233 419
233 420
233 426
233 427
233 430
233 431
233 432
233 434
233 443
233 444
233 446
233 450
233 454
233 462
233 463
233 464
233 465
233 467
233 469
233 470
233 475
233 477
233 480
233 481
233 484
233 485
233 487
233 490
233 496
233 498
233 506
233 508
233 515
233 516
233 526
233 529
233 539
233 540
233 541
233 546
233 554
233 555
233 556
233 557
233 562
233 566
233 567
233 568
233 572
233 573
233 575
233 580
233 583
233 589
233 590
233 592
233 597
233 599
233 606
233 607
233 609
233 610
233 613
233 615
233 618
233 619
233 622
233 627
233 629
233 635
233 637
233 638
233 642
233 644
233 645
233 648
233 649
233 655
233 660
233 662
233 663
233 683
233 684
233 695
233 696
233 698
233 699
233 701
233 705
233 707
233 709
233 712
233 714
233 722
233 727
233 728
233 732
233 733
233 737
233 740
233 744
233 745
233 747
233 752
233 753
233 761
233 762
233 763
233 769
233 775
233 776
233 783
233 784
234 242
234 243
234 244
234 249
234 250
234 251
234 258
234 264
234 266
234 269
234 276
234 279
234 280
234 284
234 285
234 286
234 287
234 290
234 294
234 295
234 296
234 298
234 301
234 306
234 310
234 313
234 314
234 316
234 328
234 329
234 332
234 333
234 335
234 352
234 355
234 357
234 359
234 361
234 365
234 366
234 369
234 370
234 372
234 374
234 375
234 377
234 381
234 382
234 384
234 385
234 387
234 390
234 393
234 395
234 398
234 410
234 414
234 416
234 431
234 436
234 437
234 438
234 439
234 448
234 457
234 460
234 461
234 463
234 466
234 467
234 468
234 473
234 482
234 484
234 485
234 486
234 492
234 494
234 496
234 497
234 499
234 503
234 504
234 506
234 507
234 509
234 512
234 516
234 526
234 527
234 538
234 544
234 550
234 553
234 555
234 556
234 558
234 560
234 562
234 565
234 569
234 572
234 573
234 581
234 582
234 584
234 586
234 596
234 602
234 603
234 606
234 607
234 613
234 615
234 618
234 619
234 620
234 622
234 624
234 625
234 629
234 630
234 642
234 646
234 647
234 660
234 661
234 662
234 666
234 669
234 678
234 683
234 684
234 687
234 692
234 693
234 695
234 697
234 702
234 706
234 712
234 714
234 715
234 716
234 730
234 731
234 733
234 734
234 736
234 737
234 746
234 747
234 757
234 758
234 761
234 764
234 766
234 771
234 774
234 775
234 778
234 780
234 781
234 785
234 786
234 789
234 790
234 791
234 792
234 794
234 798
234 799
234 800
235 241
235 242
235 244
235 245
235 251
235 260
235 261
235 266
235 267
235 268
235 270
235 273
235 274
235 277
235 279
235 283
235 284
235 286
235 288
235 292
235 294
235 295
235 298
235 299
235 302
235 305
235 307
235 310
235 312
235 314
235 315
235 316
235 317
235 321
235 328
235 329
235 330
235 332
235 334
235 335
235 338
235 343
235 348
235 349
235 351
235 353
235 359
235 360
235 362
235 369
235 370
235 371
235 374
235 378
235 379
235 383
235 384
235 399
235 403
235 408
235 410
235 417
235 418
235 423
235 425
235 428
235 430
235 433
235 434
235 436
235 440
235 443
235 444
235 445
235 447
235 448
235 449
235 455
235 456
235 457
235 461
235 464
235 467
235 469
235 470
235 472
235 481
235 483
235 486
235 488
235 495
235 498
235 500
235 501
235 503
235 505
235 510
235 511
235 515
235 516
235 518
235 520
235 522
235 530
235 532
235 537
235 543
235 544
235 545
235 546
235 549
235 550
235 555
235 558
235 565
235 566
235 570
235 575
235 576
235 577
235 580
235 582
235 587
235 588
235 589
235 591
235 594
235 597
235 600
235 602
235 608
235 610
235 612
235 613
235 620
235 626
235 628
235 631
235 633
235 634
235 643
235 644
235 651
235 653
235 655
235 661
235 662
235 663
235 666
235 669
235 673
235 674
235 678
235 679
235 681
235 684
235 685
235 692
235 693
235 695
235 697
235 701
235 702
235 704
235 706
235 710
235 711
235 715
235 718
235 721
235 732
235 733
235 734
235 736
235 740
235 745
235 748
235 749
235 750
235 756
235 759
235 762
235 765
235 766
235 769
235 772
235 773
235 777
235 783
235 784
235 786
235 788
235 790
235 791
235 792
235 798
235 799
236 244
236 247
236 249
236 252
236 253
236 254
236 259
236 269
236 270
236 273
236 276
236 278
236 296
236 299
236 300
236 301
236 304
236 307
236 313
236 315
236 317
236 320
236 322
236 323
236 329
236 335
236 336
236 341
236 350
236 353
236 354
236 356
236 358
236 368
236 369
236 371
236 372
236 377
236 378
236 379
236 380
236 382
236 387
236 389
236 390
236 392
236 397
236 401
236 404
236 414
236 419
236 421
236 424
236 431
236 435
236 438
236 439
236 444
236 446
236 451
236 456
236 458
236 461
236 463
236 471
236 490
236 498
236 501
236 505
236 509
236 510
236 512
236 515
236 517
236 518
236 520
236 521
236 522
236 529
236 531
236 538
236 542
236 544
236 546
236 547
236 549
236 552
236 553
236 554
236 561
236 562
236 568
236 571
236 573
236 574
236 575
236 589
236 590
236 591
236 592
236 599
236 602
236 606
236 610
236 616
236 618
236 621
236 624
236 626
236 627
236 630
236 632
236 635
236 638
236 639
236 643
236 644
236 646
236 647
236 649
236 652
236 654
236 656
236 657
236 663
236 665
236 671
236 675
236 676
236 678
236 683
236 685
236 688
236 695
236 696
236 698
236 702
236 703
236 705
236 707
236 708
236 709
236 711
236 714
236 723
236 724
236 735
236 737
236 738
236 739
236 745
236 748
236 750
236 758
236 763
236 764
236 765
236 766
236 767
236 768
236 775
236 788
236 793
236 796
236 798
236 799
236 800
237 241
237 247
237 248
237 249
237 262
237 263
237 268
237 270
237 271
237 277
237 281
237 282
237 283
237 284
237 288
237 291
237 296
237 299
237 300
237 301
237 302
237 303
237 308
237 309
237 310
237 313
237 319
237 326
237 327
237 330
237 333
237 334
237 340
237 341
237 344
237 346
237 347
237 351
237 353
237 354
237 360
237 366
237 371
237 372
237 374
237 375
237 378
237 379
237 385
237 386
237 387
237 396
237 397
237 399
237 404
237 405
237 406
237 413
237 415
237 417
237 419
237 422
237 424
237 425
237 426
237 427
237 428
237 430
237 433
237 434
237 435
237 439
237 443
237 455
237 459
237 461
237 463
237 469
237 472
237 477
237 478
237 483
237 485
237 486
237 488
237 490
237 491
237 492
237 495
237 496
237 497
237 500
237 503
237 508
237 511
237 512
237 519
237 520
237 522
237 523
237 531
237 535
237 544
237 545
237 549
237 551
237 557
237 559
237 564
237 566
237 567
237 568
237 570
237 577
237 578
237 580
237 582
237 583
237 584
237 585
237 594
237 597
237 603
237 615
237 616
237 617
237 618
237 619
237 624
237 625
237 626
237 634
237 635
237 637
237 642
237 648
237 649
237 650
237 652
237 654
237 655
237 656
237 659
237 664
237 665
237 669
237 681
237 683
237 684
237 695
237 700
237 701
237 705
237 712
237 716
237 717
237 724
237 725
237 729
237 732
237 735
237 738
237 739
237 753
237 760
237 761
237 763
237 765
237 767
237 768
237 769
237 774
237 781
237 788
237 789
237 792
237 793
237 795
238 243
238 244
238 246
238 254
238 255
238 260
238 261
238 263
238 265
238 269
238 270
238 277
238 278
238 281
238 284
238 289
238 292
238 294
238 298
238 307
238 308
238 311
238 322
238 328
238 331
238 332
238 334
238 338
238 341
238 344
238 345
238 346
238 350
238 351
238 353
238 368
238 370
238 375
238 376
238 379
238 389
238 394
238 400
238 403
238 410
238 415
238 419
238 424
238 425
238 430
238 433
238 436
238 441
238 448
238 450
238 451
238 453
238 454
238 458
238 463
238 464
238 475
238 478
238 482
238 485
238 487
238 492
238 497
238 500
238 501
238 508
238 512
238 518
238 522
238 523
238 529
238 530
238 536
238 539
238 542
238 543
238 544
238 552
238 555
238 557
238 559
238 566
238 567
238 568
238 570
238 574
238 581
238 582
238 583
238 584
238 585
238 588
238 589
238 591
238 597
238 599
238 605
238 609
238 610
238 612
238 614
238 624
238 625
238 626
238 628
238 629
238 642
238 646
238 651
238 656
238 658
238 659
238 661
238 663
238 666
238 670
238 675
238 676
238 680
238 683
238 686
238 688
238 690
238 694
238 695
238 698
238 704
238 708
238 710
238 711
238 712
238 715
238 719
238 720
238 721
238 725
238 727
238 730
238 736
238 737
238 738
238 740
238 748
238 751
238 771
238 772
238 773
238 782
238 783
238 784
238 785
238 786
238 792
238 795
238 796
238 798
238 800
239 243
239 244
239 257
239 258
239 263
239 265
239 271
239 272
239 275
239 276
239 282
239 288
239 289
239 297
239 301
239 302
239 308
239 310
239 311
239 315
239 316
239 317
239 318
239 320
239 321
239 323
239 327
239 330
239 331
239 332
239 335
239 339
239 340
239 344
239 352
239 353
239 358
239 372
239 373
239 377
239 380
239 387
239 395
239 396
239 397
239 399
239 400
239 402
239 407
239 409
239 412
239 413
239 418
239 419
239 422
239 423
239 433
239 437
239 438
239 439
239 443
239 444
239 445
239 450
239 455
239 456
239 458
239 462
239 466
239 467
239 475
239 496
239 502
239 510
239 513
239 518
239 520
239 527
239 530
239 541
239 544
239 556
239 557
239 560
239 561
239 563
239 569
239 572
239 579
239 582
239 587
239 589
239 591
239 602
239 609
239 612
239 620
239 621
239 628
239 629
239 631
239 642
239 646
239 648
239 649
239 651
239 657
239 660
239 666
239 669
239 672
239 673
239 675
239 680
239 688
239 690
239 691
239 695
239 697
239 707
239 708
239 717
239 724
239 728
239 735
239 737
239 738
239 739
239 742
239 745
239 752
239 754
239 757
239 761
239 763
239 766
239 771
239 776
239 782
239 784
239 793
240 243
240 250
240 252
240 254
240 256
240 259
240 266
240 268
240 269
240 277
240 280
240 285
240 287
240 289
240 298
240 299
240 308
240 311
240 316
240 318
240 324
240 325
240 327
240 330
240 332
240 334
240 342
240 343
240 353
240 355
240 357
240 359
240 361
240 366
240 367
240 368
240 371
240 374
240 375
240 376
240 377
240 382
240 384
240 392
240 396
240 398
240 400
240 401
240 403
240 409
240 410
240 411
240 413
240 419
240 425
240 431
240 441
240 450
240 451
240 454
240 455
240 457
240 460
240 465
240 472
240 473
240 479
240 485
240 489
240 497
240 498
240 501
240 505
240 508
240 509
240 510
240 518
240 519
240 522
240 523
240 527
240 530
240 531
240 539
240 541
240 543
240 555
240 560
240 563
240 574
240 576
240 579
240 580
240 586
240 587
240 592
240 594
240 598
240 602
240 611
240 616
240 620
240 623
240 627
240 634
240 640
240 643
240 649
240 652
240 654
240 657
240 668
240 672
240 680
240 689
240 690
240 692
240 694
240 706
240 709
240 711
240 712
240 713
240 721
240 722
240 734
240 740
240 742
240 745
240 747
240 754
240 758
240 764
240 765
240 771
240 776
240 777
240 782
240 786
240 788
240 792
240 793
240 798
241 321
241 323
241 324
241 325
241 326
241 327
241 334
241 338
241 340
241 345
241 346
241 350
241 354
241 371
241 372
241 381
241 382
241 386
241 387
241 388
241 395
241 396
241 400
241 401
241 404
241 405
241 414
241 421
241 422
241 424
241 429
241 430
241 431
241 432
241 438
241 445
241 446
241 449
241 452
241 455
241 456
241 463
241 464
241 473
241 480
241 484
241 488
241 489
241 490
241 492
241 494
241 498
241 501
241 505
241 506
241 508
241 513
241 521
241 523
241 524
241 525
241 527
241 528
241 531
241 532
241 534
241 538
241 544
241 545
241 547
241 548
241 551
241 552
241 557
241 558
241 561
241 562
241 563
241 565
241 568
241 572
241 578
241 581
241 583
241 585
241 590
241 594
241 596
241 599
241 600
241 601
241 603
241 604
241 606
241 611
241 616
241 618
241 620
241 622
241 630
241 639
241 643
241 648
241 649
241 652
241 653
241 666
241 678
241 681
241 683
241 684
241 687
241 691
241 692
241 693
241 697
241 700
241 703
241 705
241 712
241 717
241 719
241 726
241 734
241 739
241 747
241 752
241 753
241 757
241 760
241 761
241 762
241 767
241 768
241 771
241 774
241 779
241 784
241 785
241 790
241 794
241 796
242 321
242 322
242 330
242 332
242 334
242 335
242 339
242 344
242 345
242 350
242 351
242 354
242 358
242 361
242 374
242 378
242 380
242 381
242 390
242 392
242 393
242 395
242 396
242 397
242 399
242 404
242 409
242 414
242 416
242 420
242 421
242 429
242 431
242 436
242 440
242 441
242 447
242 448
242 452
242 455
242 459
242 462
242 463
242 467
242 471
242 475
242 478
242 480
242 481
242 482
242 485
242 487
242 488
242 489
242 491
242 493
242 496
242 503
242 504
242 508
242 513
242 514
242 523
242 531
242 534
242 538
242 539
242 542
242 545
242 552
242 553
242 565
242 568
242 574
242 576
242 577
242 578
242 580
242 582
242 583
242 584
242 594
242 596
242 599
242 602
242 607
242 616
242 617
242 619
242 620
242 622
242 623
242 624
242 638
242 640
242 641
242 643
242 644
242 650
242 654
242 658
242 661
242 668
242 669
242 671
242 677
242 679
242 682
242 685
242 689
242 691
242 694
242 698
242 701
242 703
242 707
242 708
242 710
242 711
242 716
242 727
242 734
242 738
242 741
242 748
242 752
242 753
242 754
242 756
242 757
242 759
242 762
242 764
242 765
242 767
242 768
242 770
242 771
242 775
242 780
242 782
242 785
242 788
243 322
243 323
243 326
243 330
243 333
243 338
243 346
243 347
243 349
243 351
243 352
243 354
243 355
243 356
243 357
243 358
243 361
243 363
243 371
243 377
243 378
243 380
243 381
243 382
243 383
243 384
243 385
243 387
243 391
243 395
243 398
243 399
243 403
243 408
243 415
243 416
243 419
243 420
243 421
243 423
243 429
243 433
243 437
243 439
243 443
243 445
243 449
243 450
243 454
243 463
243 464
243 470
243 473
243 478
243 491
243 493
243 495
243 497
243 498
243 502
243 504
243 505
243 508
243 509
243 510
243 516
243 518
243 522
243 527
243 528
243 529
243 533
243 535
243 538
243 544
243 549
243 553
243 555
243 556
243 559
243 562
243 563
243 577
243 582
243 588
243 593
243 595
243 599
243 604
243 607
243 610
243 620
243 622
243 623
243 630
243 636
243 637
243 641
243 642
243 643
243 648
243 651
243 654
243 657
243 658
243 660
243 669
243 670
243 671
243 676
243 689
243 690
243 692
243 693
243 697
243 699
243 700
243 702
243 703
243 710
243 714
243 719
243 721
243 723
243 724
243 732
243 733
243 736
243 737
243 748
243 751
243 753
243 754
243 759
243 761
243 763
243 765
243 767
243 768
243 772
243 782
243 783
243 784
243 785
243 789
243 795
244 321
244 324
244 329
244 330
244 335
244 342
244 346
244 350
244 352
244 353
244 354
244 355
244 357
244 359
244 364
244 366
244 367
244 369
244 371
244 373
244 378
244 381
244 384
244 386
244 393
244 396
244 397
244 399
244 402
244 403
244 408
244 411
244 414
244 418
244 419
244 430
244 431
244 435
244 437
244 438
244 439
244 440
244 442
244 443
244 452
244 454
244 459
244 462
244 464
244 467
244 468
244 472
244 476
244 480
244 482
244 491
244 494
244 497
244 498
244 502
244 503
244 506
244 507
244 509
244 511
244 513
244 518
244 519
244 524
244 526
244 529
244 534
244 536
244 537
244 541
244 544
244 550
244 551
244 554
244 562
244 565
244 566
244 569
244 570
244 578
244 581
244 586
244 589
244 591
244 592
244 596
244 599
244 600
244 601
244 603
244 604
244 605
244 608
244 611
244 614
244 622
244 624
244 625
244 626
244 629
244 631
244 632
244 636
244 640
244 644
244 651
244 652
244 654
244 655
244 660
244 664
244 667
244 668
244 669
244 670
244 671
244 672
244 678
244 681
244 686
244 688
244 690
244 691
244 693
244 698
244 700
244 702
244 705
244 711
244 713
244 716
244 719
244 720
244 721
244 725
244 727
244 734
244 735
244 736
244 737
244 747
244 758
244 765
244 770
244 774
244 775
244 778
244 783
244 784
244 787
244 791
244 798
244 800
245 321
245 323
245 326
245 327
245 328
245 333
245 340
245 343
245 345
245 348
245 351
245 353
245 355
245 362
245 364
245 375
245 376
245 377
245 379
245 380
245 383
245 388
245 390
245 391
245 400
245 401
245 402
245 404
245 406
245 412
245 424
245 428
245 434
245 436
245 438
245 439
245 442
245 446
245 452
245 455
245 459
245 460
245 463
245 472
245 478
245 483
245 485
245 487
245 491
245 493
245 494
245 495
245 499
245 500
245 501
245 503
245 513
245 514
245 517
245 522
245 523
245 524
245 526
245 537
245 538
245 540
245 543
245 548
245 553
245 555
245 556
245 558
245 561
245 568
245 569
245 571
245 573
245 581
245 583
245 585
245 589
245 590
245 594
245 600
245 603
245 605
245 606
245 607
245 616
245 619
245 620
245 622
245 626
245 628
245 631
245 634
245 641
245 642
245 644
245 645
245 653
245 655
245 656
245 659
245 663
245 666
245 667
245 669
245 677
245 678
245 680
245 685
245 686
245 690
245 696
245 700
245 702
245 703
245 709
245 711
245 712
245 714
245 716
245 720
245 729
245 732
245 733
245 734
245 741
245 744
245 745
245 746
245 747
245 748
245 749
245 750
245 752
245 755
245 765
245 766
245 769
245 773
245 777
245 782
245 785
245 789
245 791
245 792
245 793
245 795
245 796
245 798
245 799
246 322
246 327
246 330
246 332
246 335
246 336
246 344
246 356
246 362
246 370
246 375
246 376
246 377
246 378
246 381
246 384
246 385
246 390
246 392
246 393
246 395
246 396
246 397
246 398
246 405
246 414
246 415
246 416
246 421
246 426
246 431
246 432
246 458
246 460
246 462
246 469
246 470
246 475
246 478
246 479
246 485
246 487
246 490
246 491
246 496
246 500
246 507
246 517
246 522
246 529
246 531
246 537
246 538
246 545
246 546
246 552
246 562
246 568
246 569
246 573
246 575
246 576
246 585
246 595
246 596
246 598
246 599
246 604
246 606
246 607
246 615
246 616
246 619
246 630
246 637
246 639
246 640
246 644
246 647
246 649
246 650
246 666
246 667
246 671
246 672
246 689
246 693
246 701
246 703
246 705
246 708
246 714
246 715
246 717
246 723
246 724
246 733
246 746
246 747
246 749
246 750
246 753
246 754
246 756
246 758
246 764
246 766
246 767
246 770
246 773
246 774
246 776
246 779
246 787
246 788
246 789
246 794
246 795
247 324
247 326
247 327
247 328
247 330
247 332
247 334
247 341
247 349
247 350
247 352
247 357
247 363
247 369
247 374
247 377
247 378
247 379
247 380
247 381
247 383
247 391
247 392
247 395
247 396
247 398
247 399
247 401
247 402
247 405
247 406
247 408
247 411
247 414
247 420
247 421
247 432
247 437
247 441
247 444
247 451
247 452
247 453
247 454
247 456
247 458
247 459
247 472
247 477
247 481
247 486
247 502
247 504
247 506
247 514
247 515
247 517
247 522
247 523
247 530
247 532
247 534
247 536
247 538
247 541
247 546
247 552
247 554
247 566
247 568
247 573
247 575
247 578
247 580
247 581
247 582
247 584
247 585
247 589
247 594
247 596
247 599
247 601
247 603
247 604
247 608
247 611
247 620
247 628
247 629
247 635
247 637
247 639
247 641
247 643
247 651
247 656
247 661
247 664
247 672
247 681
247 684
247 686
247 694
247 698
247 700
247 704
247 708
247 715
247 716
247 723
247 725
247 727
247 729
247 730
247 733
247 739
247 746
247 747
247 748
247 750
247 751
247 753
247 756
247 759
247 760
247 762
247 765
247 768
247 770
247 775
247 780
247 781
247 784
247 795
247 796
247 797
248 324
248 329
248 333
248 334
248 335
248 338
248 339
248 342
248 343
248 344
248 345
248 352
248 355
248 357
248 361
248 367
248 369
248 373
248 375
248 378
248 379
248 380
248 389
248 401
248 404
248 405
248 406
248 410
248 412
248 416
248 419
248 420
248 429
248 437
248 438
248 439
248 444
248 448
248 458
248 461
248 463
248 465
248 466
248 474
248 477
248 478
248 485
248 493
248 494
248 496
248 497
248 499
248 501
248 504
248 506
248 508
248 509
248 514
248 515
248 516
248 521
248 522
248 523
248 524
248 529
248 531
248 533
248 535
248 536
248 541
248 543
248 545
248 546
248 547
248 549
248 553
248 556
248 557
248 560
248 561
248 564
248 565
248 571
248 602
248 613
248 617
248 626
248 628
248 636
248 640
248 643
248 644
248 654
248 657
248 661
248 662
248 663
248 665
248 666
248 668
248 677
248 679
248 681
248 682
248 684
248 686
248 691
248 695
248 697
248 700
248 701
248 704
248 705
248 707
248 708
248 709
248 710
248 713
248 715
248 719
248 725
248 726
248 727
248 728
248 729
248 731
248 732
248 733
248 744
248 747
248 758
248 764
248 765
248 770
248 772
248 781
248 796
248 797
248 800
249 321
249 324
249 328
249 329
249 331
249 333
249 335
249 338
249 339
249 343
249 344
249 348
249 349
249 355
249 357
249 362
249 365
249 366
249 369
249 370
249 372
249 374
249 376
249 378
249 379
249 387
249 389
249 392
249 394
249 396
249 400
249 401
249 406
249 407
249 411
249 412
249 413
249 415
249 419
249 422
249 425
249 426
249 427
249 435
249 448
249 449
249 453
249 459
249 462
249 464
249 465
249 467
249 474
249 476
249 480
249 491
249 493
249 495
249 498
249 506
249 508
249 523
249 524
249 526
249 532
249 536
249 543
249 544
249 546
249 547
249 550
249 552
249 553
249 562
249 563
249 566
249 567
249 570
249 571
249 579
249 582
249 583
249 585
249 587
249 589
249 590
249 593
249 595
249 596
249 606
249 609
249 610
249 612
249 620
249 628
249 629
249 631
249 632
249 635
249 638
249 642
249 643
249 650
249 662
249 663
249 664
249 669
249 670
249 674
249 676
249 682
249 683
249 684
249 685
249 691
249 692
249 695
249 699
249 700
249 703
249 704
249 707
249 708
249 709
249 722
249 724
249 725
249 729
249 730
249 733
249 734
249 736
249 737
249 738
249 746
249 749
249 752
249 762
249 765
249 766
249 772
249 774
249 778
249 783
249 784
249 789
249 792
249 794
249 795
249 797
249 798
249 799
250 321
250 323
250 327
250 329
250 331
250 335
250 342
250 347
250 349
250 350
250 355
250 356
250 357
250 359
250 361
250 365
250 367
250 370
250 374
250 377
250 379
250 386
250 390
250 391
250 392
250 400
250 401
250 404
250 405
250 411
250 412
250 417
250 420
250 421
250 422
250 424
250 425
250 427
250 431
250 433
250 436
250 437
250 440
250 441
250 445
250 450
250 453
250 454
250 459
250 460
250 461
250 465
250 472
250 473
250 475
250 476
250 477
250 486
250 491
250 492
250 493
250 494
250 496
250 497
250 500
250 503
250 504
250 517
250 518
250 520
250 523
250 526
250 532
250 541
250 549
250 550
250 551
250 554
250 558
250 561
250 564
250 567
250 569
250 573
250 575
250 579
250 583
250 585
250 588
250 591
250 592
250 594
250 595
250 596
250 601
250 604
250 611
250 613
250 615
250 619
250 631
250 636
250 640
250 641
250 647
250 648
250 649
250 653
250 654
250 658
250 660
250 661
250 665
250 672
250 679
250 691
250 692
250 695
250 705
250 712
250 713
250 717
250 718
250 724
250 725
250 726
250 731
250 737
250 742
250 743
250 746
250 747
250 748
250 749
250 755
250 758
250 760
250 761
250 767
250 768
250 770
250 774
250 775
250 778
250 780
250 785
250 789
250 790
250 795
250 799
251 321
251 322
251 323
251 324
251 326
251 327
251 335
251 336
251 341
251 343
251 347
251 350
251 358
251 360
251 363
251 365
251 371
251 375
251 379
251 381
251 383
251 389
251 396
251 398
251 403
251 407
251 409
251 414
251 418
251 423
251 424
251 431
251 434
251 436
251 442
251 444
251 446
251 456
251 459
251 468
251 469
251 471
251 474
251 475
251 483
251 489
251 491
251 492
251 498
251 502
251 504
251 505
251 507
251 510
251 513
251 516
251 518
251 523
251 525
251 527
251 531
251 535
251 539
251 540
251 541
251 554
251 556
251 557
251 560
251 563
251 581
251 586
251 588
251 598
251 601
251 607
251 608
251 609
251 618
251 622
251 623
251 624
251 626
251 631
251 648
251 652
251 655
251 660
251 662
251 666
251 667
251 668
251 669
251 670
251 671
251 672
251 673
251 674
251 675
251 676
251 682
251 684
251 686
251 687
251 692
251 695
251 700
251 711
251 716
251 717
251 718
251 721
251 722
251 723
251 728
251 729
251 732
251 734
251 741
251 743
251 748
251 749
251 751
251 753
251 755
251 756
251 764
251 765
251 771
251 773
251 776
251 778
251 780
251 781
251 782
251 783
251 788
251 789
251 790
251 792
251 798
252 326
252 329
252 331
252 335
252 342
252 345
252 347
252 357
252 363
252 364
252 367
252 368
252 369
252 377
252 378
252 379
252 386
252 388
252 391
252 398
252 400
252 401
252 405
252 407
252 410
252 412
252 427
252 428
252 440
252 441
252 447
252 448
252 450
252 453
252 454
252 461
252 465
252 466
252 469
252 472
252 478
252 481
252 483
252 486
252 496
252 500
252 501
252 504
252 507
252 519
252 527
252 531
252 533
252 536
252 537
252 541
252 548
252 549
252 553
252 555
252 559
252 564
252 565
252 566
252 567
252 569
252 572
252 573
252 577
252 578
252 581
252 584
252 585
252 587
252 588
252 594
252 595
252 600
252 603
252 604
252 606
252 609
252 613
252 619
252 621
252 623
252 625
252 626
252 629
252 635
252 638
252 640
252 641
252 643
252 644
252 646
252 649
252 652
252 654
252 657
252 660
252 666
252 667
252 668
252 670
252 671
252 673
252 687
252 688
252 691
252 701
252 702
252 703
252 717
252 720
252 723
252 724
252 726
252 727
252 741
252 743
252 744
252 746
252 751
252 752
252 755
252 766
252 771
252 774
252 775
252 779
252 783
252 785
252 788
252 789
252 792
252 795
252 797
252 798
252 799
252 800
253 321
253 323
253 324
253 325
253 327
253 331
253 334
253 342
253 343
253 349
253 350
253 351
253 356
253 362
253 368
253 370
253 374
253 380
253 382
253 383
253 385
253 387
253 392
253 394
253 397
253 398
253 402
253 405
253 414
253 417
253 419
253 420
253 421
253 425
253 426
253 428
253 429
253 437
253 439
253 449
253 457
253 462
253 464
253 466
253 467
253 468
253 471
253 472
253 474
253 475
253 476
253 488
253 489
253 491
253 492
253 495
253 496
253 501
253 503
253 511
253 517
253 521
253 526
253 528
253 529
253 530
253 539
253 542
253 547
253 548
253 550
253 551
253 552
253 554
253 557
253 558
253 561
253 566
253 567
253 573
253 587
253 589
253 593
253 599
253 605
253 607
253 615
253 616
253 621
253 628
253 633
253 636
253 639
253 641
253 642
253 645
253 646
253 649
253 652
253 656
253 657
253 664
253 665
253 666
253 667
253 671
253 675
253 680
253 685
253 698
253 700
253 702
253 707
253 711
253 712
253 715
253 720
253 722
253 723
253 733
253 734
253 736
253 738
253 741
253 746
253 751
253 754
253 758
253 764
253 767
253 771
253 772
253 775
253 777
253 779
253 780
253 781
253 787
254 323
254 328
254 330
254 333
254 351
254 353
254 356
254 361
254 362
254 367
254 368
254 369
254 370
254 371
254 373
254 376
254 381
254 385
254 390
254 391
254 393
254 398
254 400
254 410
254 416
254 420
254 422
254 424
254 425
254 428
254 431
254 435
254 439
254 441
254 444
254 446
254 447
254 450
254 451
254 455
254 461
254 463
254 464
254 465
254 467
254 474
254 475
254 477
254 482
254 484
254 485
254 489
254 497
254 498
254 499
254 506
254 515
254 516
254 524
254 527
254 534
254 537
254 540
254 551
254 553
254 554
254 555
254 567
254 573
254 574
254 575
254 578
254 584
254 585
254 586
254 590
254 594
254 600
254 603
254 606
254 607
254 610
254 612
254 613
254 616
254 618
254 620
254 621
254 622
254 624
254 625
254 628
254 635
254 640
254 644
254 646
254 650
254 652
254 655
254 656
254 666
254 667
254 670
254 672
254 674
254 675
254 677
254 678
254 679
254 688
254 695
254 696
254 700
254 708
254 709
254 712
254 716
254 717
254 721
254 722
254 723
254 727
254 729
254 730
254 732
254 734
254 736
254 742
254 746
254 747
254 748
254 749
254 751
254 752
254 756
254 770
254 779
254 780
254 785
254 786
254 789
255 322
255 326
255 329
255 330
255 334
255 335
255 337
255 342
255 346
255 347
255 352
255 357
255 358
255 359
255 361
255 369
255 370
255 371
255 372
255 379
255 381
255 386
255 388
255 393
255 394
255 408
255 409
255 418
255 419
255 423
255 424
255 427
255 428
255 430
255 431
255 433
255 434
255 435
255 444
255 445
255 447
255 448
255 453
255 466
255 471
255 472
255 474
255 475
255 481
255 482
255 483
255 486
255 487
255 489
255 493
255 503
255 505
255 507
255 508
255 514
255 516
255 524
255 531
255 532
255 533
255 538
255 541
255 547
255 550
255 551
255 555
255 556
255 569
255 570
255 578
255 579
255 581
255 582
255 588
255 593
255 595
255 596
255 599
255 601
255 606
255 607
255 610
255 614
255 615
255 617
255 622
255 625
255 626
255 628
255 631
255 633
255 634
255 642
255 645
255 655
255 656
255 657
255 658
255 668
255 671
255 677
255 678
255 679
255 683
255 684
255 686
255 700
255 701
255 704
255 710
255 712
255 721
255 730
255 733
255 738
255 743
255 745
255 747
255 749
255 750
255 752
255 759
255 760
255 765
255 766
255 768
255 769
255 772
255 774
255 778
255 781
255 788
255 793
255 795
256 323
256 329
256 335
256 337
256 341
256 342
256 343
256 347
256 348
256 354
256 355
256 358
256 360
256 361
256 367
256 370
256 376
256 383
256 388
256 389
256 391
256 392
256 394
256 397
256 401
256 404
256 416
256 418
256 420
256 426
256 429
256 431
256 438
256 446
256 448
256 449
256 451
256 452
256 456
256 457
256 459
256 461
256 462
256 464
256 466
256 469
256 472
256 480
256 482
256 484
256 488
256 490
256 491
256 496
256 499
256 502
256 503
256 507
256 510
256 513
256 516
256 519
256 524
256 530
256 531
256 538
256 539
256 543
256 544
256 549
256 558
256 562
256 564
256 568
256 569
256 572
256 576
256 578
256 581
256 582
256 594
256 603
256 606
256 610
256 613
256 626
256 634
256 635
256 640
256 643
256 644
256 647
256 650
256 651
256 654
256 662
256 673
256 678
256 682
256 691
256 697
256 698
256 699
256 700
256 702
256 703
256 705
256 707
256 710
256 711
256 716
256 719
256 721
256 726
256 727
256 730
256 732
256 738
256 746
256 750
256 754
256 756
256 762
256 767
256 771
256 772
256 773
256 776
256 777
256 780
256 782
256 783
256 785
256 786
256 792
256 794
256 798
257 321
257 323
257 324
257 325
257 326
257 332
257 336
257 338
257 341
257 342
257 345
257 347
257 350
257 354
257 356
257 358
257 359
257 362
257 363
257 371
257 374
257 375
257 376
257 378
257 382
257 386
257 388
257 389
257 398
257 401
257 403
257 407
257 416
257 419
257 421
257 422
257 424
257 429
257 432
257 433
257 437
257 445
257 446
257 455
257 456
257 458
257 466
257 467
257 468
257 479
257 482
257 489
257 494
257 507
257 511
257 512
257 515
257 519
257 520
257 531
257 534
257 537
257 542
257 544
257 549
257 550
257 551
257 559
257 560
257 561
257 562
257 563
257 571
257 580
257 583
257 584
257 591
257 593
257 597
257 603
257 608
257 610
257 611
257 614
257 615
257 622
257 626
257 637
257 640
257 642
257 644
257 646
257 649
257 651
257 652
257 653
257 654
257 657
257 665
257 667
257 671
257 673
257 674
257 675
257 679
257 682
257 683
257 684
257 693
257 703
257 706
257 707
257 709
257 712
257 714
257 716
257 718
257 722
257 730
257 731
257 732
257 737
257 742
257 744
257 745
257 746
257 750
257 753
257 754
257 764
257 773
257 779
257 780
257 781
257 792
257 793
257 794
257 797
257 800
258 324
258 326
258 328
258 329
258 330
258 331
258 332
258 334
258 336
258 340
258 351
258 352
258 354
258 355
258 364
258 367
258 368
258 370
258 372
258 378
258 382
258 383
258 385
258 391
258 397
258 402
258 405
258 407
258 409
258 421
258 424
258 427
258 434
258 439
258 441
258 444
258 449
258 452
258 453
258 456
258 462
258 467
258 469
258 472
258 474
258 483
258 485
258 489
258 490
258 491
258 492
258 494
258 495
258 500
258 501
258 502
258 503
258 506
258 509
258 510
258 512
258 513
258 515
258 516
258 520
258 527
258 534
258 544
258 546
258 550
258 551
258 553
258 554
258 555
258 558
258 559
258 561
258 562
258 564
258 567
258 570
258 578
258 583
258 584
258 589
258 590
258 595
258 597
258 600
258 612
258 614
258 638
258 640
258 643
258 646
258 655
258 662
258 665
258 670
258 672
258 674
258 676
258 677
258 678
258 679
258 682
258 684
258 685
258 687
258 693
258 694
258 695
258 696
258 697
258 700
258 701
258 705
258 708
258 710
258 715
258 722
258 724
258 728
258 730
258 733
258 736
258 741
258 742
258 743
258 745
258 750
258 754
258 761
258 764
258 765
258 766
258 768
258 769
258 770
258 774
258 776
258 777
258 780
258 792
258 793
258 795
258 796
258 797
258 798
258 799
259 330
259 340
259 344
259 346
259 348
259 350
259 351
259 353
259 361
259 362
259 363
259 364
259 368
259 369
259 371
259 374
259 383
259 385
259 388
259 389
259 390
259 391
259 395
259 397
259 402
259 403
259 405
259 408
259 412
259 413
259 415
259 418
259 420
259 422
259 426
259 427
259 429
259 430
259 431
259 435
259 439
259 440
259 442
259 445
259 448
259 451
259 457
259 458
259 460
259 462
259 464
259 466
259 468
259 473
259 475
259 477
259 478
259 479
259 482
259 484
259 485
259 487
259 488
259 493
259 498
259 500
259 502
259 507
259 511
259 513
259 519
259 521
259 522
259 524
259 525
259 527
259 528
259 529
259 533
259 537
259 539
259 542
259 544
259 552
259 556
259 557
259 558
259 560
259 562
259 564
259 572
259 573
259 574
259 579
259 583
259 585
259 592
259 596
259 597
259 600
259 603
259 604
259 615
259 620
259 621
259 631
259 632
259 637
259 640
259 641
259 642
259 644
259 645
259 651
259 653
259 655
259 662
259 666
259 671
259 676
259 681
259 683
259 686
259 688
259 689
259 696
259 698
259 702
259 710
259 714
259 720
259 724
259 731
259 734
259 735
259 736
259 737
259 738
259 740
259 741
259 744
259 753
259 755
259 764
259 767
259 769
259 771
259 773
259 774
259 781
259 785
259 788
259 791
259 792
259 794
259 797
259 800
260 321
260 326
260 329
260 331
260 333
260 335
260 336
260 347
260 351
260 353
260 357
260 362
260 363
260 364
260 365
260 366
260 367
260 372
260 379
260 380
260 382
260 384
260 385
260 386
260 387
260 392
260 393
260 395
260 396
260 397
260 399
260 401
260 406
260 407
260 409
260 410
260 413
260 420
260 421
260 426
260 427
260 428
260 431
260 432
260 433
260 435
260 437
260 442
260 444
260 445
260 447
260 449
260 450
260 452
260 456
260 457
260 460
260 461
260 464
260 465
260 467
260 473
260 475
260 477
260 483
260 484
260 485
260 489
260 492
260 493
260 497
260 501
260 508
260 510
260 511
260 515
260 518
260 522
260 525
260 532
260 533
260 536
260 537
260 538
260 541
260 544
260 546
260 547
260 551
260 553
260 555
260 556
260 562
260 564
260 572
260 573
260 574
260 575
260 577
260 582
260 590
260 592
260 593
260 595
260 602
260 606
260 608
260 609
260 620
260 622
260 627
260 635
260 641
260 644
260 645
260 650
260 652
260 656
260 658
260 663
260 664
260 666
260 667
260 683
260 689
260 690
260 692
260 699
260 701
260 703
260 705
260 706
260 708
260 710
260 712
260 718
260 727
260 732
260 735
260 737
260 740
260 744
260 747
260 749
260 750
260 751
260 756
260 757
260 763
260 774
260 776
260 778
260 780
260 784
260 786
260 788
260 789
260 790
260 793
261 335
261 337
261 338
261 339
261 341
261 342
261 343
261 344
261 345
261 347
261 348
261 350
261 352
261 353
261 361
261 368
261 369
261 370
261 371
261 373
261 377
261 378
261 379
261 382
261 385
261 387
261 388
261 389
261 390
261 392
261 401
261 404
261 406
261 407
261 408
261 410
261 412
261 416
261 418
261 419
261 428
261 432
261 438
261 440
261 444
261 446
261 448
261 451
261 454
261 458
261 462
261 471
261 474
261 476
261 481
261 489
261 493
261 495
261 497
261 501
261 504
261 507
261 509
261 520
261 523
261 528
261 530
261 532
261 533
261 539
261 542
261 549
261 554
261 556
261 558
261 563
261 564
261 565
261 568
261 571
261 578
261 579
261 582
261 585
261 590
261 598
261 604
261 607
261 614
261 623
261 628
261 629
261 632
261 633
261 634
261 636
261 640
261 644
261 645
261 647
261 649
261 657
261 660
261 661
261 662
261 663
261 668
261 669
261 671
261 674
261 675
261 682
261 684
261 686
261 688
261 690
261 692
261 693
261 695
261 696
261 699
261 700
261 701
261 703
261 705
261 711
261 712
261 713
261 715
261 716
261 724
261 726
261 727
261 730
261 732
261 734
261 735
261 743
261 744
261 748
261 752
261 760
261 761
261 763
261 768
261 774
261 776
261 785
261 787
261 792
261 793
261 795
261 798
262 325
262 329
262 333
262 335
262 340
262 342
262 343
262 345
262 349
262 350
262 352
262 354
262 356
262 359
262 360
262 363
262 365
262 371
262 373
262 375
262 376
262 378
262 379
262 383
262 385
262 386
262 390
262 399
262 402
262 406
262 408
262 410
262 411
262 413
262 414
262 415
262 422
262 426
262 434
262 439
262 442
262 444
262 448
262 451
262 455
262 458
262 459
262 464
262 467
262 468
262 469
262 471
262 474
262 480
262 482
262 494
262 499
262 506
262 508
262 509
262 510
262 521
262 522
262 528
262 529
262 532
262 533
262 535
262 538
262 539
262 544
262 546
262 551
262 553
262 554
262 556
262 558
262 560
262 561
262 572
262 574
262 575
262 579
262 582
262 591
262 593
262 594
262 596
262 598
262 607
262 608
262 614
262 615
262 616
262 627
262 629
262 633
262 639
262 640
262 642
262 645
262 647
262 648
262 669
262 670
262 673
262 683
262 684
262 688
262 689
262 690
262 691
262 692
262 696
262 701
262 703
262 704
262 709
262 713
262 721
262 722
262 725
262 726
262 728
262 730
262 734
262 738
262 744
262 750
262 752
262 755
262 762
262 763
262 764
262 769
262 770
262 774
262 779
262 781
262 783
262 786
262 795
262 797
262 798
263 333
263 335
263 336
263 342
263 346
263 351
263 352
263 356
263 357
263 371
263 373
263 379
263 385
263 390
263 394
263 395
263 400
263 401
263 402
263 405
263 408
263 410
263 411
263 413
263 423
263 425
263 428
263 433
263 437
263 439
263 440
263 442
263 443
263 447
263 449
263 452
263 455
263 458
263 459
263 473
263 477
263 479
263 482
263 484
263 486
263 488
263 489
263 491
263 492
263 502
263 505
263 508
263 509
263 510
263 514
263 516
263 518
263 519
263 521
263 524
263 532
263 534
263 546
263 549
263 550
263 551
263 556
263 557
263 558
263 562
263 565
263 566
263 570
263 571
263 574
263 575
263 577
263 578
263 581
263 583
263 584
263 585
263 587
263 589
263 595
263 597
263 598
263 604
263 606
263 608
263 615
263 617
263 620
263 627
263 639
263 640
263 644
263 649
263 651
263 654
263 656
263 663
263 666
263 668
263 669
263 670
263 671
263 679
263 684
263 687
263 688
263 692
263 694
263 695
263 697
263 705
263 707
263 708
263 717
263 720
263 721
263 729
263 735
263 738
263 739
263 740
263 741
263 743
263 744
263 746
263 747
263 751
263 752
263 762
263 767
263 775
263 776
263 778
263 779
263 781
263 782
263 791
263 795
263 796
263 797
263 799
263 800
264 322
264 325
264 329
264 330
264 337
264 341
264 342
264 343
264 344
264 346
264 350
264 351
264 357
264 358
264 362
264 363
264 364
264 369
264 374
264 377
264 382
264 385
264 388
264 389
264 390
264 391
264 395
264 398
264 403
264 406
264 416
264 419
264 420
264 424
264 426
264 428
264 430
264 431
264 442
264 447
264 451
264 452
264 455
264 460
264 461
264 462
264 473
264 474
264 480
264 481
264 487
264 488
264 490
264 491
264 492
264 493
264 494
264 495
264 497
264 502
264 503
264 504
264 505
264 506
264 507
264 511
264 512
264 514
264 517
264 518
264 520
264 521
264 522
264 525
264 527
264 528
264 534
264 541
264 542
264 545
264 546
264 550
264 551
264 552
264 555
264 558
264 563
264 568
264 570
264 572
264 577
264 578
264 581
264 584
264 588
264 593
264 594
264 597
264 599
264 605
264 607
264 620
264 622
264 629
264 636
264 640
264 641
264 644
264 653
264 658
264 660
264 661
264 666
264 669
264 674
264 682
264 684
264 685
264 686
264 687
264 693
264 698
264 700
264 702
264 703
264 706
264 715
264 719
264 723
264 731
264 733
264 736
264 739
264 740
264 748
264 752
264 756
264 758
264 762
264 763
264 764
264 768
264 773
264 774
264 776
264 778
264 780
264 781
264 782
264 786
264 790
264 796
264 800
265 321
265 323
265 324
265 335
265 348
265 349
265 352
265 355
265 357
265 361
265 362
265 364
265 374
265 381
265 382
265 383
265 384
265 388
265 389
265 392
265 395
265 396
265 397
265 398
265 402
265 405
265 408
265 412
265 417
265 420
265 421
265 422
265 425
265 430
265 431
265 433
265 436
265 437
265 444
265 450
265 462
265 465
265 468
265 472
265 478
265 479
265 483
265 490
265 493
265 495
265 503
265 506
265 511
265 514
265 524
265 528
265 530
265 531
265 532
265 533
265 534
265 538
265 549
265 554
265 562
265 563
265 566
265 571
265 581
265 589
265 590
265 592
265 595
265 596
265 600
265 605
265 608
265 612
265 620
265 623
265 624
265 625
265 628
265 629
265 638
265 641
265 642
265 651
265 656
265 658
265 660
265 677
265 681
265 694
265 698
265 700
265 701
265 706
265 709
265 713
265 721
265 726
265 727
265 729
265 737
265 740
265 741
265 750
265 751
265 752
265 753
265 760
265 774
265 778
265 781
265 784
265 785
265 790
265 791
265 798
265 799
266 322
266 324
266 328
266 332
266 336
266 338
266 343
266 352
266 355
266 361
266 363
266 365
266 368
266 375
266 378
266 380
266 386
266 394
266 407
266 408
266 409
266 410
266 414
266 415
266 429
266 430
266 437
266 438
266 439
266 442
266 445
266 447
266 454
266 458
266 459
266 468
266 471
266 472
266 475
266 478
266 479
266 480
266 482
266 483
266 484
266 487
266 495
266 497
266 499
266 500
266 503
266 506
266 507
266 515
266 521
266 523
266 524
266 525
266 530
266 531
266 532
266 536
266 538
266 552
266 554
266 555
266 561
266 562
266 563
266 565
266 572
266 573
266 575
266 580
266 582
266 587
266 597
266 598
266 599
266 600
266 607
266 608
266 609
266 612
266 617
266 619
266 622
266 623
266 624
266 631
266 637
266 642
266 649
266 650
266 652
266 654
266 655
266 656
266 662
266 663
266 667
266 669
266 670
266 671
266 680
266 689
266 697
266 699
266 700
266 703
266 705
266 706
266 711
266 717
266 718
266 720
266 728
266 730
266 734
266 735
266 738
266 742
266 743
266 744
266 750
266 751
266 755
266 757
266 761
266 764
266 765
266 770
266 777
266 778
266 779
266 781
266 783
266 790
266 792
266 794
266 795
266 800
267 321
267 327
267 334
267 336
267 341
267 343
267 348
267 350
267 358
267 367
267 369
267 373
267 375
267 376
267 377
267 379
267 387
267 388
267 389
267 390
267 391
267 398
267 399
267 401
267 404
267 405
267 407
267 408
267 415
267 417
267 419
267 420
267 423
267 427
267 434
267 437
267 438
267 440
267 442
267 445
267 447
267 455
267 458
267 459
267 464
267 467
267 468
267 471
267 473
267 474
267 482
267 486
267 491
267 493
267 500
267 509
267 510
267 512
267 513
267 520
267 522
267 523
267 525
267 527
267 533
267 535
267 539
267 541
267 544
267 548
267 551
267 554
267 557
267 560
267 561
267 564
267 569
267 572
267 578
267 579
267 583
267 584
267 587
267 589
267 602
267 603
267 605
267 608
267 609
267 614
267 622
267 629
267 631
267 639
267 649
267 652
267 661
267 667
267 668
267 671
267 676
267 679
267 684
267 685
267 689
267 693
267 695
267 702
267 703
267 708
267 711
267 713
267 714
267 715
267 716
267 723
267 725
267 730
267 732
267 734
267 736
267 737
267 741
267 746
267 747
267 748
267 749
267 753
267 754
267 761
267 762
267 766
267 768
267 769
267 774
267 779
267 792
267 793
267 795
267 798
268 322
268 327
268 329
268 334
268 335
268 338
268 339
268 340
268 341
268 342
268 343
268 345
268 347
268 351
268 354
268 356
268 357
268 359
268 365
268 368
268 373
268 377
268 381
268 383
268 387
268 391
268 408
268 414
268 415
268 423
268 430
268 436
268 443
268 446
268 451
268 456
268 460
268 461
268 463
268 466
268 467
268 468
268 472
268 473
268 490
268 493
268 494
268 509
268 511
268 527
268 530
268 531
268 534
268 536
268 538
268 541
268 543
268 545
268 546
268 552
268 560
268 575
268 584
268 585
268 587
268 591
268 593
268 603
268 605
268 607
268 615
268 627
268 633
268 636
268 639
268 642
268 645
268 646
268 650
268 652
268 654
268 655
268 658
268 659
268 662
268 664
268 665
268 667
268 669
268 671
268 686
268 687
268 697
268 698
268 700
268 702
268 704
268 706
268 711
268 723
268 727
268 728
268 731
268 732
268 733
268 734
268 735
268 736
268 737
268 739
268 740
268 744
268 746
268 748
268 758
268 759
268 760
268 765
268 767
268 768
268 769
268 772
268 774
268 776
268 783
268 785
268 790
268 793
268 796
268 799
269 329
269 330
269 331
269 332
269 336
269 339
269 342
269 343
269 345
269 348
269 357
269 358
269 361
269 362
269 370
269 374
269 380
269 381
269 382
269 384
269 387
269 391
269 392
269 393
269 398
269 406
269 410
269 412
269 414
269 415
269 418
269 433
269 434
269 436
269 438
269 439
269 443
269 445
269 446
269 449
269 456
269 464
269 467
269 470
269 471
269 472
269 473
269 475
269 477
269 480
269 481
269 484
269 485
269 502
269 503
269 506
269 510
269 513
269 514
269 518
269 520
269 521
269 522
269 524
269 526
269 530
269 538
269 548
269 549
269 550
269 555
269 557
269 565
269 567
269 568
269 572
269 573
269 577
269 579
269 581
269 591
269 593
269 596
269 597
269 598
269 607
269 615
269 617
269 627
269 630
269 634
269 635
269 641
269 642
269 646
269 649
269 651
269 655
269 657
269 660
269 662
269 663
269 669
269 670
269 671
269 673
269 675
269 676
269 686
269 688
269 692
269 694
269 695
269 697
269 702
269 707
269 710
269 711
269 712
269 716
269 723
269 727
269 729
269 732
269 736
269 737
269 740
269 744
269 745
269 747
269 748
269 749
269 753
269 756
269 762
269 763
269 765
269 770
269 775
269 781
269 783
269 786
269 787
269 788
269 790
269 792
269 798
269 800
270 326
270 328
270 329
270 331
270 332
270 333
270 338
270 339
270 340
270 342
270 345
270 347
270 353
270 357
270 359
270 362
270 363
270 369
270 371
270 376
270 378
270 393
270 396
270 399
270 401
270 405
270 406
270 410
270 416
270 417
270 422
270 423
270 424
270 425
270 428
270 436
270 438
270 439
270 441
270 444
270 448
270 458
270 464
270 466
270 474
270 475
270 480
270 483
270 487
270 490
270 492
270 493
270 494
270 495
270 497
270 500
270 502
270 503
270 510
270 513
270 514
270 520
270 521
270 522
270 523
270 534
270 535
270 537
270 539
270 542
270 545
270 547
270 552
270 553
270 559
270 574
270 577
270 580
270 583
270 584
270 585
270 587
270 588
270 590
270 591
270 597
270 598
270 599
270 607
270 608
270 613
270 615
270 616
270 618
270 622
270 623
270 624
270 628
270 629
270 631
270 634
270 635
270 637
270 639
270 640
270 648
270 651
270 657
270 661
270 662
270 663
270 665
270 666
270 673
270 686
270 687
270 688
270 695
270 698
270 704
270 708
270 713
270 714
270 715
270 717
270 722
270 735
270 742
270 745
270 746
270 750
270 753
270 757
270 760
270 761
270 762
270 776
270 778
270 779
270 780
270 781
270 791
270 792
270 795
270 796
271 325
271 326
271 327
271 328
271 330
271 331
271 341
271 342
271 345
271 348
271 349
271 350
271 353
271 355
271 358
271 359
271 361
271 364
271 366
271 368
271 369
271 372
271 376
271 379
271 380
271 382
271 385
271 386
271 389
271 393
271 395
271 396
271 397
271 400
271 404
271 405
271 406
271 408
271 412
271 413
271 415
271 418
271 423
271 426
271 427
271 430
271 435
271 436
271 437
271 438
271 439
271 440
271 442
271 445
271 447
271 456
271 463
271 464
271 465
271 466
271 467
271 470
271 473
271 479
271 480
271 482
271 486
271 488
271 491
271 494
271 499
271 501
271 504
271 505
271 506
271 507
271 508
271 509
271 511
271 513
271 519
271 523
271 527
271 528
271 532
271 535
271 536
271 543
271 549
271 550
271 551
271 556
271 570
271 578
271 579
271 581
271 582
271 583
271 584
271 586
271 587
271 589
271 594
271 600
271 609
271 610
271 612
271 614
271 616
271 618
271 623
271 624
271 625
271 633
271 637
271 640
271 642
271 644
271 648
271 649
271 650
271 651
271 652
271 659
271 661
271 662
271 673
271 675
271 678
271 679
271 683
271 691
271 696
271 709
271 711
271 712
271 716
271 718
271 721
271 728
271 733
271 734
271 735
271 743
271 746
271 750
271 755
271 762
271 763
271 768
271 769
271 772
271 774
271 777
271 778
271 784
271 786
271 787
271 788
271 790
271 792
271 793
271 794
271 795
271 796
272 321
272 323
272 337
272 342
272 344
272 345
272 346
272 347
272 348
272 349
272 352
272 353
272 355
272 360
272 363
272 366
272 370
272 381
272 382
272 388
272 389
272 391
272 393
272 398
272 407
272 408
272 411
272 418
272 429
272 432
272 433
272 435
272 438
272 439
272 441
272 442
272 446
272 448
272 449
272 452
272 453
272 459
272 463
272 468
272 469
272 475
272 477
272 479
272 483
272 494
272 495
272 503
272 506
272 507
272 508
272 509
272 510
272 511
272 512
272 514
272 524
272 526
272 527
272 531
272 536
272 541
272 542
272 546
272 547
272 548
272 554
272 560
272 563
272 568
272 571
272 572
272 573
272 576
272 580
272 581
272 582
272 589
272 591
272 595
272 596
272 598
272 602
272 603
272 608
272 614
272 622
272 623
272 629
272 636
272 643
272 653
272 664
272 666
272 673
272 674
272 676
272 677
272 680
272 684
272 687
272 688
272 692
272 704
272 709
272 710
272 719
272 723
272 724
272 726
272 729
272 731
272 737
272 742
272 749
272 752
272 753
272 755
272 756
272 761
272 762
272 764
272 765
272 767
272 770
272 771
272 772
272 775
272 776
272 777
272 781
272 782
272 785
272 787
272 795
273 321
273 322
273 323
273 325
273 327
273 331
273 332
273 335
273 337
273 340
273 341
273 343
273 346
273 347
273 349
273 350
273 352
273 353
273 362
273 363
273 369
273 370
273 371
273 373
273 376
273 379
273 380
273 381
273 383
273 384
273 390
273 394
273 396
273 400
273 403
273 404
273 405
273 407
273 408
273 409
273 410
273 412
273 414
273 418
273 420
273 424
273 426
273 427
273 428
273 431
273 432
273 433
273 442
273 443
273 444
273 449
273 455
273 468
273 470
273 475
273 479
273 480
273 482
273 485
273 495
273 496
273 498
273 501
273 505
273 513
273 515
273 520
273 524
273 527
273 530
273 533
273 535
273 545
273 546
273 549
273 551
273 552
273 554
273 556
273 557
273 569
273 573
273 574
273 575
273 576
273 579
273 583
273 587
273 592
273 593
273 594
273 595
273 608
273 610
273 613
273 614
273 616
273 621
273 622
273 625
273 626
273 629
273 631
273 632
273 642
273 643
273 646
273 648
273 650
273 651
273 657
273 663
273 667
273 669
273 678
273 680
273 682
273 689
273 692
273 697
273 700
273 704
273 706
273 712
273 721
273 722
273 728
273 733
273 741
273 742
273 747
273 750
273 752
273 754
273 756
273 764
273 768
273 769
273 782
273 783
273 784
273 786
273 787
273 789
273 794
273 796
273 800
274 324
274 327
274 328
274 329
274 330
274 332
274 334
274 335
274 341
274 344
274 350
274 355
274 357
274 362
274 363
274 369
274 372
274 373
274 377
274 382
274 383
274 385
274 389
274 391
274 392
274 400
274 402
274 407
274 409
274 410
274 411
274 412
274 421
274 426
274 433
274 437
274 443
274 444
274 445
274 450
274 461
274 466
274 470
274 476
274 477
274 483
274 487
274 490
274 493
274 498
274 501
274 508
274 509
274 511
274 519
274 521
274 526
274 527
274 528
274 531
274 533
274 534
274 536
274 537
274 542
274 544
274 546
274 550
274 552
274 553
274 558
274 562
274 565
274 566
274 568
274 569
274 572
274 580
274 581
274 586
274 587
274 588
274 592
274 595
274 598
274 599
274 602
274 604
274 606
274 608
274 610
274 614
274 616
274 624
274 626
274 629
274 636
274 638
274 644
274 649
274 650
274 654
274 659
274 661
274 667
274 669
274 670
274 672
274 680
274 682
274 683
274 689
274 690
274 693
274 694
274 696
274 703
274 704
274 719
274 722
274 725
274 729
274 734
274 736
274 737
274 738
274 739
274 746
274 750
274 751
274 759
274 761
274 762
274 763
274 765
274 769
274 770
274 779
274 782
274 783
274 784
274 786
274 787
274 788
274 794
275 333
275 334
275 335
275 337
275 340
275 342
275 343
275 344
275 351
275 359
275 361
275 365
275 367
275 369
275 375
275 382
275 383
275 389
275 392
275 393
275 397
275 399
275 404
275 407
275 409
275 410
275 412
275 417
275 418
275 419
275 421
275 423
275 425
275 429
275 433
275 437
275 446
275 455
275 458
275 465
275 466
275 467
275 468
275 471
275 475
275 478
275 490
275 498
275 501
275 503
275 507
275 512
275 514
275 517
275 519
275 532
275 535
275 539
275 540
275 543
275 544
275 547
275 554
275 556
275 558
275 560
275 578
275 579
275 580
275 588
275 590
275 591
275 592
275 607
275 613
275 616
275 619
275 622
275 625
275 626
275 628
275 632
275 634
275 640
275 646
275 652
275 654
275 656
275 659
275 661
275 663
275 664
275 675
275 685
275 687
275 695
275 702
275 705
275 706
275 709
275 716
275 719
275 725
275 727
275 733
275 736
275 745
275 747
275 751
275 752
275 755
275 756
275 758
275 761
275 762
275 763
275 764
275 769
275 776
275 779
275 781
275 784
275 786
275 788
275 790
275 793
275 795
275 799
276 322
276 326
276 327
276 328
276 331
276 332
276 333
276 334
276 338
276 343
276 351
276 354
276 356
276 357
276 360
276 367
276 369
276 371
276 372
276 374
276 379
276 380
276 385
276 388
276 389
276 391
276 394
276 395
276 399
276 402
276 405
276 408
276 416
276 421
276 424
276 426
276 428
276 429
276 431
276 432
276 438
276 439
276 441
276 443
276 446
276 455
276 456
276 460
276 462
276 464
276 467
276 469
276 475
276 476
276 477
276 480
276 489
276 491
276 493
276 497
276 506
276 508
276 512
276 514
276 517
276 518
276 526
276 527
276 529
276 530
276 531
276 535
276 537
276 538
276 546
276 548
276 549
276 551
276 559
276 560
276 565
276 566
276 567
276 568
276 569
276 581
276 582
276 584
276 589
276 599
276 600
276 607
276 612
276 614
276 616
276 618
276 620
276 622
276 631
276 639
276 643
276 645
276 647
276 655
276 658
276 660
276 670
276 671
276 673
276 681
276 682
276 683
276 686
276 697
276 703
276 705
276 715
276 720
276 721
276 723
276 727
276 728
276 729
276 734
276 737
276 750
276 753
276 759
276 762
276 769
276 770
276 780
276 781
276 785
276 787
276 788
276 789
276 791
276 793
276 794
276 795
276 798
277 337
277 338
277 341
277 345
277 353
277 355
277 358
277 364
277 369
277 371
277 373
277 380
277 381
277 384
277 390
277 392
277 393
277 395
277 398
277 401
277 404
277 408
277 418
277 422
277 424
277 428
277 430
277 431
277 432
277 437
277 441
277 442
277 444
277 447
277 451
277 452
277 454
277 458
277 459
277 465
277 467
277 469
277 470
277 474
277 475
277 483
277 486
277 493
277 495
277 502
277 518
277 526
277 527
277 529
277 532
277 533
277 534
277 538
277 543
277 545
277 547
277 549
277 557
277 558
277 560
277 569
277 571
277 572
277 576
277 577
277 581
277 582
277 583
277 584
277 585
277 588
277 589
277 594
277 597
277 598
277 601
277 603
277 610
277 612
277 614
277 616
277 620
277 632
277 635
277 636
277 637
277 641
277 643
277 646
277 647
277 648
277 652
277 655
277 661
277 664
277 666
277 667
277 668
277 669
277 670
277 671
277 682
277 687
277 690
277 694
277 704
277 712
277 714
277 717
277 720
277 721
277 726
277 735
277 740
277 746
277 747
277 750
277 751
277 753
277 761
277 762
277 763
277 772
277 773
277 780
277 786
277 788
277 789
277 797
277 798
277 800
278 322
278 327
278 328
278 332
278 338
278 340
278 341
278 348
278 350
278 355
278 358
278 362
278 366
278 367
278 370
278 373
278 375
278 376
278 377
278 379
278 382
278 383
278 389
278 394
278 395
278 401
278 404
278 405
278 410
278 415
278 416
278 417
278 418
278 420
278 421
278 423
278 424
278 425
278 430
278 434
278 443
278 446
278 450
278 453
278 455
278 457
278 470
278 472
278 474
278 478
278 483
278 487
278 489
278 492
278 502
278 504
278 508
278 510
278 518
278 522
278 531
278 541
278 554
278 560
278 562
278 569
278 570
278 573
278 576
278 577
278 580
278 581
278 584
278 585
278 592
278 593
278 598
278 600
278 602
278 604
278 609
278 611
278 614
278 616
278 619
278 634
278 635
278 636
278 639
278 641
278 645
278 646
278 651
278 662
278 663
278 672
278 673
278 675
278 676
278 681
278 683
278 687
278 688
278 692
278 695
278 698
278 700
278 702
278 704
278 705
278 706
278 709
278 711
278 716
278 718
278 719
278 720
278 722
278 723
278 725
278 726
278 729
278 731
278 734
278 737
278 748
278 753
278 756
278 757
278 758
278 763
278 767
278 770
278 773
278 776
278 781
278 782
278 787
278 789
278 793
278 794
278 800
279 325
279 327
279 332
279 336
279 337
279 350
279 352
279 358
279 359
279 360
279 368
279 369
279 379
279 381
279 382
279 388
279 391
279 392
279 394
279 395
279 396
279 411
279 412
279 413
279 415
279 422
279 423
279 426
279 431
279 436
279 437
279 439
279 441
279 444
279 452
279 454
279 458
279 459
279 461
279 464
279 468
279 472
279 485
279 486
279 488
279 490
279 495
279 500
279 503
279 507
279 511
279 512
279 518
279 519
279 523
279 530
279 534
279 535
279 539
279 541
279 545
279 547
279 553
279 556
279 557
279 558
279 562
279 566
279 569
279 573
279 574
279 578
279 580
279 581
279 583
279 591
279 593
279 595
279 601
279 602
279 603
279 605
279 607
279 613
279 616
279 619
279 620
279 626
279 629
279 633
279 635
279 636
279 639
279 646
279 649
279 652
279 653
279 657
279 668
279 669
279 670
279 674
279 677
279 678
279 683
279 685
279 688
279 689
279 691
279 696
279 707
279 710
279 719
279 723
279 735
279 736
279 737
279 738
279 739
279 740
279 744
279 746
279 749
279 750
279 751
279 757
279 759
279 760
279 763
279 764
279 765
279 766
279 769
279 771
279 772
279 777
279 781
279 784
279 790
279 793
279 794
279 795
279 796
280 323
280 325
280 328
280 330
280 332
280 333
280 334
280 335
280 337
280 340
280 343
280 345
280 349
280 353
280 354
280 355
280 357
280 358
280 360
280 363
280 364
280 365
280 366
280 374
280 378
280 391
280 394
280 396
280 397
280 400
280 405
280 406
280 410
280 414
280 415
280 421
280 432
280 434
280 443
280 446
280 456
280 462
280 464
280 467
280 471
280 474
280 475
280 477
280 478
280 479
280 482
280 486
280 490
280 491
280 494
280 502
280 503
280 504
280 505
280 507
280 508
280 509
280 511
280 513
280 515
280 516
280 517
280 519
280 521
280 522
280 527
280 529
280 530
280 542
280 546
280 556
280 557
280 571
280 575
280 582
280 583
280 584
280 588
280 592
280 595
280 598
280 604
280 607
280 614
280 616
280 617
280 622
280 626
280 631
280 633
280 642
280 654
280 661
280 664
280 670
280 673
280 674
280 676
280 678
280 680
280 687
280 690
280 693
280 694
280 696
280 710
280 713
280 715
280 716
280 717
280 719
280 721
280 725
280 733
280 735
280 737
280 739
280 741
280 746
280 747
280 753
280 755
280 767
280 768
280 769
280 772
280 773
280 778
280 779
280 782
280 784
280 785
280 786
280 791
280 795
280 798
281 322
281 323
281 324
281 325
281 327
281 336
281 344
281 345
281 347
281 349
281 351
281 353
281 359
281 366
281 368
281 371
281 373
281 374
281 378
281 380
281 384
281 387
281 388
281 390
281 395
281 397
281 401
281 402
281 405
281 409
281 419
281 420
281 425
281 431
281 432
281 433
281 434
281 439
281 440
281 443
281 444
281 454
281 458
281 461
281 487
281 490
281 498
281 501
281 502
281 503
281 505
281 507
281 509
281 515
281 516
281 520
281 524
281 527
281 530
281 534
281 537
281 539
281 543
281 544
281 556
281 557
281 558
281 561
281 563
281 564
281 566
281 567
281 570
281 571
281 572
281 575
281 578
281 579
281 582
281 583
281 585
281 598
281 604
281 607
281 616
281 620
281 621
281 626
281 629
281 630
281 634
281 638
281 641
281 653
281 654
281 658
281 662
281 663
281 664
281 666
281 667
281 670
281 673
281 676
281 678
281 679
281 682
281 684
281 685
281 691
281 709
281 710
281 718
281 721
281 724
281 729
281 730
281 735
281 737
281 738
281 743
281 746
281 749
281 754
281 756
281 757
281 759
281 769
281 771
281 772
281 773
281 774
281 781
281 782
281 786
281 789
281 792
281 797
281 798
282 321
282 326
282 329
282 332
282 334
282 336
282 338
282 345
282 346
282 349
282 352
282 354
282 357
282 362
282 367
282 370
282 374
282 375
282 376
282 378
282 380
282 381
282 382
282 386
282 390
282 391
282 399
282 402
282 403
282 406
282 411
282 414
282 421
282 427
282 428
282 430
282 431
282 432
282 433
282 435
282 436
282 439
282 440
282 442
282 444
282 450
282 455
282 456
282 460
282 469
282 471
282 475
282 476
282 478
282 481
282 484
282 485
282 489
282 493
282 502
282 503
282 506
282 509
282 510
282 512
282 513
282 515
282 516
282 517
282 522
282 523
282 538
282 542
282 547
282 549
282 551
282 553
282 557
282 563
282 565
282 566
282 567
282 572
282 573
282 574
282 580
282 587
282 588
282 589
282 591
282 592
282 594
282 595
282 601
282 609
282 614
282 620
282 624
282 626
282 630
282 632
282 644
282 648
282 651
282 657
282 660
282 667
282 668
282 669
282 672
282 684
282 687
282 691
282 693
282 698
282 703
282 706
282 708
282 709
282 710
282 711
282 713
282 717
282 718
282 721
282 723
282 727
282 730
282 739
282 741
282 744
282 745
282 756
282 758
282 763
282 764
282 765
282 766
282 770
282 778
282 788
282 789
282 792
282 800
283 322
283 326
283 328
283 329
283 330
283 331
283 337
283 342
283 344
283 346
283 348
283 351
283 352
283 353
283 356
283 360
283 361
283 366
283 367
283 390
283 391
283 395
283 396
283 397
283 399
283 411
283 412
283 413
283 415
283 417
283 421
283 429
283 432
283 438
283 441
283 445
283 448
283 449
283 451
283 452
283 453
283 455
283 456
283 458
283 462
283 467
283 469
283 473
283 478
283 479
283 494
283 495
283 497
283 501
283 505
283 506
283 507
283 509
283 511
283 515
283 519
283 521
283 526
283 531
283 532
283 536
283 538
283 539
283 541
283 548
283 552
283 554
283 555
283 556
283 563
283 572
283 575
283 576
283 582
283 583
283 584
283 586
283 589
283 592
283 595
283 601
283 605
283 607
283 608
283 611
283 619
283 620
283 621
283 622
283 625
283 626
283 628
283 634
283 638
283 643
283 645
283 648
283 651
283 657
283 658
283 662
283 664
283 667
283 668
283 669
283 688
283 690
283 691
283 692
283 695
283 696
283 702
283 718
283 719
283 720
283 724
283 725
283 729
283 730
283 731
283 734
283 735
283 740
283 741
283 742
283 745
283 746
283 752
283 760
283 770
283 771
283 775
283 778
283 779
283 787
283 788
283 791
284 321
284 324
284 329
284 336
284 339
284 341
284 343
284 344
284 346
284 350
284 352
284 353
284 356
284 359
284 374
284 380
284 384
284 387
284 390
284 400
284 401
284 403
284 404
284 406
284 409
284 418
284 427
284 436
284 437
284 438
284 440
284 441
284 443
284 447
284 448
284 451
284 456
284 460
284 461
284 467
284 469
284 470
284 474
284 478
284 486
284 489
284 493
284 494
284 502
284 505
284 506
284 513
284 515
284 518
284 519
284 521
284 524
284 527
284 529
284 533
284 538
284 544
284 545
284 550
284 553
284 555
284 561
284 562
284 563
284 570
284 576
284 582
284 583
284 584
284 586
284 590
284 598
284 599
284 603
284 610
284 614
284 617
284 618
284 619
284 620
284 621
284 622
284 623
284 627
284 636
284 638
284 641
284 648
284 649
284 655
284 660
284 662
284 663
284 666
284 667
284 677
284 680
284 685
284 692
284 696
284 702
284 704
284 707
284 710
284 717
284 722
284 723
284 725
284 727
284 728
284 730
284 731
284 735
284 738
284 739
284 741
284 742
284 743
284 744
284 747
284 751
284 768
284 769
284 773
284 776
284 779
284 783
284 785
284 789
284 792
284 794
284 795
284 798
285 322
285 323
285 325
285 328
285 334
285 335
285 337
285 338
285 339
285 345
285 349
285 350
285 354
285 358
285 362
285 363
285 365
285 367
285 374
285 376
285 381
285 385
285 390
285 395
285 397
285 398
285 399
285 403
285 404
285 405
285 409
285 410
285 411
285 418
285 422
285 427
285 433
285 439
285 446
285 447
285 449
285 453
285 454
285 455
285 456
285 459
285 466
285 467
285 469
285 470
285 471
285 476
285 480
285 481
285 483
285 486
285 489
285 493
285 494
285 501
285 504
285 505
285 507
285 508
285 518
285 522
285 523
285 525
285 526
285 530
285 532
285 535
285 546
285 547
285 550
285 555
285 557
285 560
285 562
285 566
285 569
285 574
285 587
285 588
285 589
285 590
285 594
285 597
285 599
285 601
285 604
285 605
285 607
285 609
285 612
285 616
285 619
285 621
285 622
285 626
285 629
285 630
285 635
285 636
285 639
285 640
285 641
285 646
285 647
285 649
285 651
285 661
285 664
285 665
285 666
285 676
285 678
285 679
285 682
285 686
285 689
285 691
285 692
285 702
285 703
285 709
285 710
285 711
285 712
285 721
285 722
285 724
285 725
285 740
285 741
285 747
285 751
285 752
285 754
285 756
285 757
285 761
285 766
285 767
285 769
285 771
285 774
285 778
285 781
285 789
285 792
285 793
285 796
286 322
286 323
286 327
286 328
286 330
286 333
286 335
286 340
286 345
286 346
286 349
286 351
286 352
286 353
286 359
286 361
286 363
286 370
286 372
286 374
286 377
286 383
286 385
286 386
286 387
286 388
286 390
286 391
286 392
286 394
286 397
286 401
286 402
286 407
286 409
286 414
286 415
286 420
286 422
286 428
286 430
286 431
286 433
286 435
286 438
286 439
286 446
286 455
286 460
286 461
286 462
286 463
286 465
286 474
286 476
286 478
286 481
286 483
286 487
286 490
286 491
286 495
286 497
286 501
286 505
286 507
286 525
286 530
286 533
286 539
286 545
286 547
286 548
286 550
286 552
286 558
286 566
286 567
286 572
286 573
286 577
286 581
286 582
286 584
286 589
286 590
286 593
286 595
286 596
286 599
286 600
286 604
286 605
286 614
286 618
286 621
286 625
286 627
286 633
286 637
286 638
286 642
286 648
286 655
286 658
286 660
286 661
286 672
286 673
286 675
286 677
286 678
286 682
286 686
286 688
286 689
286 690
286 692
286 693
286 695
286 696
286 700
286 702
286 712
286 714
286 715
286 717
286 718
286 720
286 725
286 728
286 731
286 734
286 735
286 738
286 739
286 747
286 749
286 754
286 761
286 770
286 773
286 774
286 776
286 777
286 779
286 785
286 789
286 790
286 792
286 793
286 800
287 325
287 327
287 331
287 333
287 336
287 342
287 344
287 351
287 358
287 365
287 366
287 368
287 372
287 376
287 377
287 382
287 388
287 389
287 394
287 395
287 397
287 398
287 399
287 403
287 408
287 410
287 428
287 430
287 438
287 441
287 442
287 445
287 450
287 452
287 457
287 461
287 463
287 466
287 468
287 474
287 476
287 478
287 492
287 494
287 497
287 498
287 502
287 504
287 505
287 507
287 509
287 510
287 513
287 525
287 527
287 532
287 533
287 545
287 546
287 547
287 555
287 557
287 568
287 572
287 573
287 578
287 581
287 582
287 587
287 590
287 592
287 599
287 600
287 607
287 619
287 620
287 622
287 623
287 624
287 627
287 628
287 630
287 632
287 634
287 637
287 642
287 645
287 650
287 651
287 653
287 654
287 656
287 659
287 664
287 672
287 674
287 675
287 681
287 684
287 686
287 687
287 690
287 692
287 695
287 703
287 710
287 711
287 716
287 719
287 721
287 729
287 731
287 738
287 741
287 747
287 748
287 749
287 754
287 755
287 761
287 765
287 767
287 768
287 770
287 771
287 772
287 774
287 776
287 778
287 790
287 792
288 321
288 322
288 323
288 325
288 327
288 332
288 336
288 341
288 349
288 359
288 360
288 363
288 364
288 365
288 368
288 370
288 373
288 376
288 377
288 385
288 395
288 396
288 399
288 401
288 405
288 406
288 407
288 408
288 412
288 413
288 415
288 416
288 418
288 421
288 422
288 427
288 434
288 435
288 438
288 442
288 444
288 445
288 446
288 456
288 462
288 464
288 467
288 472
288 474
288 481
288 482
288 489
288 503
288 506
288 514
288 515
288 518
288 519
288 523
288 530
288 535
288 536
288 541
288 543
288 545
288 555
288 561
288 563
288 565
288 575
288 578
288 580
288 586
288 589
288 592
288 594
288 596
288 601
288 602
288 605
288 608
288 612
288 613
288 617
288 618
288 621
288 622
288 626
288 629
288 637
288 640
288 645
288 648
288 650
288 651
288 653
288 659
288 660
288 662
288 663
288 666
288 670
288 671
288 673
288 674
288 676
288 677
288 678
288 681
288 682
288 683
288 690
288 693
288 695
288 700
288 702
288 709
288 712
288 713
288 714
288 717
288 719
288 734
288 736
288 740
288 741
288 745
288 752
288 754
288 755
288 756
288 757
288 760
288 765
288 767
288 768
288 773
288 784
288 785
288 786
288 789
288 791
288 795
288 798
289 330
289 343
289 344
289 345
289 348
289 349
289 351
289 353
289 359
289 360
289 361
289 365
289 366
289 368
289 373
289 375
289 376
289 394
289 395
289 397
289 400
289 407
289 410
289 415
289 416
289 417
289 424
289 425
289 431
289 435
289 438
289 442
289 446
289 455
289 458
289 462
289 463
289 465
289 466
289 467
289 475
289 480
289 496
289 497
289 498
289 503
289 506
289 509
289 510
289 512
289 514
289 515
289 520
289 524
289 525
289 526
289 528
289 529
289 531
289 532
289 533
289 539
289 545
289 547
289 558
289 559
289 561
289 562
289 563
289 567
289 571
289 576
289 581
289 583
289 589
289 600
289 601
289 606
289 607
289 612
289 614
289 615
289 619
289 620
289 621
289 626
289 629
289 630
289 632
289 634
289 635
289 636
289 638
289 641
289 642
289 644
289 645
289 651
289 654
289 655
289 656
289 658
289 660
289 661
289 662
289 666
289 669
289 679
289 680
289 684
289 686
289 687
289 691
289 693
289 696
289 698
289 703
289 704
289 705
289 706
289 707
289 710
289 711
289 714
289 717
289 719
289 725
289 727
289 732
289 733
289 735
289 738
289 742
289 743
289 745
289 746
289 762
289 764
289 769
289 775
289 777
289 780
289 782
289 790
289 796
289 798
290 322
290 327
290 335
290 338
290 339
290 340
290 342
290 343
290 345
290 346
290 347
290 348
290 353
290 356
290 359
290 361
290 366
290 369
290 371
290 377
290 379
290 387
290 390
290 394
290 399
290 401
290 403
290 405
290 408
290 412
290 421
290 422
290 423
290 425
290 431
290 432
290 436
290 438
290 442
290 443
290 444
290 445
290 446
290 447
290 449
290 452
290 453
290 454
290 459
290 463
290 470
290 472
290 478
290 479
290 484
290 485
290 486
290 488
290 489
290 492
290 500
290 502
290 507
290 510
290 512
290 518
290 523
290 524
290 525
290 532
290 537
290 539
290 540
290 542
290 545
290 548
290 549
290 553
290 558
290 564
290 566
290 579
290 581
290 582
290 583
290 590
290 595
290 596
290 598
290 600
290 601
290 602
290 607
290 608
290 611
290 613
290 615
290 620
290 621
290 622
290 624
290 634
290 639
290 640
290 643
290 649
290 650
290 654
290 655
290 658
290 660
290 663
290 664
290 676
290 677
290 680
290 682
290 684
290 686
290 689
290 692
290 698
290 700
290 712
290 715
290 718
290 719
290 722
290 723
290 725
290 727
290 731
290 734
290 736
290 740
290 745
290 749
290 750
290 755
290 760
290 761
290 767
290 768
290 775
290 778
290 792
290 794
291 331
291 333
291 334
291 335
291 338
291 344
291 345
291 351
291 359
291 360
291 361
291 364
291 369
291 370
291 373
291 374
291 377
291 379
291 380
291 381
291 389
291 405
291 409
291 411
291 412
291 417
291 421
291 423
291 433
291 434
291 439
291 441
291 442
291 446
291 450
291 452
291 456
291 459
291 461
291 463
291 466
291 467
291 468
291 469
291 470
291 471
291 472
291 474
291 476
291 477
291 481
291 484
291 486
291 490
291 491
291 493
291 494
291 498
291 500
291 503
291 506
291 507
291 517
291 518
291 519
291 521
291 525
291 526
291 529
291 532
291 539
291 547
291 551
291 553
291 555
291 558
291 559
291 562
291 563
291 565
291 567
291 568
291 572
291 576
291 578
291 581
291 586
291 587
291 589
291 599
291 600
291 602
291 603
291 605
291 606
291 610
291 611
291 612
291 613
291 619
291 621
291 622
291 624
291 627
291 634
291 635
291 638
291 639
291 641
291 643
291 650
291 651
291 654
291 658
291 659
291 660
291 661
291 663
291 665
291 668
291 674
291 676
291 680
291 681
291 683
291 684
291 687
291 689
291 694
291 696
291 697
291 698
291 702
291 709
291 710
291 711
291 714
291 723
291 724
291 725
291 728
291 730
291 741
291 750
291 753
291 754
291 758
291 759
291 761
291 764
291 766
291 767
291 775
291 778
291 782
291 783
291 784
291 785
291 789
291 795
291 796
291 797
291 799
291 800
292 321
292 326
292 327
292 330
292 333
292 334
292 337
292 340
292 350
292 351
292 354
292 355
292 356
292 360
292 364
292 368
292 369
292 370
292 372
292 373
292 374
292 379
292 385
292 389
292 391
292 393
292 400
292 401
292 412
292 417
292 419
292 420
292 422
292 427
292 428
292 430
292 433
292 437
292 441
292 443
292 444
292 448
292 451
292 453
292 461
292 464
292 467
292 468
292 472
292 476
292 479
292 483
292 489
292 490
292 494
292 496
292 499
292 501
292 502
292 511
292 517
292 522
292 530
292 531
292 532
292 537
292 541
292 542
292 545
292 547
292 549
292 554
292 558
292 562
292 564
292 566
292 567
292 569
292 570
292 572
292 575
292 576
292 579
292 580
292 582
292 584
292 585
292 587
292 589
292 592
292 596
292 599
292 603
292 614
292 620
292 621
292 622
292 625
292 632
292 641
292 642
292 644
292 648
292 649
292 652
292 662
292 666
292 673
292 686
292 692
292 694
292 695
292 702
292 707
292 710
292 715
292 716
292 717
292 730
292 731
292 734
292 735
292 737
292 742
292 754
292 756
292 757
292 766
292 767
292 774
292 775
292 776
292 778
292 779
292 787
292 793
292 797
293 322
293 323
293 327
293 330
293 333
293 334
293 339
293 340
293 342
293 344
293 347
293 348
293 349
293 351
293 358
293 360
293 362
293 368
293 373
293 375
293 381
293 382
293 384
293 385
293 393
293 397
293 404
293 408
293 409
293 410
293 412
293 417
293 423
293 430
293 432
293 433
293 434
293 436
293 441
293 452
293 461
293 464
293 469
293 474
293 478
293 480
293 481
293 486
293 495
293 496
293 499
293 505
293 507
293 511
293 515
293 517
293 519
293 522
293 523
293 530
293 531
293 537
293 543
293 544
293 546
293 548
293 550
293 551
293 552
293 554
293 556
293 558
293 560
293 562
293 563
293 566
293 568
293 569
293 574
293 580
293 587
293 588
293 589
293 594
293 598
293 604
293 612
293 616
293 619
293 627
293 632
293 633
293 635
293 647
293 655
293 657
293 659
293 660
293 668
293 669
293 674
293 675
293 676
293 688
293 690
293 693
293 697
293 701
293 702
293 708
293 712
293 717
293 718
293 722
293 723
293 727
293 728
293 736
293 739
293 742
293 754
293 757
293 759
293 761
293 762
293 766
293 770
293 773
293 777
293 780
293 781
293 788
293 789
293 793
293 794
293 800
294 327
294 329
294 330
294 332
294 335
294 337
294 338
294 341
294 344
294 359
294 361
294 365
294 370
294 371
294 374
294 376
294 379
294 381
294 382
294 383
294 384
294 385
294 386
294 388
294 395
294 396
294 403
294 408
294 411
294 412
294 414
294 417
294 420
294 429
294 430
294 433
294 438
294 440
294 446
294 449
294 450
294 451
294 463
294 468
294 472
294 476
294 478
294 480
294 492
294 495
294 496
294 498
294 501
294 505
294 506
294 507
294 509
294 514
294 516
294 522
294 527
294 528
294 529
294 533
294 535
294 538
294 541
294 549
294 553
294 554
294 556
294 558
294 561
294 563
294 564
294 567
294 569
294 571
294 572
294 574
294 577
294 578
294 579
294 583
294 586
294 589
294 591
294 595
294 598
294 601
294 603
294 609
294 613
294 617
294 618
294 619
294 622
294 630
294 635
294 640
294 646
294 647
294 649
294 655
294 661
294 665
294 670
294 675
294 682
294 684
294 690
294 691
294 700
294 702
294 709
294 713
294 716
294 727
294 732
294 734
294 736
294 738
294 741
294 742
294 745
294 748
294 754
294 755
294 777
294 778
294 779
294 785
294 791
295 323
295 324
295 332
295 336
295 338
295 349
295 352
295 354
295 355
295 356
295 358
295 359
295 363
295 368
295 370
295 372
295 373
295 376
295 378
295 383
295 398
295 402
295 403
295 405
295 409
295 410
295 411
295 413
295 417
295 419
295 420
295 421
295 429
295 433
295 437
295 445
295 451
295 454
295 458
295 460
295 462
295 464
295 465
295 467
295 469
295 478
295 479
295 482
295 484
295 488
295 491
295 507
295 508
295 514
295 518
295 520
295 524
295 526
295 531
295 532
295 534
295 537
295 538
295 540
295 542
295 546
295 548
295 549
295 550
295 554
295 558
295 560
295 582
295 587
295 588
295 589
295 592
295 600
295 601
295 602
295 604
295 606
295 609
295 611
295 613
295 617
295 618
295 619
295 620
295 622
295 623
295 624
295 626
295 628
295 630
295 635
295 636
295 638
295 639
295 640
295 642
295 649
295 651
295 655
295 656
295 657
295 659
295 663
295 669
295 671
295 672
295 675
295 676
295 677
295 679
295 684
295 688
295 691
295 693
295 694
295 695
295 698
295 699
295 700
295 703
295 706
295 708
295 711
295 713
295 715
295 716
295 729
295 730
295 735
295 740
295 746
295 747
295 751
295 753
295 756
295 758
295 762
295 765
295 777
295 786
295 797
295 798
295 799
296 322
296 324
296 325
296 329
296 331
296 332
296 340
296 341
296 355
296 358
296 359
296 366
296 367
296 368
296 370
296 376
296 385
296 399
296 403
296 405
296 409
296 412
296 417
296 419
296 420
296 424
296 427
296 428
296 429
296 437
296 439
296 444
296 446
296 453
296 455
296 462
296 470
296 480
296 487
296 488
296 489
296 493
296 496
296 502
296 504
296 513
296 514
296 516
296 517
296 518
296 531
296 535
296 540
296 541
296 545
296 551
296 554
296 557
296 560
296 561
296 567
296 575
296 576
296 578
296 581
296 582
296 583
296 585
296 586
296 588
296 597
296 598
296 605
296 606
296 614
296 615
296 616
296 617
296 620
296 621
296 623
296 625
296 628
296 629
296 641
296 643
296 644
296 645
296 646
296 647
296 648
296 649
296 652
296 653
296 657
296 661
296 662
296 671
296 676
296 679
296 686
296 690
296 692
296 693
296 702
296 703
296 709
296 710
296 714
296 721
296 725
296 726
296 730
296 734
296 735
296 737
296 738
296 740
296 745
296 746
296 751
296 752
296 755
296 763
296 779
296 780
296 781
296 784
296 788
296 789
296 790
296 791
296 798
297 322
297 324
297 332
297 333
297 340
297 341
297 344
297 345
297 346
297 347
297 350
297 355
297 357
297 361
297 366
297 368
297 374
297 375
297 377
297 381
297 387
297 388
297 395
297 408
297 410
297 411
297 415
297 416
297 427
297 432
297 436
297 443
297 450
297 451
297 453
297 458
297 460
297 462
297 463
297 467
297 468
297 470
297 471
297 487
297 502
297 507
297 509
297 511
297 512
297 521
297 524
297 528
297 529
297 530
297 532
297 533
297 535
297 541
297 544
297 546
297 549
297 551
297 552
297 559
297 562
297 565
297 568
297 571
297 572
297 573
297 574
297 577
297 581
297 582
297 587
297 589
297 590
297 591
297 597
297 603
297 608
297 610
297 611
297 614
297 615
297 616
297 617
297 619
297 620
297 621
297 622
297 623
297 632
297 636
297 647
297 650
297 651
297 653
297 660
297 665
297 667
297 669
297 673
297 674
297 675
297 678
297 685
297 690
297 693
297 695
297 696
297 698
297 699
297 700
297 701
297 702
297 705
297 709
297 712
297 713
297 719
297 721
297 723
297 726
297 728
297 730
297 734
297 737
297 741
297 742
297 746
297 749
297 751
297 753
297 754
297 757
297 759
297 766
297 767
297 769
297 771
297 772
297 779
297 782
297 783
297 786
297 791
297 792
297 794
297 798
298 322
298 324
298 329
298 331
298 337
298 340
298 343
298 347
298 350
298 352
298 353
298 357
298 358
298 360
298 363
298 365
298 368
298 369
298 373
298 381
298 389
298 390
298 393
298 394
298 400
298 403
298 404
298 405
298 411
298 412
298 413
298 417
298 418
298 422
298 423
298 426
298 427
298 428
298 430
298 431
298 434
298 436
298 439
298 444
298 448
298 451
298 454
298 460
298 468
298 469
298 472
298 473
298 474
298 475
298 487
298 491
298 497
298 500
298 503
298 504
298 506
298 511
298 512
298 514
298 515
298 519
298 529
298 531
298 533
298 534
298 540
298 542
298 550
298 551
298 554
298 555
298 559
298 566
298 568
298 571
298 576
298 584
298 585
298 596
298 599
298 600
298 604
298 607
298 609
298 617
298 622
298 627
298 630
298 635
298 636
298 637
298 638
298 642
298 645
298 648
298 651
298 654
298 657
298 660
298 661
298 662
298 663
298 667
298 678
298 680
298 685
298 687
298 689
298 690
298 692
298 693
298 696
298 697
298 698
298 700
298 701
298 704
298 708
298 712
298 714
298 717
298 720
298 721
298 726
298 727
298 742
298 743
298 745
298 747
298 748
298 749
298 751
298 752
298 756
298 758
298 764
298 767
298 768
298 770
298 773
298 775
298 776
298 778
298 780
298 782
298 783
298 784
298 788
298 789
298 792
298 793
299 324
299 325
299 326
299 329
299 331
299 332
299 335
299 336
299 337
299 339
299 340
299 341
299 347
299 349
299 350
299 353
299 354
299 355
299 356
299 357
299 360
299 364
299 367
299 370
299 371
299 373
299 381
299 383
299 387
299 391
299 392
299 397
299 401
299 402
299 403
299 404
299 411
299 426
299 427
299 428
299 442
299 447
299 449
299 452
299 455
299 460
299 462
299 465
299 467
299 474
299 479
299 483
299 490
299 494
299 495
299 496
299 499
299 500
299 501
299 505
299 507
299 509
299 516
299 520
299 522
299 524
299 532
299 534
299 537
299 540
299 543
299 545
299 554
299 556
299 559
299 562
299 563
299 564
299 571
299 574
299 576
299 578
299 579
299 585
299 588
299 590
299 595
299 599
299 602
299 608
299 609
299 611
299 614
299 616
299 617
299 618
299 619
299 620
299 623
299 627
299 629
299 633
299 636
299 637
299 646
299 648
299 650
299 655
299 657
299 658
299 659
299 661
299 663
299 664
299 666
299 668
299 670
299 672
299 675
299 676
299 680
299 688
299 690
299 694
299 695
299 701
299 702
299 705
299 706
299 709
299 710
299 713
299 714
299 717
299 723
299 725
299 730
299 732
299 736
299 741
299 744
299 746
299 749
299 751
299 753
299 754
299 755
299 756
299 757
299 758
299 759
299 763
299 765
299 766
299 768
299 774
299 775
299 779
299 786
299 788
299 790
299 792
299 795
299 797
300 323
300 325
300 326
300 327
300 333
300 336
300 338
300 340
300 343
300 347
300 351
300 353
300 358
300 359
300 360
300 363
300 364
300 366
300 367
300 370
300 372
300 375
300 376
300 378
300 379
300 382
300 385
300 387
300 390
300 391
300 394
300 397
300 398
300 401
300 410
300 417
300 420
300 428
300 429
300 430
300 432
300 433
300 435
300 437
300 446
300 448
300 450
300 455
300 456
300 458
300 463
300 464
300 466
300 468
300 470
300 472
300 475
300 478
300 481
300 483
300 493
300 494
300 495
300 496
300 497
300 499
300 500
300 502
300 503
300 508
300 510
300 511
300 512
300 515
300 518
300 528
300 530
300 532
300 536
300 537
300 541
300 543
300 545
300 546
300 547
300 548
300 551
300 553
300 555
300 556
300 561
300 562
300 564
300 578
300 582
300 583
300 584
300 589
300 593
300 594
300 598
300 599
300 603
300 614
300 622
300 624
300 625
300 633
300 639
300 647
300 648
300 651
300 652
300 656
300 663
300 670
300 672
300 678
300 679
300 681
300 683
300 684
300 686
300 689
300 690
300 692
300 696
300 698
300 701
300 705
300 707
300 710
300 713
300 718
300 719
300 722
300 723
300 724
300 725
300 726
300 729
300 731
300 737
300 741
300 742
300 744
300 748
300 751
300 754
300 755
300 762
300 763
300 764
300 767
300 768
300 771
300 774
300 775
300 778
300 781
300 785
300 791
300 793
300 795
301 328
301 331
301 333
301 334
301 344
301 348
301 363
301 364
301 367
301 371
301 372
301 374
301 375
301 376
301 380
301 399
301 400
301 413
301 415
301 418
301 419
301 421
301 426
301 427
301 428
301 432
301 434
301 435
301 438
301 442
301 445
301 457
301 459
301 460
301 461
301 462
301 463
301 466
301 468
301 470
301 475
301 479
301 483
301 487
301 492
301 507
301 515
301 518
301 519
301 523
301 526
301 537
301 542
301 543
301 544
301 547
301 550
301 551
301 552
301 553
301 560
301 564
301 566
301 567
301 569
301 570
301 577
301 578
301 581
301 585
301 586
301 589
301 590
301 593
301 594
301 595
301 597
301 598
301 600
301 602
301 605
301 609
301 611
301 612
301 623
301 625
301 627
301 630
301 633
301 634
301 636
301 639
301 643
301 646
301 650
301 655
301 658
301 660
301 661
301 662
301 663
301 664
301 665
301 669
301 674
301 677
301 678
301 679
301 680
301 684
301 686
301 689
301 690
301 693
301 694
301 697
301 704
301 705
301 708
301 709
301 715
301 716
301 719
301 724
301 725
301 727
301 733
301 734
301 736
301 739
301 740
301 746
301 747
301 748
301 752
301 754
301 759
301 762
301 774
301 783
301 784
301 785
301 791
301 797
302 325
302 328
302 330
302 331
302 334
302 336
302 341
302 347
302 349
302 352
302 355
302 358
302 362
302 365
302 366
302 374
302 381
302 391
302 392
302 396
302 398
302 402
302 403
302 407
302 408
302 410
302 411
302 412
302 413
302 417
302 418
302 419
302 427
302 429
302 430
302 434
302 435
302 436
302 437
302 443
302 445
302 448
302 449
302 459
302 466
302 467
302 468
302 469
302 479
302 493
302 495
302 497
302 500
302 503
302 504
302 505
302 506
302 509
302 510
302 514
302 518
302 521
302 523
302 524
302 528
302 530
302 534
302 545
302 546
302 549
302 554
302 555
302 556
302 557
302 558
302 563
302 568
302 569
302 570
302 573
302 577
302 583
302 586
302 587
302 589
302 594
302 595
302 599
302 602
302 605
302 611
302 612
302 618
302 619
302 620
302 621
302 622
302 624
302 627
302 629
302 634
302 636
302 641
302 645
302 650
302 651
302 652
302 653
302 656
302 657
302 659
302 664
302 665
302 672
302 674
302 680
302 683
302 685
302 688
302 691
302 694
302 696
302 697
302 698
302 699
302 703
302 705
302 710
302 713
302 714
302 717
302 718
302 724
302 728
302 729
302 732
302 734
302 735
302 737
302 738
302 743
302 751
302 755
302 758
302 765
302 769
302 770
302 772
302 773
302 774
302 775
302 777
302 779
302 783
302 786
302 789
302 790
302 792
302 794
302 795
302 797
302 798
303 322
303 323
303 324
303 326
303 328
303 332
303 338
303 339
303 341
303 342
303 345
303 346
303 349
303 355
303 361
303 366
303 367
303 369
303 370
303 379
303 380
303 381
303 382
303 391
303 392
303 394
303 400
303 402
303 403
303 411
303 414
303 415
303 416
303 417
303 420
303 423
303 438
303 440
303 442
303 445
303 446
303 448
303 455
303 460
303 462
303 466
303 473
303 481
303 484
303 487
303 495
303 496
303 497
303 502
303 503
303 505
303 508
303 512
303 516
303 517
303 520
303 527
303 528
303 531
303 534
303 535
303 537
303 541
303 542
303 543
303 549
303 550
303 553
303 556
303 557
303 563
303 569
303 574
303 577
303 586
303 589
303 590
303 593
303 594
303 596
303 599
303 602
303 605
303 608
303 613
303 627
303 628
303 630
303 633
303 634
303 636
303 644
303 645
303 646
303 648
303 651
303 658
303 659
303 661
303 662
303 663
303 665
303 675
303 677
303 678
303 686
303 688
303 696
303 701
303 709
303 710
303 716
303 717
303 724
303 725
303 730
303 732
303 733
303 738
303 743
303 744
303 746
303 748
303 750
303 755
303 756
303 763
303 764
303 768
303 770
303 773
303 774
303 779
303 780
303 791
303 795
303 797
303 800
304 321
304 323
304 324
304 328
304 331
304 335
304 336
304 347
304 348
304 350
304 352
304 357
304 358
304 359
304 360
304 361
304 362
304 364
304 366
304 372
304 373
304 375
304 378
304 379
304 380
304 385
304 386
304 389
304 396
304 400
304 406
304 417
304 420
304 422
304 423
304 434
304 436
304 440
304 442
304 444
304 445
304 448
304 451
304 457
304 459
304 460
304 463
304 469
304 470
304 471
304 473
304 475
304 479
304 480
304 483
304 488
304 490
304 496
304 499
304 500
304 501
304 502
304 506
304 507
304 511
304 513
304 517
304 519
304 520
304 521
304 522
304 526
304 533
304 538
304 539
304 546
304 548
304 554
304 555
304 557
304 564
304 566
304 574
304 577
304 585
304 587
304 590
304 591
304 592
304 597
304 598
304 601
304 608
304 610
304 613
304 618
304 620
304 622
304 625
304 626
304 628
304 630
304 633
304 634
304 638
304 641
304 643
304 647
304 652
304 654
304 656
304 657
304 662
304 664
304 665
304 669
304 671
304 677
304 688
304 690
304 692
304 693
304 696
304 700
304 702
304 704
304 705
304 707
304 708
304 709
304 710
304 711
304 716
304 722
304 723
304 726
304 727
304 729
304 733
304 734
304 737
304 740
304 746
304 749
304 751
304 752
304 757
304 760
304 762
304 765
304 768
304 772
304 776
304 777
304 789
304 793
304 794
304 796
305 321
305 331
305 334
305 343
305 344
305 346
305 348
305 351
305 353
305 355
305 366
305 367
305 372
305 376
305 380
305 383
305 386
305 387
305 388
305 390
305 391
305 398
305 400
305 401
305 405
305 412
305 413
305 416
305 417
305 421
305 422
305 423
305 424
305 427
305 430
305 434
305 438
305 442
305 444
305 448
305 455
305 461
305 465
305 472
305 474
305 481
305 488
305 490
305 491
305 492
305 494
305 497
305 498
305 499
305 501
305 502
305 503
305 504
305 508
305 510
305 519
305 535
305 539
305 544
305 557
305 558
305 564
305 566
305 567
305 568
305 569
305 570
305 574
305 575
305 578
305 582
305 584
305 586
305 594
305 599
305 600
305 602
305 605
305 614
305 619
305 620
305 621
305 623
305 626
305 628
305 629
305 633
305 640
305 646
305 647
305 649
305 653
305 654
305 655
305 660
305 667
305 675
305 682
305 687
305 689
305 691
305 695
305 698
305 700
305 703
305 710
305 714
305 715
305 716
305 720
305 722
305 724
305 725
305 728
305 730
305 732
305 737
305 741
305 742
305 745
305 746
305 749
305 750
305 755
305 759
305 761
305 767
305 769
305 772
305 773
305 776
305 777
305 784
305 785
305 789
305 791
305 795
306 321
306 325
306 328
306 329
306 332
306 335
306 341
306 345
306 346
306 356
306 360
306 361
306 363
306 364
306 377
306 378
306 380
306 383
306 388
306 390
306 392
306 396
306 398
306 399
306 400
306 403
306 406
306 408
306 411
306 415
306 418
306 427
306 429
306 431
306 433
306 436
306 439
306 444
306 449
306 451
306 453
306 454
306 460
306 461
306 468
306 469
306 472
306 473
306 475
306 477
306 478
306 483
306 485
306 488
306 492
306 498
306 499
306 500
306 501
306 510
306 513
306 516
306 517
306 519
306 520
306 522
306 525
306 526
306 530
306 536
306 541
306 550
306 556
306 559
306 561
306 562
306 564
306 565
306 566
306 567
306 568
306 572
306 575
306 578
306 579
306 585
306 587
306 588
306 589
306 591
306 594
306 595
306 599
306 601
306 603
306 605
306 615
306 621
306 627
306 634
306 639
306 641
306 645
306 646
306 648
306 652
306 653
306 657
306 665
306 668
306 671
306 673
306 680
306 682
306 684
306 685
306 691
306 697
306 698
306 702
306 705
306 710
306 714
306 715
306 718
306 721
306 727
306 728
306 731
306 732
306 734
306 735
306 743
306 748
306 751
306 752
306 758
306 763
306 768
306 770
306 772
306 778
306 780
306 785
306 786
306 793
307 323
307 329
307 330
307 333
307 334
307 335
307 336
307 337
307 340
307 341
307 342
307 346
307 347
307 349
307 355
307 362
307 363
307 366
307 372
307 383
307 388
307 390
307 396
307 400
307 404
307 405
307 406
307 407
307 408
307 409
307 419
307 422
307 424
307 425
307 428
307 430
307 432
307 434
307 438
307 448
307 452
307 455
307 460
307 461
307 463
307 465
307 468
307 469
307 471
307 475
307 477
307 480
307 487
307 493
307 494
307 499
307 502
307 506
307 508
307 513
307 518
307 519
307 520
307 522
307 527
307 528
307 532
307 533
307 544
307 550
307 553
307 556
307 568
307 573
307 574
307 582
307 586
307 590
307 592
307 594
307 600
307 602
307 603
307 604
307 605
307 608
307 610
307 611
307 614
307 621
307 624
307 625
307 627
307 628
307 634
307 637
307 639
307 643
307 656
307 658
307 663
307 668
307 680
307 681
307 686
307 695
307 697
307 698
307 700
307 704
307 707
307 710
307 713
307 715
307 721
307 725
307 726
307 729
307 734
307 740
307 744
307 748
307 750
307 752
307 756
307 759
307 760
307 766
307 776
307 778
307 780
307 781
307 790
307 792
307 795
307 797
307 799
308 321
308 322
308 325
308 327
308 335
308 343
308 354
308 356
308 366
308 371
308 374
308 375
308 379
308 380
308 381
308 383
308 384
308 393
308 394
308 401
308 403
308 407
308 408
308 415
308 418
308 421
308 426
308 431
308 432
308 435
308 441
308 444
308 449
308 450
308 451
308 452
308 453
308 454
308 459
308 462
308 463
308 465
308 469
308 471
308 475
308 478
308 484
308 485
308 492
308 497
308 502
308 504
308 507
308 515
308 525
308 526
308 529
308 531
308 534
308 535
308 537
308 539
308 542
308 543
308 546
308 550
308 555
308 559
308 562
308 563
308 566
308 567
308 568
308 571
308 573
308 576
308 578
308 583
308 584
308 591
308 593
308 599
308 602
308 604
308 605
308 606
308 607
308 610
308 619
308 622
308 624
308 625
308 634
308 645
308 653
308 659
308 664
308 665
308 666
308 668
308 669
308 670
308 672
308 675
308 677
308 685
308 688
308 690
308 692
308 695
308 702
308 707
308 710
308 715
308 719
308 722
308 733
308 736
308 742
308 745
308 749
308 751
308 753
308 764
308 769
308 777
308 783
308 785
308 789
308 794
308 797
309 321
309 332
309 334
309 335
309 339
309 341
309 343
309 345
309 358
309 360
309 369
309 375
309 378
309 380
309 381
309 386
309 389
309 414
309 415
309 418
309 423
309 425
309 426
309 427
309 431
309 436
309 437
309 438
309 441
309 442
309 450
309 453
309 460
309 465
309 466
309 468
309 469
309 470
309 472
309 474
309 475
309 476
309 479
309 481
309 482
309 483
309 485
309 489
309 493
309 499
309 501
309 505
309 508
309 509
309 511
309 516
309 518
309 519
309 520
309 523
309 540
309 541
309 550
309 553
309 556
309 564
309 568
309 572
309 575
309 578
309 580
309 585
309 586
309 587
309 589
309 591
309 598
309 601
309 603
309 605
309 606
309 611
309 618
309 619
309 620
309 622
309 623
309 626
309 627
309 628
309 630
309 637
309 642
309 646
309 647
309 651
309 652
309 654
309 656
309 659
309 661
309 663
309 664
309 665
309 668
309 671
309 674
309 675
309 676
309 683
309 689
309 694
309 695
309 696
309 699
309 703
309 705
309 708
309 710
309 711
309 721
309 724
309 725
309 729
309 737
309 742
309 750
309 751
309 753
309 757
309 759
309 760
309 764
309 765
309 766
309 767
309 768
309 769
309 770
309 771
309 774
309 775
309 778
309 781
309 785
309 786
309 791
309 793
309 800
310 327
310 329
310 331
310 333
310 335
310 340
310 342
310 344
310 349
310 356
310 358
310 359
310 362
310 363
310 369
310 370
310 372
310 373
310 375
310 377
310 387
310 390
310 400
310 401
310 404
310 406
310 414
310 415
310 418
310 420
310 425
310 431
310 433
310 435
310 436
310 437
310 438
310 439
310 445
310 446
310 447
310 451
310 452
310 456
310 458
310 460
310 465
310 466
310 472
310 473
310 476
310 479
310 480
310 486
310 489
310 495
310 497
310 500
310 501
310 502
310 503
310 506
310 507
310 515
310 516
310 518
310 519
310 520
310 521
310 524
310 525
310 530
310 535
310 536
310 538
310 543
310 546
310 547
310 552
310 553
310 561
310 562
310 563
310 566
310 570
310 586
310 588
310 592
310 594
310 600
310 601
310 604
310 609
310 610
310 612
310 617
310 620
310 623
310 631
310 633
310 639
310 642
310 645
310 646
310 651
310 656
310 658
310 659
310 665
310 666
310 668
310 670
310 673
310 674
310 676
310 679
310 683
310 688
310 689
310 691
310 692
310 699
310 701
310 702
310 706
310 709
310 711
310 712
310 714
310 718
310 721
310 725
310 727
310 729
310 730
310 731
310 733
310 735
310 740
310 742
310 744
310 749
310 751
310 756
310 763
310 765
310 773
310 774
310 778
310 780
310 786
310 791
310 792
310 795
310 797
311 325
311 332
311 334
311 348
311 352
311 355
311 359
311 362
311 363
311 365
311 372
311 379
311 380
311 387
311 395
311 399
311 401
311 402
311 409
311 411
311 421
311 426
311 429
311 434
311 435
311 441
311 451
311 452
311 454
311 456
311 457
311 458
311 460
311 465
311 468
311 470
311 471
311 475
311 478
311 480
311 481
311 487
311 491
311 494
311 497
311 512
311 515
311 516
311 521
311 526
311 529
311 530
311 531
311 534
311 542
311 544
311 545
311 553
311 555
311 556
311 563
311 565
311 569
311 571
311 581
311 583
311 586
311 590
311 593
311 598
311 601
311 604
311 605
311 606
311 608
311 613
311 615
311 617
311 620
311 622
311 624
311 625
311 627
311 628
311 631
311 632
311 638
311 639
311 642
311 645
311 650
311 653
311 655
311 656
311 660
311 665
311 667
311 668
311 671
311 672
311 674
311 677
311 689
311 690
311 692
311 693
311 704
311 705
311 707
311 715
311 723
311 725
311 728
311 729
311 730
311 732
311 733
311 735
311 741
311 742
311 743
311 745
311 748
311 754
311 760
311 770
311 776
311 778
311 779
311 786
311 787
311 789
311 791
311 792
311 793
311 796
312 324
312 325
312 326
312 331
312 334
312 338
312 344
312 345
312 347
312 348
312 349
312 350
312 351
312 352
312 356
312 358
312 367
312 371
312 372
312 376
312 377
312 379
312 381
312 383
312 385
312 386
312 389
312 394
312 397
312 398
312 401
312 403
312 407
312 410
312 417
312 419
312 424
312 427
312 431
312 434
312 435
312 439
312 441
312 444
312 446
312 448
312 454
312 464
312 471
312 475
312 481
312 482
312 484
312 487
312 491
312 492
312 493
312 496
312 500
312 502
312 504
312 505
312 507
312 512
312 517
312 518
312 526
312 528
312 529
312 535
312 541
312 542
312 544
312 552
312 554
312 556
312 559
312 564
312 565
312 570
312 575
312 576
312 577
312 580
312 583
312 587
312 590
312 594
312 601
312 602
312 603
312 604
312 606
312 609
312 610
312 611
312 615
312 617
312 625
312 631
312 632
312 633
312 637
312 640
312 643
312 644
312 646
312 647
312 648
312 650
312 653
312 654
312 655
312 661
312 664
312 671
312 674
312 678
312 679
312 680
312 684
312 685
312 702
312 705
312 713
312 715
312 721
312 726
312 729
312 739
312 741
312 742
312 743
312 745
312 749
312 757
312 760
312 764
312 765
312 767
312 768
312 770
312 775
312 776
312 780
312 786
312 788
312 791
312 796
312 797
313 323
313 325
313 326
313 330
313 333
313 334
313 342
313 345
313 347
313 349
313 354
313 359
313 362
313 368
313 374
313 381
313 382
313 383
313 385
313 391
313 392
313 396
313 402
313 404
313 406
313 410
313 411
313 412
313 414
313 421
313 422
313 423
313 429
313 430
313 434
313 436
313 439
313 442
313 443
313 446
313 450
313 454
313 455
313 456
313 457
313 461
313 463
313 465
313 472
313 478
313 482
313 483
313 493
313 495
313 501
313 503
313 504
313 511
313 513
313 514
313 515
313 518
313 519
313 521
313 522
313 527
313 531
313 534
313 541
313 543
313 547
313 551
313 553
313 556
313 561
313 562
313 563
313 564
313 567
313 569
313 580
313 582
313 587
313 595
313 598
313 599
313 606
313 613
313 614
313 615
313 619
313 622
313 624
313 626
313 629
313 630
313 635
313 639
313 645
313 654
313 657
313 658
313 662
313 663
313 665
313 666
313 668
313 670
313 671
313 678
313 680
313 682
313 683
313 694
313 697
313 699
313 700
313 702
313 703
313 704
313 708
313 717
313 721
313 724
313 725
313 726
313 727
313 728
313 730
313 733
313 744
313 748
313 750
313 755
313 761
313 768
313 769
313 770
313 771
313 773
313 774
313 775
313 777
313 781
313 783
313 787
313 795
313 799
314 322
314 324
314 325
314 326
314 328
314 331
314 332
314 335
314 336
314 340
314 341
314 342
314 345
314 346
314 347
314 351
314 355
314 357
314 358
314 360
314 363
314 367
314 369
314 371
314 374
314 377
314 381
314 385
314 388
314 393
314 405
314 406
314 407
314 408
314 410
314 414
314 420
314 421
314 423
314 424
314 425
314 429
314 434
314 436
314 453
314 471
314 476
314 479
314 480
314 482
314 483
314 492
314 496
314 504
314 505
314 509
314 510
314 511
314 517
314 520
314 521
314 522
314 524
314 526
314 527
314 541
314 545
314 549
314 551
314 552
314 559
314 563
314 569
314 577
314 578
314 584
314 586
314 591
314 594
314 596
314 599
314 608
314 609
314 610
314 611
314 612
314 614
314 618
314 622
314 625
314 626
314 628
314 630
314 631
314 633
314 639
314 645
314 649
314 652
314 655
314 657
314 659
314 664
314 665
314 666
314 667
314 669
314 675
314 680
314 684
314 685
314 688
314 689
314 691
314 695
314 698
314 702
314 707
314 708
314 715
314 716
314 717
314 720
314 721
314 725
314 728
314 729
314 730
314 733
314 736
314 742
314 744
314 746
314 752
314 754
314 757
314 759
314 766
314 768
314 777
314 780
314 784
314 785
314 787
314 790
314 795
315 326
315 333
315 348
315 351
315 352
315 356
315 357
315 360
315 364
315 365
315 366
315 368
315 369
315 371
315 375
315 376
315 377
315 380
315 382
315 386
315 399
315 401
315 402
315 405
315 412
315 414
315 421
315 423
315 431
315 434
315 443
315 444
315 446
315 447
315 448
315 449
315 456
315 464
315 469
315 473
315 476
315 479
315 482
315 491
315 499
315 501
315 502
315 503
315 505
315 506
315 507
315 510
315 512
315 518
315 520
315 524
315 526
315 530
315 534
315 536
315 539
315 541
315 542
315 544
315 545
315 555
315 561
315 568
315 575
315 576
315 583
315 585
315 591
315 593
315 597
315 601
315 604
315 609
315 611
315 613
315 617
315 618
315 622
315 624
315 629
315 633
315 634
315 639
315 640
315 643
315 645
315 649
315 654
315 661
315 664
315 668
315 671
315 672
315 676
315 679
315 682
315 690
315 694
315 698
315 701
315 705
315 706
315 709
315 719
315 720
315 723
315 734
315 739
315 741
315 742
315 749
315 755
315 759
315 761
315 766
315 767
315 769
315 772
315 778
315 781
315 782
315 786
315 791
315 796
315 800
316 322
316 324
316 344
316 346
316 353
316 356
316 358
316 359
316 360
316 363
316 364
316 369
316 372
316 373
316 376
316 377
316 382
316 385
316 389
316 390
316 396
316 398
316 403
316 408
316 410
316 412
316 418
316 424
316 428
316 439
316 441
316 447
316 449
316 451
316 452
316 453
316 455
316 457
316 458
316 460
316 462
316 463
316 464
316 466
316 468
316 472
316 476
316 480
316 484
316 495
316 498
316 504
316 505
316 506
316 507
316 508
316 515
316 516
316 517
316 519
316 520
316 528
316 531
316 546
316 552
316 553
316 554
316 555
316 556
316 557
316 558
316 563
316 564
316 566
316 569
316 571
316 573
316 574
316 576
316 577
316 578
316 584
316 585
316 592
316 594
316 602
316 604
316 605
316 607
316 612
316 614
316 618
316 621
316 623
316 624
316 630
316 631
316 639
316 645
316 647
316 648
316 649
316 654
316 655
316 658
316 660
316 662
316 665
316 674
316 675
316 677
316 682
316 688
316 690
316 693
316 694
316 695
316 697
316 698
316 699
316 700
316 702
316 705
316 706
316 718
316 720
316 722
316 727
316 728
316 729
316 734
316 741
316 742
316 747
316 748
316 749
316 752
316 755
316 756
316 762
316 764
316 765
316 767
316 772
316 773
316 775
316 778
316 781
316 786
316 790
316 793
316 796
316 798
317 325
317 328
317 338
317 339
317 340
317 342
317 345
317 347
317 351
317 352
317 356
317 358
317 360
317 362
317 364
317 365
317 368
317 370
317 371
317 372
317 374
317 386
317 389
317 392
317 394
317 397
317 401
317 405
317 406
317 407
317 409
317 412
317 414
317 416
317 418
317 420
317 421
317 424
317 425
317 431
317 432
317 439
317 440
317 443
317 446
317 448
317 451
317 452
317 462
317 469
317 476
317 477
317 479
317 481
317 485
317 490
317 492
317 497
317 501
317 505
317 511
317 513
317 519
317 526
317 528
317 529
317 532
317 536
317 538
317 539
317 540
317 542
317 552
317 560
317 562
317 569
317 571
317 573
317 574
317 575
317 577
317 580
317 583
317 584
317 593
317 595
317 600
317 602
317 605
317 610
317 611
317 618
317 621
317 622
317 625
317 627
317 634
317 656
317 661
317 670
317 671
317 679
317 683
317 693
317 697
317 698
317 702
317 711
317 714
317 718
317 730
317 732
317 737
317 744
317 745
317 746
317 754
317 756
317 757
317 758
317 760
317 764
317 771
317 773
317 774
317 775
317 780
317 783
317 785
317 788
317 792
317 794
317 799
318 329
318 331
318 334
318 339
318 341
318 346
318 348
318 349
318 352
318 354
318 355
318 360
318 366
318 367
318 368
318 370
318 371
318 372
318 373
318 379
318 381
318 384
318 385
318 386
318 388
318 389
318 392
318 393
318 394
318 395
318 397
318 405
318 415
318 417
318 421
318 425
318 428
318 432
318 436
318 438
318 440
318 441
318 447
318 451
318 452
318 456
318 457
318 460
318 461
318 462
318 465
318 466
318 479
318 480
318 485
318 486
318 489
318 495
318 505
318 508
318 509
318 512
318 517
318 520
318 525
318 528
318 530
318 531
318 532
318 535
318 536
318 537
318 541
318 554
318 562
318 565
318 566
318 570
318 572
318 575
318 577
318 584
318 586
318 587
318 591
318 602
318 603
318 606
318 610
318 611
318 613
318 621
318 622
318 624
318 626
318 629
318 630
318 633
318 640
318 641
318 642
318 646
318 655
318 658
318 659
318 662
318 668
318 670
318 674
318 675
318 678
318 679
318 689
318 693
318 695
318 696
318 698
318 702
318 705
318 707
318 708
318 710
318 712
318 724
318 731
318 738
318 742
318 751
318 752
318 754
318 759
318 768
318 770
318 773
318 778
318 788
318 793
318 794
318 795
318 796
318 799
319 324
319 333
319 334
319 337
319 341
319 342
319 344
319 346
319 348
319 351
319 352
319 355
319 358
319 363
319 368
319 370
319 373
319 377
319 381
319 388
319 389
319 391
319 392
319 394
319 396
319 397
319 398
319 404
319 407
319 412
319 423
319 424
319 426
319 429
319 432
319 433
319 437
319 441
319 442
319 444
319 449
319 452
319 462
319 469
319 473
319 474
319 477
319 478
319 481
319 482
319 485
319 492
319 504
319 505
319 506
319 507
319 508
319 509
319 515
319 516
319 517
319 518
319 520
319 526
319 527
319 528
319 538
319 541
319 542
319 546
319 548
319 550
319 551
319 554
319 562
319 566
319 569
319 571
319 573
319 575
319 582
319 583
319 584
319 586
319 588
319 592
319 593
319 597
319 600
319 607
319 608
319 612
319 616
319 620
319 626
319 627
319 632
319 635
319 637
319 646
319 647
319 648
319 650
319 654
319 658
319 660
319 663
319 667
319 672
319 674
319 678
319 682
319 683
319 684
319 685
319 687
319 688
319 690
319 693
319 703
319 705
319 706
319 711
319 712
319 715
319 723
319 725
319 727
319 729
319 732
319 734
319 740
319 742
319 747
319 749
319 750
319 753
319 754
319 755
319 756
319 767
319 768
319 769
319 772
319 773
319 777
319 779
319 781
319 789
319 794
319 795
320 321
320 324
320 327
320 331
320 332
320 339
320 340
320 347
320 355
320 360
320 363
320 364
320 370
320 372
320 373
320 374
320 376
320 377
320 380
320 382
320 385
320 387
320 389
320 392
320 394
320 396
320 398
320 400
320 402
320 406
320 408
320 409
320 410
320 412
320 413
320 415
320 419
320 420
320 423
320 424
320 430
320 433
320 437
320 440
320 441
320 458
320 459
320 470
320 473
320 477
320 485
320 487
320 488
320 490
320 491
320 499
320 502
320 504
320 514
320 515
320 517
320 519
320 522
320 527
320 531
320 533
320 539
320 547
320 551
320 555
320 556
320 561
320 564
320 565
320 570
320 571
320 577
320 580
320 583
320 587
320 592
320 595
320 597
320 598
320 602
320 603
320 604
320 606
320 607
320 608
320 610
320 614
320 618
320 619
320 621
320 625
320 627
320 629
320 632
320 642
320 646
320 651
320 655
320 659
320 661
320 662
320 664
320 665
320 671
320 673
320 674
320 676
320 677
320 688
320 689
320 690
320 692
320 693
320 697
320 700
320 702
320 704
320 706
320 709
320 711
320 712
320 714
320 721
320 722
320 726
320 729
320 731
320 732
320 735
320 736
320 737
320 739
320 742
320 748
320 756
320 759
320 763
320 766
320 772
320 776
320 777
320 779
320 782
320 792
320 795
320 796
321 402
321 406
321 408
321 410
321 411
321 413
321 414
321 417
321 419
321 426
321 432
321 434
321 436
321 440
321 444
321 447
321 448
321 452
321 453
321 455
321 462
321 466
321 474
321 475
321 478
321 483
321 484
321 489
321 492
321 499
321 500
321 502
321 505
321 507
321 512
321 513
321 517
321 519
321 523
321 526
321 528
321 532
321 533
321 534
321 536
321 542
321 543
321 546
321 554
321 555
321 556
321 564
321 569
321 574
321 575
321 579
321 580
321 581
321 582
321 588
321 589
321 596
321 599
321 602
321 603
321 604
321 616
321 618
321 619
321 621
321 623
321 625
321 629
321 632
321 640
321 641
321 643
321 644
321 647
321 649
321 651
321 652
321 655
321 656
321 658
321 660
321 664
321 669
321 678
321 694
321 698
321 699
321 700
321 704
321 708
321 709
321 712
321 715
321 718
321 723
321 736
321 737
321 739
321 742
321 745
321 749
321 754
321 760
321 761
321 763
321 765
321 767
321 768
321 769
321 774
321 776
321 777
321 782
321 785
321 789
321 792
321 795
321 798
322 401
322 410
322 412
322 414
322 418
322 419
322 422
322 434
322 441
322 442
322 445
322 446
322 448
322 457
322 469
322 470
322 471
322 472
322 477
322 479
322 481
322 485
322 486
322 487
322 490
322 493
322 496
322 497
322 500
322 504
322 505
322 506
322 513
322 517
322 519
322 522
322 528
322 537
322 538
322 539
322 541
322 542
322 547
322 548
322 549
322 554
322 562
322 564
322 565
322 568
322 570
322 574
322 576
322 577
322 579
322 580
322 582
322 584
322 587
322 595
322 608
322 610
322 624
322 625
322 631
322 635
322 638
322 642
322 643
322 645
322 646
322 649
322 652
322 653
322 671
322 673
322 678
322 679
322 683
322 684
322 687
322 691
322 692
322 693
322 694
322 697
322 698
322 702
322 704
322 708
322 709
322 710
322 714
322 717
322 728
322 729
322 733
322 735
322 737
322 740
322 748
322 749
322 755
322 756
322 757
322 758
322 759
322 760
322 765
322 769
322 770
322 771
322 775
322 784
322 787
322 790
322 792
322 793
322 794
322 800
323 401
323 402
323 409
323 410
323 411
323 416
323 418
323 422
323 428
323 434
323 437
323 438
323 439
323 443
323 448
323 451
323 452
323 458
323 460
323 461
323 462
323 466
323 469
323 471
323 474
323 479
323 481
323 482
323 484
323 485
323 487
323 488
323 490
323 498
323 501
323 503
323 504
323 505
323 506
323 509
323 516
323 520
323 522
323 525
323 526
323 528
323 530
323 533
323 534
323 542
323 543
323 549
323 557
323 565
323 571
323 573
323 576
323 577
323 578
323 584
323 590
323 596
323 616
323 622
323 623
323 625
323 630
323 639
323 646
323 647
323 652
323 654
323 655
323 657
323 663
323 667
323 668
323 672
323 681
323 687
323 691
323 692
323 696
323 709
323 711
323 713
323 714
323 715
323 718
323 719
323 721
323 722
323 726
323 735
323 736
323 739
323 740
323 746
323 757
323 758
323 759
323 760
323 765
323 766
323 769
323 770
323 771
323 773
323 774
323 779
323 787
323 791
323 798
323 800
324 405
324 410
324 411
324 415
324 420
324 421
324 422
324 427
324 429
324 432
324 435
324 436
324 442
324 451
324 454
324 455
324 461
324 464
324 465
324 466
324 467
324 471
324 472
324 474
324 477
324 478
324 479
324 485
324 487
324 488
324 489
324 491
324 494
324 498
324 499
324 504
324 505
324 507
324 511
324 522
324 523
324 539
324 540
324 544
324 545
324 546
324 554
324 567
324 571
324 572
324 583
324 588
324 590
324 595
324 597
324 599
324 600
324 606
324 607
324 611
324 612
324 613
324 614
324 616
324 620
324 622
324 630
324 636
324 637
324 638
324 645
324 646
324 647
324 650
324 652
324 653
324 655
324 656
324 658
324 659
324 660
324 662
324 669
324 670
324 671
324 681
324 687
324 690
324 691
324 700
324 706
324 708
324 712
324 716
324 717
324 726
324 727
324 732
324 733
324 735
324 737
324 745
324 747
324 753
324 759
324 762
324 765
324 766
324 775
324 779
324 780
324 781
324 782
324 784
324 785
324 796
324 800
325 402
325 406
325 409
325 411
325 417
325 418
325 419
325 423
325 425
325 436
325 437
325 439
325 454
325 455
325 456
325 457
325 466
325 468
325 479
325 486
325 489
325 494
325 496
325 498
325 499
325 525
325 527
325 529
325 530
325 531
325 540
325 543
325 544
325 550
325 551
325 553
325 556
325 558
325 576
325 577
325 583
325 586
325 593
325 597
325 598
325 603
325 608
325 612
325 613
325 615
325 616
325 618
325 620
325 623
325 625
325 626
325 632
325 640
325 644
325 648
325 651
325 656
325 661
325 670
325 671
325 678
325 680
325 683
325 687
325 695
325 700
325 701
325 705
325 706
325 708
325 709
325 710
325 711
325 712
325 717
325 719
325 723
325 727
325 728
325 729
325 730
325 731
325 734
325 740
325 744
325 750
325 751
325 761
325 762
325 767
325 769
325 772
325 775
325 780
325 783
325 787
325 790
325 791
325 795
326 401
326 403
326 406
326 414
326 415
326 418
326 422
326 428
326 434
326 440
326 441
326 443
326 446
326 447
326 455
326 458
326 465
326 467
326 468
326 469
326 471
326 472
326 475
326 478
326 486
326 487
326 494
326 496
326 500
326 501
326 507
326 510
326 514
326 515
326 518
326 521
326 522
326 523
326 534
326 540
326 544
326 546
326 548
326 550
326 551
326 552
326 554
326 555
326 563
326 568
326 569
326 570
326 571
326 572
326 574
326 575
326 579
326 581
326 583
326 586
326 596
326 606
326 607
326 609
326 610
326 616
326 618
326 624
326 626
326 636
326 640
326 645
326 649
326 653
326 660
326 670
326 671
326 673
326 683
326 691
326 692
326 693
326 695
326 696
326 699
326 703
326 705
326 706
326 708
326 709
326 713
326 716
326 719
326 720
326 722
326 723
326 726
326 727
326 730
326 731
326 739
326 743
326 748
326 750
326 751
326 755
326 758
326 761
326 764
326 766
326 767
326 771
326 778
326 780
326 781
326 784
326 785
326 786
326 787
326 799
327 402
327 409
327 411
327 414
327 417
327 419
327 421
327 422
327 424
327 428
327 429
327 430
327 434
327 435
327 436
327 438
327 440
327 441
327 442
327 444
327 447
327 462
327 469
327 474
327 479
327 487
327 488
327 494
327 495
327 496
327 505
327 506
327 510
327 515
327 516
327 520
327 526
327 528
327 533
327 534
327 540
327 544
327 546
327 548
327 550
327 564
327 573
327 583
327 584
327 595
327 602
327 606
327 610
327 611
327 612
327 613
327 615
327 627
327 630
327 637
327 638
327 639
327 640
327 645
327 657
327 660
327 664
327 677
327 680
327 684
327 685
327 687
327 690
327 699
327 712
327 713
327 715
327 716
327 717
327 718
327 721
327 726
327 727
327 729
327 753
327 760
327 768
327 771
327 772
327 774
327 776
327 777
327 778
327 780
327 784
327 786
327 791
327 798
328 407
328 410
328 415
328 418
328 422
328 426
328 429
328 430
328 431
328 433
328 434
328 437
328 439
328 445
328 447
328 450
328 453
328 463
328 464
328 465
328 466
328 469
328 478
328 481
328 485
328 486
328 489
328 491
328 500
328 504
328 507
328 509
328 510
328 513
328 515
328 521
328 528
328 533
328 534
328 538
328 542
328 546
328 549
328 550
328 553
328 558
328 560
328 564
328 566
328 572
328 578
328 584
328 588
328 590
328 593
328 596
328 599
328 608
328 609
328 611
328 615
328 625
328 628
328 629
328 641
328 643
328 646
328 648
328 649
328 650
328 654
328 655
328 659
328 669
328 674
328 675
328 684
328 685
328 687
328 690
328 699
328 701
328 702
328 703
328 705
328 709
328 711
328 714
328 715
328 731
328 733
328 737
328 738
328 742
328 743
328 748
328 753
328 757
328 758
328 762
328 769
328 771
328 776
328 779
328 784
328 787
328 788
328 790
328 791
328 797
329 409
329 410
329 411
329 417
329 418
329 420
329 422
329 424
329 428
329 430
329 431
329 435
329 436
329 446
329 447
329 451
329 460
329 461
329 462
329 463
329 468
329 471
329 473
329 482
329 483
329 484
329 485
329 490
329 491
329 493
329 494
329 496
329 503
329 505
329 513
329 514
329 517
329 519
329 520
329 529
329 530
329 531
329 532
329 535
329 539
329 542
329 544
329 545
329 553
329 561
329 566
329 569
329 571
329 576
329 583
329 586
329 590
329 591
329 593
329 598
329 600
329 608
329 609
329 614
329 621
329 624
329 626
329 629
329 630
329 645
329 651
329 653
329 655
329 661
329 666
329 670
329 673
329 677
329 687
329 698
329 700
329 704
329 705
329 707
329 708
329 709
329 712
329 717
329 718
329 719
329 720
329 730
329 731
329 745
329 754
329 758
329 759
329 763
329 768
329 772
329 773
329 774
329 776
329 778
329 784
329 785
329 791
329 794
329 796
329 798
329 799
330 401
330 404
330 407
330 410
330 412
330 426
330 428
330 432
330 434
330 439
330 441
330 443
330 444
330 447
330 448
330 453
330 457
330 458
330 460
330 462
330 465
330 467
330 469
330 470
330 480
330 485
330 492
330 495
330 496
330 501
330 502
330 504
330 507
330 508
330 509
330 510
330 513
330 516
330 525
330 527
330 531
330 534
330 535
330 538
330 539
330 548
330 550
330 554
330 557
330 559
330 562
330 563
330 564
330 567
330 578
330 580
330 582
330 586
330 589
330 593
330 597
330 598
330 601
330 610
330 613
330 620
330 630
330 635
330 642
330 643
330 644
330 646
330 648
330 649
330 650
330 653
330 656
330 657
330 667
330 672
330 673
330 674
330 676
330 679
330 686
330 689
330 691
330 692
330 697
330 701
330 702
330 704
330 707
330 715
330 716
330 726
330 728
330 730
330 734
330 735
330 737
330 742
330 746
330 749
330 750
330 751
330 754
330 761
330 766
330 770
330 775
330 781
330 787
330 788
330 794
330 797
330 798
331 405
331 406
331 407
331 409
331 411
331 417
331 419
331 420
331 421
331 422
331 424
331 436
331 437
331 438
331 452
331 455
331 457
331 460
331 462
331 464
331 468
331 472
331 474
331 477
331 479
331 481
331 482
331 484
331 485
331 486
331 488
331 493
331 494
331 499
331 511
331 513
331 518
331 521
331 524
331 525
331 526
331 527
331 529
331 531
331 532
331 536
331 540
331 541
331 543
331 544
331 550
331 554
331 557
331 564
331 569
331 570
331 573
331 574
331 575
331 582
331 584
331 585
331 587
331 588
331 589
331 591
331 598
331 599
331 600
331 605
331 607
331 613
331 615
331 616
331 620
331 623
331 624
331 629
331 654
331 656
331 660
331 663
331 667
331 668
331 676
331 677
331 682
331 684
331 694
331 699
331 701
331 704
331 705
331 714
331 717
331 720
331 722
331 726
331 737
331 739
331 740
331 742
331 743
331 745
331 747
331 749
331 755
331 756
331 757
331 759
331 760
331 762
331 764
331 767
331 773
331 783
331 784
331 788
331 793
331 795
331 797
331 800
332 407
332 409
332 410
332 412
332 421
332 422
332 423
332 424
332 427
332 429
332 430
332 434
332 435
332 443
332 446
332 447
332 448
332 449
332 450
332 459
332 465
332 467
332 469
332 471
332 472
332 482
332 485
332 488
332 494
332 499
332 500
332 504
332 509
332 511
332 512
332 513
332 517
332 520
332 523
332 529
332 533
332 534
332 539
332 540
332 544
332 546
332 548
332 552
332 553
332 555
332 557
332 559
332 564
332 565
332 566
332 569
332 574
332 581
332 588
332 593
332 595
332 596
332 600
332 601
332 602
332 603
332 604
332 607
332 610
332 616
332 620
332 622
332 625
332 632
332 633
332 637
332 651
332 652
332 657
332 659
332 662
332 675
332 676
332 677
332 678
332 682
332 685
332 687
332 689
332 692
332 693
332 697
332 698
332 703
332 704
332 706
332 707
332 721
332 730
332 731
332 738
332 739
332 742
332 746
332 748
332 755
332 761
332 763
332 764
332 766
332 768
332 771
332 775
332 778
332 780
332 783
332 795
332 796
333 401
333 402
333 408
333 411
333 413
333 415
333 416
333 417
333 419
333 421
333 432
333 433
333 439
333 445
333 450
333 451
333 454
333 457
333 458
333 459
333 466
333 468
333 475
333 476
333 481
333 482
333 483
333 485
333 486
333 491
333 492
333 495
333 499
333 501
333 504
333 506
333 511
333 513
333 515
333 524
333 525
333 528
333 530
333 532
333 533
333 537
333 545
333 546
333 552
333 554
333 556
333 557
333 559
333 560
333 571
333 576
333 578
333 579
333 585
333 587
333 588
333 589
333 592
333 598
333 604
333 609
333 610
333 611
333 612
333 613
333 614
333 618
333 628
333 630
333 635
333 641
333 643
333 650
333 652
333 653
333 654
333 656
333 663
333 665
333 666
333 668
333 672
333 674
333 679
333 681
333 682
333 683
333 685
333 687
333 688
333 693
333 696
333 698
333 712
333 720
333 723
333 725
333 729
333 732
333 743
333 746
333 751
333 752
333 755
333 758
333 759
333 763
333 772
333 774
333 777
333 781
333 791
333 794
334 403
334 404
334 405
334 408
334 409
334 410
334 412
334 415
334 416
334 417
334 418
334 420
334 432
334 433
334 434
334 437
334 438
334 439
334 442
334 447
334 452
334 454
334 455
334 456
334 463
334 464
334 469
334 488
334 490
334 491
334 500
334 504
334 505
334 509
334 510
334 513
334 514
334 515
334 519
334 520
334 522
334 524
334 528
334 531
334 533
334 538
334 541
334 544
334 546
334 554
334 556
334 557
334 558
334 560
334 564
334 568
334 569
334 572
334 583
334 587
334 588
334 592
334 599
334 600
334 604
334 607
334 611
334 622
334 628
334 631
334 636
334 642
334 644
334 647
334 649
334 650
334 653
334 658
334 659
334 662
334 663
334 669
334 670
334 674
334 682
334 687
334 689
334 690
334 693
334 694
334 695
334 698
334 699
334 700
334 715
334 719
334 723
334 726
334 727
334 729
334 734
334 737
334 741
334 742
334 748
334 751
334 755
334 756
334 761
334 763
334 774
334 775
334 781
334 785
334 792
334 793
334 799
334 800
335 402
335 404
335 409
335 420
335 421
335 424
335 426
335 435
335 437
335 445
335 448
335 453
335 456
335 457
335 459
335 462
335 463
335 465
335 466
335 468
335 469
335 471
335 472
335 476
335 477
335 482
335 483
335 487
335 496
335 500
335 502
335 504
335 514
335 517
335 524
335 528
335 529
335 536
335 538
335 539
335 543
335 545
335 548
335 549
335 550
335 557
335 558
335 559
335 574
335 576
335 577
335 578
335 581
335 586
335 587
335 589
335 592
335 594
335 597
335 602
335 603
335 605
335 607
335 621
335 624
335 626
335 636
335 640
335 641
335 642
335 643
335 646
335 650
335 658
335 661
335 662
335 663
335 672
335 677
335 688
335 692
335 697
335 699
335 702
335 703
335 705
335 706
335 710
335 712
335 713
335 714
335 715
335 720
335 722
335 723
335 724
335 726
335 727
335 731
335 734
335 737
335 741
335 747
335 754
335 761
335 763
335 765
335 766
335 767
335 768
335 769
335 772
335 775
335 782
335 783
335 789
335 791
335 795
335 800
336 403
336 408
336 411
336 423
336 426
336 428
336 432
336 434
336 436
336 438
336 443
336 444
336 447
336 448
336 459
336 461
336 463
336 464
336 465
336 468
336 469
336 472
336 474
336 475
336 479
336 480
336 481
336 482
336 489
336 490
336 491
336 493
336 494
336 497
336 502
336 507
336 509
336 515
336 517
336 518
336 522
336 523
336 524
336 525
336 526
336 531
336 538
336 539
336 541
336 546
336 547
336 554
336 555
336 558
336 562
336 563
336 564
336 565
336 569
336 574
336 576
336 582
336 585
336 595
336 611
336 617
336 618
336 623
336 627
336 628
336 629
336 631
336 640
336 641
336 649
336 650
336 653
336 654
336 656
336 657
336 662
336 672
336 673
336 674
336 677
336 678
336 685
336 686
336 690
336 698
336 699
336 700
336 701
336 703
336 707
336 708
336 710
336 713
336 715
336 717
336 736
336 740
336 742
336 743
336 746
336 752
336 753
336 755
336 758
336 760
336 761
336 765
336 768
336 770
336 771
336 778
336 780
336 781
336 783
336 787
336 789
336 791
336 792
336 797
336 798
337 405
337 408
337 412
337 417
337 418
337 424
337 426
337 429
337 432
337 435
337 441
337 446
337 452
337 459
337 462
337 463
337 465
337 469
337 471
337 474
337 478
337 480
337 481
337 482
337 484
337 485
337 487
337 488
337 489
337 490
337 492
337 498
337 505
337 507
337 511
337 512
337 517
337 523
337 530
337 531
337 532
337 539
337 541
337 544
337 547
337 551
337 561
337 566
337 568
337 570
337 572
337 573
337 576
337 577
337 578
337 585
337 593
337 596
337 600
337 601
337 602
337 607
337 609
337 611
337 612
337 613
337 619
337 623
337 628
337 634
337 638
337 642
337 643
337 646
337 647
337 648
337 653
337 655
337 657
337 658
337 661
337 662
337 663
337 666
337 669
337 673
337 674
337 675
337 682
337 684
337 686
337 689
337 694
337 695
337 696
337 697
337 699
337 712
337 715
337 718
337 720
337 721
337 723
337 730
337 734
337 739
337 745
337 757
337 762
337 763
337 766
337 767
337 768
337 778
337 784
337 788
337 791
337 792
337 794
337 798
338 404
338 408
338 417
338 422
338 427
338 429
338 431
338 434
338 437
338 440
338 442
338 445
338 446
338 450
338 455
338 456
338 467
338 470
338 471
338 474
338 481
338 485
338 494
338 499
338 500
338 501
338 508
338 517
338 519
338 520
338 523
338 524
338 525
338 526
338 527
338 530
338 532
338 534
338 537
338 542
338 543
338 546
338 549
338 551
338 553
338 554
338 555
338 556
338 563
338 565
338 567
338 575
338 577
338 584
338 585
338 587
338 588
338 596
338 598
338 599
338 600
338 603
338 607
338 610
338 611
338 618
338 623
338 626
338 630
338 643
338 644
338 646
338 656
338 664
338 668
338 671
338 673
338 683
338 686
338 689
338 690
338 692
338 693
338 699
338 702
338 705
338 707
338 710
338 714
338 715
338 719
338 732
338 733
338 734
338 744
338 750
338 754
338 760
338 761
338 771
338 778
338 783
338 786
338 793
339 404
339 405
339 414
339 416
339 417
339 418
339 432
339 438
339 445
339 449
339 452
339 455
339 456
339 459
339 461
339 467
339 473
339 480
339 482
339 484
339 489
339 491
339 499
339 503
339 506
339 507
339 508
339 509
339 512
339 522
339 524
339 527
339 530
339 533
339 537
339 542
339 545
339 546
339 548
339 551
339 553
339 554
339 556
339 559
339 560
339 562
339 564
339 565
339 566
339 567
339 571
339 574
339 581
339 582
339 583
339 585
339 588
339 589
339 591
339 592
339 595
339 604
339 607
339 608
339 609
339 610
339 617
339 618
339 625
339 627
339 632
339 634
339 635
339 643
339 644
339 649
339 650
339 655
339 656
339 659
339 663
339 671
339 672
339 673
339 675
339 688
339 693
339 699
339 700
339 701
339 706
339 711
339 712
339 714
339 715
339 723
339 725
339 728
339 731
339 734
339 735
339 736
339 741
339 744
339 745
339 748
339 750
339 751
339 754
339 755
339 756
339 767
339 769
339 770
339 773
339 774
339 779
339 782
339 783
339 785
339 789
339 793
339 794
339 800
340 401
340 404
340 406
340 410
340 412
340 417
340 424
340 425
340 426
340 429
340 442
340 450
340 451
340 452
340 457
340 459
340 468
340 473
340 474
340 475
340 485
340 487
340 493
340 494
340 508
340 510
340 517
340 519
340 522
340 532
340 533
340 535
340 546
340 548
340 551
340 554
340 555
340 558
340 559
340 560
340 562
340 571
340 573
340 576
340 581
340 585
340 586
340 588
340 594
340 597
340 604
340 612
340 613
340 616
340 619
340 621
340 622
340 625
340 633
340 636
340 638
340 640
340 643
340 646
340 650
340 652
340 654
340 655
340 657
340 660
340 663
340 664
340 668
340 669
340 673
340 674
340 681
340 682
340 685
340 687
340 688
340 690
340 694
340 695
340 697
340 705
340 709
340 720
340 729
340 736
340 737
340 742
340 743
340 754
340 755
340 762
340 765
340 768
340 774
340 776
340 777
340 781
340 786
340 787
340 792
340 794
340 796
340 798
341 408
341 410
341 416
341 418
341 420
341 425
341 426
341 434
341 438
341 445
341 455
341 456
341 458
341 462
341 463
341 469
341 473
341 474
341 475
341 478
341 479
341 480
341 481
341 482
341 485
341 486
341 490
341 497
341 501
341 504
341 505
341 506
341 507
341 514
341 516
341 520
341 532
341 534
341 538
341 539
341 548
341 552
341 553
341 556
341 557
341 562
341 566
341 569
341 570
341 577
341 584
341 585
341 587
341 590
341 591
341 595
341 598
341 599
341 602
341 603
341 612
341 615
341 620
341 622
341 623
341 631
341 633
341 636
341 638
341 639
341 643
341 646
341 650
341 656
341 658
341 661
341 663
341 666
341 670
341 677
341 680
341 689
341 690
341 692
341 694
341 699
341 703
341 704
341 706
341 716
341 725
341 731
341 734
341 737
341 742
341 748
341 752
341 756
341 760
341 763
341 764
341 767
341 775
341 776
341 777
341 781
341 783
341 785
341 788
341 789
341 790
341 792
341 797
342 403
342 406
342 411
342 413
342 417
342 422
342 424
342 425
342 433
342 434
342 435
342 436
342 437
342 440
342 443
342 444
342 451
342 454
342 459
342 464
342 469
342 470
342 473
342 475
342 480
342 481
342 483
342 491
342 496
342 500
342 506
342 507
342 509
342 515
342 537
342 539
342 540
342 543
342 544
342 549
342 551
342 552
342 553
342 559
342 562
342 563
342 564
342 566
342 567
342 568
342 573
342 574
342 577
342 578
342 579
342 580
342 581
342 582
342 583
342 588
342 597
342 606
342 608
342 611
342 616
342 619
342 621
342 623
342 624
342 627
342 628
342 630
342 632
342 633
342 635
342 636
342 638
342 648
342 653
342 654
342 660
342 668
342 672
342 673
342 675
342 676
342 680
342 685
342 689
342 691
342 696
342 697
342 700
342 703
342 708
342 709
342 713
342 716
342 717
342 724
342 731
342 734
342 735
342 738
342 739
342 740
342 742
342 748
342 749
342 754
342 757
342 758
342 761
342 763
342 765
342 766
342 770
342 780
342 783
342 785
342 789
342 793
342 795
342 799
342 800
343 405
343 407
343 411
343 414
343 417
343 419
343 423
343 433
343 434
343 435
343 437
343 442
343 444
343 445
343 447
343 448
343 451
343 455
343 457
343 459
343 466
343 467
343 468
343 470
343 472
343 474
343 477
343 483
343 484
343 497
343 499
343 502
343 503
343 504
343 508
343 510
343 518
343 522
343 524
343 526
343 528
343 531
343 535
343 536
343 542
343 549
343 559
343 561
343 566
343 577
343 579
343 582
343 584
343 588
343 590
343 591
343 593
343 595
343 596
343 599
343 607
343 611
343 614
343 617
343 618
343 621
343 625
343 626
343 631
343 632
343 634
343 636
343 641
343 645
343 661
343 664
343 668
343 669
343 670
343 673
343 674
343 675
343 676
343 677
343 680
343 683
343 689
343 690
343 692
343 693
343 694
343 695
343 696
343 699
343 703
343 707
343 715
343 720
343 721
343 722
343 723
343 727
343 732
343 737
343 740
343 743
343 752
343 754
343 755
343 756
343 762
343 764
343 767
343 771
343 776
343 779
343 786
343 791
344 409
344 410
344 413
344 416
344 419
344 421
344 423
344 425
344 426
344 429
344 436
344 437
344 438
344 451
344 454
344 455
344 461
344 464
344 467
344 470
344 471
344 474
344 476
344 484
344 487
344 488
344 496
344 503
344 507
344 509
344 510
344 511
344 518
344 521
344 522
344 524
344 526
344 527
344 533
344 536
344 539
344 547
344 554
344 555
344 557
344 559
344 564
344 576
344 581
344 582
344 584
344 586
344 590
344 592
344 596
344 607
344 609
344 612
344 613
344 620
344 622
344 626
344 628
344 629
344 632
344 633
344 638
344 639
344 641
344 642
344 644
344 649
344 650
344 651
344 653
344 654
344 658
344 661
344 668
344 671
344 678
344 680
344 688
344 691
344 692
344 696
344 698
344 703
344 706
344 708
344 711
344 712
344 714
344 717
344 718
344 721
344 725
344 727
344 729
344 731
344 733
344 736
344 738
344 744
344 745
344 746
344 747
344 749
344 750
344 751
344 755
344 762
344 763
344 764
344 767
344 768
344 773
344 774
344 779
344 782
344 786
344 799
345 401
345 402
345 403
345 404
345 408
345 410
345 411
345 413
345 415
345 416
345 418
345 422
345 424
345 426
345 428
345 434
345 435
345 436
345 437
345 439
345 440
345 442
345 443
345 444
345 462
345 471
345 476
345 478
345 494
345 496
345 497
345 500
345 511
345 516
345 525
345 530
345 532
345 534
345 536
345 537
345 542
345 548
345 550
345 552
345 555
345 558
345 561
345 562
345 566
345 568
345 570
345 571
345 572
345 574
345 581
345 585
345 587
345 592
345 597
345 601
345 602
345 604
345 609
345 611
345 613
345 617
345 621
345 624
345 627
345 637
345 638
345 642
345 643
345 645
345 646
345 648
345 649
345 659
345 660
345 666
345 671
345 672
345 673
345 674
345 677
345 678
345 683
345 690
345 700
345 701
345 702
345 706
345 708
345 714
345 723
345 729
345 730
345 731
345 732
345 741
345 742
345 744
345 751
345 755
345 761
345 767
345 768
345 769
345 772
345 773
345 774
345 775
345 776
345 777
345 783
345 788
345 792
345 793
345 798
346 404
346 408
346 414
346 415
346 416
346 426
346 427
346 429
346 446
346 448
346 451
346 453
346 455
346 456
346 457
346 466
346 468
346 472
346 486
346 489
346 498
346 500
346 502
346 511
346 512
346 515
346 517
346 518
346 521
346 523
346 525
346 527
346 530
346 533
346 541
346 542
346 543
346 544
346 545
346 548
346 549
346 550
346 552
346 553
346 554
346 557
346 562
346 573
346 574
346 575
346 581
346 587
346 590
346 592
346 598
346 601
346 602
346 603
346 604
346 606
346 608
346 610
346 613
346 620
346 621
346 623
346 632
346 633
346 634
346 636
346 650
346 651
346 655
346 665
346 666
346 667
346 668
346 672
346 673
346 676
346 677
346 678
346 680
346 687
346 691
346 693
346 701
346 708
346 709
346 710
346 713
346 719
346 721
346 735
346 741
346 743
346 744
346 749
346 750
346 753
346 755
346 758
346 769
346 771
346 772
346 774
346 782
346 787
346 788
346 798
347 401
347 405
347 408
347 415
347 418
347 425
347 428
347 430
347 432
347 435
347 439
347 442
347 445
347 447
347 448
347 449
347 450
347 453
347 462
347 463
347 465
347 470
347 474
347 476
347 480
347 481
347 491
347 492
347 493
347 495
347 501
347 503
347 506
347 507
347 509
347 515
347 520
347 522
347 528
347 532
347 534
347 535
347 545
347 550
347 554
347 555
347 557
347 561
347 562
347 563
347 571
347 584
347 588
347 593
347 596
347 601
347 604
347 608
347 617
347 627
347 630
347 633
347 634
347 639
347 646
347 648
347 652
347 653
347 661
347 676
347 679
347 680
347 681
347 683
347 685
347 689
347 690
347 697
347 702
347 703
347 705
347 717
347 719
347 720
347 725
347 731
347 732
347 734
347 735
347 748
347 753
347 755
347 756
347 757
347 761
347 762
347 763
347 772
347 773
347 774
347 775
347 776
347 778
347 782
347 784
347 787
347 790
347 798
348 401
348 409
348 413
348 414
348 417
348 419
348 421
348 423
348 427
348 436
348 437
348 438
348 440
348 441
348 444
348 445
348 448
348 454
348 459
348 460
348 461
348 462
348 463
348 464
348 471
348 472
348 473
348 485
348 486
348 492
348 494
348 497
348 500
348 503
348 505
348 507
348 508
348 510
348 512
348 513
348 518
348 520
348 527
348 530
348 531
348 534
348 535
348 537
348 540
348 541
348 542
348 543
348 545
348 549
348 550
348 551
348 556
348 557
348 564
348 566
348 572
348 574
348 587
348 588
348 592
348 593
348 595
348 596
348 600
348 601
348 603
348 607
348 609
348 611
348 613
348 619
348 620
348 625
348 628
348 631
348 633
348 638
348 642
348 644
348 645
348 648
348 663
348 664
348 665
348 668
348 674
348 680
348 683
348 687
348 688
348 691
348 697
348 698
348 700
348 703
348 704
348 709
348 710
348 712
348 713
348 718
348 727
348 738
348 741
348 745
348 752
348 755
348 760
348 766
348 767
348 771
348 773
348 778
348 782
348 785
348 786
348 792
348 798
348 799
348 800
349 403
349 404
349 406
349 414
349 417
349 420
349 426
349 434
349 437
349 440
349 444
349 445
349 446
349 451
349 456
349 457
349 459
349 460
349 462
349 464
349 473
349 474
349 478
349 482
349 483
349 484
349 491
349 493
349 502
349 505
349 512
349 514
349 517
349 524
349 525
349 526
349 530
349 533
349 534
349 536
349 542
349 546
349 548
349 551
349 561
349 562
349 568
349 570
349 572
349 577
349 579
349 586
349 589
349 592
349 596
349 600
349 601
349 604
349 609
349 621
349 625
349 628
349 630
349 635
349 636
349 638
349 639
349 648
349 651
349 653
349 660
349 661
349 662
349 663
349 664
349 670
349 675
349 678
349 686
349 688
349 690
349 693
349 695
349 697
349 699
349 703
349 710
349 713
349 716
349 721
349 722
349 723
349 729
349 732
349 733
349 735
349 742
349 745
349 746
349 751
349 753
349 754
349 755
349 758
349 766
349 770
349 772
349 775
349 776
349 778
349 780
349 781
349 782
349 784
349 785
349 791
349 793
349 794
350 404
350 405
350 408
350 409
350 415
350 417
350 418
350 419
350 422
350 424
350 425
350 429
350 434
350 438
350 439
350 443
350 447
350 449
350 454
350 461
350 463
350 467
350 468
350 473
350 474
350 478
350 482
350 485
350 489
350 491
350 494
350 498
350 500
350 505
350 510
350 512
350 514
350 516
350 517
350 520
350 521
350 522
350 524
350 526
350 528
350 531
350 535
350 536
350 537
350 539
350 543
350 544
350 545
350 559
350 560
350 561
350 564
350 566
350 569
350 571
350 575
350 580
350 581
350 583
350 589
350 594
350 599
350 606
350 614
350 616
350 619
350 624
350 632
350 633
350 638
350 641
350 646
350 656
350 659
350 665
350 667
350 669
350 673
350 674
350 675
350 678
350 682
350 683
350 688
350 689
350 691
350 695
350 700
350 701
350 702
350 706
350 707
350 708
350 712
350 717
350 718
350 721
350 722
350 724
350 725
350 733
350 739
350 741
350 751
350 754
350 756
350 758
350 759
350 775
350 776
350 780
350 782
350 783
350 784
350 787
350 790
350 794
350 797
350 798
351 405
351 407
351 412
351 415
351 420
351 421
351 422
351 423
351 424
351 427
351 431
351 439
351 441
351 443
351 449
351 451
351 456
351 462
351 463
351 464
351 466
351 468
351 470
351 472
351 473
351 477
351 478
351 479
351 483
351 485
351 489
351 493
351 505
351 507
351 512
351 513
351 515
351 516
351 519
351 523
351 525
351 527
351 529
351 531
351 533
351 535
351 536
351 542
351 551
351 552
351 562
351 574
351 576
351 584
351 586
351 588
351 592
351 593
351 594
351 602
351 606
351 610
351 615
351 617
351 624
351 626
351 627
351 629
351 630
351 633
351 634
351 635
351 638
351 641
351 643
351 649
351 654
351 656
351 658
351 664
351 666
351 669
351 670
351 674
351 676
351 678
351 684
351 693
351 695
351 698
351 699
351 700
351 707
351 708
351 709
351 713
351 719
351 720
351 721
351 725
351 735
351 736
351 738
351 740
351 745
351 752
351 754
351 761
351 763
351 768
351 770
351 771
351 774
351 780
351 781
351 783
351 794
351 795
351 798
351 800
352 413
352 415
352 417
352 419
352 426
352 427
352 429
352 432
352 435
352 437
352 441
352 442
352 444
352 445
352 449
352 451
352 452
352 455
352 456
352 457
352 462
352 465
352 467
352 469
352 472
352 475
352 476
352 477
352 480
352 482
352 484
352 485
352 486
352 494
352 497
352 498
352 500
352 503
352 504
352 507
352 508
352 509
352 512
352 516
352 519
352 533
352 536
352 537
352 543
352 545
352 548
352 549
352 554
352 561
352 564
352 569
352 576
352 582
352 583
352 584
352 589
352 590
352 591
352 595
352 600
352 606
352 608
352 619
352 621
352 623
352 628
352 631
352 637
352 641
352 643
352 652
352 654
352 657
352 662
352 666
352 668
352 669
352 675
352 681
352 684
352 686
352 691
352 698
352 699
352 701
352 702
352 704
352 707
352 710
352 713
352 718
352 727
352 733
352 735
352 736
352 738
352 740
352 741
352 742
352 746
352 751
352 752
352 759
352 760
352 761
352 762
352 769
352 771
352 776
352 777
352 787
352 789
352 796
352 798
352 800
353 407
353 408
353 410
353 411
353 412
353 415
353 422
353 424
353 425
353 429
353 432
353 437
353 438
353 439
353 441
353 455
353 462
353 463
353 467
353 468
353 471
353 473
353 480
353 485
353 487
353 496
353 497
353 500
353 504
353 511
353 514
353 517
353 519
353 527
353 528
353 530
353 534
353 535
353 540
353 545
353 546
353 547
353 555
353 566
353 568
353 569
353 570
353 571
353 576
353 580
353 588
353 593
353 594
353 595
353 597
353 600
353 603
353 604
353 607
353 609
353 610
353 612
353 623
353 627
353 629
353 630
353 635
353 639
353 640
353 641
353 642
353 646
353 656
353 663
353 666
353 669
353 671
353 673
353 676
353 682
353 691
353 692
353 694
353 700
353 701
353 702
353 705
353 707
353 711
353 712
353 721
353 723
353 724
353 725
353 726
353 727
353 729
353 732
353 733
353 736
353 737
353 742
353 754
353 761
353 769
353 771
353 775
353 788
353 797
353 798
354 401
354 404
354 416
354 419
354 426
354 432
354 443
354 453
354 458
354 463
354 465
354 466
354 473
354 474
354 497
354 509
354 510
354 514
354 519
354 520
354 521
354 526
354 530
354 536
354 538
354 539
354 540
354 541
354 543
354 545
354 546
354 549
354 554
354 557
354 559
354 561
354 565
354 571
354 573
354 574
354 575
354 578
354 584
354 585
354 590
354 597
354 600
354 601
354 603
354 605
354 608
354 610
354 611
354 617
354 618
354 620
354 621
354 624
354 625
354 626
354 627
354 632
354 634
354 637
354 640
354 647
354 648
354 651
354 655
354 656
354 666
354 667
354 668
354 669
354 671
354 672
354 673
354 674
354 675
354 676
354 677
354 680
354 681
354 704
354 705
354 709
354 711
354 717
354 718
354 721
354 727
354 731
354 732
354 737
354 739
354 741
354 754
354 760
354 763
354 764
354 770
354 778
354 779
354 780
354 781
354 784
354 793
354 794
354 796
354 797
354 798
354 800
355 401
355 402
355 403
355 405
355 406
355 407
355 417
355 418
355 419
355 429
355 430
355 431
355 435
355 441
355 444
355 446
355 449
355 450
355 455
355 456
355 458
355 461
355 463
355 466
355 471
355 473
355 474
355 476
355 477
355 478
355 480
355 490
355 494
355 496
355 498
355 502
355 508
355 515
355 520
355 522
355 525
355 527
355 534
355 535
355 539
355 540
355 547
355 551
355 552
355 558
355 563
355 567
355 568
355 571
355 578
355 582
355 585
355 592
355 593
355 595
355 596
355 599
355 603
355 604
355 609
355 617
355 619
355 620
355 624
355 626
355 631
355 636
355 637
355 643
355 647
355 652
355 653
355 657
355 662
355 669
355 675
355 678
355 680
355 682
355 683
355 688
355 689
355 693
355 694
355 703
355 705
355 706
355 710
355 713
355 715
355 716
355 720
355 723
355 724
355 728
355 732
355 736
355 755
355 761
355 763
355 772
355 773
355 777
355 779
355 781
355 784
355 788
355 796
355 797
356 403
356 404
356 407
356 416
356 424
356 432
356 446
356 449
356 456
356 465
356 468
356 470
356 471
356 475
356 476
356 479
356 482
356 486
356 487
356 489
356 490
356 491
356 494
356 496
356 497
356 501
356 505
356 510
356 513
356 514
356 515
356 517
356 518
356 519
356 525
356 528
356 530
356 538
356 541
356 545
356 546
356 550
356 551
356 553
356 556
356 568
356 573
356 576
356 577
356 580
356 584
356 586
356 589
356 592
356 593
356 595
356 598
356 606
356 612
356 616
356 617
356 621
356 622
356 625
356 626
356 627
356 628
356 645
356 657
356 659
356 660
356 662
356 663
356 667
356 674
356 676
356 683
356 684
356 687
356 690
356 698
356 700
356 701
356 702
356 706
356 711
356 713
356 715
356 716
356 717
356 718
356 721
356 723
356 724
356 727
356 728
356 736
356 739
356 740
356 741
356 742
356 749
356 751
356 752
356 754
356 762
356 763
356 764
356 766
356 768
356 773
356 775
356 776
356 780
356 783
356 787
356 788
356 789
356 799
357 403
357 406
357 407
357 408
357 414
357 421
357 431
357 434
357 436
357 437
357 443
357 445
357 447
357 449
357 450
357 451
357 457
357 464
357 467
357 468
357 471
357 473
357 475
357 476
357 477
357 479
357 481
357 482
357 489
357 498
357 501
357 502
357 504
357 505
357 507
357 508
357 509
357 513
357 518
357 522
357 524
357 530
357 535
357 537
357 541
357 543
357 548
357 550
357 552
357 554
357 562
357 563
357 567
357 569
357 571
357 572
357 574
357 577
357 582
357 594
357 598
357 600
357 605
357 606
357 610
357 612
357 622
357 625
357 629
357 632
357 633
357 634
357 635
357 640
357 641
357 647
357 648
357 651
357 658
357 659
357 661
357 662
357 670
357 671
357 673
357 679
357 680
357 681
357 693
357 697
357 702
357 703
357 704
357 714
357 717
357 723
357 724
357 725
357 728
357 732
357 737
357 743
357 747
357 749
357 753
357 754
357 756
357 760
357 762
357 774
357 776
357 780
357 783
357 790
357 791
357 794
357 796
357 797
357 800
358 401
358 407
358 410
358 411
358 416
358 417
358 418
358 424
358 431
358 434
358 437
358 439
358 446
358 448
358 455
358 457
358 460
358 461
358 462
358 466
358 470
358 471
358 479
358 481
358 482
358 484
358 493
358 494
358 498
358 499
358 500
358 501
358 502
358 504
358 506
358 509
358 514
358 518
358 520
358 523
358 525
358 526
358 529
358 530
358 535
358 537
358 538
358 545
358 547
358 548
358 563
358 564
358 565
358 573
358 577
358 585
358 592
358 593
358 595
358 596
358 606
358 608
358 609
358 610
358 616
358 617
358 622
358 623
358 631
358 632
358 634
358 642
358 647
358 648
358 649
358 653
358 654
358 655
358 660
358 661
358 665
358 666
358 669
358 673
358 675
358 676
358 679
358 680
358 681
358 685
358 688
358 691
358 693
358 694
358 696
358 705
358 711
358 712
358 719
358 731
358 736
358 738
358 739
358 740
358 742
358 746
358 749
358 751
358 757
358 761
358 763
358 769
358 783
358 797
358 798
359 402
359 406
359 412
359 424
359 434
359 437
359 438
359 439
359 449
359 450
359 452
359 453
359 460
359 461
359 462
359 465
359 466
359 467
359 470
359 471
359 476
359 480
359 481
359 485
359 486
359 488
359 489
359 498
359 501
359 506
359 508
359 512
359 513
359 514
359 515
359 520
359 522
359 523
359 524
359 526
359 527
359 528
359 529
359 532
359 536
359 538
359 540
359 544
359 546
359 547
359 549
359 554
359 556
359 559
359 560
359 564
359 573
359 575
359 576
359 582
359 585
359 593
359 594
359 597
359 606
359 607
359 608
359 609
359 616
359 622
359 623
359 630
359 638
359 640
359 655
359 659
359 665
359 666
359 669
359 672
359 677
359 678
359 679
359 682
359 684
359 688
359 709
359 714
359 716
359 719
359 721
359 722
359 726
359 728
359 732
359 733
359 735
359 736
359 737
359 744
359 746
359 747
359 750
359 752
359 762
359 763
359 767
359 773
359 777
359 778
359 780
359 785
359 794
359 800
360 405
360 412
360 414
360 415
360 416
360 418
360 419
360 423
360 424
360 427
360 430
360 431
360 435
360 438
360 446
360 452
360 453
360 458
360 461
360 463
360 466
360 470
360 472
360 473
360 474
360 475
360 482
360 487
360 489
360 493
360 494
360 496
360 498
360 504
360 507
360 509
360 513
360 515
360 516
360 517
360 518
360 520
360 521
360 530
360 531
360 532
360 533
360 536
360 539
360 547
360 549
360 553
360 563
360 566
360 571
360 576
360 577
360 578
360 592
360 593
360 596
360 598
360 601
360 603
360 604
360 605
360 606
360 610
360 611
360 614
360 615
360 617
360 621
360 624
360 625
360 631
360 633
360 654
360 657
360 661
360 662
360 666
360 673
360 675
360 679
360 684
360 685
360 697
360 700
360 703
360 704
360 705
360 706
360 707
360 710
360 713
360 715
360 716
360 721
360 723
360 728
360 730
360 733
360 738
360 740
360 741
360 743
360 748
360 754
360 756
360 759
360 760
360 765
360 769
360 774
360 776
360 777
360 778
360 779
360 783
360 784
360 799
361 402
361 404
361 408
361 409
361 419
361 422
361 425
361 426
361 440
361 443
361 446
361 447
361 450
361 454
361 456
361 461
361 462
361 465
361 474
361 475
361 476
361 477
361 480
361 483
361 484
361 486
361 487
361 488
361 498
361 500
361 508
361 510
361 511
361 518
361 521
361 522
361 525
361 530
361 531
361 538
361 542
361 544
361 545
361 547
361 548
361 552
361 555
361 560
361 566
361 571
361 574
361 579
361 580
361 584
361 588
361 589
361 590
361 597
361 601
361 608
361 611
361 616
361 617
361 621
361 622
361 626
361 627
361 628
361 633
361 639
361 643
361 646
361 648
361 649
361 651
361 652
361 653
361 654
361 656
361 665
361 667
361 676
361 677
361 679
361 682
361 683
361 687
361 691
361 692
361 693
361 694
361 695
361 700
361 708
361 712
361 715
361 717
361 718
361 723
361 728
361 730
361 732
361 739
361 740
361 741
361 744
361 745
361 746
361 747
361 751
361 753
361 759
361 762
361 763
361 765
361 770
361 772
361 775
361 780
361 785
361 787
361 794
361 796
361 798
361 800
362 403
362 405
362 410
362 411
362 412
362 414
362 416
362 420
362 430
362 434
362 436
362 437
362 439
362 444
362 447
362 448
362 450
362 451
362 452
362 453
362 454
362 455
362 460
362 465
362 470
362 478
362 479
362 481
362 484
362 485
362 496
362 501
362 504
362 506
362 509
362 521
362 523
362 529
362 531
362 539
362 540
362 543
362 546
362 548
362 550
362 551
362 553
362 557
362 558
362 560
362 561
362 573
362 577
362 578
362 584
362 586
362 587
362 588
362 591
362 593
362 599
362 603
362 606
362 615
362 626
362 628
362 631
362 633
362 634
362 635
362 638
362 646
362 654
362 660
362 664
362 684
362 692
362 696
362 698
362 699
362 702
362 705
362 709
362 720
362 722
362 727
362 728
362 729
362 733
362 743
362 747
362 752
362 753
362 756
362 758
362 759
362 766
362 771
362 772
362 780
362 782
362 785
362 787
362 788
362 790
362 799
363 407
363 417
363 418
363 419
363 420
363 421
363 425
363 428
363 429
363 430
363 433
363 435
363 447
363 449
363 450
363 452
363 453
363 457
363 461
363 469
363 474
363 477
363 479
363 482
363 484
363 490
363 497
363 500
363 504
363 506
363 507
363 509
363 510
363 517
363 534
363 537
363 540
363 541
363 543
363 545
363 550
363 553
363 555
363 558
363 559
363 563
363 575
363 580
363 581
363 582
363 585
363 591
363 604
363 609
363 612
363 617
363 618
363 624
363 625
363 626
363 628
363 630
363 638
363 649
363 650
363 652
363 654
363 657
363 658
363 663
363 673
363 682
363 685
363 686
363 688
363 695
363 696
363 701
363 704
363 707
363 713
363 715
363 717
363 719
363 722
363 723
363 732
363 736
363 739
363 746
363 749
363 751
363 752
363 756
363 758
363 759
363 761
363 763
363 765
363 766
363 767
363 769
363 770
363 774
363 792
364 402
364 403
364 405
364 408
364 409
364 412
364 413
364 418
364 419
364 420
364 422
364 424
364 428
364 431
364 433
364 445
364 447
364 448
364 449
364 458
364 466
364 468
364 470
364 471
364 472
364 477
364 479
364 489
364 490
364 495
364 497
364 499
364 501
364 502
364 506
364 513
364 519
364 523
364 527
364 528
364 529
364 534
364 535
364 536
364 537
364 543
364 550
364 551
364 557
364 560
364 568
364 571
364 572
364 577
364 582
364 584
364 585
364 586
364 588
364 592
364 593
364 600
364 602
364 606
364 607
364 608
364 609
364 612
364 619
364 627
364 628
364 632
364 639
364 642
364 644
364 655
364 658
364 661
364 672
364 673
364 674
364 675
364 681
364 682
364 684
364 685
364 687
364 689
364 690
364 696
364 700
364 704
364 705
364 716
364 717
364 719
364 721
364 724
364 726
364 729
364 739
364 741
364 743
364 752
364 758
364 760
364 763
364 764
364 767
364 770
364 773
364 777
364 780
364 782
364 783
364 784
364 785
364 792
364 798
365 401
365 402
365 407
365 408
365 410
365 413
365 415
365 417
365 420
365 422
365 425
365 431
365 433
365 438
365 439
365 441
365 445
365 451
365 452
365 455
365 456
365 460
365 464
365 470
365 472
365 478
365 482
365 486
365 488
365 490
365 499
365 500
365 501
365 502
365 513
365 517
365 531
365 532
365 533
365 540
365 547
365 551
365 555
365 559
365 567
365 571
365 576
365 578
365 583
365 584
365 599
365 607
365 617
365 623
365 625
365 632
365 638
365 639
365 641
365 644
365 649
365 652
365 653
365 655
365 656
365 657
365 665
365 669
365 675
365 676
365 681
365 685
365 686
365 687
365 691
365 693
365 694
365 695
365 701
365 704
365 706
365 708
365 713
365 714
365 717
365 718
365 728
365 730
365 733
365 734
365 735
365 737
365 740
365 743
365 751
365 758
365 760
365 763
365 766
365 768
365 770
365 771
365 775
365 777
365 778
365 781
365 783
365 784
365 787
365 791
365 792
365 793
365 794
365 796
365 797
365 798
365 800
366 402
366 405
366 410
366 413
366 414
366 416
366 425
366 427
366 433
366 434
366 439
366 441
366 445
366 446
366 448
366 450
366 451
366 460
366 465
366 467
366 469
366 471
366 473
366 485
366 497
366 501
366 509
366 514
366 525
366 527
366 530
366 535
366 536
366 538
366 542
366 543
366 545
366 547
366 555
366 557
366 559
366 560
366 562
366 565
366 575
366 577
366 581
366 582
366 583
366 586
366 587
366 593
366 594
366 596
366 597
366 599
366 600
366 609
366 613
366 615
366 618
366 628
366 630
366 633
366 640
366 641
366 644
366 645
366 647
366 651
366 652
366 653
366 654
366 664
366 665
366 666
366 670
366 673
366 676
366 678
366 680
366 684
366 687
366 688
366 690
366 691
366 693
366 702
366 706
366 712
366 717
366 718
366 720
366 725
366 728
366 732
366 733
366 740
366 741
366 747
366 749
366 758
366 759
366 763
366 769
366 771
366 772
366 775
366 776
366 779
366 781
366 782
366 783
366 786
366 788
366 794
367 401
367 402
367 416
367 420
367 424
367 425
367 433
367 434
367 435
367 436
367 439
367 441
367 447
367 449
367 456
367 461
367 463
367 464
367 466
367 482
367 484
367 487
367 488
367 489
367 494
367 496
367 497
367 499
367 504
367 507
367 508
367 513
367 516
367 517
367 518
367 520
367 521
367 522
367 531
367 533
367 538
367 543
367 545
367 549
367 550
367 551
367 556
367 559
367 560
367 562
367 563
367 571
367 573
367 577
367 579
367 580
367 583
367 585
367 588
367 589
367 590
367 592
367 595
367 596
367 605
367 609
367 610
367 616
367 619
367 622
367 623
367 625
367 630
367 632
367 634
367 637
367 641
367 642
367 643
367 644
367 648
367 649
367 651
367 653
367 655
367 659
367 660
367 662
367 666
367 669
367 673
367 674
367 676
367 684
367 688
367 696
367 697
367 704
367 710
367 711
367 713
367 717
367 719
367 720
367 732
367 733
367 735
367 737
367 739
367 746
367 748
367 751
367 752
367 753
367 758
367 759
367 760
367 761
367 768
367 770
367 776
367 779
367 780
367 786
367 787
367 788
367 790
367 791
367 793
367 796
367 797
367 798
368 410
368 412
368 416
368 421
368 424
368 426
368 428
368 429
368 432
368 434
368 435
368 437
368 438
368 440
368 453
368 460
368 463
368 465
368 466
368 469
368 470
368 474
368 475
368 481
368 487
368 488
368 489
368 490
368 491
368 495
368 499
368 502
368 504
368 505
368 510
368 511
368 512
368 513
368 514
368 517
368 520
368 522
368 525
368 527
368 531
368 539
368 541
368 542
368 544
368 545
368 547
368 551
368 553
368 556
368 557
368 560
368 564
368 569
368 572
368 574
368 576
368 578
368 579
368 592
368 594
368 595
368 598
368 601
368 607
368 608
368 611
368 612
368 613
368 616
368 618
368 626
368 631
368 633
368 637
368 641
368 648
368 649
368 650
368 652
368 655
368 663
368 664
368 677
368 678
368 680
368 681
368 693
368 697
368 703
368 704
368 706
368 707
368 714
368 715
368 718
368 722
368 723
368 724
368 726
368 729
368 730
368 731
368 732
368 734
368 742
368 743
368 747
368 748
368 751
368 763
368 768
368 771
368 773
368 778
368 779
368 782
368 784
368 786
368 791
368 792
368 794
368 798
369 408
369 410
369 411
369 413
369 415
369 420
369 430
369 432
369 434
369 436
369 444
369 447
369 452
369 453
369 458
369 460
369 461
369 464
369 467
369 468
369 474
369 477
369 481
369 486
369 490
369 491
369 495
369 498
369 499
369 500
369 503
369 505
369 513
369 514
369 515
369 516
369 517
369 524
369 525
369 530
369 535
369 545
369 552
369 553
369 560
369 564
369 567
369 568
369 569
369 572
369 573
369 575
369 578
369 580
369 582
369 583
369 585
369 587
369 596
369 597
369 598
369 600
369 604
369 605
369 609
369 610
369 611
369 612
369 616
369 619
369 625
369 635
369 636
369 658
369 663
369 665
369 666
369 671
369 673
369 677
369 680
369 688
369 692
369 699
369 703
369 704
369 707
369 708
369 709
369 710
369 714
369 716
369 717
369 718
369 720
369 724
369 726
369 731
369 736
369 737
369 738
369 739
369 740
369 742
369 743
369 744
369 745
369 748
369 749
369 752
369 756
369 760
369 764
369 768
369 769
369 771
369 775
369 779
369 780
369 784
369 785
369 791
369 792
369 795
369 796
369 797
369 798
370 401
370 409
370 410
370 411
370 413
370 414
370 415
370 416
370 417
370 419
370 422
370 425
370 427
370 429
370 443
370 447
370 452
370 453
370 455
370 458
370 459
370 464
370 471
370 473
370 474
370 479
370 487
370 491
370 495
370 496
370 502
370 516
370 523
370 524
370 527
370 528
370 530
370 532
370 534
370 538
370 539
370 540
370 542
370 547
370 550
370 554
370 557
370 561
370 566
370 567
370 571
370 576
370 577
370 581
370 587
370 588
370 592
370 596
370 600
370 606
370 622
370 624
370 627
370 628
370 629
370 630
370 634
370 640
370 646
370 648
370 650
370 651
370 652
370 658
370 659
370 660
370 669
370 672
370 673
370 675
370 677
370 683
370 684
370 685
370 686
370 692
370 693
370 696
370 701
370 705
370 711
370 714
370 717
370 720
370 723
370 726
370 730
370 733
370 736
370 737
370 738
370 743
370 745
370 750
370 752
370 758
370 760
370 761
370 763
370 765
370 768
370 771
370 785
370 788
370 790
370 792
370 793
370 797
370 799
371 401
371 402
371 403
371 406
371 407
371 421
371 424
371 425
371 428
371 430
371 437
371 441
371 446
371 455
371 457
371 460
371 463
371 464
371 472
371 474
371 477
371 479
371 481
371 482
371 489
371 494
371 498
371 499
371 511
371 514
371 517
371 518
371 520
371 525
371 527
371 530
371 532
371 535
371 537
371 539
371 541
371 542
371 543
371 545
371 546
371 548
371 549
371 552
371 554
371 557
371 559
371 562
371 563
371 569
371 571
371 582
371 585
371 591
371 603
371 608
371 616
371 617
371 620
371 622
371 625
371 626
371 640
371 643
371 644
371 645
371 648
371 650
371 651
371 654
371 657
371 658
371 661
371 663
371 669
371 672
371 673
371 674
371 678
371 681
371 682
371 686
371 687
371 691
371 693
371 696
371 699
371 700
371 702
371 705
371 712
371 716
371 718
371 725
371 727
371 728
371 739
371 740
371 741
371 743
371 744
371 746
371 747
371 748
371 749
371 750
371 751
371 755
371 758
371 759
371 766
371 768
371 774
371 779
371 782
371 788
371 789
371 797
372 404
372 409
372 413
372 417
372 419
372 424
372 425
372 429
372 430
372 433
372 436
372 442
372 443
372 447
372 455
372 459
372 464
372 477
372 478
372 479
372 481
372 484
372 490
372 495
372 500
372 502
372 504
372 509
372 510
372 515
372 519
372 531
372 533
372 538
372 539
372 540
372 541
372 542
372 547
372 549
372 562
372 566
372 568
372 571
372 574
372 578
372 579
372 580
372 581
372 584
372 589
372 592
372 602
372 610
372 613
372 619
372 622
372 625
372 635
372 636
372 637
372 642
372 646
372 648
372 649
372 654
372 660
372 661
372 663
372 665
372 666
372 673
372 675
372 687
372 689
372 700
372 703
372 707
372 718
372 725
372 726
372 727
372 728
372 732
372 733
372 734
372 735
372 737
372 738
372 747
372 750
372 752
372 754
372 755
372 758
372 763
372 768
372 770
372 773
372 776
372 778
372 780
372 781
372 787
372 789
372 790
372 798
372 800
373 403
373 404
373 405
373 406
373 407
373 408
373 409
373 410
373 414
373 415
373 422
373 429
373 432
373 434
373 436
373 439
373 440
373 443
373 448
373 449
373 451
373 456
373 460
373 463
373 464
373 469
373 472
373 481
373 482
373 483
373 486
373 492
373 495
373 499
373 500
373 504
373 508
373 511
373 515
373 519
373 520
373 521
373 523
373 527
373 530
373 536
373 539
373 542
373 546
373 549
373 554
373 555
373 556
373 566
373 567
373 569
373 570
373 571
373 573
373 574
373 585
373 591
373 594
373 596
373 598
373 599
373 607
373 615
373 617
373 621
373 625
373 627
373 639
373 640
373 651
373 654
373 655
373 656
373 663
373 667
373 669
373 683
373 685
373 686
373 688
373 689
373 694
373 695
373 696
373 701
373 704
373 705
373 706
373 707
373 708
373 711
373 719
373 720
373 730
373 732
373 736
373 737
373 738
373 744
373 747
373 755
373 757
373 758
373 761
373 764
373 765
373 770
373 771
373 772
373 775
373 777
373 784
373 789
373 790
373 792
373 795
373 797
373 798
373 799
374 401
374 410
374 413
374 415
374 419
374 424
374 430
374 432
374 434
374 436
374 437
374 439
374 444
374 448
374 458
374 464
374 465
374 466
374 467
374 472
374 483
374 486
374 489
374 491
374 492
374 494
374 500
374 502
374 504
374 512
374 514
374 516
374 518
374 523
374 530
374 531
374 532
374 533
374 535
374 538
374 540
374 542
374 545
374 552
374 553
374 555
374 556
374 558
374 564
374 565
374 569
374 574
374 576
374 585
374 589
374 596
374 598
374 609
374 619
374 633
374 634
374 635
374 638
374 640
374 645
374 646
374 648
374 649
374 650
374 655
374 662
374 663
374 676
374 682
374 683
374 686
374 688
374 689
374 691
374 695
374 696
374 697
374 701
374 703
374 706
374 712
374 718
374 719
374 722
374 726
374 728
374 732
374 733
374 741
374 749
374 755
374 770
374 773
374 778
374 780
374 786
374 792
374 793
374 794
374 800
375 402
375 403
375 404
375 406
375 407
375 410
375 411
375 414
375 416
375 417
375 427
375 429
375 433
375 438
375 445
375 446
375 452
375 453
375 454
375 455
375 457
375 459
375 462
375 464
375 466
375 468
375 469
375 473
375 482
375 485
375 486
375 488
375 489
375 494
375 496
375 498
375 501
375 502
375 507
375 511
375 512
375 519
375 521
375 523
375 526
375 528
375 531
375 534
375 537
375 541
375 544
375 545
375 547
375 551
375 557
375 566
375 568
375 569
375 573
375 580
375 582
375 583
375 584
375 588
375 590
375 592
375 595
375 601
375 603
375 605
375 610
375 613
375 614
375 619
375 620
375 622
375 623
375 627
375 632
375 638
375 643
375 644
375 646
375 650
375 651
375 656
375 660
375 661
375 666
375 673
375 680
375 683
375 686
375 693
375 695
375 700
375 701
375 723
375 724
375 726
375 727
375 728
375 731
375 732
375 737
375 738
375 740
375 741
375 743
375 744
375 751
375 753
375 757
375 759
375 760
375 766
375 767
375 771
375 774
375 776
375 777
375 780
375 786
375 789
375 793
375 794
375 795
375 796
375 797
375 799
376 403
376 405
376 407
376 409
376 410
376 419
376 422
376 423
376 427
376 431
376 437
376 438
376 439
376 440
376 444
376 445
376 455
376 459
376 463
376 464
376 466
376 467
376 469
376 471
376 472
376 476
376 483
376 485
376 486
376 489
376 490
376 496
376 509
376 511
376 523
376 528
376 533
376 535
376 536
376 539
376 541
376 549
376 554
376 555
376 563
376 567
376 569
376 570
376 573
376 585
376 589
376 591
376 592
376 593
376 598
376 600
376 601
376 602
376 603
376 606
376 607
376 609
376 616
376 620
376 630
376 632
376 635
376 641
376 643
376 644
376 646
376 648
376 649
376 651
376 654
376 659
376 663
376 666
376 667
376 673
376 676
376 681
376 685
376 686
376 688
376 690
376 691
376 692
376 693
376 699
376 703
376 710
376 714
376 719
376 720
376 726
376 730
376 731
376 732
376 735
376 738
376 744
376 746
376 749
376 751
376 755
376 757
376 758
376 761
376 767
376 768
376 776
376 780
376 785
376 788
376 789
376 790
377 402
377 404
377 407
377 408
377 409
377 410
377 414
377 415
377 416
377 418
377 422
377 423
377 425
377 427
377 428
377 429
377 431
377 432
377 433
377 439
377 442
377 444
377 451
377 453
377 455
377 456
377 460
377 463
377 466
377 476
377 479
377 481
377 486
377 496
377 501
377 502
377 503
377 507
377 512
377 518
377 519
377 523
377 525
377 527
377 528
377 530
377 533
377 549
377 553
377 554
377 558
377 559
377 566
377 571
377 574
377 575
377 576
377 578
377 582
377 583
377 585
377 590
377 594
377 597
377 600
377 603
377 604
377 606
377 607
377 611
377 612
377 618
377 619
377 622
377 625
377 633
377 634
377 635
377 639
377 640
377 650
377 656
377 657
377 658
377 660
377 662
377 667
377 673
377 674
377 680
377 681
377 684
377 693
377 694
377 697
377 698
377 702
377 705
377 712
377 714
377 715
377 717
377 718
377 721
377 726
377 731
377 733
377 738
377 743
377 746
377 751
377 752
377 754
377 756
377 758
377 760
377 762
377 765
377 766
377 767
377 769
377 772
377 773
377 777
377 782
377 783
377 791
377 793
377 795
377 797
377 799
378 403
378 405
378 407
378 408
378 409
378 416
378 417
378 419
378 424
378 425
378 431
378 434
378 438
378 440
378 441
378 442
378 444
378 445
378 447
378 449
378 453
378 456
378 463
378 466
378 468
378 469
378 471
378 481
378 482
378 485
378 489
378 496
378 499
378 501
378 505
378 506
378 509
378 513
378 514
378 515
378 519
378 520
378 521
378 525
378 528
378 530
378 531
378 534
378 537
378 540
378 545
378 554
378 561
378 562
378 563
378 564
378 567
378 572
378 573
378 583
378 596
378 598
378 599
378 600
378 601
378 604
378 605
378 608
378 609
378 615
378 617
378 621
378 622
378 625
378 627
378 632
378 638
378 642
378 643
378 645
378 652
378 654
378 657
378 661
378 666
378 668
378 674
378 675
378 679
378 681
378 685
378 686
378 702
378 704
378 711
378 712
378 717
378 720
378 722
378 724
378 726
378 729
378 731
378 734
378 735
378 736
378 738
378 740
378 742
378 743
378 751
378 754
378 757
378 761
378 764
378 772
378 773
378 774
378 780
378 782
378 790
378 799
378 800
379 401
379 402
379 404
379 407
379 415
379 416
379 417
379 418
379 420
379 421
379 423
379 429
379 433
379 435
379 437
379 439
379 440
379 443
379 444
379 446
379 451
379 452
379 458
379 462
379 470
379 471
379 472
379 475
379 477
379 479
379 482
379 485
379 487
379 493
379 494
379 511
379 520
379 521
379 526
379 527
379 533
379 534
379 537
379 538
379 540
379 542
379 548
379 563
379 565
379 566
379 573
379 574
379 577
379 581
379 582
379 585
379 588
379 594
379 601
379 603
379 608
379 609
379 611
379 616
379 620
379 627
379 631
379 632
379 633
379 641
379 642
379 643
379 650
379 657
379 658
379 659
379 661
379 662
379 666
379 668
379 673
379 677
379 681
379 687
379 689
379 692
379 693
379 694
379 695
379 696
379 700
379 702
379 703
379 704
379 706
379 707
379 716
379 717
379 720
379 721
379 727
379 731
379 735
379 736
379 738
379 740
379 742
379 743
379 744
379 746
379 747
379 748
379 749
379 750
379 753
379 756
379 761
379 766
379 771
379 772
379 777
379 778
379 780
379 788
379 791
379 793
379 794
379 799
380 409
380 412
380 415
380 417
380 419
380 420
380 422
380 424
380 425
380 426
380 427
380 428
380 448
380 454
380 455
380 457
380 463
380 464
380 474
380 478
380 479
380 480
380 481
380 482
380 485
380 494
380 496
380 497
380 503
380 509
380 514
380 515
380 519
380 520
380 523
380 526
380 527
380 547
380 548
380 549
380 551
380 553
380 556
380 562
380 563
380 567
380 568
380 569
380 570
380 572
380 573
380 574
380 581
380 582
380 585
380 587
380 590
380 595
380 598
380 599
380 600
380 604
380 605
380 606
380 609
380 611
380 614
380 615
380 617
380 619
380 620
380 626
380 627
380 628
380 629
380 631
380 637
380 638
380 639
380 641
380 643
380 646
380 648
380 654
380 655
380 660
380 661
380 662
380 669
380 670
380 674
380 675
380 677
380 678
380 679
380 682
380 686
380 689
380 690
380 692
380 694
380 695
380 696
380 698
380 702
380 704
380 705
380 710
380 713
380 714
380 715
380 718
380 727
380 729
380 743
380 744
380 746
380 749
380 751
380 753
380 754
380 755
380 763
380 764
380 768
380 771
380 774
380 778
380 779
380 782
380 783
380 787
380 788
380 790
380 791
380 793
380 797
380 798
380 800
381 401
381 402
381 404
381 410
381 423
381 424
381 426
381 428
381 429
381 431
381 433
381 436
381 441
381 446
381 448
381 450
381 451
381 454
381 456
381 468
381 469
381 470
381 471
381 475
381 477
381 485
381 489
381 490
381 491
381 493
381 498
381 503
381 512
381 514
381 515
381 523
381 526
381 529
381 531
381 533
381 540
381 541
381 543
381 546
381 548
381 559
381 561
381 568
381 569
381 573
381 574
381 576
381 577
381 579
381 582
381 586
381 590
381 593
381 597
381 598
381 601
381 602
381 605
381 607
381 608
381 609
381 613
381 614
381 619
381 620
381 630
381 633
381 635
381 646
381 649
381 650
381 652
381 655
381 656
381 660
381 661
381 664
381 669
381 671
381 672
381 673
381 677
381 679
381 680
381 683
381 686
381 689
381 691
381 694
381 695
381 698
381 700
381 701
381 702
381 704
381 711
381 719
381 723
381 727
381 730
381 735
381 737
381 740
381 743
381 746
381 749
381 751
381 753
381 757
381 758
381 760
381 762
381 765
381 766
381 768
381 770
381 776
381 783
381 785
381 788
381 792
381 793
381 795
381 796
381 797
381 798
381 800
382 401
382 412
382 417
382 418
382 419
382 426
382 428
382 430
382 431
382 433
382 444
382 446
382 447
382 448
382 449
382 451
382 454
382 460
382 461
382 462
382 465
382 468
382 472
382 477
382 479
382 481
382 483
382 485
382 489
382 490
382 491
382 492
382 497
382 500
382 504
382 506
382 507
382 509
382 510
382 512
382 513
382 522
382 526
382 529
382 538
382 545
382 546
382 550
382 557
382 558
382 559
382 563
382 576
382 587
382 589
382 594
382 599
382 601
382 602
382 604
382 605
382 606
382 607
382 609
382 610
382 611
382 614
382 616
382 624
382 625
382 628
382 632
382 637
382 639
382 642
382 643
382 644
382 645
382 649
382 671
382 672
382 676
382 677
382 684
382 685
382 686
382 692
382 693
382 694
382 697
382 699
382 706
382 711
382 712
382 714
382 715
382 716
382 717
382 719
382 722
382 727
382 728
382 729
382 732
382 733
382 736
382 742
382 748
382 754
382 757
382 758
382 759
382 763
382 768
382 771
382 772
382 773
382 776
382 778
382 794
382 796
382 797
383 401
383 410
383 416
383 418
383 420
383 421
383 427
383 430
383 438
383 439
383 440
383 443
383 446
383 453
383 456
383 458
383 461
383 463
383 464
383 465
383 467
383 469
383 477
383 479
383 486
383 491
383 492
383 494
383 499
383 500
383 511
383 516
383 518
383 519
383 520
383 521
383 527
383 528
383 530
383 532
383 534
383 539
383 540
383 555
383 556
383 560
383 565
383 574
383 576
383 582
383 586
383 588
383 593
383 605
383 609
383 617
383 618
383 621
383 625
383 627
383 632
383 637
383 640
383 643
383 651
383 658
383 660
383 664
383 666
383 668
383 669
383 670
383 673
383 675
383 682
383 685
383 696
383 698
383 699
383 701
383 702
383 710
383 711
383 712
383 715
383 718
383 729
383 732
383 733
383 735
383 738
383 740
383 743
383 745
383 747
383 749
383 750
383 754
383 756
383 758
383 762
383 766
383 768
383 771
383 777
383 779
383 790
383 791
383 797
384 405
384 407
384 419
384 437
384 442
384 443
384 445
384 457
384 458
384 462
384 464
384 465
384 467
384 469
384 472
384 476
384 480
384 489
384 492
384 495
384 498
384 503
384 506
384 514
384 522
384 525
384 527
384 534
384 537
384 543
384 545
384 547
384 557
384 559
384 560
384 562
384 567
384 570
384 573
384 576
384 580
384 581
384 588
384 589
384 590
384 599
384 601
384 607
384 610
384 611
384 614
384 616
384 617
384 618
384 621
384 622
384 624
384 625
384 626
384 629
384 635
384 636
384 639
384 643
384 649
384 650
384 654
384 657
384 661
384 666
384 668
384 669
384 670
384 671
384 675
384 676
384 679
384 682
384 685
384 688
384 695
384 696
384 697
384 699
384 700
384 714
384 717
384 725
384 726
384 728
384 733
384 734
384 736
384 737
384 748
384 750
384 764
384 772
384 776
384 777
384 779
384 782
384 783
384 788
384 793
384 794
384 798
384 799
385 401
385 405
385 408
385 410
385 411
385 412
385 415
385 417
385 420
385 421
385 422
385 426
385 429
385 435
385 436
385 441
385 443
385 444
385 451
385 453
385 458
385 459
385 460
385 464
385 466
385 467
385 469
385 471
385 482
385 487
385 492
385 496
385 497
385 505
385 506
385 508
385 509
385 513
385 515
385 517
385 519
385 520
385 523
385 524
385 525
385 526
385 536
385 542
385 548
385 549
385 557
385 561
385 562
385 563
385 566
385 567
385 570
385 572
385 576
385 582
385 584
385 588
385 590
385 594
385 597
385 598
385 603
385 609
385 612
385 616
385 619
385 620
385 622
385 626
385 627
385 628
385 632
385 633
385 634
385 637
385 639
385 640
385 641
385 646
385 648
385 650
385 651
385 652
385 653
385 655
385 661
385 664
385 672
385 673
385 674
385 676
385 678
385 679
385 681
385 684
385 688
385 690
385 691
385 692
385 694
385 695
385 699
385 701
385 703
385 704
385 706
385 707
385 709
385 710
385 712
385 717
385 722
385 723
385 730
385 731
385 755
385 759
385 761
385 765
385 774
385 775
385 788
386 401
386 402
386 409
386 412
386 421
386 430
386 432
386 434
386 435
386 438
386 444
386 446
386 453
386 456
386 458
386 464
386 470
386 471
386 474
386 476
386 478
386 479
386 481
386 482
386 483
386 485
386 487
386 493
386 496
386 497
386 501
386 506
386 507
386 509
386 511
386 516
386 522
386 523
386 525
386 530
386 531
386 536
386 537
386 539
386 548
386 551
386 553
386 554
386 555
386 557
386 570
386 571
386 573
386 576
386 580
386 581
386 582
386 583
386 595
386 597
386 601
386 604
386 605
386 606
386 618
386 620
386 622
386 625
386 626
386 630
386 633
386 642
386 648
386 650
386 651
386 655
386 662
386 664
386 668
386 669
386 675
386 677
386 679
386 680
386 686
386 687
386 688
386 691
386 692
386 695
386 698
386 699
386 704
386 708
386 713
386 715
386 718
386 719
386 723
386 724
386 726
386 728
386 735
386 741
386 751
386 755
386 762
386 768
386 769
386 776
386 780
386 781
386 784
386 787
386 788
386 795
386 798
386 800
387 402
387 408
387 409
387 410
387 414
387 415
387 416
387 417
387 420
387 421
387 422
387 423
387 428
387 429
387 431
387 435
387 436
387 446
387 457
387 458
387 459
387 461
387 466
387 472
387 473
387 475
387 476
387 479
387 482
387 483
387 486
387 491
387 492
387 495
387 496
387 501
387 508
387 510
387 512
387 514
387 517
387 518
387 520
387 523
387 527
387 533
387 534
387 537
387 539
387 540
387 542
387 544
387 547
387 554
387 558
387 563
387 572
387 573
387 576
387 580
387 581
387 583
387 585
387 587
387 590
387 594
387 595
387 598
387 605
387 607
387 608
387 612
387 613
387 615
387 616
387 623
387 625
387 628
387 632
387 635
387 637
387 641
387 645
387 647
387 652
387 657
387 663
387 667
387 672
387 682
387 691
387 692
387 697
387 701
387 702
387 705
387 716
387 722
387 734
387 735
387 736
387 737
387 744
387 754
387 758
387 761
387 762
387 763
387 764
387 765
387 768
387 774
387 783
387 789
387 798
387 800
388 401
388 403
388 407
388 408
388 410
388 411
388 414
388 415
388 416
388 417
388 419
388 421
388 425
388 429
388 430
388 432
388 433
388 438
388 440
388 441
388 444
388 445
388 447
388 450
388 452
388 454
388 458
388 461
388 465
388 475
388 478
388 479
388 480
388 482
388 488
388 490
388 491
388 492
388 496
388 497
388 498
388 499
388 505
388 507
388 510
388 512
388 514
388 516
388 519
388 520
388 521
388 523
388 524
388 525
388 532
388 539
388 541
388 542
388 545
388 546
388 548
388 558
388 562
388 566
388 570
388 571
388 572
388 574
388 583
388 584
388 592
388 597
388 600
388 609
388 612
388 614
388 618
388 620
388 621
388 623
388 625
388 629
388 630
388 637
388 639
388 641
388 643
388 644
388 645
388 646
388 649
388 650
388 652
388 662
388 675
388 676
388 677
388 680
388 681
388 686
388 687
388 690
388 691
388 693
388 695
388 697
388 699
388 716
388 717
388 721
388 723
388 724
388 726
388 729
388 731
388 733
388 734
388 737
388 742
388 744
388 745
388 747
388 748
388 749
388 750
388 754
388 758
388 762
388 772
388 781
388 787
388 789
388 796
388 797
388 800
389 402
389 403
389 407
389 408
389 412
389 415
389 416
389 431
389 432
389 436
389 438
389 440
389 448
389 450
389 454
389 461
389 462
389 476
389 480
389 484
389 486
389 487
389 490
389 491
389 493
389 500
389 504
389 507
389 508
389 513
389 515
389 519
389 521
389 523
389 525
389 528
389 533
389 535
389 542
389 543
389 544
389 545
389 547
389 550
389 552
389 553
389 560
389 562
389 567
389 569
389 575
389 579
389 580
389 585
389 588
389 589
389 596
389 602
389 604
389 608
389 610
389 611
389 612
389 614
389 618
389 620
389 622
389 623
389 629
389 635
389 636
389 637
389 643
389 654
389 659
389 660
389 661
389 666
389 667
389 670
389 671
389 676
389 677
389 681
389 683
389 684
389 688
389 694
389 696
389 697
389 699
389 702
389 706
389 710
389 713
389 716
389 719
389 720
389 727
389 731
389 734
389 735
389 736
389 737
389 738
389 739
389 741
389 742
389 743
389 744
389 745
389 749
389 750
389 755
389 756
389 757
389 759
389 763
389 766
389 768
389 769
389 771
389 775
389 780
389 782
389 794
390 403
390 406
390 411
390 412
390 415
390 416
390 417
390 420
390 422
390 425
390 427
390 428
390 429
390 441
390 445
390 448
390 449
390 450
390 451
390 452
390 456
390 459
390 460
390 461
390 462
390 466
390 475
390 476
390 477
390 483
390 494
390 501
390 509
390 513
390 514
390 515
390 520
390 521
390 522
390 529
390 531
390 532
390 548
390 550
390 553
390 556
390 558
390 560
390 564
390 565
390 568
390 570
390 571
390 588
390 589
390 591
390 593
390 595
390 601
390 604
390 606
390 607
390 609
390 612
390 613
390 623
390 624
390 625
390 639
390 640
390 642
390 644
390 646
390 648
390 649
390 650
390 652
390 660
390 663
390 664
390 665
390 668
390 676
390 679
390 680
390 681
390 687
390 689
390 690
390 693
390 698
390 699
390 704
390 705
390 706
390 708
390 711
390 718
390 719
390 725
390 728
390 729
390 730
390 731
390 733
390 737
390 739
390 741
390 742
390 747
390 751
390 752
390 756
390 769
390 774
390 776
390 777
390 780
390 781
390 788
390 791
390 795
390 798
391 401
391 402
391 404
391 405
391 408
391 409
391 412
391 413
391 415
391 423
391 433
391 434
391 435
391 438
391 439
391 440
391 441
391 444
391 445
391 450
391 457
391 459
391 465
391 468
391 469
391 470
391 471
391 472
391 477
391 484
391 491
391 495
391 499
391 502
391 506
391 507
391 508
391 510
391 516
391 518
391 519
391 523
391 525
391 529
391 534
391 536
391 541
391 543
391 544
391 545
391 549
391 551
391 555
391 561
391 562
391 566
391 568
391 570
391 571
391 574
391 580
391 586
391 591
391 593
391 594
391 600
391 601
391 602
391 608
391 609
391 615
391 617
391 620
391 622
391 633
391 635
391 636
391 638
391 639
391 640
391 642
391 647
391 650
391 653
391 655
391 661
391 664
391 665
391 668
391 675
391 676
391 680
391 688
391 695
391 696
391 697
391 698
391 702
391 704
391 705
391 706
391 718
391 722
391 723
391 728
391 732
391 733
391 739
391 741
391 742
391 750
391 753
391 755
391 758
391 760
391 770
391 778
391 783
391 784
391 792
392 407
392 412
392 413
392 415
392 418
392 426
392 428
392 435
392 444
392 456
392 459
392 461
392 462
392 463
392 465
392 467
392 478
392 481
392 489
392 497
392 498
392 500
392 502
392 504
392 505
392 515
392 518
392 520
392 521
392 523
392 526
392 528
392 533
392 537
392 539
392 542
392 543
392 544
392 546
392 548
392 557
392 559
392 566
392 567
392 570
392 573
392 578
392 579
392 582
392 586
392 588
392 589
392 591
392 593
392 596
392 600
392 601
392 602
392 611
392 613
392 616
392 621
392 623
392 627
392 629
392 634
392 637
392 639
392 640
392 641
392 643
392 646
392 651
392 655
392 656
392 660
392 661
392 675
392 682
392 684
392 687
392 692
392 693
392 694
392 697
392 701
392 703
392 704
392 706
392 710
392 714
392 715
392 717
392 726
392 727
392 730
392 740
392 744
392 745
392 746
392 750
392 754
392 758
392 759
392 762
392 764
392 765
392 766
392 779
392 781
392 785
392 788
392 790
392 791
392 792
392 795
392 797
392 799
393 403
393 404
393 408
393 409
393 410
393 413
393 415
393 416
393 420
393 421
393 424
393 425
393 430
393 432
393 433
393 435
393 441
393 445
393 448
393 457
393 459
393 460
393 466
393 469
393 477
393 478
393 479
393 481
393 484
393 486
393 495
393 496
393 498
393 499
393 500
393 501
393 502
393 503
393 504
393 507
393 511
393 515
393 517
393 519
393 526
393 528
393 529
393 531
393 532
393 533
393 534
393 535
393 541
393 543
393 545
393 546
393 551
393 558
393 578
393 583
393 585
393 592
393 593
393 597
393 602
393 606
393 607
393 610
393 612
393 620
393 621
393 625
393 629
393 635
393 643
393 646
393 647
393 648
393 654
393 665
393 666
393 668
393 670
393 672
393 676
393 677
393 679
393 684
393 685
393 695
393 699
393 703
393 704
393 705
393 711
393 718
393 720
393 722
393 725
393 734
393 736
393 738
393 741
393 744
393 747
393 748
393 754
393 759
393 760
393 766
393 773
393 788
393 789
393 791
393 793
393 798
394 404
394 409
394 411
394 418
394 423
394 425
394 427
394 428
394 434
394 435
394 437
394 439
394 442
394 443
394 445
394 446
394 447
394 452
394 455
394 461
394 468
394 469
394 474
394 475
394 477
394 478
394 480
394 481
394 484
394 485
394 488
394 493
394 496
394 497
394 502
394 505
394 506
394 508
394 511
394 524
394 529
394 531
394 536
394 538
394 539
394 540
394 542
394 544
394 549
394 551
394 552
394 553
394 554
394 556
394 559
394 562
394 566
394 567
394 570
394 572
394 573
394 578
394 581
394 584
394 591
394 592
394 593
394 596
394 598
394 599
394 600
394 602
394 607
394 609
394 610
394 613
394 616
394 622
394 625
394 626
394 627
394 630
394 637
394 638
394 639
394 645
394 646
394 649
394 653
394 654
394 655
394 664
394 676
394 681
394 686
394 687
394 688
394 689
394 695
394 696
394 699
394 706
394 707
394 708
394 709
394 712
394 714
394 719
394 721
394 723
394 725
394 732
394 733
394 738
394 743
394 746
394 747
394 760
394 765
394 768
394 775
394 777
394 781
394 782
394 783
394 784
394 786
394 789
394 793
394 800
395 405
395 413
395 414
395 416
395 417
395 418
395 421
395 422
395 425
395 427
395 429
395 433
395 440
395 441
395 445
395 447
395 467
395 474
395 475
395 476
395 477
395 482
395 484
395 487
395 493
395 498
395 502
395 514
395 517
395 518
395 523
395 528
395 529
395 530
395 533
395 534
395 538
395 541
395 554
395 559
395 561
395 562
395 568
395 569
395 570
395 573
395 576
395 577
395 585
395 590
395 593
395 594
395 599
395 600
395 602
395 605
395 606
395 608
395 610
395 613
395 615
395 616
395 617
395 618
395 623
395 631
395 634
395 635
395 637
395 642
395 648
395 650
395 658
395 665
395 670
395 675
395 676
395 681
395 688
395 690
395 691
395 694
395 698
395 706
395 709
395 710
395 713
395 715
395 721
395 728
395 729
395 732
395 734
395 737
395 738
395 745
395 751
395 752
395 761
395 762
395 764
395 768
395 775
395 778
395 779
395 786
395 788
395 792
395 798
396 402
396 404
396 408
396 409
396 410
396 424
396 426
396 435
396 436
396 442
396 443
396 451
396 458
396 461
396 464
396 466
396 469
396 471
396 480
396 483
396 484
396 489
396 490
396 499
396 501
396 514
396 516
396 519
396 521
396 524
396 526
396 532
396 541
396 544
396 546
396 548
396 550
396 552
396 555
396 560
396 562
396 564
396 567
396 568
396 569
396 570
396 571
396 574
396 575
396 576
396 577
396 578
396 581
396 589
396 593
396 596
396 597
396 598
396 600
396 601
396 602
396 609
396 610
396 614
396 618
396 620
396 621
396 628
396 632
396 636
396 639
396 640
396 646
396 648
396 656
396 657
396 663
396 670
396 676
396 677
396 681
396 682
396 683
396 690
396 691
396 692
396 697
396 699
396 700
396 703
396 704
396 709
396 713
396 716
396 719
396 723
396 724
396 728
396 729
396 732
396 734
396 735
396 737
396 746
396 748
396 750
396 753
396 755
396 761
396 766
396 772
396 779
396 781
396 785
396 786
396 790
396 792
396 793
396 800
397 402
397 405
397 407
397 409
397 411
397 412
397 414
397 415
397 417
397 419
397 421
397 422
397 424
397 427
397 429
397 438
397 440
397 444
397 447
397 448
397 449
397 451
397 453
397 459
397 463
397 464
397 466
397 473
397 478
397 484
397 486
397 492
397 495
397 500
397 501
397 503
397 504
397 508
397 509
397 512
397 515
397 520
397 523
397 528
397 532
397 533
397 534
397 537
397 538
397 541
397 544
397 545
397 551
397 552
397 553
397 555
397 556
397 557
397 564
397 570
397 574
397 582
397 585
397 588
397 592
397 596
397 598
397 599
397 600
397 602
397 606
397 607
397 610
397 617
397 618
397 619
397 622
397 625
397 627
397 631
397 632
397 633
397 634
397 635
397 639
397 644
397 646
397 651
397 653
397 657
397 661
397 664
397 668
397 671
397 674
397 678
397 679
397 684
397 686
397 692
397 693
397 695
397 704
397 709
397 710
397 715
397 717
397 719
397 723
397 724
397 725
397 729
397 730
397 734
397 737
397 738
397 745
397 750
397 751
397 758
397 759
397 764
397 766
397 767
397 768
397 771
397 774
397 777
397 779
397 783
397 790
397 800
398 408
398 417
398 424
398 425
398 433
398 435
398 443
398 444
398 445
398 449
398 451
398 454
398 463
398 469
398 470
398 471
398 473
398 483
398 485
398 489
398 491
398 496
398 501
398 505
398 508
398 509
398 511
398 512
398 514
398 519
398 524
398 526
398 528
398 530
398 531
398 532
398 537
398 538
398 541
398 545
398 546
398 548
398 551
398 552
398 554
398 559
398 560
398 562
398 563
398 564
398 567
398 568
398 571
398 574
398 577
398 578
398 579
398 581
398 589
398 591
398 593
398 597
398 599
398 603
398 605
398 607
398 610
398 612
398 613
398 617
398 618
398 620
398 622
398 623
398 624
398 625
398 627
398 635
398 644
398 645
398 648
398 649
398 652
398 653
398 655
398 658
398 659
398 660
398 677
398 678
398 679
398 681
398 684
398 685
398 704
398 706
398 711
398 714
398 715
398 717
398 720
398 722
398 723
398 725
398 729
398 730
398 734
398 735
398 738
398 740
398 747
398 749
398 755
398 766
398 769
398 770
398 771
398 775
398 783
398 787
398 791
398 796
399 403
399 405
399 406
399 409
399 415
399 419
399 420
399 425
399 427
399 430
399 433
399 435
399 437
399 438
399 451
399 452
399 457
399 458
399 459
399 460
399 461
399 462
399 468
399 472
399 479
399 491
399 492
399 499
399 502
399 505
399 509
399 510
399 511
399 523
399 524
399 526
399 529
399 536
399 538
399 542
399 550
399 552
399 554
399 556
399 560
399 568
399 569
399 579
399 587
399 598
399 609
399 612
399 623
399 624
399 625
399 627
399 638
399 644
399 645
399 646
399 653
399 654
399 656
399 660
399 663
399 669
399 673
399 677
399 686
399 687
399 692
399 694
399 695
399 697
399 698
399 700
399 709
399 713
399 716
399 724
399 729
399 730
399 735
399 736
399 739
399 743
399 754
399 755
399 759
399 760
399 761
399 762
399 764
399 766
399 769
399 773
399 776
399 777
399 780
399 790
399 791
399 792
399 794
399 797
400 402
400 406
400 410
400 413
400 414
400 415
400 416
400 425
400 429
400 432
400 437
400 439
400 442
400 451
400 453
400 458
400 463
400 469
400 470
400 472
400 476
400 479
400 487
400 490
400 496
400 497
400 499
400 501
400 504
400 510
400 511
400 516
400 517
400 518
400 522
400 525
400 526
400 529
400 530
400 533
400 534
400 537
400 543
400 547
400 548
400 550
400 551
400 552
400 553
400 556
400 558
400 563
400 566
400 570
400 571
400 572
400 577
400 583
400 586
400 587
400 590
400 591
400 594
400 599
400 606
400 609
400 610
400 619
400 621
400 622
400 623
400 627
400 629
400 630
400 636
400 638
400 641
400 642
400 643
400 650
400 651
400 652
400 653
400 656
400 657
400 663
400 665
400 666
400 671
400 674
400 679
400 681
400 683
400 690
400 693
400 694
400 703
400 704
400 707
400 709
400 711
400 712
400 714
400 715
400 718
400 721
400 722
400 727
400 728
400 729
400 730
400 737
400 740
400 745
400 746
400 750
400 751
400 753
400 756
400 765
400 767
400 770
400 772
400 774
400 775
400 778
400 784
400 785
400 789
400 790
400 793
400 799
401 482
401 484
401 487
401 494
401 500
401 501
401 505
401 511
401 513
401 516
401 517
401 520
401 528
401 538
401 541
401 553
401 557
401 558
401 561
401 564
401 568
401 569
401 570
401 582
401 584
401 590
401 592
401 593
401 595
401 597
401 599
401 603
401 615
401 616
401 626
401 628
401 632
401 635
401 636
401 639
401 642
401 647
401 652
401 653
401 655
401 657
401 663
401 667
401 669
401 672
401 674
401 680
401 684
401 686
401 695
401 698
401 699
401 701
401 709
401 710
401 712
401 717
401 724
401 727
401 728
401 730
401 731
401 732
401 733
401 739
401 740
401 745
401 749
401 750
401 751
401 754
401 755
401 756
401 757
401 762
401 763
401 764
401 766
401 770
401 775
401 777
401 783
401 795
401 797
401 800
402 482
402 483
402 484
402 486
402 487
402 489
402 496
402 504
402 509
402 512
402 513
402 516
402 525
402 526
402 531
402 533
402 534
402 537
402 540
402 541
402 546
402 554
402 555
402 561
402 563
402 569
402 571
402 576
402 581
402 585
402 591
402 599
402 601
402 602
402 603
402 606
402 611
402 618
402 624
402 626
402 631
402 633
402 635
402 639
402 642
402 650
402 651
402 652
402 656
402 657
402 658
402 662
402 663
402 665
402 669
402 670
402 675
402 677
402 680
402 683
402 686
402 689
402 690
402 691
402 693
402 704
402 708
402 715
402 720
402 723
402 728
402 731
402 735
402 741
402 742
402 745
402 748
402 749
402 750
402 751
402 754
402 755
402 758
402 759
402 767
402 768
402 770
402 773
402 774
402 787
402 788
402 791
402 792
402 793
402 798
402 799
403 481
403 484
403 485
403 486
403 491
403 493
403 494
403 497
403 498
403 502
403 503
403 504
403 508
403 524
403 525
403 526
403 529
403 532
403 533
403 537
403 540
403 544
403 546
403 547
403 552
403 558
403 561
403 562
403 565
403 566
403 568
403 573
403 577
403 586
403 588
403 590
403 591
403 592
403 593
403 595
403 599
403 601
403 602
403 603
403 605
403 608
403 609
403 610
403 615
403 619
403 620
403 624
403 625
403 627
403 630
403 635
403 636
403 641
403 642
403 643
403 644
403 648
403 651
403 657
403 668
403 669
403 671
403 673
403 681
403 682
403 684
403 685
403 686
403 689
403 692
403 695
403 698
403 699
403 702
403 705
403 713
403 715
403 718
403 719
403 725
403 730
403 731
403 736
403 737
403 738
403 740
403 741
403 742
403 743
403 755
403 756
403 758
403 760
403 762
403 766
403 767
403 768
403 774
403 777
403 781
403 783
403 791
403 792
403 795
403 800
404 481
404 485
404 487
404 488
404 490
404 494
404 495
404 497
404 498
404 502
404 508
404 513
404 519
404 524
404 526
404 527
404 529
404 530
404 534
404 535
404 541
404 543
404 546
404 553
404 558
404 559
404 560
404 562
404 564
404 565
404 567
404 569
404 570
404 573
404 578
404 586
404 589
404 592
404 596
404 601
404 607
404 609
404 613
404 615
404 622
404 623
404 624
404 628
404 629
404 635
404 640
404 643
404 646
404 649
404 650
404 653
404 658
404 659
404 660
404 661
404 663
404 664
404 666
404 677
404 678
404 679
404 680
404 685
404 690
404 691
404 695
404 698
404 699
404 700
404 705
404 709
404 712
404 720
404 721
404 722
404 725
404 728
404 731
404 736
404 737
404 750
404 752
404 760
404 766
404 767
404 771
404 774
404 775
404 776
404 777
404 781
404 783
404 786
404 787
404 788
404 792
404 796
404 797
404 798
405 485
405 488
405 489
405 490
405 496
405 509
405 513
405 514
405 516
405 518
405 519
405 521
405 526
405 529
405 530
405 538
405 542
405 550
405 553
405 555
405 558
405 560
405 561
405 565
405 566
405 576
405 582
405 587
405 588
405 593
405 598
405 607
405 609
405 610
405 617
405 630
405 631
405 633
405 640
405 641
405 643
405 646
405 648
405 650
405 652
405 658
405 660
405 668
405 669
405 670
405 672
405 673
405 674
405 675
405 676
405 679
405 680
405 689
405 695
405 698
405 699
405 702
405 707
405 710
405 713
405 714
405 716
405 718
405 720
405 721
405 728
405 730
405 731
405 735
405 737
405 740
405 745
405 747
405 748
405 753
405 756
405 762
405 764
405 766
405 768
405 773
405 778
405 781
405 788
405 789
405 791
405 793
405 796
406 481
406 483
406 484
406 486
406 487
406 490
406 493
406 497
406 498
406 500
406 502
406 505
406 514
406 515
406 516
406 524
406 526
406 528
406 532
406 533
406 534
406 539
406 543
406 550
406 552
406 553
406 556
406 566
406 567
406 568
406 569
406 571
406 575
406 577
406 582
406 584
406 585
406 586
406 588
406 590
406 593
406 596
406 599
406 601
406 606
406 610
406 611
406 617
406 619
406 620
406 623
406 624
406 631
406 642
406 648
406 651
406 659
406 662
406 663
406 665
406 667
406 669
406 671
406 673
406 674
406 675
406 679
406 690
406 691
406 693
406 694
406 696
406 699
406 702
406 707
406 710
406 712
406 719
406 721
406 724
406 727
406 730
406 731
406 734
406 737
406 745
406 747
406 750
406 753
406 754
406 756
406 772
406 776
406 779
406 780
406 787
406 788
406 793
406 796
407 481
407 484
407 486
407 491
407 494
407 495
407 500
407 507
407 518
407 520
407 521
407 524
407 525
407 532
407 533
407 539
407 541
407 545
407 553
407 555
407 558
407 559
407 571
407 572
407 576
407 580
407 581
407 583
407 585
407 586
407 587
407 588
407 604
407 607
407 609
407 617
407 618
407 624
407 625
407 628
407 630
407 636
407 639
407 645
407 648
407 649
407 651
407 652
407 653
407 655
407 656
407 669
407 670
407 677
407 678
407 680
407 682
407 683
407 685
407 686
407 687
407 689
407 692
407 694
407 695
407 697
407 698
407 701
407 702
407 703
407 705
407 706
407 717
407 721
407 722
407 723
407 726
407 730
407 731
407 734
407 737
407 742
407 743
407 748
407 749
407 750
407 764
407 765
407 773
407 777
407 779
407 785
407 786
407 789
407 790
407 796
407 797
408 481
408 489
408 493
408 500
408 503
408 506
408 507
408 511
408 512
408 516
408 521
408 526
408 529
408 532
408 533
408 542
408 553
408 554
408 555
408 558
408 560
408 564
408 573
408 585
408 590
408 591
408 595
408 598
408 599
408 601
408 606
408 607
408 609
408 620
408 623
408 624
408 627
408 637
408 638
408 639
408 641
408 646
408 656
408 662
408 665
408 669
408 670
408 678
408 684
408 694
408 696
408 697
408 700
408 706
408 707
408 708
408 709
408 712
408 716
408 717
408 720
408 721
408 729
408 732
408 733
408 738
408 740
408 744
408 745
408 746
408 747
408 752
408 753
408 759
408 762
408 777
408 790
408 791
408 793
408 794
408 795
408 798
408 799
409 486
409 487
409 489
409 491
409 492
409 498
409 499
409 505
409 509
409 513
409 515
409 517
409 519
409 521
409 522
409 524
409 529
409 531
409 533
409 534
409 536
409 538
409 541
409 543
409 546
409 550
409 552
409 554
409 557
409 559
409 564
409 572
409 575
409 579
409 583
409 585
409 587
409 589
409 596
409 599
409 602
409 604
409 606
409 607
409 610
409 616
409 618
409 620
409 621
409 633
409 634
409 643
409 645
409 646
409 649
409 655
409 661
409 664
409 665
409 666
409 668
409 669
409 677
409 678
409 679
409 680
409 689
409 692
409 693
409 694
409 697
409 700
409 706
409 712
409 726
409 730
409 732
409 733
409 734
409 737
409 738
409 741
409 746
409 747
409 751
409 754
409 760
409 770
409 772
409 775
409 777
409 779
409 781
409 784
409 788
409 789
409 793
409 794
409 799
410 482
410 487
410 488
410 489
410 493
410 494
410 503
410 506
410 510
410 512
410 517
410 529
410 531
410 536
410 540
410 545
410 547
410 548
410 551
410 559
410 562
410 563
410 564
410 565
410 569
410 578
410 581
410 586
410 588
410 589
410 590
410 591
410 596
410 598
410 605
410 608
410 612
410 614
410 615
410 616
410 619
410 620
410 625
410 626
410 637
410 641
410 643
410 650
410 654
410 656
410 657
410 658
410 666
410 671
410 674
410 675
410 677
410 678
410 679
410 686
410 691
410 693
410 694
410 696
410 699
410 702
410 706
410 707
410 709
410 718
410 719
410 726
410 727
410 730
410 733
410 735
410 743
410 748
410 751
410 755
410 757
410 758
410 769
410 772
410 776
410 784
410 786
410 788
410 792
410 795
410 796
411 481
411 483
411 487
411 488
411 497
411 500
411 501
411 504
411 507
411 512
411 517
411 522
411 523
411 524
411 538
411 541
411 542
411 546
411 548
411 549
411 554
411 558
411 561
411 562
411 564
411 569
411 572
411 579
411 580
411 585
411 590
411 591
411 596
411 600
411 603
411 608
411 612
411 614
411 615
411 618
411 627
411 628
411 632
411 633
411 636
411 639
411 652
411 653
411 665
411 670
411 671
411 672
411 674
411 676
411 680
411 684
411 685
411 688
411 689
411 691
411 694
411 697
411 698
411 699
411 710
411 711
411 713
411 714
411 717
411 718
411 720
411 723
411 729
411 732
411 733
411 734
411 735
411 736
411 745
411 746
411 747
411 749
411 751
411 752
411 756
411 759
411 766
411 768
411 770
411 773
411 774
411 775
411 776
411 777
411 779
411 781
411 784
411 799
411 800
412 481
412 484
412 486
412 490
412 491
412 493
412 494
412 496
412 499
412 502
412 513
412 516
412 525
412 528
412 534
412 535
412 538
412 540
412 544
412 545
412 547
412 552
412 553
412 557
412 558
412 570
412 573
412 574
412 578
412 583
412 590
412 591
412 593
412 602
412 606
412 613
412 619
412 624
412 628
412 629
412 630
412 637
412 638
412 643
412 647
412 649
412 650
412 652
412 653
412 660
412 666
412 670
412 674
412 676
412 679
412 694
412 695
412 697
412 699
412 700
412 702
412 704
412 706
412 709
412 711
412 713
412 714
412 715
412 718
412 720
412 721
412 724
412 725
412 728
412 729
412 731
412 734
412 736
412 739
412 740
412 744
412 745
412 747
412 752
412 754
412 759
412 760
412 766
412 768
412 771
412 773
412 774
412 778
412 786
412 787
412 789
412 796
412 797
413 488
413 492
413 493
413 495
413 499
413 501
413 509
413 520
413 523
413 525
413 527
413 528
413 531
413 534
413 536
413 539
413 544
413 545
413 546
413 560
413 566
413 569
413 575
413 578
413 581
413 595
413 596
413 597
413 606
413 608
413 612
413 614
413 615
413 620
413 624
413 626
413 627
413 629
413 630
413 631
413 634
413 635
413 637
413 639
413 640
413 644
413 652
413 653
413 654
413 659
413 660
413 662
413 663
413 673
413 677
413 680
413 681
413 689
413 691
413 695
413 696
413 701
413 703
413 704
413 705
413 707
413 711
413 713
413 714
413 715
413 719
413 720
413 721
413 728
413 731
413 733
413 737
413 740
413 744
413 745
413 746
413 747
413 754
413 759
413 761
413 766
413 769
413 773
413 774
413 780
413 790
413 794
413 796
413 798
414 483
414 486
414 491
414 492
414 495
414 496
414 506
414 509
414 511
414 512
414 513
414 514
414 517
414 519
414 523
414 527
414 528
414 531
414 536
414 538
414 541
414 542
414 543
414 547
414 548
414 552
414 554
414 558
414 559
414 560
414 566
414 568
414 576
414 585
414 588
414 591
414 592
414 593
414 599
414 601
414 607
414 611
414 614
414 616
414 623
414 628
414 630
414 635
414 637
414 639
414 646
414 651
414 653
414 655
414 657
414 659
414 662
414 665
414 668
414 691
414 694
414 695
414 704
414 709
414 713
414 715
414 718
414 727
414 729
414 731
414 733
414 735
414 739
414 743
414 745
414 748
414 750
414 751
414 754
414 755
414 762
414 765
414 766
414 769
414 770
414 774
414 775
414 780
414 783
414 784
414 798
414 799
415 482
415 483
415 484
415 486
415 488
415 489
415 491
415 492
415 496
415 500
415 504
415 505
415 508
415 517
415 521
415 524
415 526
415 527
415 529
415 533
415 534
415 538
415 539
415 541
415 544
415 546
415 550
415 551
415 553
415 554
415 558
415 565
415 568
415 575
415 578
415 580
415 584
415 585
415 594
415 596
415 599
415 605
415 609
415 622
415 624
415 627
415 629
415 630
415 632
415 644
415 649
415 651
415 657
415 661
415 664
415 674
415 677
415 680
415 683
415 687
415 690
415 693
415 695
415 697
415 703
415 709
415 710
415 711
415 714
415 716
415 717
415 719
415 725
415 727
415 730
415 735
415 736
415 739
415 741
415 742
415 744
415 746
415 753
415 767
415 769
415 770
415 774
415 776
415 783
415 785
415 793
415 794
415 800
416 482
416 486
416 489
416 491
416 499
416 503
416 505
416 507
416 512
416 513
416 515
416 518
416 522
416 525
416 530
416 533
416 542
416 545
416 548
416 549
416 556
416 558
416 563
416 564
416 573
416 574
416 576
416 590
416 593
416 594
416 596
416 602
416 604
416 613
416 616
416 617
416 620
416 625
416 628
416 637
416 640
416 646
416 649
416 654
416 657
416 668
416 669
416 671
416 672
416 673
416 680
416 681
416 683
416 684
416 694
416 695
416 696
416 704
416 710
416 716
416 717
416 727
416 729
416 734
416 739
416 741
416 742
416 745
416 747
416 748
416 750
416 762
416 763
416 773
416 775
416 776
416 777
416 778
416 779
416 782
416 783
416 786
416 787
416 789
416 790
416 793
416 795
416 796
417 481
417 490
417 492
417 493
417 497
417 500
417 504
417 509
417 522
417 527
417 530
417 534
417 535
417 541
417 543
417 547
417 548
417 553
417 555
417 557
417 561
417 565
417 566
417 569
417 573
417 574
417 593
417 595
417 597
417 601
417 603
417 605
417 609
417 620
417 621
417 630
417 631
417 636
417 638
417 639
417 641
417 642
417 643
417 646
417 647
417 648
417 650
417 654
417 660
417 662
417 665
417 667
417 671
417 672
417 676
417 679
417 680
417 684
417 695
417 697
417 700
417 701
417 704
417 707
417 708
417 711
417 712
417 713
417 714
417 715
417 716
417 719
417 720
417 722
417 724
417 726
417 729
417 733
417 740
417 741
417 743
417 744
417 746
417 749
417 752
417 758
417 760
417 761
417 762
417 765
417 766
417 773
417 776
417 777
417 779
417 781
417 787
417 788
417 792
417 795
417 797
418 487
418 488
418 493
418 500
418 504
418 506
418 509
418 511
418 513
418 515
418 517
418 522
418 523
418 525
418 529
418 530
418 531
418 535
418 540
418 555
418 556
418 557
418 560
418 561
418 565
418 566
418 571
418 575
418 577
418 578
418 580
418 583
418 601
418 603
418 608
418 613
418 617
418 619
418 623
418 625
418 626
418 627
418 628
418 632
418 641
418 642
418 648
418 651
418 653
418 655
418 657
418 664
418 665
418 668
418 671
418 679
418 680
418 682
418 686
418 688
418 689
418 702
418 708
418 713
418 714
418 715
418 718
418 726
418 728
418 734
418 736
418 737
418 756
418 757
418 758
418 763
418 765
418 766
418 771
418 774
418 775
418 779
418 782
418 784
418 787
418 796
418 797
419 483
419 487
419 495
419 498
419 500
419 502
419 504
419 511
419 514
419 515
419 519
419 520
419 522
419 525
419 530
419 533
419 534
419 536
419 539
419 541
419 544
419 550
419 551
419 562
419 565
419 567
419 568
419 573
419 589
419 601
419 602
419 605
419 607
419 609
419 613
419 614
419 624
419 626
419 633
419 638
419 639
419 643
419 646
419 653
419 655
419 657
419 658
419 663
419 672
419 674
419 678
419 679
419 682
419 684
419 686
419 691
419 693
419 696
419 704
419 712
419 714
419 717
419 720
419 721
419 722
419 723
419 725
419 732
419 733
419 736
419 737
419 739
419 741
419 742
419 745
419 747
419 751
419 753
419 760
419 761
419 762
419 763
419 764
419 765
419 768
419 769
419 770
419 772
419 781
419 782
419 788
419 790
419 792
419 796
420 481
420 484
420 490
420 493
420 494
420 495
420 499
420 501
420 505
420 507
420 509
420 511
420 513
420 518
420 521
420 529
420 531
420 533
420 536
420 539
420 542
420 543
420 544
420 546
420 550
420 551
420 553
420 557
420 559
420 564
420 566
420 570
420 571
420 573
420 576
420 579
420 580
420 587
420 593
420 597
420 600
420 602
420 603
420 605
420 606
420 607
420 614
420 615
420 621
420 623
420 625
420 626
420 627
420 632
420 633
420 635
420 640
420 643
420 644
420 647
420 649
420 652
420 654
420 655
420 656
420 658
420 668
420 670
420 671
420 672
420 685
420 687
420 690
420 694
420 695
420 696
420 702
420 707
420 715
420 717
420 719
420 720
420 728
420 733
420 738
420 739
420 742
420 744
420 748
420 751
420 758
420 759
420 765
420 773
420 776
420 777
420 778
420 779
420 781
420 784
420 790
420 793
420 794
420 797
420 798
421 482
421 483
421 485
421 489
421 497
421 500
421 506
421 508
421 512
421 513
421 514
421 521
421 524
421 531
421 533
421 538
421 539
421 540
421 548
421 549
421 557
421 558
421 563
421 565
421 566
421 572
421 574
421 575
421 576
421 580
421 585
421 586
421 588
421 597
421 598
421 602
421 605
421 607
421 609
421 612
421 614
421 616
421 617
421 621
421 628
421 634
421 635
421 636
421 641
421 644
421 652
421 653
421 655
421 659
421 660
421 664
421 665
421 669
421 674
421 675
421 676
421 681
421 683
421 689
421 690
421 692
421 695
421 697
421 700
421 701
421 703
421 706
421 710
421 711
421 714
421 721
421 732
421 734
421 735
421 743
421 744
421 754
421 758
421 766
421 773
421 774
421 779
421 783
421 787
422 484
422 486
422 487
422 493
422 496
422 502
422 504
422 511
422 513
422 516
422 519
422 531
422 538
422 539
422 543
422 544
422 546
422 548
422 549
422 550
422 556
422 557
422 560
422 562
422 565
422 568
422 574
422 575
422 579
422 585
422 591
422 600
422 608
422 611
422 615
422 623
422 624
422 625
422 628
422 631
422 636
422 638
422 639
422 642
422 644
422 646
422 649
422 653
422 655
422 656
422 660
422 662
422 668
422 669
422 674
422 675
422 678
422 684
422 689
422 693
422 695
422 699
422 702
422 704
422 705
422 707
422 708
422 711
422 720
422 725
422 726
422 727
422 728
422 739
422 741
422 743
422 747
422 753
422 759
422 760
422 767
422 773
422 779
422 784
422 788
422 791
422 793
422 799
422 800
423 485
423 488
423 489
423 497
423 503
423 504
423 505
423 508
423 510
423 512
423 519
423 520
423 522
423 523
423 526
423 528
423 530
423 532
423 534
423 538
423 541
423 550
423 553
423 554
423 555
423 568
423 574
423 577
423 582
423 588
423 592
423 595
423 604
423 607
423 608
423 610
423 617
423 625
423 629
423 630
423 631
423 643
423 644
423 646
423 648
423 651
423 652
423 654
423 664
423 670
423 671
423 673
423 676
423 678
423 680
423 681
423 682
423 683
423 686
423 690
423 708
423 713
423 719
423 722
423 734
423 739
423 740
423 741
423 742
423 750
423 751
423 753
423 754
423 759
423 770
423 771
423 777
423 779
423 780
423 785
423 787
423 789
423 791
423 792
423 793
423 796
423 798
424 487
424 488
424 490
424 494
424 502
424 504
424 506
424 511
424 517
424 520
424 522
424 523
424 529
424 531
424 534
424 537
424 540
424 543
424 548
424 552
424 557
424 560
424 561
424 562
424 563
424 567
424 572
424 573
424 579
424 584
424 589
424 590
424 591
424 593
424 596
424 600
424 612
424 614
424 615
424 617
424 619
424 629
424 630
424 633
424 641
424 642
424 643
424 644
424 645
424 650
424 651
424 657
424 659
424 661
424 664
424 665
424 666
424 667
424 673
424 676
424 677
424 679
424 680
424 688
424 691
424 694
424 700
424 701
424 702
424 704
424 705
424 710
424 718
424 719
424 724
424 731
424 733
424 737
424 740
424 744
424 751
424 753
424 754
424 756
424 758
424 759
424 767
424 770
424 772
424 773
424 783
424 785
424 786
424 787
424 788
424 790
424 792
424 793
424 795
425 482
425 485
425 486
425 487
425 491
425 492
425 495
425 499
425 501
425 502
425 505
425 506
425 507
425 509
425 510
425 511
425 513
425 515
425 521
425 523
425 528
425 533
425 539
425 545
425 551
425 554
425 559
425 560
425 563
425 570
425 571
425 572
425 575
425 583
425 592
425 593
425 597
425 599
425 606
425 607
425 611
425 613
425 617
425 618
425 627
425 630
425 636
425 637
425 638
425 639
425 646
425 656
425 657
425 660
425 661
425 665
425 668
425 674
425 675
425 677
425 682
425 687
425 689
425 694
425 700
425 703
425 711
425 712
425 713
425 715
425 722
425 726
425 727
425 733
425 738
425 739
425 748
425 758
425 759
425 762
425 764
425 768
425 772
425 782
425 788
425 789
425 791
425 795
425 798
425 799
426 486
426 487
426 489
426 491
426 500
426 501
426 510
426 516
426 524
426 525
426 527
426 531
426 533
426 537
426 544
426 548
426 549
426 563
426 565
426 566
426 567
426 568
426 569
426 573
426 578
426 579
426 586
426 589
426 593
426 598
426 600
426 608
426 614
426 618
426 620
426 622
426 623
426 625
426 629
426 631
426 634
426 637
426 639
426 641
426 642
426 645
426 650
426 651
426 652
426 659
426 660
426 668
426 675
426 678
426 679
426 680
426 688
426 690
426 697
426 704
426 705
426 706
426 708
426 711
426 713
426 717
426 718
426 720
426 724
426 726
426 729
426 733
426 734
426 735
426 737
426 738
426 741
426 742
426 743
426 746
426 753
426 754
426 755
426 757
426 758
426 768
426 769
426 771
426 776
426 777
426 780
426 781
426 783
426 787
426 793
426 797
427 482
427 483
427 488
427 490
427 499
427 500
427 501
427 506
427 509
427 514
427 515
427 519
427 523
427 524
427 528
427 532
427 537
427 544
427 552
427 555
427 556
427 557
427 563
427 565
427 569
427 572
427 577
427 578
427 579
427 580
427 581
427 582
427 584
427 586
427 588
427 595
427 596
427 599
427 603
427 607
427 610
427 613
427 614
427 615
427 616
427 621
427 625
427 626
427 627
427 634
427 635
427 637
427 649
427 651
427 654
427 659
427 668
427 684
427 685
427 689
427 692
427 695
427 697
427 703
427 707
427 709
427 711
427 712
427 713
427 721
427 724
427 725
427 730
427 732
427 740
427 758
427 762
427 764
427 770
427 772
427 777
427 779
427 782
427 784
427 789
427 794
427 797
428 485
428 492
428 495
428 500
428 504
428 505
428 509
428 510
428 512
428 514
428 519
428 520
428 522
428 525
428 526
428 527
428 528
428 530
428 533
428 539
428 544
428 545
428 554
428 559
428 563
428 567
428 568
428 569
428 571
428 576
428 582
428 585
428 588
428 594
428 597
428 602
428 603
428 607
428 608
428 610
428 613
428 614
428 616
428 620
428 621
428 633
428 636
428 637
428 639
428 642
428 643
428 644
428 646
428 647
428 655
428 657
428 661
428 664
428 670
428 678
428 684
428 685
428 692
428 694
428 695
428 696
428 701
428 707
428 718
428 720
428 721
428 726
428 738
428 741
428 746
428 750
428 758
428 760
428 766
428 775
428 777
428 778
428 787
428 791
428 793
428 795
428 796
428 798
429 487
429 492
429 496
429 502
429 507
429 508
429 510
429 511
429 513
429 518
429 523
429 524
429 532
429 533
429 534
429 536
429 537
429 545
429 548
429 549
429 553
429 562
429 563
429 567
429 570
429 571
429 576
429 580
429 583
429 587
429 588
429 602
429 608
429 610
429 612
429 614
429 617
429 622
429 633
429 635
429 642
429 643
429 644
429 646
429 652
429 653
429 657
429 662
429 663
429 668
429 671
429 675
429 683
429 685
429 688
429 690
429 696
429 698
429 702
429 704
429 706
429 712
429 721
429 723
429 728
429 733
429 734
429 736
429 746
429 751
429 752
429 759
429 760
429 764
429 767
429 768
429 769
429 772
429 774
429 775
429 778
429 781
429 784
429 785
429 795
429 800
430 482
430 486
430 491
430 496
430 501
430 503
430 504
430 505
430 509
430 516
430 518
430 519
430 522
430 527
430 534
430 537
430 538
430 539
430 540
430 553
430 557
430 568
430 569
430 572
430 576
430 579
430 583
430 589
430 590
430 591
430 597
430 602
430 604
430 607
430 614
430 616
430 617
430 624
430 626
430 629
430 630
430 631
430 632
430 634
430 640
430 647
430 651
430 652
430 655
430 658
430 660
430 661
430 669
430 670
430 671
430 678
430 683
430 686
430 687
430 701
430 709
430 712
430 716
430 717
430 726
430 728
430 731
430 732
430 735
430 736
430 737
430 747
430 750
430 751
430 754
430 756
430 762
430 765
430 773
430 774
430 788
430 790
430 793
430 795
431 482
431 491
431 492
431 505
431 509
431 510
431 512
431 519
431 523
431 526
431 532
431 540
431 541
431 549
431 550
431 551
431 556
431 557
431 561
431 562
431 566
431 568
431 573
431 581
431 588
431 589
431 595
431 604
431 607
431 616
431 618
431 619
431 621
431 626
431 634
431 638
431 642
431 643
431 644
431 647
431 651
431 652
431 661
431 671
431 675
431 677
431 679
431 681
431 688
431 691
431 694
431 698
431 700
431 702
431 704
431 705
431 708
431 712
431 718
431 722
431 726
431 737
431 739
431 749
431 752
431 755
431 756
431 762
431 766
431 773
431 785
431 787
431 788
431 789
431 793
432 483
432 489
432 498
432 499
432 502
432 505
432 509
432 512
432 515
432 521
432 534
432 537
432 540
432 541
432 543
432 546
432 547
432 550
432 551
432 556
432 559
432 560
432 561
432 563
432 576
432 577
432 578
432 585
432 590
432 591
432 592
432 595
432 597
432 600
432 604
432 605
432 607
432 610
432 611
432 614
432 616
432 617
432 620
432 625
432 627
432 629
432 630
432 639
432 641
432 643
432 647
432 648
432 652
432 655
432 658
432 662
432 664
432 667
432 668
432 672
432 674
432 675
432 677
432 684
432 685
432 686
432 691
432 693
432 695
432 699
432 700
432 701
432 710
432 713
432 715
432 717
432 720
432 723
432 728
432 732
432 733
432 735
432 736
432 737
432 744
432 751
432 756
432 759
432 762
432 772
432 773
432 776
432 780
432 783
432 784
432 785
432 790
432 795
432 797
433 482
433 483
433 491
433 495
433 497
433 502
433 504
433 510
433 511
433 514
433 516
433 526
433 528
433 533
433 540
433 544
433 545
433 550
433 552
433 554
433 564
433 566
433 568
433 571
433 574
433 576
433 581
433 584
433 585
433 587
433 588
433 589
433 590
433 591
433 594
433 595
433 602
433 605
433 611
433 614
433 619
433 627
433 628
433 631
433 635
433 638
433 640
433 642
433 645
433 646
433 650
433 652
433 654
433 657
433 660
433 661
433 664
433 666
433 668
433 669
433 673
433 677
433 684
433 691
433 695
433 698
433 703
433 709
433 712
433 724
433 725
433 727
433 729
433 730
433 732
433 736
433 737
433 740
433 748
433 749
433 755
433 760
433 765
433 766
433 767
433 770
433 774
433 777
433 782
433 792
433 793
433 794
433 799
433 800
434 484
434 489
434 491
434 494
434 497
434 500
434 501
434 508
434 510
434 511
434 513
434 529
434 530
434 533
434 538
434 539
434 541
434 543
434 545
434 549
434 552
434 557
434 559
434 560
434 561
434 562
434 577
434 587
434 589
434 592
434 593
434 600
434 602
434 608
434 609
434 611
434 614
434 615
434 619
434 627
434 633
434 636
434 638
434 639
434 642
434 645
434 646
434 649
434 652
434 657
434 662
434 668
434 670
434 683
434 685
434 688
434 690
434 698
434 699
434 701
434 705
434 706
434 710
434 711
434 713
434 715
434 716
434 717
434 722
434 723
434 725
434 733
434 740
434 745
434 752
434 761
434 762
434 765
434 766
434 767
434 769
434 770
434 771
434 776
434 780
434 783
434 784
434 788
434 789
434 791
434 794
434 796
435 483
435 484
435 487
435 491
435 494
435 497
435 502
435 504
435 505
435 506
435 507
435 510
435 515
435 521
435 525
435 529
435 532
435 541
435 544
435 546
435 552
435 555
435 556
435 558
435 560
435 561
435 562
435 564
435 565
435 571
435 574
435 575
435 576
435 577
435 579
435 581
435 584
435 585
435 587
435 592
435 596
435 597
435 604
435 607
435 608
435 614
435 622
435 626
435 627
435 630
435 635
435 636
435 637
435 638
435 643
435 645
435 650
435 654
435 656
435 657
435 659
435 665
435 666
435 668
435 672
435 673
435 676
435 679
435 685
435 688
435 689
435 690
435 691
435 699
435 701
435 703
435 704
435 705
435 706
435 710
435 712
435 715
435 718
435 720
435 722
435 723
435 727
435 728
435 730
435 731
435 732
435 733
435 735
435 737
435 739
435 743
435 745
435 752
435 755
435 759
435 765
435 771
435 772
435 773
435 774
435 777
435 782
435 788
435 790
435 800
436 482
436 483
436 486
436 488
436 493
436 498
436 502
436 506
436 508
436 517
436 522
436 527
436 529
436 532
436 533
436 537
436 538
436 539
436 540
436 541
436 551
436 554
436 557
436 558
436 559
436 565
436 566
436 567
436 573
436 575
436 578
436 590
436 591
436 595
436 596
436 597
436 598
436 602
436 606
436 607
436 608
436 611
436 615
436 617
436 618
436 619
436 622
436 623
436 630
436 631
436 634
436 636
436 640
436 641
436 642
436 645
436 646
436 647
436 649
436 652
436 655
436 656
436 659
436 661
436 662
436 669
436 671
436 675
436 682
436 684
436 686
436 688
436 690
436 692
436 694
436 695
436 696
436 699
436 703
436 704
436 707
436 708
436 709
436 712
436 713
436 719
436 720
436 725
436 726
436 729
436 730
436 731
436 733
436 738
436 739
436 740
436 741
436 742
436 748
436 750
436 752
436 753
436 755
436 756
436 757
436 759
436 760
436 767
436 772
436 777
436 780
436 782
436 784
436 785
436 788
436 789
436 791
436 798
436 800
437 485
437 488
437 489
437 490
437 491
437 492
437 495
437 496
437 500
437 501
437 507
437 512
437 513
437 517
437 518
437 524
437 526
437 530
437 531
437 533
437 536
437 539
437 540
437 542
437 545
437 547
437 548
437 550
437 554
437 555
437 556
437 561
437 562
437 565
437 571
437 573
437 576
437 577
437 579
437 586
437 588
437 591
437 599
437 600
437 601
437 603
437 611
437 616
437 618
437 623
437 629
437 632
437 633
437 635
437 637
437 641
437 646
437 648
437 657
437 660
437 662
437 663
437 664
437 665
437 668
437 672
437 676
437 678
437 683
437 685
437 686
437 693
437 694
437 696
437 700
437 701
437 704
437 705
437 708
437 709
437 712
437 718
437 719
437 720
437 726
437 732
437 743
437 744
437 745
437 752
437 753
437 761
437 765
437 766
437 769
437 770
437 774
437 783
437 788
437 793
437 794
438 484
438 498
438 503
438 509
438 510
438 516
438 522
438 524
438 530
438 533
438 540
438 543
438 554
438 559
438 567
438 569
438 581
438 588
438 589
438 590
438 594
438 603
438 605
438 606
438 608
438 611
438 612
438 613
438 615
438 617
438 619
438 621
438 622
438 624
438 625
438 626
438 628
438 631
438 635
438 637
438 641
438 643
438 644
438 646
438 648
438 666
438 669
438 672
438 674
438 675
438 680
438 681
438 688
438 690
438 691
438 696
438 697
438 704
438 705
438 707
438 708
438 710
438 712
438 714
438 715
438 717
438 721
438 723
438 724
438 739
438 743
438 744
438 749
438 752
438 753
438 758
438 769
438 770
438 777
438 781
438 786
438 788
438 791
438 794
438 795
438 799
439 481
439 490
439 492
439 503
439 513
439 515
439 516
439 517
439 518
439 522
439 523
439 524
439 529
439 534
439 535
439 541
439 545
439 547
439 549
439 559
439 561
439 564
439 566
439 568
439 569
439 571
439 572
439 575
439 580
439 583
439 584
439 588
439 590
439 595
439 596
439 602
439 605
439 606
439 607
439 608
439 609
439 611
439 618
439 619
439 622
439 626
439 627
439 629
439 632
439 639
439 640
439 648
439 649
439 650
439 653
439 654
439 655
439 658
439 666
439 669
439 674
439 676
439 677
439 678
439 680
439 687
439 689
439 691
439 702
439 704
439 706
439 707
439 717
439 718
439 720
439 723
439 724
439 726
439 732
439 734
439 738
439 740
439 741
439 743
439 748
439 750
439 751
439 752
439 755
439 756
439 758
439 762
439 766
439 767
439 771
439 773
439 775
439 777
439 778
439 789
439 792
439 794
439 798
440 481
440 483
440 490
440 493
440 494
440 498
440 500
440 505
440 508
440 511
440 512
440 514
440 515
440 516
440 519
440 520
440 523
440 526
440 527
440 528
440 531
440 532
440 540
440 541
440 544
440 548
440 551
440 555
440 557
440 561
440 564
440 576
440 582
440 592
440 596
440 599
440 600
440 609
440 618
440 621
440 625
440 628
440 635
440 636
440 639
440 643
440 645
440 646
440 648
440 657
440 658
440 660
440 662
440 667
440 668
440 670
440 674
440 675
440 678
440 679
440 680
440 682
440 690
440 692
440 697
440 705
440 710
440 712
440 713
440 719
440 722
440 723
440 725
440 726
440 727
440 728
440 732
440 734
440 735
440 737
440 738
440 743
440 745
440 748
440 750
440 755
440 765
440 772
440 775
440 784
440 786
440 789
440 791
440 792
440 793
440 796
440 797
440 798
440 799
441 481
441 482
441 484
441 493
441 497
441 500
441 503
441 505
441 509
441 511
441 516
441 527
441 528
441 532
441 535
441 539
441 546
441 548
441 549
441 553
441 555
441 569
441 571
441 574
441 575
441 580
441 581
441 583
441 589
441 591
441 592
441 593
441 594
441 597
441 599
441 603
441 604
441 606
441 615
441 617
441 621
441 623
441 635
441 637
441 639
441 641
441 643
441 644
441 645
441 648
441 654
441 666
441 672
441 684
441 687
441 688
441 690
441 691
441 694
441 700
441 701
441 703
441 704
441 711
441 715
441 716
441 717
441 720
441 721
441 727
441 730
441 733
441 744
441 745
441 746
441 748
441 749
441 750
441 753
441 759
441 763
441 764
441 770
441 774
441 777
441 778
441 779
441 782
441 784
441 785
441 787
441 792
441 796
441 798
442 489
442 490
442 492
442 494
442 496
442 499
442 503
442 513
442 525
442 529
442 532
442 533
442 536
442 546
442 552
442 560
442 563
442 564
442 565
442 569
442 571
442 573
442 579
442 584
442 585
442 586
442 590
442 591
442 594
442 596
442 597
442 598
442 602
442 603
442 604
442 610
442 615
442 616
442 619
442 620
442 622
442 624
442 627
442 629
442 636
442 638
442 639
442 640
442 643
442 644
442 651
442 652
442 654
442 655
442 656
442 660
442 664
442 665
442 666
442 671
442 676
442 677
442 682
442 683
442 696
442 710
442 712
442 714
442 718
442 719
442 721
442 724
442 726
442 730
442 732
442 734
442 735
442 736
442 738
442 741
442 743
442 744
442 747
442 748
442 749
442 750
442 757
442 759
442 761
442 762
442 763
442 771
442 772
442 775
442 776
442 786
442 789
442 793
442 794
442 796
442 798
443 482
443 483
443 484
443 487
443 492
443 493
443 497
443 504
443 507
443 508
443 509
443 512
443 515
443 517
443 526
443 531
443 532
443 533
443 538
443 542
443 543
443 548
443 551
443 553
443 556
443 560
443 561
443 566
443 570
443 572
443 574
443 577
443 586
443 588
443 590
443 593
443 595
443 596
443 605
443 606
443 607
443 612
443 613
443 618
443 620
443 621
443 641
443 648
443 658
443 663
443 665
443 666
443 667
443 668
443 669
443 675
443 677
443 679
443 681
443 686
443 687
443 688
443 689
443 690
443 692
443 693
443 694
443 696
443 703
443 705
443 713
443 720
443 721
443 733
443 734
443 742
443 743
443 744
443 765
443 771
443 772
443 773
443 774
443 778
443 779
443 786
443 787
443 791
443 793
443 798
444 481
444 482
444 486
444 489
444 490
444 491
444 492
444 499
444 501
444 504
444 505
444 507
444 509
444 516
444 517
444 519
444 524
444 526
444 528
444 532
444 535
444 539
444 543
444 544
444 556
444 557
444 558
444 564
444 565
444 566
444 569
444 572
444 573
444 580
444 582
444 585
444 592
444 593
444 594
444 599
444 602
444 609
444 611
444 619
444 620
444 627
444 628
444 629
444 630
444 631
444 638
444 647
444 648
444 649
444 652
444 655
444 656
444 659
444 660
444 665
444 669
444 670
444 677
444 681
444 683
444 684
444 687
444 690
444 701
444 705
444 716
444 717
444 718
444 720
444 721
444 722
444 723
444 728
444 729
444 737
444 738
444 745
444 750
444 751
444 752
444 755
444 756
444 757
444 760
444 761
444 764
444 765
444 772
444 780
444 782
444 788
444 794
444 798
444 799
445 483
445 489
445 490
445 491
445 492
445 496
445 497
445 506
445 509
445 512
445 513
445 515
445 516
445 519
445 520
445 529
445 544
445 545
445 551
445 553
445 555
445 563
445 564
445 573
445 575
445 582
445 588
445 593
445 600
445 601
445 602
445 603
445 608
445 612
445 615
445 619
445 621
445 622
445 623
445 625
445 631
445 632
445 639
445 640
445 651
445 652
445 654
445 659
445 660
445 661
445 664
445 666
445 667
445 670
445 671
445 674
445 679
445 691
445 692
445 697
445 698
445 700
445 703
445 707
445 708
445 712
445 713
445 720
445 724
445 726
445 728
445 731
445 732
445 734
445 738
445 741
445 742
445 745
445 749
445 751
445 754
445 756
445 757
445 758
445 764
445 768
445 771
445 773
445 774
445 779
445 785
445 788
445 794
445 800
446 481
446 484
446 485
446 488
446 489
446 491
446 497
446 498
446 503
446 504
446 506
446 509
446 513
446 516
446 520
446 522
446 525
446 526
446 528
446 532
446 538
446 542
446 549
446 552
446 553
446 554
446 556
446 557
446 558
446 561
446 564
446 566
446 572
446 574
446 575
446 577
446 582
446 584
446 585
446 590
446 591
446 593
446 594
446 596
446 599
446 615
446 618
446 620
446 621
446 622
446 623
446 624
446 627
446 633
446 635
446 637
446 638
446 639
446 641
446 645
446 647
446 652
446 656
446 659
446 661
446 668
446 669
446 671
446 677
446 678
446 681
446 684
446 686
446 690
446 695
446 711
446 718
446 724
446 725
446 726
446 727
446 729
446 730
446 732
446 736
446 739
446 743
446 748
446 750
446 751
446 774
446 776
446 778
446 781
446 786
446 790
446 792
446 793
447 483
447 488
447 490
447 491
447 495
447 500
447 501
447 502
447 509
447 511
447 516
447 523
447 524
447 526
447 527
447 529
447 535
447 537
447 539
447 541
447 542
447 546
447 550
447 553
447 555
447 558
447 570
447 574
447 577
447 580
447 581
447 583
447 587
447 588
447 589
447 592
447 593
447 595
447 601
447 603
447 604
447 608
447 612
447 615
447 626
447 627
447 628
447 630
447 632
447 634
447 635
447 640
447 646
447 648
447 650
447 651
447 652
447 654
447 655
447 656
447 660
447 663
447 669
447 670
447 671
447 672
447 678
447 682
447 685
447 689
447 693
447 696
447 697
447 703
447 706
447 707
447 711
447 719
447 725
447 727
447 730
447 732
447 737
447 739
447 740
447 746
447 751
447 753
447 760
447 761
447 762
447 763
447 764
447 776
447 777
447 779
447 780
447 782
447 783
447 788
447 789
447 794
447 795
447 796
447 797
447 798
447 799
448 484
448 485
448 487
448 488
448 490
448 491
448 492
448 493
448 496
448 497
448 499
448 505
448 511
448 522
448 530
448 533
448 539
448 540
448 556
448 558
448 563
448 568
448 571
448 575
448 581
448 582
448 583
448 586
448 588
448 597
448 603
448 604
448 606
448 607
448 612
448 613
448 614
448 618
448 619
448 622
448 628
448 634
448 640
448 641
448 646
448 651
448 652
448 656
448 657
448 662
448 665
448 674
448 683
448 686
448 690
448 692
448 700
448 701
448 702
448 703
448 712
448 713
448 714
448 716
448 718
448 722
448 724
448 729
448 730
448 733
448 736
448 740
448 741
448 744
448 746
448 747
448 751
448 756
448 760
448 766
448 772
448 774
448 775
448 776
448 779
448 782
448 786
448 788
448 789
448 793
449 481
449 484
449 489
449 491
449 494
449 496
449 499
449 502
449 503
449 504
449 508
449 510
449 514
449 516
449 517
449 518
449 521
449 525
449 526
449 532
449 538
449 546
449 548
449 556
449 559
449 560
449 562
449 568
449 569
449 570
449 573
449 576
449 577
449 580
449 581
449 585
449 588
449 589
449 595
449 601
449 603
449 609
449 615
449 626
449 632
449 633
449 647
449 649
449 650
449 652
449 661
449 662
449 663
449 665
449 673
449 676
449 678
449 686
449 700
449 702
449 703
449 709
449 715
449 718
449 725
449 731
449 732
449 737
449 739
449 745
449 759
449 760
449 762
449 765
449 767
449 772
449 773
449 776
449 778
449 782
449 786
449 799
449 800
450 485
450 486
450 489
450 492
450 495
450 498
450 499
450 503
450 505
450 508
450 513
450 514
450 519
450 521
450 522
450 524
450 525
450 527
450 529
450 531
450 538
450 541
450 547
450 548
450 550
450 555
450 557
450 563
450 564
450 570
450 577
450 582
450 590
450 591
450 592
450 593
450 595
450 609
450 613
450 619
450 621
450 623
450 626
450 635
450 639
450 640
450 641
450 642
450 644
450 648
450 650
450 652
450 654
450 656
450 657
450 658
450 664
450 666
450 668
450 671
450 673
450 674
450 675
450 676
450 677
450 682
450 684
450 694
450 697
450 698
450 706
450 712
450 713
450 714
450 715
450 716
450 718
450 726
450 727
450 731
450 734
450 742
450 743
450 752
450 757
450 760
450 761
450 762
450 769
450 772
450 777
450 779
450 784
450 785
450 789
450 790
450 792
450 794
450 795
450 797
450 798
450 799
451 481
451 482
451 484
451 485
451 487
451 488
451 489
451 494
451 496
451 497
451 498
451 505
451 507
451 508
451 513
451 514
451 517
451 523
451 527
451 532
451 538
451 541
451 551
451 552
451 557
451 560
451 562
451 567
451 569
451 570
451 571
451 573
451 576
451 577
451 587
451 588
451 593
451 595
451 596
451 597
451 598
451 600
451 601
451 603
451 604
451 605
451 606
451 607
451 611
451 614
451 615
451 616
451 621
451 629
451 633
451 635
451 636
451 641
451 642
451 649
451 650
451 653
451 657
451 659
451 660
451 662
451 663
451 666
451 667
451 669
451 673
451 674
451 678
451 688
451 694
451 696
451 703
451 705
451 709
451 715
451 718
451 722
451 724
451 725
451 730
451 733
451 735
451 740
451 741
451 742
451 747
451 752
451 756
451 760
451 763
451 765
451 766
451 773
451 774
451 784
451 789
451 791
451 796
452 489
452 491
452 495
452 501
452 502
452 503
452 504
452 505
452 508
452 510
452 519
452 522
452 526
452 527
452 528
452 537
452 538
452 551
452 556
452 562
452 564
452 570
452 579
452 581
452 586
452 587
452 590
452 591
452 601
452 602
452 603
452 610
452 612
452 614
452 616
452 618
452 619
452 627
452 633
452 635
452 640
452 647
452 651
452 662
452 663
452 664
452 666
452 668
452 669
452 676
452 677
452 678
452 679
452 702
452 703
452 704
452 710
452 711
452 714
452 716
452 717
452 718
452 719
452 722
452 723
452 729
452 730
452 731
452 737
452 738
452 739
452 741
452 748
452 755
452 756
452 760
452 763
452 764
452 765
452 769
452 772
452 774
452 780
452 783
452 785
452 797
453 481
453 483
453 485
453 489
453 490
453 494
453 496
453 504
453 509
453 512
453 516
453 518
453 520
453 521
453 523
453 527
453 533
453 540
453 545
453 551
453 552
453 555
453 558
453 561
453 562
453 564
453 571
453 575
453 576
453 583
453 585
453 590
453 593
453 595
453 598
453 600
453 601
453 602
453 605
453 606
453 620
453 621
453 623
453 625
453 632
453 633
453 639
453 640
453 652
453 654
453 658
453 662
453 663
453 665
453 668
453 669
453 672
453 673
453 675
453 679
453 692
453 693
453 696
453 697
453 704
453 706
453 710
453 716
453 718
453 721
453 727
453 731
453 736
453 741
453 743
453 745
453 748
453 749
453 752
453 756
453 759
453 760
453 763
453 772
453 775
453 780
453 782
453 787
453 789
453 790
453 793
453 795
453 799
453 800
454 481
454 488
454 493
454 504
454 507
454 510
454 512
454 514
454 517
454 521
454 523
454 529
454 530
454 537
454 542
454 543
454 546
454 548
454 549
454 555
454 560
454 561
454 563
454 564
454 569
454 572
454 573
454 575
454 576
454 579
454 580
454 581
454 583
454 588
454 589
454 591
454 596
454 599
454 603
454 604
454 609
454 612
454 613
454 618
454 620
454 625
454 628
454 630
454 638
454 646
454 647
454 649
454 650
454 653
454 656
454 660
454 667
454 669
454 673
454 679
454 680
454 681
454 684
454 688
454 692
454 696
454 701
454 707
454 710
454 711
454 712
454 715
454 717
454 718
454 719
454 720
454 723
454 724
454 727
454 730
454 734
454 735
454 742
454 748
454 751
454 753
454 754
454 755
454 756
454 763
454 765
454 766
454 769
454 770
454 771
454 784
454 785
454 787
454 792
454 793
454 794
454 796
454 799
454 800
455 484
455 495
455 499
455 502
455 505
455 506
455 509
455 512
455 513
455 520
455 524
455 526
455 528
455 530
455 532
455 534
455 536
455 537
455 538
455 546
455 557
455 558
455 559
455 563
455 569
455 572
455 578
455 579
455 580
455 582
455 584
455 586
455 590
455 593
455 594
455 596
455 617
455 618
455 621
455 624
455 629
455 632
455 642
455 648
455 649
455 658
455 662
455 664
455 669
455 691
455 693
455 696
455 698
455 700
455 702
455 709
455 719
455 726
455 730
455 736
455 737
455 744
455 746
455 755
455 756
455 757
455 759
455 764
455 767
455 770
455 771
455 774
455 776
455 786
455 788
455 791
455 792
455 793
455 796
455 797
455 799
456 493
456 495
456 497
456 504
456 507
456 517
456 518
456 521
456 526
456 528
456 538
456 541
456 547
456 553
456 555
456 557
456 562
456 563
456 565
456 566
456 567
456 573
456 574
456 576
456 588
456 591
456 592
456 594
456 595
456 598
456 603
456 616
456 617
456 620
456 622
456 627
456 628
456 632
456 635
456 644
456 645
456 647
456 652
456 653
456 655
456 661
456 662
456 666
456 667
456 671
456 674
456 675
456 677
456 683
456 691
456 695
456 699
456 706
456 707
456 710
456 713
456 714
456 715
456 720
456 723
456 726
456 732
456 735
456 736
456 742
456 743
456 744
456 745
456 750
456 754
456 756
456 766
456 768
456 769
456 773
456 776
456 777
456 779
456 780
456 784
456 785
456 788
456 789
456 794
456 797
457 487
457 491
457 493
457 497
457 502
457 504
457 505
457 506
457 513
457 518
457 519
457 520
457 522
457 539
457 540
457 542
457 545
457 546
457 561
457 564
457 572
457 576
457 578
457 579
457 584
457 598
457 599
457 601
457 605
457 606
457 608
457 620
457 625
457 626
457 629
457 636
457 637
457 639
457 644
457 645
457 651
457 653
457 656
457 674
457 680
457 681
457 684
457 687
457 689
457 695
457 696
457 699
457 704
457 706
457 711
457 714
457 719
457 720
457 721
457 726
457 733
457 742
457 746
457 748
457 750
457 752
457 754
457 765
457 774
457 775
457 776
457 778
457 780
457 782
457 783
457 786
457 790
457 791
457 797
457 798
458 482
458 484
458 485
458 498
458 504
458 509
458 510
458 511
458 512
458 514
458 523
458 527
458 528
458 530
458 532
458 534
458 535
458 536
458 537
458 538
458 542
458 544
458 545
458 547
458 555
458 562
458 566
458 567
458 568
458 571
458 572
458 577
458 578
458 586
458 592
458 594
458 596
458 602
458 604
458 606
458 607
458 608
458 609
458 613
458 620
458 621
458 623
458 626
458 633
458 635
458 638
458 639
458 651
458 653
458 654
458 657
458 664
458 665
458 666
458 668
458 673
458 680
458 683
458 684
458 685
458 686
458 693
458 698
458 701
458 703
458 712
458 714
458 717
458 719
458 725
458 728
458 735
458 736
458 743
458 744
458 745
458 746
458 752
458 755
458 760
458 763
458 766
458 768
458 772
458 778
458 779
458 787
458 790
458 791
458 792
458 796
458 798
459 483
459 484
459 487
459 489
459 490
459 494
459 496
459 497
459 499
459 502
459 506
459 508
459 509
459 512
459 520
459 524
459 526
459 527
459 528
459 529
459 532
459 535
459 546
459 548
459 550
459 558
459 565
459 567
459 568
459 571
459 574
459 577
459 580
459 581
459 585
459 587
459 590
459 592
459 598
459 599
459 600
459 601
459 603
459 606
459 610
459 613
459 615
459 619
459 631
459 634
459 636
459 643
459 644
459 647
459 658
459 660
459 661
459 663
459 664
459 665
459 666
459 668
459 669
459 671
459 672
459 675
459 676
459 677
459 678
459 680
459 682
459 683
459 686
459 690
459 692
459 693
459 695
459 697
459 698
459 699
459 700
459 704
459 710
459 711
459 713
459 718
459 721
459 725
459 731
459 735
459 748
459 752
459 753
459 758
459 764
459 772
459 776
459 777
459 785
459 788
459 789
459 792
459 796
460 483
460 484
460 486
460 487
460 488
460 489
460 490
460 499
460 501
460 502
460 507
460 510
460 512
460 513
460 518
460 519
460 529
460 532
460 534
460 537
460 540
460 541
460 543
460 547
460 551
460 557
460 558
460 562
460 566
460 567
460 568
460 569
460 577
460 578
460 579
460 580
460 581
460 589
460 590
460 591
460 593
460 596
460 598
460 602
460 605
460 609
460 611
460 612
460 613
460 615
460 621
460 636
460 639
460 642
460 653
460 654
460 659
460 660
460 661
460 663
460 674
460 675
460 678
460 682
460 685
460 688
460 693
460 694
460 696
460 708
460 709
460 711
460 716
460 718
460 722
460 725
460 727
460 729
460 732
460 733
460 743
460 748
460 749
460 753
460 759
460 760
460 761
460 762
460 763
460 775
460 781
460 786
460 793
460 795
460 799
461 489
461 500
461 511
461 512
461 516
461 519
461 520
461 521
461 523
461 524
461 530
461 534
461 537
461 541
461 542
461 549
461 550
461 554
461 556
461 564
461 565
461 566
461 569
461 572
461 576
461 582
461 584
461 586
461 589
461 592
461 596
461 600
461 605
461 611
461 612
461 613
461 614
461 624
461 625
461 627
461 628
461 630
461 633
461 634
461 635
461 638
461 640
461 650
461 654
461 661
461 665
461 667
461 671
461 676
461 677
461 683
461 687
461 690
461 692
461 695
461 700
461 705
461 710
461 714
461 715
461 716
461 717
461 735
461 739
461 743
461 749
461 753
461 754
461 758
461 763
461 764
461 768
461 771
461 774
461 775
461 776
461 777
461 779
461 785
461 786
461 787
461 790
461 796
461 797
461 798
461 799
462 488
462 493
462 496
462 497
462 499
462 500
462 502
462 513
462 515
462 525
462 527
462 535
462 536
462 550
462 556
462 567
462 568
462 573
462 574
462 577
462 584
462 589
462 597
462 607
462 614
462 623
462 630
462 634
462 636
462 637
462 643
462 648
462 650
462 652
462 655
462 656
462 659
462 664
462 666
462 669
462 671
462 672
462 676
462 678
462 693
462 697
462 701
462 705
462 709
462 710
462 711
462 713
462 720
462 722
462 727
462 731
462 733
462 741
462 743
462 746
462 747
462 752
462 753
462 759
462 766
462 769
462 775
462 777
462 779
462 782
462 783
462 787
462 791
462 798
462 799
462 800
463 487
463 489
463 492
463 493
463 494
463 505
463 508
463 512
463 516
463 517
463 521
463 522
463 526
463 527
463 532
463 533
463 534
463 535
463 539
463 541
463 545
463 546
463 547
463 550
463 551
463 554
463 555
463 559
463 561
463 566
463 567
463 568
463 572
463 575
463 576
463 582
463 585
463 597
463 598
463 599
463 602
463 603
463 606
463 609
463 610
463 622
463 627
463 629
463 631
463 643
463 646
463 650
463 652
463 655
463 658
463 659
463 660
463 685
463 689
463 697
463 704
463 708
463 710
463 716
463 717
463 719
463 720
463 721
463 722
463 727
463 728
463 729
463 732
463 735
463 740
463 746
463 750
463 763
463 765
463 766
463 776
463 778
463 779
463 781
463 786
463 787
463 788
463 790
463 795
463 796
464 481
464 482
464 485
464 490
464 496
464 497
464 500
464 503
464 505
464 509
464 516
464 520
464 522
464 525
464 526
464 527
464 531
464 536
464 538
464 552
464 553
464 561
464 565
464 567
464 571
464 574
464 576
464 581
464 582
464 589
464 593
464 594
464 600
464 605
464 607
464 612
464 614
464 616
464 617
464 620
464 621
464 622
464 623
464 627
464 633
464 636
464 640
464 643
464 645
464 650
464 653
464 655
464 657
464 660
464 662
464 663
464 664
464 665
464 667
464 671
464 672
464 675
464 679
464 684
464 696
464 699
464 701
464 703
464 704
464 705
464 711
464 715
464 717
464 731
464 733
464 741
464 742
464 744
464 750
464 754
464 755
464 756
464 758
464 768
464 769
464 773
464 776
464 778
464 779
464 785
464 795
464 798
464 799
464 800
465 486
465 490
465 494
465 498
465 499
465 504
465 510
465 517
465 519
465 525
465 526
465 529
465 530
465 535
465 536
465 537
465 541
465 543
465 550
465 560
465 561
465 564
465 567
465 568
465 570
465 571
465 574
465 580
465 586
465 587
465 589
465 595
465 601
465 603
465 609
465 610
465 612
465 618
465 623
465 624
465 625
465 626
465 627
465 628
465 630
465 632
465 634
465 636
465 645
465 647
465 648
465 649
465 659
465 663
465 664
465 666
465 670
465 673
465 680
465 682
465 683
465 685
465 705
465 707
465 712
465 714
465 718
465 720
465 728
465 732
465 736
465 737
465 755
465 760
465 764
465 765
465 766
465 772
465 774
465 775
465 778
465 782
465 786
465 797
465 799
466 491
466 499
466 500
466 502
466 504
466 505
466 507
466 511
466 513
466 515
466 519
466 524
466 536
466 537
466 539
466 546
466 550
466 553
466 555
466 556
466 564
466 565
466 567
466 569
466 572
466 574
466 576
466 581
466 585
466 588
466 594
466 597
466 599
466 615
466 616
466 620
466 621
466 623
466 629
466 634
466 636
466 638
466 641
466 645
466 646
466 648
466 652
466 654
466 657
466 659
466 660
466 664
466 666
466 667
466 669
466 674
466 680
466 681
466 684
466 691
466 692
466 694
466 695
466 701
466 704
466 706
466 707
466 709
466 720
466 724
466 733
466 736
466 739
466 742
466 745
466 750
466 753
466 756
466 761
466 763
466 765
466 768
466 770
466 771
466 773
466 776
466 777
466 779
466 780
466 783
466 788
466 789
466 790
466 795
466 798
467 483
467 484
467 487
467 489
467 490
467 495
467 497
467 503
467 506
467 508
467 517
467 519
467 531
467 532
467 533
467 534
467 540
467 541
467 542
467 543
467 545
467 546
467 547
467 548
467 550
467 553
467 555
467 557
467 560
467 565
467 567
467 569
467 574
467 575
467 579
467 580
467 581
467 583
467 586
467 595
467 602
467 603
467 606
467 611
467 612
467 615
467 616
467 623
467 625
467 631
467 634
467 635
467 636
467 638
467 641
467 643
467 645
467 646
467 649
467 650
467 653
467 656
467 657
467 660
467 661
467 663
467 664
467 667
467 670
467 672
467 673
467 675
467 677
467 678
467 685
467 686
467 687
467 692
467 696
467 698
467 700
467 703
467 708
467 709
467 712
467 715
467 718
467 719
467 721
467 723
467 725
467 732
467 736
467 742
467 744
467 753
467 756
467 771
467 780
467 781
467 784
467 785
467 786
467 787
467 791
467 792
467 794
467 798
467 800
468 483
468 485
468 489
468 492
468 494
468 499
468 500
468 501
468 502
468 503
468 506
468 512
468 514
468 526
468 530
468 533
468 538
468 545
468 546
468 548
468 549
468 554
468 556
468 562
468 564
468 568
468 572
468 578
468 579
468 582
468 584
468 585
468 586
468 593
468 596
468 598
468 600
468 603
468 604
468 607
468 609
468 611
468 614
468 615
468 616
468 617
468 619
468 620
468 625
468 628
468 631
468 634
468 638
468 641
468 643
468 648
468 649
468 651
468 655
468 657
468 658
468 659
468 660
468 669
468 670
468 673
468 676
468 678
468 680
468 684
468 686
468 687
468 693
468 694
468 696
468 697
468 699
468 701
468 715
468 717
468 718
468 720
468 722
468 727
468 728
468 735
468 736
468 738
468 739
468 742
468 743
468 747
468 753
468 755
468 767
468 768
468 771
468 773
468 778
468 781
468 787
468 793
468 800
469 482
469 487
469 489
469 493
469 498
469 500
469 502
469 504
469 506
469 507
469 509
469 515
469 516
469 517
469 519
469 524
469 525
469 526
469 531
469 536
469 540
469 542
469 543
469 546
469 547
469 550
469 551
469 557
469 559
469 560
469 563
469 567
469 568
469 572
469 573
469 574
469 577
469 586
469 587
469 592
469 593
469 594
469 598
469 605
469 606
469 607
469 613
469 621
469 622
469 626
469 631
469 637
469 647
469 657
469 658
469 659
469 660
469 663
469 665
469 681
469 683
469 692
469 699
469 705
469 706
469 708
469 716
469 722
469 723
469 725
469 731
469 734
469 736
469 742
469 745
469 747
469 748
469 749
469 750
469 756
469 763
469 766
469 769
469 771
469 773
469 775
469 776
469 777
469 780
469 783
469 784
469 789
469 795
469 796
469 797
469 800
470 481
470 482
470 483
470 490
470 491
470 492
470 495
470 497
470 503
470 504
470 505
470 511
470 516
470 517
470 518
470 528
470 533
470 535
470 540
470 542
470 543
470 544
470 546
470 549
470 555
470 559
470 561
470 563
470 564
470 570
470 571
470 572
470 574
470 575
470 583
470 589
470 590
470 593
470 597
470 605
470 606
470 609
470 615
470 616
470 624
470 625
470 632
470 640
470 641
470 644
470 647
470 649
470 656
470 657
470 661
470 667
470 668
470 670
470 671
470 672
470 677
470 681
470 685
470 688
470 690
470 697
470 699
470 703
470 711
470 714
470 717
470 718
470 725
470 726
470 727
470 731
470 734
470 737
470 740
470 745
470 746
470 749
470 750
470 751
470 756
470 758
470 760
470 761
470 766
470 767
470 770
470 772
470 775
470 777
470 779
470 784
470 785
470 789
470 793
470 795
470 797
471 481
471 482
471 486
471 493
471 495
471 498
471 501
471 502
471 503
471 505
471 506
471 508
471 509
471 511
471 518
471 520
471 521
471 526
471 528
471 529
471 532
471 538
471 549
471 551
471 552
471 553
471 556
471 561
471 566
471 569
471 570
471 571
471 572
471 580
471 584
471 588
471 591
471 593
471 599
471 600
471 606
471 610
471 611
471 615
471 618
471 620
471 623
471 624
471 627
471 630
471 631
471 632
471 637
471 640
471 641
471 646
471 647
471 649
471 651
471 657
471 658
471 660
471 663
471 667
471 668
471 672
471 675
471 681
471 685
471 686
471 689
471 692
471 693
471 696
471 697
471 699
471 705
471 707
471 710
471 713
471 715
471 719
471 721
471 723
471 730
471 742
471 747
471 751
471 755
471 759
471 760
471 769
471 771
471 775
471 785
471 787
471 788
471 791
471 792
471 795
471 796
471 797
472 483
472 485
472 486
472 487
472 488
472 489
472 490
472 498
472 499
472 502
472 507
472 513
472 518
472 519
472 525
472 526
472 528
472 530
472 542
472 543
472 553
472 556
472 559
472 563
472 565
472 566
472 569
472 570
472 572
472 577
472 579
472 583
472 586
472 593
472 595
472 598
472 601
472 604
472 610
472 615
472 620
472 622
472 624
472 626
472 628
472 643
472 650
472 655
472 661
472 663
472 666
472 669
472 673
472 674
472 675
472 683
472 686
472 688
472 689
472 697
472 700
472 701
472 702
472 704
472 709
472 710
472 715
472 717
472 718
472 721
472 729
472 730
472 742
472 748
472 753
472 758
472 762
472 763
472 773
472 776
472 780
472 786
472 790
472 794
473 486
473 488
473 490
473 491
473 492
473 494
473 497
473 500
473 507
473 510
473 520
473 526
473 535
473 543
473 553
473 559
473 562
473 567
473 572
473 573
473 580
473 591
473 594
473 597
473 598
473 601
473 605
473 607
473 625
473 627
473 629
473 631
473 632
473 634
473 636
473 638
473 642
473 645
473 650
473 654
473 658
473 659
473 660
473 662
473 670
473 673
473 674
473 675
473 676
473 688
473 699
473 705
473 708
473 712
473 717
473 725
473 726
473 727
473 732
473 733
473 738
473 739
473 742
473 743
473 748
473 749
473 754
473 756
473 757
473 758
473 763
473 764
473 768
473 770
473 771
473 772
473 775
473 777
473 779
473 781
473 782
473 785
473 791
473 792
473 793
473 795
474 487
474 490
474 492
474 493
474 496
474 499
474 504
474 508
474 512
474 513
474 514
474 518
474 522
474 525
474 527
474 534
474 538
474 543
474 547
474 550
474 551
474 552
474 554
474 560
474 562
474 563
474 564
474 571
474 579
474 585
474 587
474 588
474 589
474 590
474 595
474 596
474 597
474 600
474 602
474 604
474 607
474 614
474 619
474 630
474 637
474 641
474 642
474 643
474 645
474 646
474 647
474 651
474 652
474 653
474 654
474 655
474 656
474 659
474 662
474 663
474 664
474 665
474 670
474 673
474 676
474 681
474 682
474 686
474 690
474 694
474 696
474 697
474 698
474 700
474 707
474 710
474 714
474 717
474 721
474 723
474 725
474 726
474 728
474 734
474 737
474 738
474 740
474 741
474 743
474 744
474 756
474 757
474 758
474 771
474 772
474 773
474 776
474 777
474 779
474 785
474 786
474 793
474 794
474 798
474 800
475 481
475 483
475 488
475 494
475 499
475 500
475 502
475 509
475 513
475 528
475 532
475 534
475 535
475 545
475 549
475 550
475 553
475 557
475 569
475 571
475 576
475 582
475 583
475 586
475 589
475 590
475 592
475 595
475 596
475 599
475 602
475 606
475 609
475 611
475 613
475 614
475 615
475 618
475 623
475 624
475 627
475 628
475 633
475 636
475 638
475 645
475 649
475 650
475 653
475 654
475 656
475 664
475 665
475 667
475 669
475 670
475 672
475 675
475 676
475 677
475 679
475 680
475 683
475 684
475 685
475 686
475 692
475 699
475 710
475 717
475 718
475 725
475 727
475 728
475 731
475 739
475 741
475 745
475 762
475 764
475 765
475 770
475 772
475 774
475 779
475 780
475 782
475 784
475 785
475 788
475 789
475 791
475 792
475 794
475 795
476 481
476 485
476 488
476 490
476 491
476 493
476 497
476 503
476 514
476 518
476 531
476 533
476 539
476 540
476 542
476 544
476 551
476 554
476 559
476 560
476 567
476 575
476 578
476 580
476 581
476 583
476 587
476 592
476 599
476 603
476 604
476 609
476 610
476 611
476 612
476 613
476 615
476 619
476 624
476 626
476 628
476 637
476 639
476 640
476 647
476 648
476 654
476 656
476 659
476 663
476 664
476 671
476 672
476 679
476 680
476 684
476 686
476 691
476 694
476 695
476 697
476 699
476 700
476 703
476 704
476 705
476 714
476 721
476 723
476 731
476 732
476 736
476 740
476 741
476 742
476 746
476 748
476 749
476 750
476 751
476 754
476 758
476 759
476 761
476 766
476 770
476 771
476 772
476 774
476 781
476 786
476 787
476 788
476 789
476 790
476 791
476 793
476 795
476 798
476 800
477 485
477 486
477 488
477 490
477 494
477 495
477 496
477 497
477 499
477 500
477 501
477 506
477 509
477 513
477 514
477 530
477 531
477 533
477 537
477 538
477 539
477 546
477 547
477 551
477 552
477 553
477 557
477 558
477 560
477 569
477 574
477 575
477 579
477 582
477 585
477 588
477 594
477 595
477 597
477 601
477 605
477 607
477 612
477 624
477 628
477 629
477 635
477 642
477 649
477 650
477 653
477 656
477 659
477 661
477 666
477 669
477 673
477 675
477 678
477 679
477 683
477 685
477 690
477 699
477 702
477 705
477 706
477 709
477 714
477 715
477 716
477 719
477 720
477 733
477 735
477 745
477 751
477 755
477 756
477 757
477 758
477 762
477 767
477 771
477 773
477 776
477 777
477 781
477 782
477 786
477 787
477 788
477 789
477 790
477 792
477 799
478 481
478 482
478 495
478 499
478 502
478 504
478 508
478 509
478 513
478 515
478 518
478 521
478 524
478 528
478 537
478 545
478 546
478 548
478 549
478 550
478 552
478 563
478 580
478 581
478 590
478 593
478 594
478 596
478 601
478 604
478 607
478 608
478 610
478 614
478 624
478 626
478 627
478 629
478 633
478 634
478 635
478 636
478 654
478 655
478 658
478 659
478 663
478 664
478 666
478 672
478 678
478 682
478 684
478 687
478 695
478 697
478 698
478 703
478 712
478 715
478 716
478 717
478 724
478 727
478 728
478 734
478 738
478 740
478 741
478 742
478 744
478 747
478 752
478 761
478 764
478 767
478 768
478 776
478 777
478 778
478 782
478 783
478 784
478 791
479 481
479 482
479 485
479 488
479 495
479 499
479 500
479 502
479 505
479 507
479 511
479 517
479 520
479 524
479 525
479 533
479 545
479 546
479 547
479 552
479 555
479 556
479 561
479 562
479 574
479 575
479 581
479 582
479 586
479 587
479 596
479 601
479 606
479 612
479 618
479 619
479 620
479 625
479 630
479 631
479 633
479 637
479 641
479 642
479 644
479 647
479 650
479 652
479 654
479 657
479 658
479 660
479 662
479 675
479 679
479 680
479 681
479 687
479 692
479 693
479 696
479 706
479 707
479 708
479 714
479 715
479 718
479 720
479 722
479 725
479 731
479 734
479 740
479 745
479 750
479 758
479 764
479 768
479 769
479 771
479 772
479 778
479 784
479 785
479 791
480 481
480 489
480 491
480 504
480 505
480 511
480 519
480 520
480 521
480 522
480 526
480 531
480 536
480 538
480 540
480 543
480 545
480 548
480 551
480 552
480 553
480 554
480 557
480 560
480 562
480 571
480 572
480 574
480 576
480 577
480 578
480 579
480 581
480 584
480 589
480 598
480 609
480 610
480 611
480 614
480 615
480 617
480 618
480 623
480 626
480 627
480 630
480 633
480 635
480 641
480 642
480 647
480 649
480 653
480 656
480 660
480 661
480 665
480 672
480 676
480 680
480 681
480 684
480 686
480 688
480 692
480 693
480 696
480 697
480 701
480 706
480 709
480 716
480 718
480 722
480 724
480 725
480 732
480 733
480 734
480 737
480 738
480 742
480 745
480 748
480 754
480 758
480 762
480 772
480 773
480 774
480 779
480 780
480 783
480 788
480 789
480 790
480 791
480 792
480 798
480 800
481 561
481 566
481 568
481 578
481 580
481 582
481 584
481 586
481 587
481 588
481 589
481 593
481 594
481 595
481 600
481 603
481 608
481 609
481 612
481 614
481 622
481 627
481 631
481 633
481 639
481 650
481 654
481 657
481 658
481 660
481 670
481 676
481 677
481 681
481 683
481 687
481 695
481 696
481 705
481 713
481 716
481 722
481 724
481 731
481 732
481 736
481 738
481 740
481 742
481 743
481 752
481 755
481 756
481 757
481 762
481 763
481 769
481 772
481 773
481 782
481 785
481 795
481 798
481 799
482 563
482 565
482 569
482 573
482 575
482 576
482 592
482 595
482 600
482 610
482 611
482 613
482 615
482 616
482 618
482 620
482 621
482 631
482 634
482 636
482 637
482 640
482 643
482 644
482 658
482 662
482 664
482 668
482 681
482 682
482 689
482 692
482 694
482 695
482 697
482 703
482 705
482 712
482 713
482 718
482 719
482 723
482 728
482 738
482 743
482 746
482 747
482 752
482 756
482 761
482 770
482 773
482 776
482 780
482 784
482 785
482 794
483 564
483 572
483 575
483 578
483 581
483 585
483 593
483 600
483 601
483 606
483 607
483 608
483 610
483 617
483 619
483 630
483 633
483 638
483 640
483 642
483 646
483 648
483 653
483 654
483 660
483 664
483 665
483 667
483 671
483 673
483 680
483 681
483 691
483 709
483 711
483 712
483 718
483 726
483 729
483 736
483 737
483 743
483 748
483 753
483 755
483 757
483 759
483 762
483 763
483 764
483 768
483 770
483 771
483 781
483 782
483 783
483 790
484 562
484 563
484 566
484 567
484 570
484 575
484 576
484 582
484 591
484 592
484 595
484 597
484 602
484 606
484 608
484 609
484 611
484 615
484 621
484 622
484 624
484 627
484 628
484 633
484 634
484 636
484 637
484 642
484 648
484 651
484 653
484 655
484 662
484 665
484 666
484 667
484 668
484 671
484 674
484 675
484 676
484 678
484 679
484 680
484 686
484 687
484 697
484 699
484 702
484 703
484 706
484 708
484 711
484 722
484 726
484 728
484 736
484 737
484 738
484 739
484 742
484 748
484 751
484 757
484 761
484 765
484 766
484 771
484 772
484 774
484 777
484 784
484 789
484 791
484 794
484 799
484 800
485 569
485 570
485 571
485 580
485 581
485 582
485 585
485 590
485 592
485 600
485 603
485 608
485 609
485 614
485 616
485 618
485 619
485 625
485 626
485 627
485 628
485 630
485 632
485 636
485 637
485 639
485 641
485 642
485 646
485 647
485 650
485 652
485 657
485 663
485 666
485 669
485 670
485 673
485 679
485 681
485 686
485 688
485 704
485 707
485 708
485 713
485 714
485 719
485 720
485 724
485 725
485 726
485 730
485 733
485 739
485 740
485 748
485 753
485 755
485 758
485 771
485 772
485 776
485 782
485 784
485 785
485 789
485 792
485 793
485 796
485 797
486 566
486 573
486 576
486 579
486 585
486 591
486 595
486 597
486 598
486 599
486 607
486 608
486 620
486 625
486 626
486 627
486 629
486 631
486 633
486 634
486 637
486 647
486 648
486 650
486 651
486 652
486 653
486 654
486 659
486 670
486 673
486 676
486 682
486 687
486 688
486 689
486 692
486 694
486 697
486 699
486 701
486 702
486 703
486 705
486 709
486 710
486 711
486 720
486 729
486 730
486 737
486 742
486 743
486 745
486 749
486 754
486 755
486 759
486 763
486 765
486 783
486 786
486 787
486 793
486 797
487 563
487 570
487 572
487 576
487 580
487 585
487 587
487 588
487 590
487 591
487 597
487 598
487 600
487 601
487 609
487 613
487 615
487 616
487 622
487 625
487 627
487 631
487 633
487 637
487 646
487 648
487 650
487 653
487 654
487 657
487 658
487 659
487 660
487 662
487 663
487 664
487 666
487 670
487 671
487 673
487 676
487 677
487 679
487 683
487 686
487 689
487 691
487 692
487 693
487 698
487 705
487 712
487 716
487 717
487 719
487 734
487 738
487 745
487 747
487 749
487 754
487 756
487 757
487 761
487 771
487 772
487 775
487 779
487 786
487 787
487 796
487 798
487 799
488 562
488 564
488 567
488 569
488 574
488 577
488 578
488 579
488 580
488 581
488 582
488 588
488 589
488 594
488 595
488 597
488 601
488 607
488 611
488 616
488 619
488 620
488 621
488 623
488 626
488 627
488 630
488 633
488 634
488 641
488 647
488 652
488 653
488 655
488 660
488 665
488 666
488 667
488 668
488 676
488 677
488 679
488 682
488 685
488 686
488 687
488 694
488 695
488 698
488 704
488 708
488 711
488 713
488 714
488 716
488 718
488 719
488 721
488 722
488 724
488 725
488 727
488 729
488 730
488 733
488 734
488 738
488 740
488 744
488 745
488 747
488 749
488 751
488 755
488 756
488 757
488 759
488 761
488 767
488 770
488 773
488 779
488 781
488 782
488 784
488 788
488 790
488 792
488 795
488 796
488 797
488 799
489 561
489 562
489 568
489 569
489 575
489 578
489 582
489 587
489 590
489 595
489 596
489 601
489 602
489 604
489 608
489 609
489 614
489 622
489 625
489 626
489 627
489 630
489 631
489 637
489 642
489 645
489 647
489 650
489 651
489 652
489 654
489 656
489 658
489 659
489 660
489 663
489 673
489 677
489 678
489 682
489 685
489 688
489 689
489 690
489 697
489 698
489 703
489 709
489 711
489 716
489 719
489 720
489 721
489 724
489 728
489 736
489 738
489 739
489 740
489 741
489 749
489 752
489 756
489 757
489 758
489 759
489 761
489 762
489 767
489 770
489 773
489 774
489 775
489 776
489 777
489 780
489 783
489 787
489 789
489 790
489 793
489 798
490 562
490 563
490 571
490 572
490 580
490 581
490 592
490 593
490 600
490 611
490 616
490 617
490 625
490 632
490 636
490 640
490 643
490 645
490 651
490 653
490 655
490 659
490 663
490 664
490 674
490 675
490 676
490 679
490 683
490 684
490 685
490 693
490 694
490 696
490 698
490 701
490 702
490 703
490 709
490 710
490 716
490 728
490 734
490 735
490 741
490 743
490 746
490 750
490 752
490 753
490 757
490 760
490 764
490 766
490 774
490 778
490 779
490 783
490 787
490 789
490 791
490 792
490 796
490 798
490 799
491 562
491 563
491 568
491 570
491 572
491 575
491 576
491 578
491 580
491 581
491 585
491 586
491 592
491 603
491 604
491 612
491 618
491 619
491 626
491 637
491 638
491 639
491 646
491 647
491 656
491 658
491 663
491 664
491 665
491 667
491 672
491 674
491 675
491 676
491 680
491 682
491 683
491 685
491 696
491 698
491 699
491 702
491 703
491 706
491 714
491 715
491 718
491 721
491 727
491 730
491 734
491 735
491 738
491 739
491 742
491 744
491 750
491 758
491 760
491 762
491 763
491 766
491 767
491 768
491 770
491 777
491 778
491 780
491 782
491 789
491 792
491 796
491 799
492 562
492 564
492 574
492 575
492 577
492 579
492 582
492 584
492 585
492 587
492 588
492 591
492 592
492 598
492 601
492 603
492 608
492 612
492 613
492 614
492 616
492 618
492 619
492 622
492 623
492 625
492 630
492 634
492 639
492 640
492 641
492 647
492 652
492 656
492 658
492 660
492 662
492 665
492 668
492 670
492 671
492 672
492 674
492 675
492 676
492 677
492 679
492 683
492 684
492 687
492 692
492 693
492 695
492 698
492 707
492 709
492 713
492 715
492 720
492 721
492 726
492 731
492 735
492 736
492 744
492 747
492 754
492 755
492 761
492 763
492 767
492 768
492 772
492 773
492 774
492 781
492 784
492 785
492 787
492 790
492 793
492 798
492 799
493 573
493 577
493 578
493 582
493 583
493 584
493 591
493 593
493 594
493 597
493 598
493 599
493 601
493 602
493 605
493 606
493 609
493 612
493 633
493 635
493 639
493 641
493 646
493 651
493 654
493 658
493 661
493 673
493 677
493 678
493 681
493 682
493 686
493 693
493 695
493 698
493 699
493 701
493 703
493 712
493 717
493 718
493 720
493 722
493 725
493 727
493 728
493 732
493 735
493 736
493 738
493 739
493 741
493 745
493 748
493 751
493 760
493 765
493 766
493 767
493 773
493 778
493 780
493 783
493 784
493 785
493 787
493 790
493 792
493 799
494 568
494 570
494 573
494 578
494 585
494 590
494 592
494 595
494 597
494 598
494 599
494 611
494 612
494 613
494 616
494 617
494 621
494 624
494 628
494 629
494 633
494 635
494 638
494 639
494 641
494 642
494 643
494 645
494 648
494 649
494 651
494 653
494 656
494 658
494 659
494 664
494 670
494 671
494 674
494 675
494 676
494 677
494 682
494 683
494 686
494 697
494 700
494 717
494 721
494 723
494 726
494 727
494 729
494 730
494 733
494 734
494 741
494 743
494 756
494 757
494 758
494 759
494 760
494 763
494 769
494 772
494 774
494 777
494 780
494 787
494 788
494 789
494 790
494 792
494 793
495 561
495 564
495 566
495 569
495 572
495 575
495 579
495 588
495 592
495 593
495 596
495 600
495 601
495 602
495 605
495 610
495 611
495 613
495 616
495 617
495 627
495 631
495 632
495 640
495 643
495 651
495 652
495 657
495 658
495 663
495 674
495 688
495 690
495 691
495 694
495 696
495 697
495 699
495 700
495 701
495 702
495 712
495 713
495 716
495 719
495 721
495 725
495 729
495 732
495 740
495 741
495 751
495 752
495 753
495 755
495 765
495 766
495 772
495 777
495 778
495 781
495 795
495 797
496 561
496 562
496 565
496 571
496 572
496 580
496 583
496 584
496 586
496 589
496 592
496 602
496 603
496 607
496 609
496 617
496 622
496 626
496 629
496 631
496 635
496 638
496 639
496 641
496 643
496 651
496 652
496 656
496 657
496 659
496 662
496 671
496 675
496 677
496 678
496 679
496 683
496 691
496 698
496 702
496 703
496 704
496 708
496 710
496 711
496 719
496 727
496 731
496 734
496 738
496 739
496 744
496 746
496 747
496 750
496 752
496 758
496 759
496 760
496 763
496 766
496 769
496 771
496 773
496 777
496 779
496 781
496 784
496 788
496 798
496 799
496 800
497 561
497 563
497 564
497 566
497 567
497 568
497 569
497 571
497 572
497 584
497 590
497 591
497 597
497 603
497 605
497 610
497 614
497 622
497 625
497 630
497 633
497 635
497 636
497 639
497 641
497 646
497 649
497 652
497 655
497 657
497 659
497 661
497 668
497 672
497 680
497 682
497 686
497 691
497 698
497 703
497 708
497 710
497 713
497 714
497 716
497 719
497 730
497 732
497 735
497 738
497 739
497 743
497 751
497 752
497 755
497 757
497 762
497 764
497 775
497 777
497 778
497 784
497 785
498 561
498 563
498 565
498 570
498 575
498 578
498 579
498 583
498 585
498 593
498 602
498 603
498 604
498 606
498 611
498 612
498 614
498 615
498 619
498 621
498 622
498 624
498 626
498 628
498 629
498 632
498 633
498 637
498 643
498 644
498 646
498 648
498 649
498 650
498 651
498 652
498 655
498 657
498 660
498 662
498 672
498 674
498 676
498 677
498 680
498 682
498 694
498 695
498 697
498 698
498 699
498 700
498 701
498 711
498 714
498 718
498 725
498 728
498 731
498 732
498 735
498 736
498 741
498 742
498 746
498 750
498 753
498 762
498 766
498 774
498 775
498 778
498 781
498 785
498 787
498 788
498 789
498 793
498 796
498 797
498 798
498 799
498 800
499 563
499 566
499 582
499 583
499 589
499 590
499 592
499 595
499 598
499 599
499 604
499 607
499 608
499 613
499 617
499 618
499 620
499 629
499 630
499 631
499 632
499 633
499 636
499 639
499 641
499 643
499 644
499 645
499 653
499 656
499 660
499 661
499 665
499 668
499 674
499 677
499 680
499 683
499 686
499 687
499 695
499 696
499 697
499 698
499 702
499 712
499 713
499 717
499 718
499 719
499 720
499 732
499 733
499 738
499 741
499 743
499 745
499 746
499 758
499 759
499 761
499 763
499 764
499 765
499 775
499 776
499 777
499 780
499 785
499 786
499 788
499 794
499 797
499 798
500 561
500 563
500 564
500 565
500 569
500 573
500 574
500 576
500 582
500 584
500 587
500 593
500 597
500 598
500 603
500 604
500 607
500 608
500 609
500 611
500 616
500 626
500 627
500 631
500 632
500 633
500 635
500 643
500 649
500 656
500 658
500 660
500 672
500 674
500 678
500 680
500 682
500 685
500 687
500 688
500 690
500 691
500 697
500 703
500 707
500 708
500 709
500 716
500 717
500 724
500 733
500 734
500 736
500 740
500 741
500 747
500 750
500 751
500 757
500 758
500 762
500 765
500 767
500 769
500 776
500 777
500 778
500 779
500 780
500 781
500 784
500 793
500 799
501 562
501 563
501 564
501 565
501 567
501 568
501 569
501 570
501 573
501 576
501 577
501 581
501 584
501 586
501 587
501 600
501 601
501 605
501 613
501 616
501 619
501 623
501 627
501 636
501 640
501 642
501 643
501 648
501 654
501 657
501 662
501 666
501 669
501 670
501 671
501 676
501 679
501 680
501 688
501 692
501 693
501 697
501 702
501 711
501 720
501 723
501 734
501 737
501 739
501 741
501 753
501 757
501 761
501 766
501 768
501 776
501 777
501 778
501 782
501 784
501 786
501 788
501 796
501 799
501 800
502 562
502 570
502 571
502 574
502 575
502 576
502 578
502 581
502 583
502 586
502 587
502 589
502 590
502 591
502 592
502 594
502 597
502 600
502 602
502 604
502 605
502 608
502 609
502 610
502 611
502 613
502 617
502 618
502 623
502 624
502 635
502 636
502 638
502 640
502 644
502 648
502 650
502 651
502 660
502 661
502 663
502 664
502 669
502 670
502 671
502 674
502 677
502 680
502 683
502 684
502 687
502 689
502 691
502 692
502 699
502 700
502 701
502 702
502 703
502 705
502 706
502 710
502 714
502 716
502 723
502 729
502 735
502 737
502 739
502 743
502 746
502 749
502 751
502 753
502 756
502 758
502 760
502 761
502 762
502 764
502 769
502 770
502 774
502 775
502 776
502 777
502 779
502 780
502 784
502 789
502 791
502 793
502 795
502 796
502 799
503 562
503 563
503 564
503 566
503 571
503 577
503 579
503 584
503 586
503 588
503 594
503 598
503 602
503 603
503 609
503 611
503 615
503 619
503 620
503 624
503 625
503 630
503 634
503 635
503 636
503 639
503 645
503 647
503 649
503 651
503 654
503 656
503 661
503 683
503 695
503 697
503 703
503 704
503 710
503 711
503 723
503 725
503 729
503 731
503 736
503 738
503 744
503 746
503 747
503 748
503 753
503 754
503 763
503 766
503 767
503 769
503 773
503 775
503 779
503 783
503 785
503 787
503 789
503 794
503 795
503 796
503 800
504 561
504 575
504 577
504 580
504 582
504 588
504 591
504 593
504 597
504 604
504 608
504 612
504 613
504 615
504 630
504 637
504 639
504 647
504 651
504 656
504 659
504 667
504 676
504 679
504 680
504 682
504 685
504 690
504 691
504 692
504 707
504 709
504 710
504 711
504 712
504 717
504 725
504 728
504 732
504 733
504 741
504 742
504 743
504 753
504 756
504 759
504 764
504 766
504 770
504 771
504 776
504 785
504 793
504 795
504 799
505 565
505 568
505 569
505 570
505 571
505 573
505 574
505 589
505 590
505 594
505 596
505 602
505 605
505 608
505 610
505 611
505 612
505 618
505 626
505 630
505 635
505 637
505 641
505 642
505 644
505 646
505 648
505 649
505 659
505 662
505 665
505 671
505 675
505 676
505 678
505 681
505 683
505 684
505 695
505 697
505 701
505 703
505 705
505 707
505 709
505 711
505 716
505 719
505 724
505 730
505 732
505 741
505 743
505 745
505 752
505 753
505 761
505 762
505 765
505 768
505 771
505 774
505 777
505 778
505 779
505 780
505 781
505 792
505 795
505 799
506 561
506 564
506 566
506 567
506 572
506 580
506 581
506 584
506 588
506 590
506 591
506 606
506 608
506 610
506 611
506 620
506 622
506 624
506 628
506 634
506 647
506 653
506 655
506 661
506 663
506 665
506 669
506 670
506 672
506 673
506 674
506 681
506 685
506 686
506 690
506 691
506 694
506 702
506 705
506 708
506 709
506 710
506 711
506 715
506 718
506 719
506 721
506 726
506 730
506 732
506 736
506 749
506 750
506 752
506 758
506 760
506 763
506 767
506 768
506 770
506 772
506 776
506 781
506 782
506 784
506 787
506 789
506 790
506 792
506 796
506 798
507 561
507 563
507 565
507 571
507 573
507 574
507 576
507 579
507 580
507 583
507 588
507 595
507 596
507 599
507 601
507 602
507 612
507 614
507 618
507 619
507 621
507 623
507 626
507 628
507 629
507 631
507 634
507 638
507 641
507 644
507 650
507 659
507 666
507 667
507 669
507 670
507 671
507 674
507 680
507 683
507 691
507 694
507 700
507 705
507 710
507 711
507 714
507 715
507 717
507 720
507 722
507 724
507 727
507 730
507 731
507 732
507 734
507 737
507 739
507 740
507 743
507 744
507 748
507 750
507 751
507 753
507 756
507 761
507 767
507 768
507 773
507 780
507 781
507 785
507 795
507 797
507 799
508 565
508 566
508 568
508 569
508 571
508 577
508 580
508 582
508 584
508 588
508 595
508 600
508 606
508 609
508 613
508 614
508 617
508 618
508 620
508 621
508 622
508 625
508 627
508 628
508 629
508 630
508 634
508 637
508 639
508 645
508 648
508 649
508 651
508 653
508 657
508 659
508 661
508 664
508 672
508 674
508 676
508 684
508 692
508 699
508 700
508 703
508 708
508 712
508 718
508 720
508 722
508 723
508 729
508 734
508 737
508 740
508 744
508 747
508 749
508 751
508 757
508 758
508 759
508 767
508 771
508 772
508 773
508 774
508 775
508 781
508 782
508 783
508 784
508 785
508 790
508 792
508 793
508 799
508 800
509 561
509 565
509 572
509 580
509 581
509 585
509 588
509 593
509 596
509 597
509 598
509 609
509 619
509 621
509 625
509 626
509 627
509 634
509 635
509 636
509 637
509 639
509 642
509 649
509 651
509 652
509 653
509 654
509 657
509 658
509 659
509 662
509 665
509 679
509 682
509 683
509 685
509 686
509 689
509 690
509 695
509 697
509 699
509 700
509 705
509 706
509 709
509 714
509 715
509 723
509 724
509 726
509 731
509 734
509 736
509 742
509 744
509 749
509 755
509 757
509 759
509 760
509 762
509 764
509 765
509 766
509 768
509 772
509 777
509 783
509 785
509 786
509 787
509 791
510 561
510 562
510 564
510 567
510 569
510 570
510 573
510 575
510 577
510 579
510 580
510 581
510 583
510 585
510 590
510 592
510 594
510 595
510 616
510 619
510 622
510 624
510 626
510 629
510 631
510 635
510 638
510 641
510 644
510 645
510 646
510 650
510 651
510 653
510 654
510 671
510 673
510 675
510 676
510 688
510 693
510 694
510 696
510 698
510 703
510 705
510 707
510 713
510 719
510 725
510 732
510 733
510 740
510 742
510 744
510 748
510 749
510 755
510 759
510 763
510 771
510 774
510 775
510 776
510 777
510 780
510 787
510 791
510 797
510 798
510 799
511 566
511 573
511 575
511 580
511 581
511 582
511 583
511 584
511 587
511 591
511 595
511 596
511 598
511 604
511 605
511 606
511 610
511 611
511 614
511 616
511 618
511 621
511 623
511 625
511 627
511 632
511 634
511 635
511 638
511 640
511 641
511 643
511 645
511 646
511 647
511 651
511 652
511 653
511 657
511 665
511 670
511 671
511 675
511 680
511 682
511 686
511 693
511 694
511 699
511 700
511 706
511 707
511 710
511 711
511 712
511 714
511 715
511 730
511 736
511 737
511 742
511 745
511 748
511 751
511 755
511 757
511 758
511 763
511 764
511 766
511 768
511 773
511 775
511 778
511 779
511 782
511 789
511 791
511 792
511 797
511 799
512 561
512 562
512 565
512 574
512 575
512 577
512 579
512 583
512 584
512 587
512 588
512 589
512 596
512 597
512 598
512 605
512 616
512 618
512 624
512 625
512 629
512 633
512 636
512 641
512 642
512 643
512 645
512 646
512 648
512 655
512 657
512 661
512 669
512 673
512 675
512 676
512 679
512 684
512 685
512 687
512 688
512 690
512 696
512 700
512 709
512 710
512 716
512 717
512 719
512 722
512 723
512 728
512 734
512 740
512 741
512 744
512 751
512 752
512 758
512 761
512 763
512 766
512 769
512 771
512 773
512 777
512 778
512 785
512 786
512 790
512 799
513 563
513 565
513 566
513 567
513 569
513 574
513 580
513 581
513 585
513 592
513 593
513 595
513 596
513 597
513 600
513 602
513 603
513 605
513 613
513 617
513 618
513 619
513 623
513 624
513 629
513 652
513 656
513 659
513 661
513 666
513 667
513 668
513 669
513 674
513 676
513 679
513 680
513 682
513 689
513 690
513 701
513 709
513 714
513 717
513 718
513 720
513 726
513 729
513 731
513 735
513 739
513 740
513 741
513 742
513 744
513 745
513 746
513 748
513 752
513 753
513 757
513 760
513 767
513 769
513 771
513 773
513 774
513 776
513 781
513 782
513 784
513 788
513 793
513 796
513 798
513 799
514 566
514 576
514 581
514 585
514 586
514 593
514 594
514 607
514 609
514 611
514 613
514 618
514 621
514 622
514 626
514 628
514 629
514 631
514 632
514 640
514 642
514 643
514 647
514 653
514 654
514 658
514 661
514 662
514 664
514 665
514 669
514 673
514 680
514 685
514 687
514 688
514 695
514 697
514 701
514 703
514 709
514 713
514 714
514 716
514 718
514 720
514 721
514 722
514 726
514 727
514 729
514 731
514 738
514 739
514 741
514 744
514 745
514 750
514 753
514 754
514 755
514 758
514 759
514 765
514 766
514 769
514 771
514 772
514 775
514 778
514 780
514 783
514 784
514 785
514 786
514 791
514 792
514 797
514 799
514 800
515 562
515 566
515 572
515 580
515 581
515 586
515 587
515 594
515 598
515 599
515 602
515 603
515 604
515 610
515 611
515 612
515 613
515 614
515 617
515 619
515 622
515 626
515 633
515 644
515 652
515 654
515 658
515 660
515 664
515 669
515 678
515 679
515 693
515 701
515 702
515 707
515 713
515 715
515 720
515 723
515 725
515 734
515 736
515 737
515 739
515 745
515 753
515 756
515 758
515 761
515 763
515 767
515 768
515 772
515 774
515 778
515 780
515 783
515 784
515 790
515 793
515 794
515 796
515 798
515 799
516 561
516 566
516 567
516 569
516 571
516 575
516 576
516 577
516 579
516 580
516 592
516 595
516 597
516 598
516 599
516 603
516 605
516 612
516 614
516 616
516 618
516 620
516 627
516 628
516 639
516 647
516 648
516 649
516 651
516 652
516 661
516 664
516 665
516 671
516 673
516 676
516 677
516 680
516 681
516 688
516 689
516 690
516 693
516 698
516 704
516 705
516 710
516 712
516 715
516 718
516 725
516 726
516 730
516 732
516 741
516 749
516 752
516 759
516 761
516 762
516 768
516 772
516 775
516 778
516 779
516 781
516 782
516 788
516 791
516 792
516 793
516 798
516 799
517 564
517 565
517 571
517 572
517 575
517 578
517 580
517 583
517 584
517 585
517 587
517 588
517 589
517 592
517 594
517 598
517 601
517 602
517 603
517 604
517 609
517 610
517 611
517 613
517 617
517 619
517 636
517 638
517 643
517 649
517 654
517 655
517 657
517 661
517 662
517 669
517 677
517 678
517 682
517 685
517 686
517 689
517 693
517 695
517 698
517 706
517 707
517 712
517 715
517 720
517 723
517 726
517 729
517 732
517 736
517 739
517 742
517 744
517 752
517 768
517 770
517 774
517 784
517 786
517 787
517 788
517 792
517 793
517 795
517 800
518 561
518 562
518 564
518 565
518 566
518 568
518 571
518 572
518 575
518 576
518 580
518 586
518 587
518 590
518 591
518 593
518 597
518 600
518 601
518 605
518 606
518 607
518 619
518 623
518 628
518 631
518 637
518 638
518 640
518 642
518 643
518 648
518 653
518 655
518 664
518 669
518 671
518 675
518 678
518 680
518 681
518 683
518 684
518 686
518 688
518 694
518 709
518 712
518 713
518 714
518 715
518 716
518 718
518 720
518 730
518 733
518 742
518 750
518 756
518 758
518 760
518 762
518 763
518 771
518 775
518 778
518 780
518 782
518 784
518 788
518 791
518 793
518 794
518 796
518 797
519 568
519 571
519 583
519 586
519 590
519 591
519 595
519 602
519 609
519 613
519 620
519 624
519 625
519 626
519 633
519 635
519 639
519 640
519 642
519 644
519 647
519 648
519 653
519 659
519 677
519 681
519 689
519 691
519 692
519 695
519 696
519 697
519 699
519 701
519 702
519 709
519 710
519 711
519 715
519 722
519 724
519 727
519 732
519 733
519 737
519 738
519 750
519 751
519 752
519 755
519 762
519 763
519 764
519 765
519 768
519 769
519 772
519 775
519 780
519 783
519 784
519 785
519 787
519 788
519 792
519 796
519 797
520 563
520 568
520 571
520 573
520 577
520 581
520 594
520 595
520 598
520 600
520 601
520 610
520 614
520 618
520 621
520 622
520 626
520 630
520 631
520 636
520 637
520 639
520 640
520 642
520 651
520 656
520 657
520 658
520 660
520 663
520 666
520 667
520 669
520 672
520 673
520 674
520 676
520 678
520 679
520 680
520 683
520 685
520 688
520 690
520 692
520 694
520 698
520 700
520 705
520 706
520 708
520 710
520 712
520 713
520 715
520 717
520 718
520 723
520 729
520 730
520 733
520 734
520 737
520 738
520 739
520 742
520 749
520 751
520 753
520 762
520 763
520 764
520 767
520 769
520 785
520 789
520 793
520 795
520 798
521 565
521 567
521 569
521 571
521 572
521 575
521 576
521 578
521 579
521 583
521 585
521 586
521 587
521 591
521 594
521 595
521 598
521 601
521 604
521 607
521 610
521 616
521 622
521 624
521 626
521 630
521 633
521 636
521 640
521 649
521 655
521 657
521 660
521 667
521 668
521 671
521 672
521 676
521 678
521 680
521 682
521 685
521 689
521 690
521 691
521 692
521 693
521 695
521 700
521 701
521 707
521 708
521 713
521 716
521 721
521 722
521 724
521 725
521 730
521 731
521 734
521 738
521 741
521 742
521 743
521 751
521 752
521 753
521 762
521 766
521 767
521 774
521 778
521 784
521 786
521 788
521 789
521 792
521 799
521 800
522 561
522 565
522 567
522 568
522 575
522 576
522 579
522 580
522 581
522 583
522 586
522 588
522 594
522 599
522 600
522 606
522 613
522 616
522 624
522 630
522 631
522 637
522 642
522 653
522 655
522 656
522 659
522 661
522 669
522 671
522 677
522 685
522 686
522 689
522 690
522 691
522 696
522 699
522 703
522 706
522 708
522 712
522 720
522 722
522 726
522 737
522 746
522 750
522 753
522 755
522 757
522 760
522 762
522 772
522 773
522 776
522 784
522 785
522 788
522 789
522 790
522 793
522 794
522 798
522 800
523 561
523 566
523 574
523 576
523 577
523 579
523 581
523 586
523 587
523 589
523 591
523 593
523 594
523 599
523 602
523 603
523 606
523 615
523 616
523 621
523 622
523 628
523 632
523 634
523 644
523 645
523 646
523 649
523 652
523 653
523 656
523 657
523 658
523 665
523 667
523 669
523 672
523 674
523 675
523 680
523 683
523 686
523 687
523 691
523 697
523 701
523 705
523 708
523 710
523 713
523 716
523 720
523 721
523 722
523 724
523 725
523 729
523 732
523 735
523 743
523 750
523 754
523 757
523 762
523 767
523 771
523 776
523 778
523 781
523 782
523 783
523 785
523 786
523 790
523 799
523 800
524 561
524 565
524 566
524 567
524 568
524 571
524 581
524 582
524 583
524 587
524 589
524 590
524 593
524 594
524 600
524 601
524 603
524 604
524 609
524 610
524 616
524 619
524 621
524 627
524 630
524 639
524 640
524 647
524 651
524 653
524 654
524 655
524 664
524 665
524 666
524 668
524 671
524 674
524 677
524 681
524 684
524 688
524 689
524 690
524 691
524 692
524 698
524 699
524 701
524 702
524 706
524 707
524 711
524 713
524 716
524 718
524 719
524 721
524 724
524 725
524 727
524 736
524 741
524 745
524 747
524 749
524 754
524 756
524 760
524 761
524 762
524 766
524 771
524 773
524 775
524 776
524 777
524 781
524 782
524 787
524 789
524 790
524 793
524 796
524 798
525 564
525 565
525 566
525 569
525 574
525 577
525 579
525 580
525 582
525 584
525 585
525 591
525 593
525 594
525 595
525 597
525 599
525 600
525 602
525 607
525 611
525 612
525 624
525 625
525 631
525 632
525 640
525 642
525 643
525 652
525 655
525 671
525 675
525 676
525 677
525 680
525 681
525 691
525 695
525 696
525 699
525 705
525 706
525 708
525 711
525 714
525 716
525 719
525 722
525 727
525 729
525 733
525 734
525 736
525 737
525 740
525 743
525 745
525 747
525 751
525 754
525 755
525 760
525 771
525 773
525 775
525 778
525 784
525 785
525 786
525 788
526 561
526 576
526 578
526 581
526 583
526 585
526 595
526 597
526 612
526 613
526 617
526 619
526 627
526 634
526 641
526 646
526 651
526 652
526 653
526 654
526 659
526 662
526 668
526 670
526 672
526 674
526 675
526 678
526 680
526 686
526 699
526 700
526 701
526 707
526 708
526 711
526 714
526 720
526 721
526 722
526 724
526 731
526 733
526 736
526 738
526 741
526 746
526 748
526 750
526 751
526 752
526 754
526 760
526 761
526 762
526 763
526 765
526 776
526 778
526 779
526 780
526 781
526 782
526 784
526 785
526 795
526 799
527 562
527 567
527 571
527 574
527 576
527 579
527 587
527 588
527 593
527 595
527 598
527 599
527 602
527 605
527 606
527 613
527 615
527 616
527 628
527 629
527 636
527 637
527 641
527 649
527 652
527 653
527 658
527 659
527 661
527 664
527 668
527 669
527 671
527 672
527 676
527 681
527 690
527 693
527 698
527 703
527 704
527 710
527 712
527 714
527 715
527 719
527 724
527 729
527 734
527 737
527 738
527 740
527 741
527 742
527 743
527 750
527 752
527 754
527 763
527 766
527 770
527 771
527 774
527 775
527 778
527 781
527 789
527 791
527 793
527 798
527 800
528 569
528 570
528 573
528 582
528 585
528 587
528 591
528 596
528 599
528 602
528 604
528 609
528 610
528 616
528 623
528 624
528 625
528 629
528 634
528 641
528 642
528 643
528 648
528 651
528 654
528 655
528 659
528 660
528 661
528 662
528 664
528 666
528 668
528 672
528 677
528 684
528 685
528 686
528 687
528 690
528 693
528 698
528 703
528 707
528 708
528 711
528 712
528 717
528 720
528 721
528 724
528 726
528 727
528 730
528 733
528 735
528 736
528 737
528 738
528 739
528 740
528 742
528 743
528 744
528 752
528 763
528 764
528 765
528 770
528 772
528 778
528 788
528 790
528 791
528 794
529 563
529 564
529 566
529 568
529 570
529 571
529 577
529 579
529 583
529 591
529 598
529 601
529 604
529 611
529 620
529 621
529 624
529 626
529 632
529 639
529 640
529 642
529 643
529 651
529 654
529 655
529 659
529 666
529 669
529 672
529 675
529 677
529 678
529 680
529 684
529 688
529 700
529 704
529 707
529 708
529 716
529 717
529 723
529 733
529 734
529 735
529 739
529 742
529 749
529 751
529 752
529 753
529 757
529 758
529 764
529 765
529 767
529 768
529 772
529 773
529 774
529 776
529 778
529 779
529 780
529 781
529 783
530 564
530 566
530 569
530 575
530 578
530 586
530 589
530 596
530 598
530 599
530 600
530 601
530 608
530 614
530 616
530 621
530 623
530 624
530 625
530 626
530 635
530 646
530 647
530 649
530 650
530 652
530 655
530 658
530 659
530 662
530 664
530 667
530 673
530 675
530 677
530 679
530 685
530 690
530 691
530 696
530 700
530 703
530 708
530 718
530 721
530 722
530 723
530 724
530 726
530 730
530 734
530 738
530 740
530 748
530 749
530 750
530 756
530 757
530 758
530 760
530 765
530 766
530 767
530 769
530 774
530 777
530 778
530 780
530 784
530 785
530 790
530 794
530 795
530 796
531 561
531 562
531 566
531 571
531 577
531 578
531 579
531 580
531 599
531 601
531 602
531 605
531 606
531 612
531 613
531 614
531 615
531 617
531 619
531 621
531 623
531 627
531 632
531 635
531 636
531 638
531 639
531 646
531 647
531 651
531 654
531 657
531 658
531 664
531 671
531 680
531 693
531 699
531 700
531 701
531 707
531 709
531 710
531 712
531 715
531 717
531 728
531 729
531 732
531 733
531 736
531 741
531 748
531 752
531 768
531 775
531 781
531 784
531 788
531 792
531 794
531 795
531 798
532 562
532 575
532 576
532 577
532 578
532 580
532 586
532 588
532 593
532 594
532 599
532 601
532 604
532 605
532 618
532 620
532 624
532 626
532 629
532 635
532 638
532 643
532 646
532 649
532 651
532 653
532 656
532 659
532 666
532 674
532 682
532 684
532 687
532 691
532 694
532 697
532 702
532 704
532 706
532 708
532 710
532 713
532 714
532 720
532 721
532 726
532 730
532 735
532 738
532 742
532 743
532 760
532 761
532 763
532 764
532 765
532 771
532 775
532 776
532 783
532 788
532 797
532 800
533 562
533 567
533 571
533 572
533 573
533 581
533 583
533 590
533 593
533 594
533 596
533 603
533 604
533 605
533 610
533 611
533 613
533 615
533 618
533 620
533 624
533 627
533 630
533 634
533 639
533 643
533 645
533 646
533 647
533 651
533 652
533 667
533 670
533 677
533 680
533 686
533 690
533 693
533 696
533 703
533 707
533 708
533 709
533 711
533 712
533 720
533 726
533 729
533 732
533 735
533 745
533 749
533 750
533 751
533 753
533 754
533 757
533 761
533 763
533 765
533 766
533 776
533 778
533 779
533 783
533 784
533 785
533 787
533 794
533 795
533 797
533 799
534 565
534 567
534 568
534 572
534 574
534 577
534 578
534 582
534 585
534 588
534 591
534 597
534 605
534 607
534 608
534 619
534 621
534 624
534 630
534 633
534 637
534 640
534 651
534 652
534 663
534 665
534 669
534 675
534 676
534 678
534 680
534 682
534 686
534 690
534 694
534 698
534 702
534 703
534 705
534 706
534 710
534 712
534 718
534 719
534 720
534 728
534 730
534 731
534 738
534 739
534 746
534 749
534 756
534 757
534 759
534 760
534 761
534 762
534 765
534 773
534 774
534 775
534 776
534 778
534 780
534 786
534 787
534 790
534 794
534 796
534 797
534 800
535 568
535 571
535 572
535 574
535 575
535 584
535 587
535 589
535 593
535 596
535 597
535 602
535 603
535 610
535 613
535 614
535 616
535 618
535 619
535 620
535 624
535 627
535 628
535 629
535 631
535 636
535 645
535 648
535 654
535 655
535 656
535 657
535 659
535 664
535 668
535 670
535 673
535 675
535 676
535 679
535 682
535 683
535 686
535 688
535 691
535 695
535 698
535 701
535 705
535 706
535 707
535 712
535 715
535 718
535 724
535 725
535 729
535 730
535 736
535 737
535 738
535 739
535 744
535 750
535 752
535 757
535 760
535 761
535 768
535 775
535 777
535 779
535 781
535 782
535 792
535 793
535 796
535 798
535 800
536 561
536 562
536 565
536 566
536 577
536 582
536 585
536 587
536 590
536 592
536 597
536 599
536 602
536 605
536 613
536 614
536 627
536 632
536 635
536 636
536 638
536 639
536 645
536 646
536 647
536 655
536 656
536 663
536 664
536 667
536 670
536 672
536 675
536 677
536 678
536 682
536 686
536 688
536 689
536 693
536 696
536 698
536 704
536 708
536 716
536 718
536 720
536 722
536 726
536 736
536 737
536 740
536 741
536 742
536 745
536 746
536 749
536 752
536 753
536 754
536 756
536 757
536 758
536 759
536 766
536 769
536 770
536 777
536 780
536 785
536 788
536 791
536 794
536 795
536 798
537 563
537 566
537 573
537 579
537 581
537 582
537 588
537 597
537 600
537 603
537 605
537 607
537 608
537 615
537 616
537 618
537 621
537 628
537 629
537 630
537 631
537 632
537 634
537 636
537 638
537 643
537 645
537 646
537 647
537 648
537 650
537 658
537 659
537 661
537 665
537 672
537 673
537 685
537 686
537 687
537 688
537 689
537 690
537 706
537 709
537 720
537 724
537 725
537 727
537 730
537 735
537 736
537 742
537 744
537 745
537 749
537 758
537 760
537 763
537 766
537 769
537 770
537 773
537 774
537 779
537 781
537 788
537 790
537 791
537 798
538 570
538 574
538 577
538 579
538 580
538 581
538 584
538 585
538 593
538 598
538 599
538 604
538 608
538 609
538 615
538 617
538 618
538 620
538 624
538 628
538 636
538 639
538 643
538 649
538 652
538 655
538 657
538 661
538 662
538 664
538 670
538 673
538 675
538 676
538 680
538 683
538 686
538 688
538 690
538 691
538 693
538 697
538 698
538 700
538 702
538 706
538 707
538 710
538 713
538 716
538 717
538 718
538 719
538 720
538 726
538 727
538 729
538 737
538 744
538 749
538 751
538 757
538 773
538 774
538 779
538 781
538 782
538 783
538 787
538 788
538 792
538 797
539 561
539 567
539 570
539 576
539 577
539 579
539 580
539 582
539 583
539 585
539 590
539 592
539 594
539 595
539 599
539 601
539 602
539 603
539 609
539 610
539 612
539 617
539 622
539 624
539 625
539 626
539 631
539 636
539 639
539 644
539 645
539 646
539 647
539 648
539 654
539 655
539 657
539 659
539 663
539 664
539 665
539 666
539 668
539 669
539 671
539 672
539 673
539 674
539 679
539 686
539 690
539 691
539 692
539 698
539 702
539 704
539 708
539 709
539 712
539 714
539 727
539 728
539 731
539 739
539 740
539 741
539 746
539 751
539 755
539 756
539 758
539 759
539 762
539 765
539 766
539 768
539 773
539 774
539 776
539 781
539 784
539 785
539 787
539 789
539 790
539 791
539 799
540 564
540 566
540 569
540 572
540 574
540 576
540 581
540 588
540 591
540 592
540 595
540 604
540 614
540 617
540 623
540 632
540 636
540 637
540 639
540 642
540 644
540 648
540 656
540 658
540 659
540 664
540 672
540 674
540 675
540 683
540 685
540 690
540 701
540 706
540 707
540 713
540 715
540 716
540 721
540 722
540 723
540 729
540 731
540 735
540 738
540 741
540 745
540 748
540 751
540 753
540 757
540 764
540 765
540 767
540 772
540 773
540 776
540 783
540 787
540 791
540 800
541 561
541 563
541 565
541 566
541 569
541 572
541 581
541 585
541 586
541 589
541 592
541 593
541 595
541 598
541 605
541 606
541 611
541 617
541 624
541 626
541 632
541 636
541 643
541 646
541 647
541 648
541 654
541 662
541 673
541 683
541 689
541 696
541 697
541 702
541 704
541 712
541 713
541 719
541 721
541 724
541 726
541 731
541 732
541 737
541 742
541 743
541 745
541 747
541 749
541 751
541 762
541 765
541 769
541 770
541 780
541 790
541 791
541 792
541 793
541 796
541 798
542 561
542 567
542 572
542 577
542 585
542 590
542 591
542 592
542 596
542 598
542 599
542 600
542 602
542 604
542 606
542 607
542 608
542 613
542 615
542 619
542 620
542 621
542 622
542 623
542 627
542 628
542 629
542 640
542 643
542 644
542 651
542 655
542 658
542 661
542 668
542 669
542 670
542 677
542 683
542 684
542 687
542 688
542 689
542 693
542 694
542 695
542 696
542 699
542 700
542 702
542 707
542 710
542 711
542 712
542 714
542 716
542 720
542 726
542 727
542 729
542 735
542 736
542 740
542 742
542 748
542 751
542 752
542 756
542 768
542 774
542 779
542 780
542 783
542 784
542 788
542 791
542 800
543 569
543 572
543 574
543 576
543 582
543 584
543 586
543 587
543 588
543 590
543 591
543 593
543 596
543 601
543 605
543 606
543 609
543 611
543 614
543 618
543 621
543 626
543 629
543 631
543 636
543 640
543 642
543 648
543 652
543 657
543 658
543 662
543 663
543 666
543 668
543 672
543 673
543 674
543 675
543 677
543 684
543 693
543 694
543 697
543 700
543 702
543 708
543 709
543 710
543 712
543 713
543 716
543 717
543 720
543 725
543 728
543 729
543 733
543 738
543 743
543 745
543 746
543 747
543 750
543 751
543 752
543 753
543 756
543 757
543 759
543 763
543 766
543 767
543 769
543 770
543 772
543 779
543 782
543 783
543 784
543 786
543 788
543 789
543 790
543 792
543 795
544 563
544 565
544 566
544 567
544 568
544 569
544 571
544 579
544 582
544 585
544 586
544 587
544 593
544 594
544 595
544 606
544 607
544 610
544 611
544 617
544 623
544 627
544 631
544 633
544 637
544 638
544 643
544 647
544 650
544 651
544 653
544 654
544 663
544 669
544 670
544 672
544 675
544 680
544 681
544 684
544 685
544 686
544 688
544 689
544 702
544 703
544 706
544 707
544 709
544 712
544 717
544 721
544 722
544 723
544 728
544 733
544 735
544 736
544 741
544 744
544 747
544 748
544 755
544 760
544 762
544 764
544 766
544 775
544 779
544 783
544 787
544 789
544 791
544 793
544 794
545 563
545 567
545 569
545 570
545 574
545 582
545 594
545 599
545 600
545 604
545 607
545 611
545 615
545 616
545 617
545 624
545 625
545 627
545 631
545 632
545 633
545 635
545 636
545 648
545 652
545 655
545 656
545 657
545 661
545 663
545 665
545 666
545 667
545 671
545 673
545 678
545 682
545 683
545 688
545 690
545 691
545 697
545 704
545 709
545 710
545 711
545 713
545 714
545 716
545 718
545 719
545 725
545 729
545 730
545 736
545 737
545 741
545 746
545 750
545 758
545 759
545 762
545 766
545 767
545 770
545 773
545 774
545 776
545 777
545 780
545 784
545 791
545 796
545 797
546 561
546 565
546 567
546 568
546 570
546 571
546 573
546 576
546 579
546 583
546 601
546 607
546 612
546 615
546 620
546 622
546 625
546 629
546 631
546 634
546 637
546 638
546 639
546 641
546 647
546 650
546 652
546 653
546 658
546 661
546 664
546 666
546 673
546 674
546 675
546 679
546 689
546 690
546 694
546 695
546 697
546 701
546 703
546 706
546 707
546 709
546 715
546 716
546 727
546 730
546 731
546 732
546 745
546 746
546 752
546 754
546 765
546 767
546 768
546 770
546 780
546 784
546 785
546 786
546 788
546 789
546 791
546 796
547 564
547 567
547 568
547 572
547 575
547 576
547 577
547 581
547 585
547 601
547 603
547 605
547 608
547 609
547 610
547 615
547 619
547 623
547 624
547 627
547 630
547 632
547 637
547 638
547 639
547 643
547 646
547 651
547 653
547 656
547 657
547 664
547 666
547 671
547 672
547 674
547 676
547 680
547 687
547 689
547 690
547 691
547 698
547 700
547 701
547 711
547 713
547 715
547 725
547 729
547 735
547 748
547 749
547 750
547 757
547 761
547 767
547 768
547 774
547 775
547 777
547 778
547 779
547 783
547 784
547 788
547 791
547 794
547 795
547 799
548 561
548 563
548 564
548 569
548 574
548 576
548 580
548 582
548 584
548 595
548 597
548 607
548 608
548 609
548 610
548 613
548 619
548 626
548 631
548 632
548 634
548 635
548 639
548 643
548 644
548 645
548 646
548 652
548 657
548 658
548 666
548 667
548 674
548 678
548 690
548 693
548 694
548 702
548 710
548 713
548 716
548 721
548 722
548 723
548 727
548 728
548 730
548 735
548 736
548 740
548 742
548 745
548 752
548 753
548 756
548 759
548 765
548 766
548 767
548 769
548 771
548 774
548 775
548 778
548 779
548 786
548 787
548 790
548 798
548 799
549 561
549 562
549 564
549 568
549 579
549 580
549 582
549 589
549 591
549 595
549 598
549 600
549 601
549 602
549 608
549 610
549 613
549 617
549 619
549 621
549 626
549 628
549 629
549 631
549 632
549 635
549 638
549 642
549 644
549 655
549 657
549 662
549 665
549 667
549 668
549 669
549 670
549 673
549 678
549 679
549 684
549 687
549 688
549 689
549 693
549 696
549 703
549 707
549 709
549 711
549 712
549 715
549 718
549 719
549 722
549 727
549 728
549 732
549 740
549 743
549 744
549 745
549 749
549 758
549 763
549 765
549 767
549 771
549 774
549 787
549 789
549 792
549 793
549 795
549 800
550 561
550 563
550 565
550 569
550 575
550 581
550 592
550 595
550 602
550 603
550 604
550 608
550 613
550 616
550 617
550 618
550 620
550 622
550 626
550 628
550 630
550 642
550 646
550 649
550 654
550 655
550 658
550 660
550 664
550 667
550 669
550 671
550 672
550 673
550 677
550 689
550 690
550 691
550 692
550 695
550 702
550 707
550 710
550 724
550 726
550 727
550 730
550 732
550 738
550 739
550 744
550 749
550 750
550 754
550 756
550 767
550 770
550 771
550 772
550 781
550 790
550 794
550 797
551 571
551 575
551 576
551 577
551 581
551 583
551 587
551 591
551 592
551 594
551 601
551 603
551 604
551 610
551 612
551 619
551 620
551 622
551 623
551 624
551 628
551 632
551 634
551 636
551 637
551 644
551 645
551 646
551 650
551 652
551 653
551 655
551 666
551 671
551 673
551 674
551 678
551 679
551 686
551 687
551 689
551 690
551 694
551 704
551 708
551 713
551 718
551 719
551 721
551 723
551 735
551 736
551 737
551 742
551 744
551 746
551 749
551 750
551 754
551 755
551 757
551 763
551 773
551 785
551 795
551 799
552 562
552 563
552 565
552 568
552 569
552 572
552 574
552 579
552 583
552 586
552 592
552 593
552 605
552 611
552 614
552 615
552 617
552 619
552 624
552 625
552 635
552 648
552 655
552 657
552 660
552 662
552 668
552 674
552 676
552 679
552 680
552 682
552 689
552 705
552 712
552 718
552 719
552 721
552 722
552 723
552 729
552 730
552 733
552 734
552 740
552 741
552 742
552 744
552 750
552 754
552 758
552 761
552 763
552 765
552 771
552 778
552 784
552 787
552 788
552 791
552 795
553 561
553 562
553 566
553 569
553 570
553 573
553 574
553 576
553 578
553 581
553 586
553 587
553 588
553 589
553 590
553 591
553 616
553 617
553 622
553 623
553 632
553 633
553 634
553 638
553 640
553 642
553 644
553 645
553 646
553 647
553 649
553 651
553 652
553 655
553 657
553 659
553 665
553 667
553 669
553 671
553 679
553 688
553 689
553 698
553 700
553 703
553 705
553 710
553 715
553 720
553 721
553 726
553 727
553 736
553 744
553 750
553 752
553 754
553 761
553 765
553 766
553 775
553 776
553 784
553 788
553 790
553 794
554 563
554 569
554 570
554 572
554 574
554 578
554 581
554 582
554 594
554 598
554 600
554 605
554 608
554 610
554 611
554 612
554 617
554 620
554 622
554 623
554 626
554 627
554 629
554 630
554 631
554 633
554 640
554 644
554 653
554 654
554 655
554 657
554 666
554 667
554 670
554 671
554 680
554 686
554 687
554 689
554 692
554 699
554 700
554 702
554 719
554 721
554 727
554 732
554 733
554 734
554 736
554 738
554 739
554 740
554 743
554 744
554 746
554 749
554 751
554 757
554 761
554 769
554 771
554 772
554 778
554 779
554 781
554 783
554 786
554 789
554 799
554 800
555 561
555 562
555 564
555 566
555 567
555 569
555 571
555 572
555 574
555 580
555 581
555 582
555 585
555 586
555 590
555 600
555 601
555 614
555 615
555 616
555 626
555 627
555 628
555 630
555 631
555 632
555 635
555 638
555 649
555 650
555 653
555 654
555 655
555 657
555 659
555 660
555 663
555 664
555 678
555 680
555 681
555 685
555 688
555 702
555 705
555 709
555 710
555 713
555 723
555 732
555 734
555 736
555 738
555 739
555 741
555 742
555 743
555 753
555 757
555 761
555 764
555 767
555 769
555 771
555 773
555 775
555 776
555 788
555 789
555 790
555 794
555 795
555 799
555 800
556 563
556 567
556 569
556 581
556 582
556 583
556 588
556 589
556 590
556 593
556 599
556 604
556 605
556 606
556 608
556 609
556 618
556 619
556 622
556 624
556 632
556 633
556 634
556 637
556 638
556 640
556 646
556 648
556 649
556 654
556 655
556 657
556 659
556 662
556 666
556 669
556 671
556 672
556 674
556 675
556 678
556 681
556 682
556 684
556 686
556 687
556 695
556 697
556 700
556 714
556 716
556 723
556 724
556 728
556 740
556 741
556 742
556 749
556 751
556 753
556 756
556 757
556 759
556 761
556 763
556 765
556 766
556 768
556 769
556 773
556 776
556 779
556 786
556 795
557 565
557 567
557 569
557 573
557 574
557 579
557 585
557 590
557 593
557 595
557 598
557 601
557 602
557 604
557 605
557 608
557 610
557 613
557 614
557 616
557 618
557 619
557 622
557 623
557 625
557 629
557 631
557 638
557 639
557 640
557 643
557 648
557 649
557 654
557 656
557 657
557 658
557 659
557 661
557 666
557 673
557 683
557 686
557 690
557 691
557 692
557 694
557 702
557 705
557 710
557 712
557 722
557 726
557 747
557 749
557 751
557 752
557 756
557 757
557 759
557 764
557 768
557 770
557 778
557 780
557 782
557 784
557 787
557 789
557 790
557 791
557 793
557 794
557 799
558 564
558 567
558 569
558 571
558 581
558 584
558 585
558 597
558 604
558 606
558 613
558 614
558 616
558 617
558 624
558 629
558 633
558 634
558 636
558 640
558 643
558 644
558 650
558 652
558 653
558 654
558 655
558 656
558 660
558 661
558 662
558 666
558 672
558 680
558 683
558 686
558 689
558 690
558 696
558 698
558 708
558 709
558 712
558 715
558 716
558 717
558 719
558 720
558 723
558 725
558 727
558 729
558 730
558 733
558 735
558 736
558 737
558 739
558 744
558 745
558 750
558 755
558 756
558 757
558 759
558 763
558 765
558 766
558 767
558 776
558 777
558 781
558 787
558 789
558 793
558 794
559 561
559 562
559 572
559 573
559 574
559 579
559 583
559 589
559 590
559 598
559 599
559 607
559 613
559 616
559 617
559 619
559 622
559 628
559 631
559 633
559 644
559 645
559 648
559 652
559 655
559 656
559 660
559 661
559 664
559 667
559 669
559 670
559 673
559 674
559 677
559 680
559 682
559 685
559 686
559 691
559 698
559 702
559 703
559 704
559 705
559 706
559 711
559 713
559 715
559 721
559 722
559 726
559 728
559 730
559 732
559 734
559 737
559 738
559 740
559 741
559 743
559 745
559 751
559 753
559 754
559 755
559 756
559 760
559 763
559 764
559 770
559 783
559 787
559 790
559 795
559 798
559 799
560 563
560 564
560 565
560 566
560 570
560 572
560 584
560 589
560 591
560 592
560 594
560 597
560 599
560 603
560 610
560 613
560 615
560 617
560 622
560 630
560 632
560 637
560 640
560 650
560 653
560 658
560 659
560 661
560 663
560 668
560 669
560 674
560 675
560 679
560 680
560 682
560 683
560 686
560 687
560 689
560 691
560 697
560 700
560 701
560 706
560 708
560 713
560 714
560 716
560 718
560 721
560 723
560 727
560 728
560 729
560 730
560 733
560 737
560 740
560 742
560 745
560 747
560 748
560 753
560 754
560 755
560 758
560 759
560 760
560 762
560 768
560 770
560 783
560 785
560 786
560 787
560 788
560 797
561 644
561 645
561 646
561 650
561 651
561 653
561 659
561 661
561 666
561 667
561 670
561 677
561 678
561 688
561 689
561 690
561 698
561 709
561 711
561 713
561 714
561 717
561 722
561 725
561 732
561 735
561 736
561 738
561 745
561 757
561 761
561 762
561 766
561 767
561 770
561 772
561 774
561 778
561 795
561 798
561 799
562 646
562 647
562 648
562 649
562 656
562 658
562 662
562 664
562 668
562 671
562 674
562 676
562 677
562 678
562 682
562 685
562 686
562 694
562 698
562 702
562 706
562 707
562 713
562 715
562 722
562 724
562 728
562 729
562 732
562 736
562 737
562 738
562 747
562 752
562 759
562 761
562 763
562 767
562 770
562 773
562 779
562 781
562 783
562 785
562 789
562 790
562 791
562 799
563 646
563 650
563 651
563 658
563 660
563 664
563 671
563 676
563 685
563 686
563 689
563 692
563 694
563 695
563 697
563 702
563 703
563 704
563 706
563 708
563 709
563 714
563 721
563 723
563 727
563 729
563 730
563 734
563 736
563 739
563 740
563 742
563 744
563 747
563 751
563 754
563 755
563 765
563 766
563 771
563 778
563 779
563 786
563 787
563 788
563 791
564 649
564 650
564 657
564 661
564 680
564 683
564 685
564 686
564 688
564 691
564 694
564 696
564 702
564 703
564 708
564 709
564 710
564 711
564 713
564 718
564 720
564 722
564 726
564 730
564 738
564 743
564 747
564 748
564 754
564 759
564 760
564 762
564 763
564 764
564 767
564 771
564 776
564 779
564 780
564 781
564 784
564 787
564 789
564 793
564 800
565 641
565 644
565 648
565 650
565 651
565 653
565 655
565 658
565 663
565 666
565 667
565 671
565 672
565 674
565 677
565 678
565 682
565 687
565 691
565 697
565 701
565 703
565 717
565 720
565 728
565 733
565 737
565 738
565 739
565 741
565 745
565 749
565 752
565 753
565 755
565 756
565 759
565 762
565 764
565 765
565 766
565 768
565 770
565 771
565 772
565 774
565 775
565 779
565 785
565 787
565 791
566 642
566 643
566 644
566 651
566 652
566 658
566 661
566 666
566 673
566 674
566 677
566 678
566 684
566 685
566 689
566 695
566 699
566 704
566 705
566 711
566 716
566 719
566 723
566 728
566 729
566 736
566 742
566 745
566 749
566 751
566 755
566 756
566 760
566 762
566 763
566 765
566 766
566 770
566 774
566 775
566 776
566 785
566 789
566 791
566 794
567 641
567 642
567 643
567 644
567 646
567 647
567 652
567 657
567 665
567 669
567 671
567 674
567 677
567 681
567 686
567 691
567 694
567 696
567 700
567 701
567 703
567 708
567 712
567 713
567 715
567 722
567 730
567 732
567 738
567 741
567 744
567 745
567 748
567 751
567 760
567 761
567 768
567 771
567 776
567 778
567 784
567 785
567 786
567 788
567 790
567 791
567 794
567 795
567 796
568 641
568 642
568 643
568 644
568 645
568 647
568 649
568 652
568 653
568 657
568 660
568 661
568 662
568 670
568 671
568 673
568 681
568 684
568 687
568 689
568 690
568 691
568 692
568 694
568 695
568 706
568 708
568 723
568 724
568 729
568 733
568 734
568 738
568 743
568 748
568 749
568 762
568 766
568 767
568 768
568 769
568 778
568 781
568 783
568 788
568 789
568 797
568 800
569 643
569 647
569 649
569 651
569 652
569 665
569 670
569 672
569 681
569 682
569 683
569 686
569 690
569 696
569 704
569 709
569 710
569 712
569 713
569 716
569 718
569 720
569 721
569 724
569 727
569 728
569 730
569 738
569 742
569 751
569 755
569 757
569 764
569 769
569 770
569 771
569 775
569 777
569 781
569 784
569 788
569 791
569 792
569 793
569 794
569 798
570 647
570 649
570 650
570 651
570 652
570 658
570 659
570 663
570 664
570 669
570 671
570 672
570 673
570 679
570 680
570 687
570 688
570 689
570 691
570 700
570 709
570 711
570 722
570 723
570 725
570 728
570 729
570 730
570 732
570 734
570 737
570 742
570 743
570 748
570 749
570 754
570 755
570 766
570 767
570 774
570 779
570 783
570 791
570 794
570 795
570 797
570 799
571 648
571 659
571 666
571 667
571 673
571 674
571 679
571 681
571 682
571 687
571 691
571 692
571 693
571 695
571 696
571 703
571 714
571 722
571 726
571 729
571 733
571 734
571 736
571 737
571 739
571 748
571 750
571 752
571 762
571 764
571 767
571 770
571 771
571 773
571 775
571 781
571 782
571 783
571 789
571 791
571 792
571 794
571 797
572 641
572 642
572 644
572 645
572 646
572 647
572 648
572 656
572 666
572 670
572 671
572 673
572 675
572 677
572 678
572 680
572 687
572 692
572 698
572 702
572 710
572 712
572 714
572 716
572 717
572 719
572 726
572 727
572 730
572 732
572 737
572 738
572 740
572 746
572 754
572 758
572 762
572 765
572 766
572 774
572 776
572 777
572 781
572 782
572 786
572 789
572 796
572 797
572 798
573 648
573 654
573 657
573 659
573 661
573 664
573 666
573 671
573 672
573 673
573 678
573 681
573 694
573 697
573 702
573 710
573 711
573 712
573 715
573 722
573 728
573 729
573 731
573 732
573 733
573 734
573 739
573 744
573 746
573 749
573 751
573 752
573 755
573 757
573 770
573 777
573 779
573 781
573 783
573 785
573 787
573 790
573 791
573 792
573 799
574 647
574 649
574 653
574 659
574 662
574 664
574 666
574 668
574 672
574 673
574 679
574 682
574 688
574 691
574 695
574 697
574 705
574 708
574 709
574 712
574 715
574 716
574 717
574 718
574 720
574 723
574 724
574 732
574 734
574 738
574 739
574 746
574 747
574 748
574 752
574 753
574 754
574 756
574 758
574 760
574 762
574 764
574 766
574 768
574 771
574 772
574 776
574 779
574 780
574 784
574 785
574 788
574 790
574 792
574 795
575 641
575 649
575 650
575 651
575 652
575 657
575 660
575 672
575 673
575 676
575 680
575 681
575 683
575 685
575 686
575 693
575 694
575 696
575 698
575 699
575 700
575 702
575 704
575 709
575 711
575 714
575 720
575 721
575 723
575 726
575 727
575 728
575 729
575 730
575 733
575 735
575 741
575 743
575 746
575 748
575 754
575 757
575 758
575 760
575 767
575 772
575 774
575 775
575 781
575 786
575 787
575 788
575 790
575 793
576 646
576 655
576 657
576 658
576 662
576 668
576 669
576 670
576 673
576 674
576 675
576 676
576 685
576 687
576 692
576 700
576 710
576 711
576 713
576 716
576 721
576 726
576 728
576 737
576 745
576 750
576 753
576 754
576 755
576 756
576 762
576 764
576 772
576 775
576 784
576 785
576 791
576 799
577 649
577 655
577 656
577 658
577 660
577 665
577 666
577 668
577 670
577 680
577 682
577 688
577 704
577 705
577 711
577 714
577 715
577 719
577 722
577 724
577 725
577 726
577 733
577 737
577 740
577 744
577 748
577 753
577 759
577 766
577 769
577 772
577 774
577 775
577 777
577 778
577 782
577 785
577 786
577 788
577 792
577 794
577 795
578 643
578 644
578 647
578 653
578 657
578 658
578 659
578 663
578 671
578 672
578 675
578 677
578 681
578 684
578 685
578 686
578 687
578 691
578 694
578 696
578 697
578 700
578 702
578 707
578 711
578 713
578 722
578 726
578 733
578 734
578 736
578 738
578 742
578 750
578 759
578 761
578 762
578 763
578 765
578 766
578 772
578 774
578 775
578 790
578 799
578 800
579 646
579 647
579 650
579 654
579 657
579 658
579 670
579 679
579 680
579 681
579 684
579 693
579 699
579 702
579 707
579 713
579 714
579 716
579 723
579 730
579 731
579 735
579 738
579 745
579 748
579 750
579 752
579 756
579 760
579 766
579 768
579 773
579 775
579 781
579 784
579 785
579 786
579 789
579 791
579 800
580 642
580 644
580 645
580 646
580 652
580 653
580 665
580 666
580 674
580 676
580 680
580 681
580 682
580 687
580 692
580 706
580 709
580 712
580 716
580 719
580 722
580 724
580 728
580 729
580 737
580 738
580 739
580 740
580 741
580 753
580 756
580 757
580 760
580 761
580 766
580 771
580 780
580 782
580 792
580 794
580 797
580 798
581 645
581 646
581 648
581 649
581 656
581 659
581 660
581 661
581 666
581 669
581 671
581 673
581 677
581 682
581 688
581 690
581 692
581 695
581 699
581 702
581 703
581 705
581 708
581 709
581 714
581 716
581 720
581 729
581 731
581 733
581 738
581 739
581 751
581 754
581 763
581 765
581 773
581 782
581 784
581 786
581 788
581 790
581 793
581 797
582 646
582 647
582 651
582 653
582 657
582 658
582 659
582 660
582 661
582 664
582 668
582 673
582 674
582 679
582 680
582 687
582 691
582 697
582 698
582 699
582 701
582 706
582 711
582 713
582 720
582 722
582 723
582 726
582 730
582 734
582 737
582 740
582 741
582 742
582 743
582 747
582 749
582 750
582 764
582 765
582 767
582 768
582 772
582 776
582 784
582 790
582 791
582 792
582 796
582 797
582 800
583 645
583 654
583 655
583 662
583 664
583 666
583 675
583 676
583 677
583 679
583 682
583 684
583 686
583 691
583 693
583 703
583 706
583 707
583 708
583 709
583 711
583 712
583 713
583 717
583 724
583 725
583 728
583 730
583 732
583 735
583 737
583 738
583 739
583 742
583 743
583 745
583 747
583 749
583 754
583 757
583 763
583 765
583 768
583 770
583 771
583 772
583 773
583 774
583 781
583 783
583 789
583 790
583 791
583 793
583 796
583 798
584 647
584 652
584 658
584 659
584 660
584 667
584 670
584 683
584 688
584 693
584 694
584 700
584 706
584 707
584 712
584 715
584 718
584 722
584 730
584 745
584 746
584 747
584 752
584 754
584 764
584 775
584 783
584 792
584 796
584 797
584 798
584 799
585 641
585 648
585 650
585 651
585 652
585 653
585 654
585 657
585 660
585 661
585 665
585 672
585 677
585 682
585 683
585 684
585 686
585 699
585 706
585 707
585 711
585 716
585 721
585 727
585 729
585 738
585 744
585 755
585 757
585 758
585 761
585 763
585 771
585 773
585 774
585 775
585 780
585 783
585 785
585 789
585 793
585 796
586 644
586 645
586 651
586 654
586 655
586 656
586 658
586 662
586 665
586 667
586 669
586 675
586 680
586 681
586 684
586 685
586 688
586 690
586 698
586 700
586 708
586 710
586 721
586 724
586 727
586 728
586 734
586 738
586 739
586 742
586 743
586 744
586 750
586 751
586 753
586 758
586 763
586 773
586 774
586 775
586 776
586 778
586 789
586 791
586 793
586 795
586 797
586 798
586 800
587 641
587 642
587 643
587 644
587 646
587 647
587 652
587 653
587 657
587 659
587 668
587 673
587 675
587 676
587 680
587 684
587 685
587 686
587 687
587 688
587 692
587 694
587 696
587 699
587 700
587 703
587 704
587 707
587 709
587 712
587 719
587 724
587 726
587 727
587 735
587 737
587 751
587 752
587 755
587 762
587 763
587 764
587 765
587 766
587 767
587 769
587 770
587 771
587 772
587 787
587 791
587 793
587 794
587 799
588 647
588 649
588 651
588 655
588 660
588 662
588 663
588 666
588 669
588 672
588 677
588 681
588 686
588 690
588 691
588 697
588 704
588 708
588 709
588 710
588 727
588 729
588 731
588 732
588 734
588 744
588 748
588 750
588 752
588 753
588 758
588 763
588 767
588 774
588 775
588 776
588 780
588 782
588 785
589 641
589 642
589 659
589 660
589 662
589 663
589 664
589 667
589 668
589 670
589 674
589 677
589 684
589 685
589 686
589 698
589 700
589 704
589 708
589 712
589 713
589 724
589 729
589 730
589 732
589 733
589 740
589 742
589 744
589 747
589 748
589 749
589 755
589 758
589 761
589 762
589 768
589 770
589 772
589 788
589 789
589 790
589 795
589 796
589 797
590 641
590 642
590 643
590 648
590 653
590 654
590 658
590 659
590 661
590 667
590 669
590 671
590 675
590 684
590 685
590 694
590 697
590 707
590 712
590 713
590 714
590 715
590 720
590 726
590 731
590 733
590 735
590 736
590 748
590 749
590 750
590 756
590 764
590 766
590 769
590 772
590 773
590 777
590 779
590 780
590 781
590 782
590 784
590 788
590 792
590 795
591 648
591 655
591 661
591 666
591 668
591 669
591 677
591 689
591 692
591 696
591 697
591 703
591 708
591 709
591 710
591 713
591 717
591 718
591 721
591 722
591 728
591 730
591 731
591 738
591 739
591 742
591 748
591 750
591 752
591 754
591 756
591 762
591 767
591 769
591 770
591 773
591 775
591 777
591 778
591 782
591 785
591 786
591 791
591 794
591 800
592 642
592 643
592 650
592 653
592 656
592 657
592 658
592 663
592 665
592 675
592 680
592 683
592 684
592 685
592 686
592 691
592 693
592 695
592 697
592 701
592 703
592 704
592 708
592 711
592 713
592 716
592 717
592 721
592 724
592 727
592 730
592 732
592 736
592 738
592 739
592 740
592 741
592 751
592 752
592 754
592 757
592 761
592 762
592 764
592 772
592 774
592 775
592 776
592 777
592 780
592 781
592 782
592 789
592 790
592 791
592 793
592 794
592 796
593 641
593 642
593 646
593 653
593 654
593 656
593 657
593 662
593 663
593 666
593 669
593 670
593 672
593 676
593 682
593 686
593 687
593 691
593 692
593 697
593 699
593 707
593 709
593 710
593 712
593 714
593 717
593 718
593 724
593 725
593 726
593 727
593 730
593 731
593 734
593 735
593 739
593 740
593 744
593 746
593 748
593 755
593 757
593 761
593 762
593 763
593 766
593 770
593 773
593 776
593 777
593 779
593 782
593 789
593 795
593 796
593 797
594 643
594 649
594 650
594 660
594 661
594 664
594 669
594 670
594 671
594 673
594 677
594 684
594 691
594 702
594 705
594 707
594 720
594 722
594 723
594 727
594 728
594 730
594 734
594 736
594 742
594 745
594 748
594 750
594 759
594 760
594 767
594 774
594 776
594 780
594 781
594 782
594 789
594 795
594 796
594 797
595 644
595 647
595 651
595 654
595 656
595 658
595 661
595 672
595 673
595 674
595 682
595 683
595 686
595 687
595 689
595 690
595 694
595 710
595 716
595 718
595 727
595 740
595 743
595 744
595 745
595 748
595 750
595 751
595 756
595 760
595 762
595 765
595 766
595 768
595 771
595 772
595 776
595 779
595 780
595 782
595 783
595 784
595 786
595 788
595 793
595 795
595 798
596 642
596 644
596 650
596 654
596 657
596 659
596 660
596 663
596 664
596 667
596 669
596 677
596 681
596 683
596 684
596 687
596 689
596 693
596 696
596 698
596 700
596 703
596 706
596 707
596 710
596 713
596 714
596 715
596 716
596 721
596 724
596 725
596 738
596 746
596 747
596 751
596 752
596 753
596 757
596 762
596 764
596 766
596 768
596 770
596 778
596 780
596 782
596 783
596 785
596 789
596 790
596 791
596 793
596 794
596 795
597 647
597 650
597 652
597 653
597 654
597 655
597 656
597 659
597 661
597 665
597 668
597 673
597 676
597 680
597 683
597 690
597 694
597 698
597 700
597 701
597 705
597 706
597 707
597 710
597 713
597 715
597 717
597 719
597 726
597 732
597 735
597 738
597 739
597 745
597 748
597 749
597 752
597 758
597 759
597 760
597 769
597 770
597 775
597 776
597 780
597 781
597 783
597 784
597 785
597 787
597 789
597 794
597 796
597 800
598 643
598 645
598 649
598 651
598 654
598 657
598 660
598 663
598 671
598 672
598 678
598 680
598 681
598 683
598 693
598 696
598 697
598 698
598 700
598 707
598 709
598 718
598 721
598 726
598 728
598 730
598 733
598 741
598 743
598 744
598 745
598 751
598 752
598 753
598 754
598 759
598 762
598 764
598 766
598 776
598 780
598 784
598 786
598 787
598 791
599 643
599 646
599 652
599 655
599 659
599 662
599 663
599 665
599 668
599 679
599 681
599 683
599 685
599 688
599 692
599 693
599 706
599 717
599 720
599 721
599 724
599 729
599 731
599 733
599 737
599 738
599 739
599 751
599 753
599 757
599 759
599 761
599 762
599 767
599 768
599 771
599 772
599 773
599 776
599 781
599 783
599 785
599 788
599 790
599 793
600 643
600 644
600 651
600 652
600 657
600 658
600 660
600 663
600 665
600 666
600 668
600 669
600 671
600 673
600 674
600 676
600 680
600 682
600 684
600 685
600 690
600 691
600 695
600 696
600 707
600 708
600 710
600 711
600 714
600 721
600 722
600 727
600 729
600 730
600 733
600 734
600 741
600 742
600 747
600 750
600 751
600 752
600 753
600 754
600 756
600 757
600 759
600 760
600 761
600 765
600 767
600 768
600 773
600 777
600 778
600 779
600 785
600 787
600 789
600 793
600 797
600 798
601 642
601 645
601 647
601 651
601 653
601 654
601 658
601 659
601 661
601 664
601 666
601 670
601 675
601 679
601 684
601 690
601 692
601 693
601 694
601 697
601 699
601 703
601 705
601 708
601 709
601 721
601 722
601 723
601 724
601 730
601 731
601 735
601 736
601 744
601 747
601 760
601 763
601 765
601 766
601 771
601 772
601 788
601 791
601 798
601 799
602 642
602 644
602 649
602 652
602 653
602 655
602 658
602 670
602 675
602 676
602 679
602 680
602 690
602 694
602 696
602 698
602 702
602 704
602 705
602 707
602 710
602 715
602 723
602 724
602 729
602 733
602 741
602 742
602 749
602 757
602 762
602 763
602 768
602 769
602 776
602 778
602 779
602 781
602 782
602 786
602 788
602 792
602 793
602 794
602 795
603 645
603 646
603 651
603 656
603 658
603 659
603 661
603 662
603 671
603 675
603 680
603 687
603 695
603 700
603 706
603 710
603 711
603 713
603 716
603 717
603 719
603 721
603 729
603 730
603 733
603 735
603 741
603 742
603 746
603 748
603 762
603 763
603 764
603 767
603 768
603 771
603 773
603 774
603 775
603 778
603 779
603 789
603 791
603 792
603 796
603 799
603 800
604 643
604 644
604 646
604 655
604 657
604 663
604 669
604 671
604 672
604 676
604 681
604 682
604 683
604 688
604 692
604 698
604 700
604 702
604 704
604 706
604 707
604 709
604 712
604 713
604 717
604 721
604 728
604 734
604 735
604 738
604 739
604 746
604 749
604 755
604 761
604 766
604 776
604 781
604 786
604 789
604 796
605 641
605 642
605 647
605 648
605 649
605 655
605 657
605 659
605 663
605 667
605 673
605 679
605 680
605 681
605 682
605 692
605 696
605 697
605 699
605 701
605 702
605 703
605 704
605 705
605 710
605 713
605 717
605 720
605 722
605 728
605 733
605 735
605 737
605 738
605 744
605 746
605 752
605 753
605 760
605 764
605 766
605 771
605 772
605 781
605 783
605 791
605 793
605 799
605 800
606 642
606 643
606 650
606 652
606 655
606 657
606 660
606 664
606 665
606 669
606 670
606 672
606 675
606 678
606 682
606 689
606 690
606 700
606 710
606 711
606 712
606 715
606 720
606 722
606 723
606 724
606 727
606 730
606 734
606 736
606 742
606 745
606 748
606 750
606 752
606 754
606 755
606 756
606 759
606 769
606 770
606 774
606 775
606 779
606 784
606 785
606 786
606 787
606 788
606 792
607 644
607 655
607 658
607 660
607 661
607 662
607 672
607 675
607 676
607 677
607 681
607 683
607 697
607 699
607 701
607 702
607 703
607 706
607 707
607 709
607 710
607 714
607 721
607 724
607 733
607 735
607 741
607 742
607 743
607 745
607 749
607 754
607 755
607 758
607 759
607 761
607 762
607 765
607 768
607 769
607 770
607 772
607 780
607 782
607 786
607 788
607 793
607 795
607 799
608 644
608 658
608 662
608 667
608 668
608 672
608 675
608 677
608 678
608 679
608 680
608 682
608 684
608 688
608 694
608 697
608 699
608 700
608 701
608 702
608 704
608 712
608 715
608 716
608 717
608 719
608 721
608 724
608 725
608 726
608 727
608 731
608 735
608 741
608 742
608 744
608 748
608 751
608 754
608 756
608 757
608 761
608 766
608 770
608 774
608 778
608 779
608 781
608 783
608 786
608 790
608 792
608 799
609 641
609 642
609 650
609 654
609 659
609 662
609 664
609 665
609 668
609 670
609 671
609 675
609 677
609 681
609 683
609 687
609 695
609 698
609 701
609 705
609 709
609 716
609 721
609 723
609 724
609 730
609 732
609 739
609 741
609 743
609 744
609 745
609 758
609 761
609 763
609 764
609 766
609 771
609 779
609 782
609 787
609 791
609 792
609 794
609 796
609 799
610 646
610 647
610 651
610 659
610 665
610 667
610 674
610 676
610 680
610 681
610 682
610 683
610 685
610 688
610 690
610 692
610 695
610 696
610 702
610 709
610 715
610 717
610 718
610 724
610 729
610 732
610 734
610 739
610 743
610 746
610 749
610 757
610 758
610 763
610 764
610 768
610 769
610 774
610 776
610 778
610 779
610 789
610 791
610 794
610 795
610 798
610 799
611 641
611 644
611 646
611 650
611 651
611 652
611 654
611 656
611 659
611 660
611 667
611 668
611 673
611 674
611 678
611 679
611 686
611 689
611 692
611 693
611 694
611 695
611 699
611 701
611 703
611 704
611 708
611 710
611 712
611 720
611 727
611 728
611 729
611 734
611 739
611 743
611 746
611 748
611 751
611 756
611 757
611 759
611 760
611 775
611 776
611 777
611 779
611 783
611 784
611 786
611 790
611 793
611 797
611 798
612 642
612 644
612 645
612 656
612 657
612 658
612 659
612 664
612 667
612 676
612 677
612 681
612 685
612 687
612 689
612 690
612 692
612 694
612 698
612 700
612 702
612 706
612 707
612 710
612 717
612 718
612 723
612 726
612 727
612 736
612 738
612 744
612 746
612 750
612 751
612 754
612 755
612 756
612 761
612 762
612 763
612 766
612 768
612 771
612 777
612 779
612 782
612 787
612 794
613 643
613 645
613 653
613 655
613 659
613 660
613 667
613 670
613 671
613 672
613 674
613 678
613 679
613 680
613 683
613 689
613 690
613 692
613 697
613 701
613 705
613 708
613 709
613 712
613 722
613 723
613 724
613 727
613 731
613 737
613 743
613 747
613 748
613 753
613 759
613 763
613 767
613 768
613 769
613 770
613 776
613 779
613 784
613 791
613 793
613 794
614 644
614 646
614 647
614 649
614 650
614 651
614 653
614 655
614 658
614 664
614 665
614 666
614 669
614 679
614 683
614 685
614 688
614 689
614 693
614 712
614 719
614 723
614 729
614 733
614 737
614 738
614 755
614 762
614 765
614 766
614 773
614 776
614 778
614 780
614 783
614 787
614 790
614 791
614 799
614 800
615 643
615 644
615 645
615 646
615 652
615 653
615 654
615 661
615 664
615 665
615 669
615 671
615 673
615 680
615 682
615 685
615 686
615 693
615 694
615 697
615 700
615 702
615 703
615 704
615 705
615 711
615 713
615 717
615 718
615 725
615 727
615 737
615 739
615 741
615 747
615 749
615 750
615 752
615 753
615 755
615 781
615 782
615 784
615 792
615 798
616 642
616 646
616 647
616 648
616 649
616 651
616 652
616 656
616 661
616 664
616 666
616 667
616 668
616 670
616 674
616 677
616 683
616 685
616 689
616 692
616 693
616 694
616 700
616 703
616 704
616 705
616 708
616 714
616 716
616 718
616 719
616 722
616 724
616 726
616 727
616 730
616 731
616 733
616 742
616 750
616 751
616 752
616 753
616 756
616 757
616 763
616 764
616 765
616 766
616 768
616 770
616 774
616 777
616 780
616 794
617 645
617 649
617 652
617 655
617 656
617 660
617 661
617 674
617 675
617 678
617 680
617 681
617 684
617 686
617 699
617 701
617 709
617 710
617 716
617 718
617 722
617 726
617 740
617 741
617 742
617 744
617 749
617 750
617 754
617 757
617 758
617 760
617 763
617 771
617 772
617 775
617 779
617 783
617 792
617 793
617 794
617 797
618 644
618 645
618 650
618 653
618 654
618 655
618 661
618 664
618 667
618 671
618 677
618 680
618 687
618 688
618 692
618 694
618 697
618 698
618 703
618 706
618 711
618 716
618 720
618 726
618 730
618 733
618 743
618 744
618 746
618 752
618 753
618 754
618 756
618 759
618 760
618 762
618 764
618 770
618 772
618 773
618 775
618 776
618 778
618 780
618 782
618 784
618 786
618 787
618 790
618 791
618 792
618 793
619 641
619 642
619 643
619 649
619 657
619 665
619 666
619 667
619 668
619 670
619 675
619 676
619 680
619 682
619 688
619 689
619 691
619 695
619 698
619 704
619 708
619 713
619 716
619 721
619 723
619 724
619 726
619 728
619 729
619 731
619 734
619 744
619 748
619 751
619 754
619 756
619 760
619 761
619 766
619 774
619 775
619 776
619 777
619 779
619 780
619 782
619 783
619 785
619 787
619 788
619 789
619 794
619 800
620 647
620 651
620 652
620 656
620 658
620 660
620 668
620 670
620 678
620 681
620 687
620 689
620 696
620 700
620 704
620 710
620 711
620 712
620 715
620 716
620 717
620 719
620 728
620 736
620 740
620 742
620 749
620 753
620 758
620 759
620 760
620 762
620 763
620 765
620 771
620 774
620 779
620 781
620 785
620 786
620 787
620 789
620 791
620 793
620 795
620 798
620 799
621 642
621 643
621 660
621 671
621 672
621 673
621 674
621 675
621 679
621 680
621 682
621 689
621 692
621 696
621 697
621 698
621 700
621 704
621 705
621 709
621 711
621 713
621 714
621 715
621 716
621 717
621 729
621 737
621 738
621 740
621 748
621 753
621 754
621 756
621 757
621 758
621 759
621 761
621 762
621 764
621 765
621 770
621 777
621 780
621 782
621 783
621 784
621 790
621 792
621 800
622 643
622 661
622 666
622 670
622 672
622 682
622 688
622 689
622 692
622 694
622 695
622 701
622 706
622 707
622 708
622 715
622 718
622 719
622 721
622 724
622 725
622 727
622 728
622 729
622 732
622 735
622 736
622 738
622 739
622 740
622 742
622 743
622 751
622 758
622 762
622 769
622 772
622 773
622 776
622 779
622 781
622 783
622 784
622 785
622 786
622 788
622 790
622 792
622 794
622 796
622 800
623 645
623 648
623 649
623 650
623 653
623 656
623 677
623 681
623 685
623 688
623 689
623 694
623 697
623 700
623 705
623 709
623 710
623 711
623 716
623 724
623 728
623 731
623 735
623 736
623 739
623 740
623 745
623 746
623 747
623 749
623 750
623 752
623 753
623 754
623 758
623 759
623 761
623 767
623 770
623 772
623 773
623 774
623 775
623 783
623 785
623 788
623 790
623 795
623 799
624 642
624 649
624 652
624 654
624 665
624 669
624 671
624 675
624 680
624 689
624 691
624 694
624 697
624 702
624 703
624 704
624 708
624 711
624 714
624 715
624 716
624 718
624 723
624 726
624 730
624 731
624 733
624 736
624 737
624 738
624 741
624 751
624 752
624 755
624 757
624 762
624 763
624 767
624 769
624 773
624 776
624 780
624 782
624 783
624 785
624 786
624 787
624 788
624 790
624 791
624 794
625 642
625 644
625 645
625 647
625 648
625 654
625 665
625 673
625 677
625 680
625 685
625 687
625 690
625 701
625 704
625 706
625 712
625 715
625 716
625 719
625 720
625 724
625 727
625 739
625 740
625 741
625 744
625 745
625 746
625 747
625 749
625 750
625 757
625 758
625 761
625 766
625 773
625 778
625 782
625 784
625 785
625 786
625 787
625 789
625 790
625 793
625 797
625 798
626 648
626 649
626 652
626 658
626 665
626 670
626 672
626 674
626 675
626 681
626 683
626 684
626 688
626 693
626 697
626 715
626 716
626 722
626 723
626 724
626 725
626 727
626 728
626 734
626 735
626 743
626 747
626 748
626 750
626 755
626 761
626 763
626 764
626 767
626 773
626 777
626 786
626 791
626 792
626 793
626 794
626 795
626 797
627 643
627 649
627 654
627 661
627 662
627 665
627 672
627 677
627 681
627 689
627 692
627 695
627 698
627 700
627 701
627 702
627 703
627 707
627 708
627 712
627 713
627 715
627 718
627 720
627 721
627 723
627 725
627 729
627 731
627 733
627 735
627 736
627 738
627 739
627 741
627 742
627 745
627 748
627 749
627 752
627 763
627 764
627 766
627 768
627 770
627 776
627 781
627 782
627 784
627 788
627 793
627 798
628 643
628 647
628 649
628 652
628 654
628 659
628 662
628 665
628 669
628 670
628 672
628 673
628 678
628 680
628 684
628 685
628 686
628 691
628 701
628 713
628 714
628 717
628 725
628 727
628 731
628 734
628 735
628 737
628 739
628 740
628 741
628 743
628 744
628 745
628 746
628 748
628 751
628 754
628 755
628 757
628 762
628 766
628 770
628 773
628 778
628 786
628 787
628 789
628 790
628 791
628 795
629 642
629 646
629 652
629 665
629 667
629 668
629 677
629 678
629 679
629 681
629 686
629 687
629 690
629 702
629 713
629 714
629 717
629 722
629 724
629 734
629 737
629 738
629 739
629 740
629 744
629 748
629 750
629 751
629 757
629 763
629 768
629 769
629 771
629 772
629 773
629 776
629 777
629 778
629 779
629 780
629 782
629 787
629 789
629 793
629 799
630 644
630 645
630 648
630 649
630 655
630 657
630 658
630 664
630 665
630 669
630 674
630 679
630 691
630 698
630 700
630 703
630 704
630 707
630 708
630 710
630 711
630 713
630 714
630 716
630 718
630 719
630 720
630 721
630 724
630 725
630 726
630 727
630 731
630 733
630 734
630 736
630 739
630 742
630 744
630 746
630 756
630 758
630 760
630 762
630 766
630 768
630 769
630 774
630 775
630 780
630 783
630 792
630 799
630 800
631 643
631 644
631 648
631 649
631 652
631 657
631 660
631 663
631 664
631 665
631 672
631 679
631 681
631 683
631 692
631 695
631 696
631 697
631 700
631 704
631 710
631 713
631 717
631 718
631 722
631 725
631 728
631 735
631 737
631 738
631 743
631 745
631 748
631 756
631 761
631 763
631 765
631 768
631 772
631 775
631 776
631 777
631 778
631 783
631 784
631 785
631 792
631 797
632 646
632 648
632 649
632 652
632 655
632 661
632 664
632 674
632 676
632 678
632 681
632 683
632 688
632 694
632 695
632 706
632 717
632 718
632 719
632 722
632 729
632 732
632 734
632 739
632 740
632 745
632 748
632 750
632 752
632 759
632 764
632 765
632 766
632 772
632 774
632 778
632 785
632 793
632 795
632 798
633 643
633 647
633 649
633 650
633 652
633 655
633 656
633 661
633 667
633 669
633 670
633 672
633 677
633 678
633 680
633 683
633 684
633 685
633 686
633 688
633 690
633 691
633 694
633 697
633 700
633 702
633 704
633 705
633 718
633 722
633 725
633 729
633 736
633 737
633 742
633 743
633 753
633 756
633 757
633 766
633 768
633 769
633 772
633 775
633 777
633 781
633 784
633 786
633 789
633 791
633 792
633 796
633 798
634 649
634 651
634 652
634 654
634 661
634 662
634 669
634 670
634 672
634 678
634 685
634 687
634 691
634 694
634 696
634 706
634 709
634 716
634 718
634 722
634 727
634 728
634 729
634 730
634 731
634 742
634 745
634 757
634 760
634 770
634 771
634 777
634 778
634 780
634 786
634 787
634 796
634 799
634 800
635 643
635 659
635 663
635 666
635 672
635 677
635 681
635 685
635 687
635 689
635 692
635 700
635 705
635 706
635 712
635 716
635 719
635 721
635 723
635 725
635 728
635 729
635 735
635 740
635 741
635 745
635 746
635 750
635 752
635 753
635 755
635 757
635 761
635 762
635 765
635 766
635 768
635 769
635 777
635 784
635 789
635 791
635 794
635 795
635 798
635 799
635 800
636 643
636 648
636 650
636 652
636 657
636 658
636 662
636 663
636 666
636 671
636 672
636 683
636 684
636 687
636 688
636 690
636 692
636 695
636 697
636 698
636 699
636 705
636 706
636 712
636 714
636 718
636 721
636 725
636 726
636 728
636 738
636 741
636 749
636 753
636 756
636 758
636 763
636 770
636 774
636 775
636 778
636 780
636 783
636 784
636 787
636 788
636 793
636 794
636 795
637 641
637 644
637 649
637 650
637 651
637 654
637 658
637 661
637 666
637 670
637 671
637 674
637 679
637 680
637 687
637 695
637 698
637 702
637 703
637 705
637 707
637 708
637 709
637 715
637 716
637 719
637 720
637 721
637 729
637 730
637 731
637 733
637 737
637 740
637 746
637 754
637 757
637 760
637 761
637 762
637 764
637 765
637 771
637 772
637 777
637 787
637 789
637 792
637 797
638 646
638 649
638 654
638 655
638 670
638 674
638 678
638 681
638 682
638 684
638 686
638 687
638 689
638 708
638 709
638 712
638 717
638 719
638 720
638 721
638 724
638 725
638 727
638 728
638 732
638 735
638 739
638 740
638 741
638 750
638 753
638 762
638 767
638 773
638 775
638 777
638 781
638 785
638 792
638 794
638 795
638 796
638 799
639 643
639 647
639 648
639 650
639 654
639 655
639 657
639 666
639 671
639 673
639 674
639 677
639 682
639 683
639 684
639 686
639 687
639 696
639 698
639 702
639 706
639 711
639 719
639 721
639 722
639 734
639 747
639 751
639 752
639 753
639 754
639 757
639 762
639 768
639 769
639 771
639 774
639 775
639 780
639 786
639 787
639 793
639 797
639 798
640 644
640 645
640 647
640 652
640 653
640 658
640 659
640 662
640 672
640 673
640 680
640 682
640 691
640 695
640 696
640 699
640 704
640 705
640 708
640 713
640 716
640 722
640 724
640 728
640 729
640 731
640 734
640 743
640 748
640 749
640 753
640 758
640 759
640 763
640 764
640 766
640 768
640 770
640 780
640 786
640 788
640 789
640 791
640 793
640 794
640 798
641 727
641 732
641 742
641 745
641 746
641 747
641 748
641 749
641 752
641 756
641 757
641 759
641 763
641 767
641 768
641 771
641 773
641 775
641 779
641 782
641 786
641 788
641 789
641 793
641 798
641 799
641 800
642 724
642 727
642 731
642 735
642 736
642 752
642 755
642 756
642 761
642 773
642 778
642 781
642 784
642 786
642 794
642 795
642 796
642 799
643 724
643 726
643 730
643 733
643 739
643 741
643 745
643 752
643 755
643 757
643 759
643 762
643 769
643 771
643 772
643 780
643 782
643 784
643 786
643 794
643 795
643 796
643 800
644 723
644 729
644 736
644 742
644 743
644 746
644 747
644 751
644 753
644 754
644 755
644 757
644 759
644 764
644 766
644 768
644 778
644 787
644 793
644 795
644 799
644 800
645 723
645 724
645 733
645 735
645 738
645 743
645 744
645 745
645 746
645 748
645 751
645 754
645 755
645 756
645 759
645 762
645 767
645 773
645 774
645 776
645 781
645 782
645 783
645 784
645 785
645 787
645 792
645 795
646 721
646 725
646 727
646 729
646 731
646 732
646 733
646 736
646 737
646 739
646 741
646 742
646 743
646 752
646 754
646 756
646 758
646 762
646 764
646 766
646 778
646 779
646 782
646 783
646 784
646 786
646 790
646 799
647 722
647 725
647 726
647 730
647 732
647 737
647 741
647 747
647 748
647 749
647 750
647 752
647 753
647 755
647 761
647 764
647 769
647 773
647 774
647 786
647 788
647 791
647 792
648 731
648 735
648 737
648 743
648 746
648 748
648 749
648 753
648 755
648 759
648 762
648 763
648 766
648 768
648 770
648 774
648 776
648 784
648 791
648 797
648 799
649 721
649 725
649 726
649 729
649 731
649 734
649 736
649 744
649 745
649 746
649 754
649 760
649 763
649 764
649 765
649 767
649 769
649 774
649 777
649 778
649 779
649 786
649 787
649 789
649 791
649 794
649 797
650 722
650 727
650 728
650 729
650 738
650 742
650 744
650 751
650 761
650 776
650 777
650 778
650 779
650 781
650 783
650 785
650 788
651 721
651 723
651 725
651 726
651 730
651 732
651 736
651 737
651 743
651 744
651 745
651 746
651 752
651 756
651 761
651 762
651 763
651 764
651 766
651 770
651 771
651 772
651 776
651 778
651 779
651 782
651 783
651 785
651 786
651 790
651 797
651 798
651 799
652 723
652 727
652 731
652 732
652 736
652 744
652 748
652 750
652 761
652 774
652 784
652 788
652 789
652 792
652 800
653 721
653 722
653 723
653 725
653 729
653 734
653 736
653 744
653 749
653 754
653 756
653 758
653 761
653 763
653 764
653 766
653 769
653 770
653 774
653 776
653 778
653 779
653 780
653 785
653 794
653 796
653 799
654 730
654 732
654 733
654 734
654 737
654 741
654 742
654 745
654 746
654 751
654 754
654 757
654 758
654 759
654 761
654 762
654 765
654 768
654 769
654 771
654 772
654 777
654 778
654 780
654 783
654 784
654 786
654 790
654 792
654 794
654 798
654 800
655 724
655 725
655 728
655 733
655 735
655 738
655 741
655 743
655 748
655 752
655 756
655 764
655 775
655 776
655 782
655 785
655 786
655 787
655 791
655 793
655 794
655 797
656 721
656 728
656 742
656 745
656 746
656 749
656 752
656 754
656 757
656 766
656 767
656 777
656 787
656 788
656 790
656 792
656 793
657 724
657 725
657 726
657 729
657 731
657 733
657 735
657 741
657 744
657 746
657 753
657 754
657 760
657 764
657 767
657 773
657 777
657 781
657 782
657 784
657 793
657 795
658 726
658 729
658 738
658 743
658 750
658 752
658 754
658 759
658 767
658 770
658 780
658 784
658 785
658 787
658 789
658 794
658 795
658 796
658 797
658 798
658 800
659 721
659 725
659 726
659 727
659 729
659 730
659 731
659 732
659 733
659 735
659 737
659 741
659 745
659 749
659 754
659 765
659 767
659 772
659 775
659 776
659 782
659 785
659 787
659 794
660 722
660 725
660 733
660 735
660 737
660 739
660 742
660 744
660 747
660 754
660 756
660 757
660 760
660 766
660 770
660 773
660 775
660 780
660 781
660 782
660 786
660 788
660 789
660 792
660 796
661 724
661 725
661 726
661 730
661 732
661 734
661 735
661 737
661 739
661 747
661 748
661 753
661 756
661 758
661 759
661 767
661 779
661 781
661 783
661 787
661 788
661 790
661 797
662 729
662 731
662 733
662 739
662 741
662 744
662 745
662 749
662 753
662 754
662 755
662 759
662 761
662 762
662 764
662 768
662 770
662 773
662 780
662 781
662 786
662 790
662 795
662 797
663 723
663 725
663 727
663 728
663 731
663 739
663 741
663 742
663 747
663 749
663 750
663 760
663 765
663 768
663 770
663 771
663 776
663 777
663 778
663 784
663 785
663 786
663 789
663 792
663 793
663 794
664 729
664 730
664 734
664 747
664 748
664 750
664 753
664 755
664 757
664 762
664 766
664 775
664 776
664 777
664 778
664 781
664 789
664 791
664 793
664 799
664 800
665 722
665 723
665 726
665 727
665 728
665 729
665 731
665 733
665 734
665 737
665 739
665 741
665 742
665 743
665 746
665 748
665 749
665 750
665 753
665 756
665 757
665 758
665 768
665 772
665 774
665 782
665 786
665 791
665 796
665 797
665 798
665 799
666 721
666 722
666 725
666 727
666 729
666 732
666 733
666 736
666 738
666 739
666 741
666 743
666 746
666 751
666 752
666 753
666 764
666 767
666 771
666 777
666 785
666 786
666 788
666 790
666 791
666 797
667 722
667 724
667 726
667 727
667 728
667 732
667 733
667 735
667 738
667 741
667 750
667 751
667 755
667 761
667 765
667 769
667 771
667 774
667 775
667 785
667 788
667 789
667 790
667 793
667 795
667 796
668 722
668 723
668 725
668 726
668 729
668 730
668 738
668 739
668 740
668 745
668 765
668 770
668 774
668 777
668 780
668 781
668 785
668 786
668 792
668 800
669 725
669 726
669 728
669 729
669 733
669 735
669 736
669 738
669 739
669 740
669 741
669 742
669 744
669 746
669 749
669 750
669 758
669 763
669 764
669 765
669 766
669 767
669 774
669 782
669 783
669 784
669 785
669 789
669 794
669 800
670 723
670 726
670 728
670 730
670 737
670 741
670 744
670 753
670 757
670 767
670 772
670 779
670 782
670 783
670 784
670 794
670 798
670 799
671 721
671 723
671 724
671 725
671 727
671 730
671 731
671 732
671 733
671 734
671 736
671 742
671 748
671 749
671 754
671 755
671 756
671 760
671 761
671 773
671 779
671 780
671 785
671 787
671 789
671 797
671 798
672 722
672 724
672 725
672 729
672 731
672 741
672 742
672 743
672 745
672 747
672 749
672 752
672 756
672 762
672 771
672 772
672 773
672 774
672 776
672 778
672 779
672 781
672 782
672 786
672 787
672 788
672 792
672 799
672 800
673 721
673 722
673 724
673 725
673 728
673 731
673 734
673 741
673 742
673 745
673 747
673 753
673 755
673 756
673 757
673 762
673 763
673 764
673 765
673 768
673 770
673 771
673 773
673 776
673 778
673 780
673 783
673 791
673 793
673 794
674 722
674 724
674 725
674 730
674 731
674 733
674 736
674 737
674 738
674 740
674 742
674 743
674 745
674 752
674 753
674 754
674 757
674 762
674 767
674 768
674 772
674 774
674 775
674 778
674 779
674 783
674 786
674 790
674 791
674 795
674 798
674 800
675 721
675 722
675 725
675 732
675 740
675 741
675 742
675 744
675 748
675 750
675 752
675 753
675 754
675 756
675 759
675 761
675 763
675 765
675 768
675 772
675 773
675 774
675 779
675 786
675 790
675 792
675 793
675 795
675 799
676 722
676 725
676 729
676 730
676 732
676 733
676 738
676 739
676 744
676 745
676 747
676 748
676 751
676 752
676 753
676 759
676 760
676 761
676 772
676 778
676 780
676 781
676 783
676 788
676 798
677 722
677 723
677 725
677 732
677 744
677 746
677 747
677 749
677 752
677 758
677 762
677 764
677 766
677 769
677 770
677 774
677 776
677 784
677 789
677 797
678 721
678 723
678 724
678 725
678 726
678 729
678 733
678 734
678 735
678 739
678 746
678 748
678 751
678 755
678 756
678 758
678 762
678 766
678 767
678 777
678 778
678 783
678 784
678 786
678 787
678 788
678 792
678 796
678 798
678 800
679 722
679 726
679 729
679 730
679 731
679 750
679 752
679 753
679 759
679 760
679 764
679 773
679 775
679 776
679 778
679 783
679 788
679 796
679 797
680 722
680 723
680 728
680 730
680 731
680 734
680 735
680 738
680 739
680 751
680 757
680 759
680 760
680 766
680 768
680 772
680 774
680 775
680 779
680 784
680 786
680 793
680 794
680 795
680 796
680 800
681 722
681 724
681 731
681 735
681 737
681 738
681 743
681 744
681 747
681 751
681 753
681 761
681 763
681 764
681 765
681 767
681 769
681 771
681 773
681 787
681 789
681 792
681 798
682 739
682 740
682 746
682 753
682 757
682 761
682 762
682 765
682 768
682 778
682 785
682 788
682 792
682 799
682 800
683 722
683 724
683 726
683 733
683 737
683 742
683 743
683 744
683 745
683 746
683 751
683 755
683 756
683 759
683 760
683 762
683 764
683 765
683 776
683 778
683 779
683 782
683 783
683 784
683 785
683 786
683 788
683 789
683 792
683 793
683 794
683 796
683 798
684 721
684 722
684 723
684 726
684 732
684 737
684 738
684 740
684 741
684 742
684 753
684 754
684 763
684 768
684 779
684 780
684 786
684 788
684 790
684 797
684 799
685 722
685 726
685 727
685 730
685 732
685 736
685 738
685 739
685 745
685 753
685 764
685 766
685 767
685 768
685 769
685 776
685 779
685 780
685 781
685 783
685 785
685 787
685 788
685 793
685 797
686 722
686 724
686 725
686 737
686 744
686 745
686 748
686 750
686 755
686 757
686 767
686 769
686 774
686 776
686 778
686 783
686 784
686 787
686 789
686 791
686 793
686 794
686 795
687 722
687 725
687 732
687 734
687 735
687 736
687 738
687 739
687 746
687 748
687 751
687 752
687 755
687 757
687 758
687 759
687 769
687 770
687 771
687 775
687 777
687 779
687 782
687 784
687 785
687 792
687 794
687 795
687 796
688 722
688 724
688 729
688 735
688 736
688 738
688 739
688 741
688 743
688 747
688 749
688 757
688 758
688 761
688 772
688 777
688 780
688 783
688 788
688 789
688 795
688 799
689 723
689 724
689 732
689 738
689 741
689 749
689 753
689 755
689 757
689 758
689 759
689 761
689 767
689 769
689 770
689 772
689 778
689 780
689 781
689 782
689 784
689 786
689 788
689 791
689 793
689 796
689 797
689 798
689 799
689 800
690 725
690 727
690 731
690 735
690 738
690 744
690 747
690 750
690 758
690 771
690 774
690 776
690 778
690 782
690 783
690 792
690 795
690 800
691 724
691 725
691 726
691 728
691 741
691 743
691 744
691 751
691 761
691 767
691 770
691 771
691 772
691 775
691 776
691 779
691 782
691 783
691 784
691 789
691 793
691 794
691 795
691 796
691 800
692 722
692 725
692 726
692 727
692 728
692 729
692 731
692 733
692 734
692 738
692 739
692 742
692 747
692 753
692 754
692 755
692 758
692 762
692 765
692 767
692 770
692 771
692 775
692 777
692 778
692 780
692 783
692 784
692 786
692 792
692 793
692 799
693 729
693 730
693 734
693 737
693 744
693 745
693 747
693 748
693 759
693 760
693 762
693 766
693 767
693 769
693 773
693 777
693 778
693 779
693 780
693 781
693 784
693 788
693 796
693 797
694 723
694 724
694 743
694 744
694 749
694 750
694 767
694 769
694 770
694 775
694 778
694 782
694 789
694 793
694 796
694 799
694 800
695 730
695 733
695 735
695 736
695 738
695 741
695 746
695 747
695 748
695 749
695 760
695 765
695 770
695 791
695 792
695 793
695 795
696 724
696 732
696 733
696 737
696 738
696 747
696 761
696 763
696 764
696 766
696 767
696 773
696 775
696 776
696 778
696 780
696 785
696 786
696 787
696 791
696 796
696 799
697 722
697 723
697 730
697 734
697 738
697 741
697 747
697 756
697 757
697 760
697 762
697 766
697 768
697 770
697 771
697 774
697 777
697 780
697 781
697 782
697 783
697 784
697 787
697 792
697 793
697 796
697 797
698 721
698 723
698 724
698 731
698 732
698 735
698 737
698 738
698 740
698 741
698 754
698 760
698 761
698 763
698 764
698 765
698 777
698 778
698 781
698 786
698 791
698 799
699 729
699 731
699 737
699 740
699 742
699 743
699 745
699 750
699 755
699 757
699 760
699 764
699 765
699 768
699 773
699 775
699 776
699 777
699 779
699 785
699 789
699 795
699 798
699 799
700 724
700 725
700 730
700 731
700 735
700 739
700 742
700 743
700 757
700 761
700 764
700 766
700 767
700 773
700 778
700 782
700 783
700 785
700 787
700 789
700 799
701 723
701 727
701 732
701 733
701 735
701 736
701 747
701 749
701 751
701 754
701 763
701 765
701 771
701 776
701 780
701 782
701 783
701 786
701 789
701 794
701 796
701 798
702 735
702 740
702 744
702 749
702 763
702 764
702 765
702 768
702 773
702 775
702 782
702 783
702 786
702 789
702 791
702 795
702 797
703 721
703 722
703 723
703 724
703 725
703 727
703 730
703 732
703 734
703 735
703 740
703 742
703 743
703 748
703 751
703 759
703 765
703 766
703 768
703 771
703 777
703 779
703 780
703 790
703 791
703 798
703 800
704 725
704 730
704 733
704 735
704 736
704 738
704 742
704 748
704 750
704 753
704 757
704 759
704 761
704 769
704 771
704 778
704 785
704 786
705 722
705 724
705 726
705 730
705 731
705 734
705 738
705 743
705 744
705 746
705 748
705 751
705 755
705 762
705 765
705 766
705 769
705 776
705 778
705 780
705 781
705 782
705 784
705 785
705 788
705 789
705 795
705 796
705 799
706 724
706 726
706 732
706 740
706 747
706 748
706 751
706 756
706 758
706 759
706 762
706 763
706 765
706 767
706 777
706 783
706 784
706 785
706 786
706 791
706 794
706 795
706 796
706 798
706 800
707 736
707 740
707 741
707 742
707 744
707 745
707 748
707 749
707 751
707 752
707 755
707 759
707 760
707 761
707 762
707 765
707 766
707 767
707 774
707 783
707 784
707 788
707 791
707 792
707 799
708 727
708 729
708 737
708 744
708 753
708 756
708 757
708 759
708 765
708 766
708 767
708 775
708 787
708 788
708 793
708 794
708 799
709 721
709 722
709 723
709 724
709 725
709 727
709 732
709 735
709 742
709 754
709 755
709 784
709 791
709 795
709 796
709 798
710 726
710 728
710 732
710 733
710 739
710 741
710 747
710 748
710 753
710 754
710 763
710 765
710 766
710 769
710 777
710 779
710 781
710 784
710 785
710 790
710 795
710 796
710 800
711 722
711 724
711 726
711 729
711 731
711 732
711 735
711 736
711 738
711 743
711 745
711 748
711 750
711 754
711 759
711 761
711 763
711 764
711 766
711 767
711 769
711 774
711 775
711 777
711 781
711 784
711 785
711 786
711 794
711 795
711 799
712 726
712 731
712 732
712 734
712 742
712 745
712 746
712 751
712 754
712 755
712 756
712 761
712 768
712 769
712 773
712 776
712 778
712 783
712 790
712 795
712 800
713 723
713 724
713 725
713 726
713 734
713 736
713 739
713 743
713 745
713 747
713 749
713 755
713 756
713 758
713 760
713 764
713 765
713 766
713 768
713 771
713 773
713 776
713 787
713 788
713 791
713 792
713 797
713 800
714 730
714 736
714 737
714 738
714 739
714 741
714 748
714 749
714 750
714 755
714 759
714 762
714 769
714 770
714 774
714 777
714 778
714 779
714 786
714 791
714 793
714 795
714 797
714 800
715 727
715 730
715 746
715 751
715 753
715 754
715 756
715 758
715 762
715 768
715 771
715 774
715 785
715 786
715 787
715 792
715 797
715 800
716 722
716 724
716 727
716 731
716 739
716 749
716 751
716 753
716 755
716 758
716 760
716 761
716 762
716 768
716 769
716 773
716 775
716 780
716 783
716 791
716 796
716 797
716 799
717 727
717 728
717 729
717 740
717 746
717 750
717 751
717 756
717 758
717 763
717 766
717 770
717 787
717 789
717 796
717 800
718 722
718 723
718 724
718 727
718 729
718 734
718 738
718 739
718 743
718 744
718 745
718 747
718 748
718 751
718 752
718 759
718 761
718 766
718 787
718 795
718 797
719 721
719 726
719 733
719 734
719 736
719 737
719 741
719 743
719 745
719 746
719 747
719 751
719 754
719 756
719 763
719 766
719 767
719 769
719 770
719 772
719 776
719 777
719 778
719 785
719 790
719 792
720 724
720 727
720 735
720 737
720 742
720 746
720 749
720 751
720 752
720 757
720 759
720 766
720 771
720 775
720 776
720 778
720 782
720 786
720 788
720 790
720 791
720 792
720 795
720 798
