5000
1 732
1 764
1 839
1 1718
1 1941
1 2063
1 2122
1 2235
1 3005
1 3148
1 3186
1 4165
1 4293
1 4697
2 564
2 1292
2 1755
2 1842
2 1854
2 2108
2 2242
2 4553
3 143
3 502
3 826
3 912
3 1569
3 1845
3 2160
3 2180
3 2585
3 2766
3 2795
3 2842
3 3299
3 3501
3 4014
3 4125
3 4156
3 4162
3 4620
4 112
4 1244
4 1697
4 1893
4 2089
4 2228
4 2462
4 2483
4 2725
4 3604
4 3775
4 3808
4 4540
4 4853
5 255
5 1932
5 2583
5 2650
5 3197
5 3365
5 4082
6 278
6 393
6 948
6 1550
6 2132
6 2615
6 3044
6 4127
6 4779
7 123
7 149
7 252
7 311
7 940
7 1175
7 1268
7 1409
7 1849
7 2184
7 2712
7 3871
8 277
8 432
8 484
8 973
8 1202
8 2499
8 2597
8 2711
8 3450
8 3872
8 3925
8 4284
8 4890
9 28
9 151
9 619
9 1064
9 1442
9 2388
9 2553
9 2641
9 4498
9 4901
10 357
10 568
10 766
10 961
10 1008
10 1566
10 1985
10 2670
10 2799
10 3114
10 3991
10 4557
10 4985
11 109
11 727
11 1321
11 1815
11 2273
11 2390
11 2519
11 3955
11 4301
11 4439
11 4677
11 4822
11 4871
12 178
12 507
12 633
12 725
12 809
12 929
12 1765
12 2798
12 2817
12 2920
12 3119
12 4773
13 1183
13 1476
13 2725
13 3761
14 208
14 223
14 376
14 415
14 1046
14 1482
14 2321
14 2458
14 3165
14 3908
14 4223
14 4557
14 4997
15 101
15 693
15 1018
15 1135
15 1288
15 2445
15 3273
15 3760
15 3773
15 3866
15 3924
15 4251
15 4402
15 4696
16 756
16 1492
16 1588
16 2888
16 3234
17 237
17 1251
17 1294
17 1513
17 1781
17 1898
17 1932
17 2359
17 3935
17 4920
18 311
18 313
18 1804
18 2551
18 2947
18 3793
19 114
19 1076
19 2037
19 2693
19 3152
19 3632
19 4144
19 4189
19 4689
19 4767
19 4851
20 232
20 431
20 463
20 1000
20 2251
20 2270
20 2435
20 2598
20 2896
20 2925
20 3085
20 3189
20 4069
20 4909
21 198
21 363
21 1374
21 1470
21 1619
21 1688
21 2086
21 2095
21 2138
21 2623
21 2731
21 2769
21 3299
21 3748
21 3849
21 4772
21 4793
21 4884
21 4991
22 429
22 881
22 1639
22 1683
22 2128
22 2242
22 2462
22 4196
23 234
23 1377
23 1537
23 1729
23 1845
23 1870
23 2150
23 2166
23 2531
23 2640
23 2984
23 3185
23 3969
23 4236
23 4577
23 4797
23 4935
24 3532
25 239
25 262
25 747
25 1044
25 1084
25 1210
25 1328
25 2678
25 3760
25 4137
25 4144
25 4327
26 428
26 431
26 687
26 1132
26 1269
26 2100
26 2124
26 3143
26 3481
26 4038
26 4242
26 4567
26 4979
27 979
27 1614
27 1627
27 1734
27 1859
27 2035
27 2166
27 2313
27 3250
27 3587
27 3972
27 4482
28 477
28 495
28 548
28 1679
28 2018
28 2284
28 2751
28 2906
28 3446
28 4010
28 4287
28 4839
28 4963
29 172
29 284
29 1234
29 1390
29 2259
29 2694
29 2862
29 4380
29 4571
30 280
30 880
30 1352
30 2320
30 2800
30 3782
30 3990
30 4665
30 4916
31 524
31 697
31 707
31 769
31 1823
31 2291
31 3127
31 3436
32 521
32 1474
32 1838
32 2379
32 3234
32 3601
32 3885
32 4269
32 5000
33 970
33 1166
33 1377
33 1726
33 1999
33 4335
34 449
34 1190
34 1404
34 2038
34 2043
34 2061
34 3937
34 4113
34 4428
34 4465
34 4602
34 4880
35 210
35 415
35 512
35 1301
35 2056
35 2290
35 2630
35 2708
35 3611
35 3843
36 483
36 608
36 1237
36 1306
36 1695
36 1891
36 2059
36 2326
36 2477
36 2819
36 3325
36 4279
37 661
37 1114
37 2545
37 2699
37 4018
37 4758
38 1152
38 1310
38 2266
38 2619
38 2658
38 2924
38 3420
38 3561
38 3641
38 3758
38 3841
38 4857
39 767
39 2886
39 3363
39 3786
39 3994
39 4466
39 4531
39 4899
40 155
40 628
40 1460
40 2124
40 2189
40 2429
40 2675
40 3279
40 3423
40 3428
40 3670
40 3749
40 3756
40 3852
40 4627
40 4821
41 320
41 846
41 1166
41 1363
41 1546
41 3193
41 3242
41 3838
41 4249
41 4260
41 4349
42 189
42 940
42 1533
42 1603
42 3805
42 3996
42 4747
43 1685
43 3684
43 3900
43 4401
44 126
44 1356
44 2466
44 3299
44 3511
44 4086
44 4253
44 4502
45 1445
45 2558
45 3047
45 3895
45 4329
45 4669
45 4673
45 4728
46 277
46 328
46 807
46 1905
46 2289
46 2992
46 3167
46 3438
46 4279
46 4923
46 4975
47 1251
47 1698
47 2289
47 3317
47 3827
47 4508
48 833
48 1118
48 1816
48 1942
48 3471
48 4563
48 4619
48 4665
48 4918
48 4972
49 719
49 929
49 1427
49 2124
49 2324
49 2359
49 2890
49 3281
49 3430
49 4362
49 4609
49 4703
50 60
50 323
50 1232
50 1374
50 1731
50 2706
50 4673
50 4904
50 4961
51 262
51 747
51 1236
51 1741
51 2114
51 3651
51 4031
51 4419
51 4708
52 288
52 868
52 2040
52 2886
52 2933
52 3247
52 4271
52 4313
52 4624
53 67
53 233
53 320
53 991
53 2158
53 2222
53 2262
53 2408
53 2830
53 3119
53 3223
53 3784
53 3849
53 4635
53 4840
53 4904
53 4938
54 626
54 953
54 1428
54 1733
54 2739
54 2956
54 3101
54 4626
55 198
55 1887
55 3429
55 4207
56 1844
56 2243
57 158
57 823
57 970
57 1481
57 1529
57 1841
57 2435
57 3122
57 3473
57 4804
58 130
58 505
58 1586
58 1814
58 1815
58 2439
58 2955
58 3311
58 3810
58 4073
58 4255
58 4404
58 4690
59 165
59 629
59 1801
59 1883
59 2142
59 2435
59 2441
59 2711
59 4286
59 4701
59 4777
59 4842
60 807
60 861
60 1511
60 2177
60 2216
60 2747
60 2956
60 3102
60 3342
60 3565
60 4182
61 1006
61 2495
61 2838
61 3113
61 3314
61 3477
61 3582
61 3983
61 4620
62 207
62 367
62 433
62 1161
62 1325
62 1645
62 2166
62 3810
62 3880
62 4100
62 4579
62 4970
63 68
63 1799
63 2707
63 2773
63 2914
63 3550
63 4025
63 4122
63 4649
64 680
64 1071
64 1276
64 1327
64 2198
64 3188
64 4075
64 4106
64 4324
64 4818
65 755
65 1117
65 1178
65 1494
65 1544
65 2517
65 3050
65 4168
66 1007
66 1249
66 2567
66 3166
66 3666
66 4896
66 4978
67 168
67 614
67 1171
67 1269
67 1928
67 2818
67 2895
67 3204
67 4488
67 4994
68 444
68 507
68 1170
68 1624
68 1644
68 1673
68 1939
68 3190
68 3470
68 3604
68 4007
68 4428
69 541
69 1545
69 1744
69 1962
69 1979
69 2830
69 4956
70 1184
70 1277
70 1461
70 1903
70 3592
70 3735
70 3768
70 3794
70 4703
71 1291
71 2884
71 2929
71 3042
71 3122
71 3536
71 4353
72 86
72 1528
72 1545
72 2953
72 3532
72 3738
72 4468
72 4890
73 103
73 654
73 760
73 1242
73 1320
73 1590
73 1931
73 2652
73 3972
73 3998
73 4457
73 4714
73 4977
73 4999
74 318
74 662
74 1977
74 2359
74 2466
74 2829
74 3523
74 3630
75 105
75 384
75 840
75 1540
75 1639
75 1740
75 1991
75 2828
75 3155
75 3883
75 4656
76 1427
76 1536
76 1722
76 2201
76 3014
76 3208
76 4664
76 4948
77 535
77 1545
77 1824
77 1924
77 2370
77 2450
77 2865
77 3097
77 3943
77 4020
77 4452
77 4491
78 392
78 957
78 1739
78 1921
78 2066
78 2712
78 2939
78 3828
79 157
79 162
79 663
79 776
79 882
79 1846
79 1877
79 2899
79 3177
79 3352
79 3594
79 4250
79 4919
80 206
80 350
80 492
80 750
80 1059
80 1099
80 1442
80 2409
80 2624
80 2870
80 2902
80 4430
81 763
81 1270
81 2047
81 3096
81 4539
81 4966
82 998
82 1417
82 1892
82 2595
82 3272
82 3771
82 3775
82 3835
83 946
83 1400
83 2457
83 3017
83 4270
84 249
84 295
84 395
84 599
84 858
84 888
84 1154
84 1470
84 1536
84 1766
84 2035
84 2103
84 2443
84 2994
84 3071
84 3594
84 3609
84 4085
84 4484
84 4576
84 4900
85 204
85 478
85 1483
85 1592
85 2223
85 2636
85 2845
85 2883
85 3089
85 3226
85 3258
85 3730
85 3987
85 4720
85 4900
86 806
86 1298
86 1640
86 1769
86 1835
86 2153
86 2752
86 3972
86 4001
86 4802
86 4889
87 716
87 1798
87 1868
87 2824
87 2933
87 3006
87 3151
87 3282
87 3592
87 3924
88 605
88 647
88 912
88 1123
88 2448
88 3510
88 3632
88 4349
88 4604
88 4629
89 301
89 626
89 756
89 1186
89 1345
89 1633
89 2167
89 2417
89 3939
90 926
90 2228
90 3433
90 3492
90 3501
90 3862
90 4646
91 580
91 733
91 1140
91 3011
91 3072
91 3346
91 3411
92 309
92 713
92 792
92 866
92 1140
92 1160
92 1381
92 1583
92 2110
92 2192
92 3213
92 3563
92 3606
92 3653
92 4089
92 4381
93 1427
93 1561
93 1718
93 3226
93 3245
93 3457
93 3946
93 4133
93 4500
94 689
94 950
94 951
94 2894
94 3117
94 3714
94 4512
94 4944
95 198
95 748
95 1369
95 1866
95 2700
95 2903
95 4298
95 4489
96 760
96 817
96 1115
96 1194
96 1206
96 1661
96 1672
96 2014
96 2382
96 3438
96 3489
96 4066
96 4542
97 597
97 2653
97 2660
97 3475
97 3880
97 4172
97 4376
97 4643
97 4812
97 4925
98 633
98 1829
98 3616
98 3841
99 746
99 1043
99 1247
99 1552
99 2105
99 2197
99 2389
99 3011
99 4459
99 4953
99 4987
100 143
100 929
100 1405
100 1424
100 1531
100 1883
100 2571
100 2591
100 3077
100 3212
100 3510
100 4891
100 4922
100 4987
101 772
101 814
101 872
101 946
101 1443
101 2523
101 3836
101 3910
101 4615
102 731
102 895
102 1080
102 1834
102 2644
102 3118
102 4575
102 4711
103 134
103 600
103 805
103 1965
103 1978
103 2425
103 2444
103 2592
103 2773
103 3077
103 3438
103 3792
103 4429
104 1371
104 1989
104 1990
104 2462
104 3556
104 3633
104 4323
104 4413
104 4526
104 4539
105 409
105 643
105 948
105 1592
105 2295
105 2574
105 3305
105 4288
105 4409
106 408
106 506
106 615
106 767
106 1634
106 2134
106 2394
106 3037
106 3916
106 4840
107 749
107 816
107 1042
107 1061
107 1557
107 2199
107 2279
107 3115
107 3238
107 3372
107 3881
107 4307
107 4708
107 4819
107 4849
108 2876
108 3427
108 3495
108 4065
108 4121
108 4936
109 1553
109 1755
109 2158
109 2434
109 3149
109 4483
109 4631
109 4923
110 733
110 1032
110 1144
110 1238
110 2063
110 2337
110 2414
110 2756
110 2902
110 3848
110 3928
110 4661
110 4728
110 4761
110 4886
111 1232
111 1669
111 2114
111 2199
111 2867
111 3992
111 4044
111 4182
111 4240
111 4732
112 153
112 1139
112 1444
112 1496
112 1723
112 2878
112 3911
112 4704
113 160
113 733
113 955
113 1103
113 2678
113 3407
113 3584
113 4368
113 4748
114 603
114 809
114 974
114 1590
114 2403
114 2929
114 2978
114 3111
114 3777
114 4142
115 485
115 778
115 1416
115 1560
115 1671
115 2195
115 2231
115 2256
115 2321
115 2809
115 3055
115 3373
115 4744
115 4920
116 599
116 787
116 978
116 1263
116 3130
116 4854
117 324
117 759
117 1248
117 1808
117 4027
117 4417
117 4467
117 4694
118 969
118 1275
118 2732
118 3050
118 3136
118 3450
118 3621
118 3753
118 3784
118 3972
118 4396
118 4411
118 4765
119 1096
119 1700
119 2414
119 3079
119 3124
119 3290
119 4158
120 343
120 1139
120 1207
120 1732
120 2208
120 2817
120 3046
120 3446
120 3536
120 4896
121 450
121 733
121 1008
121 1232
121 2018
121 2577
121 4190
121 4524
122 524
122 587
122 1176
122 1429
122 1628
123 168
123 612
123 998
123 1067
123 1438
123 1459
123 1750
123 2254
123 2262
123 3195
123 3628
123 4304
123 4540
124 266
124 352
124 1154
124 1853
124 1860
124 2210
124 2293
124 2383
124 2388
124 2975
124 3261
124 3275
124 4263
124 4325
124 4997
125 849
125 2714
125 3090
125 3859
125 4067
125 4543
125 4857
126 560
126 715
126 832
126 995
126 1589
126 1632
126 2174
126 2629
126 2733
126 3146
126 3751
126 3906
126 4004
126 4244
126 4408
127 800
127 1329
127 1883
127 2026
127 2553
127 3074
127 3122
127 3144
127 3782
127 4214
127 4437
127 4640
127 4754
128 188
128 406
128 771
128 832
128 1067
128 1677
128 2550
128 3262
128 3897
128 3965
128 4221
129 417
129 1856
129 1965
129 2227
129 2323
129 2487
129 3251
129 3256
129 3547
129 3605
129 4498
129 4735
130 494
130 930
130 1564
130 1986
130 2386
130 3768
130 3882
130 4149
130 4607
130 4713
131 255
131 276
131 1119
131 1430
131 2531
131 3241
131 3403
131 4237
131 4973
132 337
132 636
132 1007
132 2132
132 2875
132 3150
132 3158
132 3836
132 4338
132 4850
132 4950
133 171
133 897
133 2875
134 360
134 569
134 1277
134 2162
134 2343
134 4222
134 4285
134 4373
134 4415
134 4852
134 4894
134 4902
135 385
135 632
135 764
135 1742
135 1940
135 3811
135 3922
135 4088
135 4231
136 388
136 1234
136 3066
136 3357
136 3410
136 3915
136 4075
136 4609
136 4801
136 4911
137 277
137 605
137 639
137 1573
137 1697
137 1726
137 2136
137 3474
137 3595
137 4468
137 4652
137 4868
137 4957
138 636
138 1008
138 1785
138 2200
138 4824
138 4985
139 1335
139 1356
139 1377
139 1391
139 1657
139 2034
139 2177
139 2474
139 3224
139 3965
139 4097
139 4260
139 4489
140 2621
140 3946
140 4645
141 248
141 378
141 1262
141 1782
141 2208
141 2587
141 3114
141 3677
142 228
142 398
142 1009
142 2393
142 2422
142 2770
142 3316
142 3906
142 4390
142 4725
142 4801
143 837
143 1830
143 2239
143 2978
143 3109
143 3724
143 4463
144 218
144 527
144 956
144 1495
144 1920
144 2149
144 2218
144 2511
144 2856
144 3126
144 3403
144 4030
144 4114
145 1348
145 1854
145 1865
145 1885
145 1914
145 2484
145 3645
145 3985
146 1760
146 3437
146 3647
146 3843
146 3892
146 4271
146 4727
147 244
147 661
147 981
147 1294
147 2386
147 2735
147 2870
147 4477
148 312
148 411
148 1923
148 2341
148 2912
148 3106
148 3403
148 4506
148 4784
148 4836
149 1080
149 1506
149 1533
149 2012
149 2944
149 3761
149 3995
150 747
150 1277
150 2909
150 4560
151 442
151 449
151 1027
151 2119
151 2965
151 3729
151 3735
151 3889
151 3929
151 3935
151 4449
152 345
152 633
152 862
152 1062
152 1167
152 1539
152 2276
152 2458
152 2623
152 2692
152 3108
152 3420
152 3557
152 3908
152 4472
152 4748
153 1204
153 1382
153 2043
153 2659
153 3388
153 4001
153 4372
153 4800
154 280
154 872
154 994
154 1533
154 2152
154 3191
154 3534
154 3628
154 4296
154 4547
154 4938
155 816
155 1284
155 1889
155 2873
155 2921
155 2934
155 3070
155 4104
155 4171
155 4734
156 1785
156 2090
156 2262
156 2294
156 3260
157 391
157 471
157 722
157 1351
157 2557
157 2812
157 3833
157 3883
157 4341
157 4477
158 518
158 879
158 1623
158 2064
158 2509
158 2592
158 2612
158 4552
159 1156
159 1175
159 1394
159 1480
159 1578
159 1660
159 1723
159 2874
159 3539
159 3738
159 3952
159 4712
159 4959
159 4975
159 4984
159 4996
160 187
160 798
160 1974
160 2079
160 2141
160 2294
160 2608
160 3053
161 707
161 1068
161 1417
161 2258
161 2332
161 2870
161 3175
161 3365
161 3627
161 4404
161 4474
161 4871
162 245
162 248
162 501
162 894
162 1057
162 1506
162 1513
162 1858
162 2293
162 2562
162 3067
162 3258
162 3697
162 3991
162 4101
162 4720
163 1216
163 1333
163 1400
163 2128
163 2873
164 311
164 1090
164 1362
164 1645
164 2146
164 2964
164 3649
165 1337
165 1504
165 2346
165 2854
165 2891
165 3032
165 3279
165 3358
165 4042
166 215
166 560
166 2190
166 4136
166 4226
167 253
167 437
167 852
167 1474
167 2021
167 2025
167 2340
167 2780
167 2802
167 2804
167 3285
167 3642
167 4108
167 4426
167 4719
167 4874
168 549
168 1189
168 2179
168 2223
168 2964
168 3040
168 3190
168 3761
168 3789
168 3952
168 4258
168 4497
168 4941
169 200
169 241
169 848
169 868
169 2271
169 2838
169 2918
169 3922
169 3994
169 4248
169 4275
170 747
170 1156
170 2354
170 3101
170 3259
170 3569
170 3630
170 3795
170 4042
171 218
171 374
171 526
171 1241
171 1689
171 1870
171 2023
171 4829
172 222
172 888
172 1300
172 1317
172 1725
172 1971
172 2112
172 2564
172 2582
172 2621
172 2755
172 3961
172 4359
173 273
173 658
173 1466
173 1498
173 2153
173 2155
173 2267
173 3201
173 3597
173 4504
173 4776
173 4812
173 4900
174 358
174 2338
174 2464
174 4813
175 900
175 1328
175 2650
175 2945
175 2978
175 3200
175 3923
175 4022
175 4478
176 975
176 1214
176 1776
176 2955
176 3334
176 3436
176 4242
176 4754
177 582
177 1304
177 2695
177 3376
177 3672
177 3790
177 3859
177 4290
177 4310
178 294
178 1538
178 1679
178 3967
178 4304
178 4463
178 4784
179 785
179 1080
179 1130
179 1132
179 1389
179 2129
179 3546
180 207
180 726
180 1223
180 1910
180 2889
180 3494
180 3733
180 3768
180 3788
180 3977
180 4641
181 708
181 1122
181 1238
181 1489
181 2565
181 2723
181 2755
181 4274
181 4378
181 4892
182 1442
182 1723
182 2180
182 2230
182 2271
182 2565
182 3439
182 4762
182 4859
183 765
183 920
183 2403
183 3383
183 3849
183 4196
183 4819
184 598
184 936
184 1006
184 1169
184 1239
184 1304
184 1699
184 2601
184 2871
184 4517
184 4791
185 304
185 928
185 951
185 1807
185 1898
185 2673
185 3065
185 3588
185 4453
185 4754
186 1268
186 1537
186 2403
186 2656
186 2751
186 2752
186 2800
186 3480
186 3525
186 3576
186 3816
186 4339
186 4711
186 4771
187 290
187 1453
187 1462
187 1752
187 1922
187 4005
187 4486
188 521
188 952
188 1554
188 1744
188 2114
188 2320
188 2847
188 3308
189 751
189 950
189 997
189 2257
189 2411
189 4263
189 4459
190 464
190 929
190 1110
190 1171
190 1475
190 1555
190 1863
190 1979
190 2195
190 3691
190 3798
190 3836
190 3993
191 1198
191 2673
191 2743
191 3225
191 3596
191 3913
191 4022
191 4434
191 4554
191 4671
191 4973
192 1018
192 1437
192 1770
192 2091
192 2529
192 3221
192 3593
192 4751
193 1402
193 2110
193 2279
193 2368
193 2533
193 2773
193 2884
193 3096
193 3364
193 3647
193 3996
193 4528
193 4679
193 4701
194 1021
194 1599
194 1690
194 2107
194 2892
194 2896
194 3169
194 3175
194 3291
194 3775
194 4035
194 4636
194 4751
195 326
195 522
195 1101
195 1311
195 1979
195 2133
195 2515
195 2584
195 2618
195 3080
195 3478
195 3617
195 3652
196 287
196 360
196 663
196 736
196 3766
196 4784
196 4916
197 1374
197 1733
197 2140
197 2794
197 2871
197 2986
197 3259
197 4663
197 4936
198 1210
198 1949
198 2160
198 2416
198 3352
198 4312
199 1239
199 2985
199 4415
200 1963
200 2525
200 2947
200 4108
201 662
201 741
201 1045
201 1131
201 1193
201 1893
201 2413
201 2648
201 3597
201 3941
201 4716
201 4861
202 722
202 1188
202 1994
202 2223
202 2381
202 2980
202 3041
202 3414
202 3584
202 3611
202 4654
202 4664
202 4894
203 546
203 919
203 1826
203 2644
203 3773
203 4574
204 670
204 769
204 1092
204 1597
204 1766
204 3075
204 3215
205 848
205 1158
205 2533
205 3571
205 4094
205 4240
205 4669
206 484
206 653
206 754
206 1119
206 1403
206 1439
206 1784
206 3157
206 3363
206 4507
206 4855
206 4899
207 245
207 534
207 758
207 1078
207 1298
207 1464
207 1475
207 2089
207 2324
207 2439
207 2953
207 3264
207 3710
207 4561
208 1010
208 1361
208 1730
208 1805
208 2940
208 3725
208 4390
208 4560
209 1402
209 1920
209 2033
209 2166
209 2664
209 2863
209 3475
209 3779
209 3864
209 4699
209 4864
209 4881
210 333
210 342
210 1463
210 1943
210 1997
210 2203
210 3320
210 3576
210 3831
210 3908
210 4607
211 1259
211 1453
211 2280
211 2870
211 2900
211 3294
211 3548
211 3898
212 414
212 1142
212 1280
212 1563
212 1738
212 1965
212 2262
212 3707
212 4169
212 4547
213 2285
213 2628
213 2644
213 3436
213 3938
213 4368
214 227
214 798
214 1642
214 2223
214 2765
214 2992
214 4509
214 4524
215 649
215 1859
215 2226
215 2385
215 3408
215 3869
215 4121
215 4628
216 1036
216 1308
216 2320
216 3601
216 4562
216 4950
217 872
217 957
217 1633
217 2023
217 2956
217 3048
217 3261
217 4254
217 4612
217 4739
217 4845
217 4863
218 235
218 638
218 810
218 858
218 865
218 872
218 1219
218 1865
218 2094
218 3563
218 4168
218 4270
219 817
219 1372
219 2915
219 2925
219 3306
219 3312
219 3654
219 4399
219 4419
219 4740
219 4785
219 4797
220 413
220 481
220 1002
220 1985
220 2201
220 2220
220 2387
220 2781
220 3215
220 3417
220 4377
220 4596
220 4794
221 519
221 930
221 2014
221 2812
221 3136
221 3877
221 3935
221 4598
222 459
222 968
222 1642
222 1910
222 2812
222 3123
222 3915
222 4863
223 614
223 1321
223 2229
223 2482
223 3076
224 546
224 1998
224 2327
224 2795
224 3600
224 3785
224 3902
224 4037
224 4281
224 4772
224 4906
225 1164
225 1402
225 2130
225 2397
225 3793
226 769
226 1758
226 2510
226 2527
226 3802
226 3912
226 4129
226 4136
227 234
227 1637
227 1744
227 2215
227 2511
227 2946
227 3220
227 3924
227 4211
227 4505
228 838
228 991
228 1542
228 1708
228 2241
228 2314
228 2410
228 3937
228 4067
228 4084
228 4976
229 1468
229 2753
229 3281
229 3381
229 3972
229 4137
229 4345
229 4609
230 631
230 679
230 821
230 839
230 1013
230 1336
230 1383
230 1435
230 1943
230 2981
230 2989
230 4397
231 790
231 1238
231 2025
231 2532
231 2839
231 3201
231 3540
231 4067
231 4879
231 4950
232 488
232 796
232 839
232 1288
232 1363
232 1641
232 1694
232 1853
232 2118
232 2231
232 2693
232 2889
232 3321
232 3854
232 4004
232 4373
232 4996
233 379
233 380
233 395
233 493
233 1388
233 2229
233 2394
233 2825
233 3705
233 4245
233 4551
234 446
234 1353
234 2143
234 2711
234 3295
235 739
235 740
235 2045
235 2197
235 2754
235 3302
235 3504
235 4019
235 4093
235 4319
235 4465
235 4565
236 471
236 1274
236 2308
236 2745
236 2758
236 2819
236 3039
236 3736
236 4771
236 4847
236 4907
236 4936
237 242
237 2936
237 3156
237 4624
237 4991
238 3603
238 3823
238 4435
239 987
239 1294
239 2789
239 3148
239 3738
239 4039
240 1742
240 2112
240 2883
240 3366
240 3630
240 4102
240 4483
240 4798
240 4849
240 4852
241 1154
241 2266
241 3389
241 3717
241 3898
242 296
242 1234
242 1366
242 2008
242 2567
242 4176
243 348
243 464
243 2551
243 2918
243 3207
243 4159
244 986
244 1314
244 1381
244 1399
244 2078
244 2566
244 2904
245 792
245 1034
245 1127
245 1533
245 2708
245 3344
245 3485
245 3599
245 3960
245 4902
246 453
246 1162
246 1194
246 1412
246 2436
246 3358
246 4040
247 971
247 1113
247 1746
247 2257
247 2452
247 2586
247 2926
247 4494
248 964
248 1049
248 1523
248 1664
248 2443
248 3012
248 3340
248 4050
248 4560
249 2801
249 3073
249 3200
249 3386
249 3578
249 4037
249 4735
250 2078
250 2148
250 3171
250 3187
250 3450
250 3785
250 4806
251 504
251 1882
251 2740
251 2847
251 3091
251 3160
251 3401
251 3658
251 4191
251 4310
251 4472
251 4487
252 631
252 635
252 719
252 1033
252 1453
252 1633
252 2382
252 2732
252 3275
252 4519
252 4613
253 385
253 812
253 1857
253 2225
253 2354
253 2876
253 2998
253 3609
253 4142
254 582
254 1113
254 3700
254 3854
254 4663
254 4809
255 411
255 1046
255 1102
255 1231
255 1980
255 2257
255 2287
255 2299
255 2409
255 3830
256 450
256 508
256 646
256 1227
256 1759
256 1825
256 2729
256 2848
256 3301
256 3626
256 3705
256 4082
257 1110
257 1294
257 1457
257 1459
257 1884
257 1950
257 2825
257 3102
257 3323
257 3770
257 4050
257 4761
257 4853
258 281
258 1847
258 3031
258 3365
258 3500
258 3584
258 3738
258 3781
258 4436
258 4752
259 1092
259 1657
259 2366
259 2495
259 2878
259 4024
259 4309
259 4570
260 478
260 946
260 1675
260 2342
260 2361
260 2620
260 3179
260 3492
260 3640
260 3792
260 4270
261 396
261 772
261 938
261 1403
261 1991
261 2140
261 2739
261 4733
261 4836
262 586
262 794
262 2903
262 3342
262 4834
262 4942
263 993
263 1222
263 2339
263 2736
263 3177
263 3178
263 3845
264 343
264 1619
264 1763
264 1846
264 2499
264 2622
264 2733
264 3395
264 4106
264 4251
264 4473
264 4505
265 1077
265 1208
265 1346
265 1721
265 1829
265 2205
265 2466
265 2708
265 2942
265 3587
265 3996
265 4965
266 282
266 389
266 1052
266 1177
266 1400
266 2057
266 2302
266 2517
266 2848
266 3310
266 3499
266 4816
266 4957
267 621
267 883
267 1008
267 1217
267 1617
267 1660
267 1729
267 2317
267 4320
267 4675
268 396
268 1592
268 2257
268 2457
268 2713
268 4071
268 4208
268 4254
268 4424
268 4547
268 4869
269 901
269 1092
269 1216
269 1795
269 1863
269 3227
269 3533
269 4098
269 4613
269 4792
270 1172
270 2788
270 2980
270 3324
270 3453
270 3501
270 4952
271 1208
271 1773
271 2054
271 2286
271 4223
271 4520
271 4819
272 2051
272 2409
272 2961
272 3193
272 3387
272 3864
273 522
273 830
273 2334
273 3205
273 4009
273 4071
273 4149
273 4335
274 586
274 2247
274 2999
274 3177
274 3517
274 3782
274 3989
274 4806
274 4888
274 4950
275 1349
275 1417
275 1497
275 1553
275 1727
275 2912
275 3303
275 3750
275 4586
275 4661
275 4984
276 334
276 415
276 466
276 804
276 850
276 1683
276 2987
276 4096
276 4591
277 555
277 635
277 1249
277 1297
277 1599
277 1979
277 2175
277 2305
277 3103
277 3335
277 3433
277 4499
277 4564
277 4840
278 567
278 909
278 967
278 1182
278 1513
278 1637
278 1917
278 2660
279 431
279 770
279 1468
279 1654
279 2369
279 3009
279 3186
279 3968
279 4000
279 4885
280 375
280 385
280 677
280 767
280 889
280 1695
280 1985
280 1989
280 2217
280 2352
280 2489
280 3372
280 3563
280 3705
280 3762
280 4507
280 4815
281 549
281 848
281 982
281 1067
281 2009
281 2227
281 2473
281 2686
281 3881
281 4248
282 505
282 1450
282 1794
282 2888
282 3398
282 3550
282 3738
282 3931
282 4792
282 4871
283 485
283 661
283 690
283 1050
283 1247
283 1950
283 3171
283 4266
283 4648
283 4959
284 354
284 388
284 1125
284 2532
284 2652
284 2739
284 4132
284 4563
284 4678
285 335
285 513
285 869
285 1312
285 1329
285 1677
285 2119
285 2847
285 2927
285 3721
285 3970
285 4035
285 4655
285 4901
286 433
286 1242
286 2210
286 2461
286 2994
286 3955
286 4247
286 4672
287 817
287 1056
287 1192
287 1244
287 1499
287 2251
287 2399
287 2512
287 3161
287 3731
287 4048
287 4091
288 357
288 414
288 508
288 1548
288 1610
288 1979
288 2783
288 3014
288 3254
288 4302
288 4636
288 4991
289 418
289 720
289 1175
289 1487
289 1790
289 2012
289 2070
289 2316
289 4903
290 1153
290 1322
290 1587
290 1772
290 2101
290 2490
290 4133
290 4727
291 688
291 1348
291 2555
291 2696
291 3756
291 3817
291 4097
291 4476
292 310
292 596
292 855
292 1061
292 1094
292 1278
292 1739
292 1995
292 4661
293 306
293 678
293 887
293 1153
293 1612
293 2546
293 4842
293 4980
294 812
294 2497
294 2687
294 3530
294 3705
294 3976
294 4579
295 361
295 719
295 844
295 1130
295 1764
295 1922
295 3034
295 3104
296 979
296 1200
296 1232
296 1451
296 2698
296 3685
296 3715
296 4284
296 4301
296 4673
297 867
297 1353
297 1425
297 2788
297 3103
297 3521
297 4308
298 809
298 988
298 2188
298 2413
298 3329
298 4082
299 518
299 586
299 1101
299 1266
299 1600
299 3729
299 3980
299 4069
300 337
300 537
300 624
300 729
300 959
300 2169
300 3397
300 4260
300 4311
301 872
301 1279
301 1512
301 2656
301 2657
301 2895
301 4859
301 4978
301 4982
302 1621
302 1629
302 2013
302 2210
302 2376
302 2941
302 2991
302 3000
302 3637
302 4993
303 440
303 640
303 700
303 825
303 1064
303 1384
303 2081
303 2860
303 2881
303 2883
303 3155
303 4954
303 4956
304 1716
304 1789
304 1921
304 2041
304 2162
304 2195
304 2202
304 2807
304 3805
304 3838
304 4086
304 4131
305 1810
305 2122
305 2591
305 2889
305 3314
305 3473
305 3488
305 3924
305 4997
306 468
306 1449
306 1688
306 1719
306 2213
306 2412
306 3219
306 3464
306 3732
306 3775
306 4821
307 721
307 1656
307 1672
307 1745
307 2309
307 2406
307 2816
307 4484
307 4486
307 4571
307 4600
308 927
308 1437
308 1999
308 2862
308 3172
308 3453
308 3457
308 3540
308 3867
309 313
309 621
309 1506
309 1534
309 1580
309 2063
309 2271
309 3724
309 4415
310 354
310 817
310 1571
310 2398
310 3120
310 3641
310 4020
310 4247
310 4325
310 4609
310 4653
311 421
311 657
311 781
311 984
311 1549
311 1588
311 1892
311 2021
311 2543
311 2650
311 2808
311 3076
311 4046
311 4635
312 767
312 1072
312 2316
312 2629
312 4666
312 4722
312 4807
313 560
313 1464
313 1498
313 1792
313 1798
313 1964
313 2316
313 2735
313 3115
313 3344
313 3659
313 4131
314 667
314 672
314 992
314 2625
314 3151
314 3529
314 3761
314 3926
314 4011
314 4524
315 459
315 765
315 899
315 935
315 1668
315 2047
315 2410
315 3139
315 4220
315 4948
315 4969
316 1827
316 1985
316 2128
316 2500
316 2747
316 3221
316 3594
316 4399
316 4421
317 670
317 942
317 1199
317 1841
317 2622
317 2822
317 3023
317 3658
317 4906
318 1219
318 1810
318 1861
318 2543
318 2718
318 3754
318 4345
318 4597
319 381
319 781
319 913
319 1199
319 1427
319 1611
319 2156
319 2574
319 2839
319 3379
319 3415
319 3598
319 4510
319 4591
319 4895
320 450
320 534
320 1724
320 1846
320 2699
320 2928
320 3262
320 3452
320 3508
320 4252
320 4855
320 4902
321 1245
321 1727
321 2165
321 2314
322 1270
322 1951
322 2063
322 3329
322 3400
322 4020
322 4247
322 4947
323 426
323 537
323 693
323 1238
323 1455
323 1926
323 2230
323 2404
323 2758
323 2853
323 2917
323 3985
323 4046
323 4336
323 4618
324 412
324 594
324 640
324 1298
324 1635
324 2251
324 2770
324 2941
324 3430
324 3818
324 4360
324 4939
324 4966
325 427
325 2127
325 2471
325 3734
325 3780
325 3888
325 3953
325 4484
326 514
326 774
326 1483
326 3551
326 3749
326 3945
326 4044
326 4623
326 4815
327 604
327 784
327 828
327 893
327 1258
327 1699
327 1703
327 1722
327 2289
327 2770
327 3254
327 4074
327 4138
327 4228
327 4976
328 856
328 1372
328 1665
328 1734
328 1775
328 2109
328 2114
328 3068
328 3284
328 3430
328 3538
328 4634
329 1247
329 2458
329 2760
329 3731
329 3751
330 2240
330 3048
330 3420
330 3681
330 3861
330 3899
330 4366
330 4382
330 4435
331 838
331 1015
331 1341
331 2711
331 3170
331 4012
331 4639
332 939
332 2268
332 2524
332 2837
332 2885
332 3130
332 3156
332 3583
332 3722
332 3748
332 4559
332 4609
332 4710
333 687
333 1033
333 1097
333 1257
333 1904
333 1994
333 2289
333 2537
333 2993
334 645
334 655
334 1084
334 2640
334 2790
334 3274
334 3309
334 3926
334 4089
334 4750
334 4844
335 848
335 1000
335 1323
335 1710
335 2872
335 3091
335 3140
335 3458
335 3640
335 4503
335 4732
336 902
336 1011
336 2177
336 2453
336 3255
336 3383
336 3410
336 4911
337 607
337 1427
337 1696
337 1720
337 2401
337 2630
337 2918
337 4006
338 600
338 749
338 1307
338 2517
338 3090
338 3244
338 3554
338 3604
338 3849
338 3976
338 4800
339 472
339 480
339 1362
339 1569
339 2373
339 2470
339 2598
339 2868
339 3845
339 3961
339 4812
340 850
340 2703
340 2863
340 3276
340 3526
341 428
341 774
341 1267
341 3065
341 3739
342 796
342 914
342 1062
342 1454
342 2928
342 3436
342 3980
342 4591
342 4635
343 1323
343 1521
343 1598
343 2562
343 2902
343 3096
343 3286
343 3359
343 3369
343 3534
343 4631
344 849
344 1237
344 1340
344 1878
344 2146
344 2352
344 2488
344 2860
344 4550
345 1342
345 3910
345 3938
345 3992
345 4017
345 4607
346 869
346 987
346 1684
346 2331
346 3225
346 3814
346 4679
346 4700
346 4825
347 2767
348 587
348 1522
348 1552
348 1766
348 1849
348 2059
348 2087
348 3130
348 4495
348 4789
348 4986
349 1714
349 2179
349 2214
349 2484
349 2888
349 2949
349 3123
349 3291
349 3336
349 3463
349 3762
349 4134
349 4301
350 536
350 1218
350 2175
350 2184
350 2205
350 2220
350 2353
350 3377
350 3394
350 3887
350 4172
350 4457
351 803
351 1165
351 1975
351 4734
352 526
352 818
352 1362
352 1365
352 2724
352 3014
352 3185
352 3717
352 4326
352 4330
352 4796
353 2370
353 2707
353 3643
353 4099
353 4727
354 460
354 1027
354 1133
354 1262
354 1527
354 1949
354 2267
354 3123
354 3253
354 4119
354 4120
354 4759
354 4844
355 396
355 545
355 1335
355 1562
355 1581
355 2116
355 2203
355 2256
355 2336
355 3912
356 472
356 940
356 2227
356 2862
356 3279
356 3511
357 1601
357 1762
357 1833
357 1842
357 2457
357 2753
357 2918
357 3028
357 4953
357 4958
358 439
358 594
358 750
358 859
358 1038
358 1273
358 1420
358 1540
358 1844
358 2312
358 2320
358 2464
358 2761
358 2837
358 3077
358 3841
358 4148
358 4279
358 4741
359 1259
359 1495
359 1909
359 2013
359 2203
359 2585
359 3083
359 4249
359 4470
359 4492
359 4818
360 1084
360 1186
360 1322
360 1540
360 1599
360 2515
360 3074
360 3224
360 3493
360 3774
360 4510
360 4641
360 4676
361 600
361 1796
361 2122
361 2391
361 3896
361 4129
361 4180
361 4644
362 851
362 1499
362 1681
362 2071
362 2344
362 2691
362 3617
362 4095
362 4207
362 4488
362 4591
362 4943
363 636
363 1121
363 1268
363 1917
363 2476
363 3596
363 3713
363 4005
363 4215
364 416
364 486
364 916
364 1354
364 1424
364 1651
364 2388
364 2824
364 4039
364 4405
364 4581
364 4587
364 4773
365 1655
365 2056
365 2211
365 2292
365 2888
365 3585
365 3649
366 1059
366 1190
366 2002
366 2333
366 2777
366 3088
366 3493
366 3567
367 1019
367 1114
367 1193
367 1295
367 1810
367 2531
367 2594
367 2631
367 2632
367 3456
367 3618
367 3659
367 3736
367 4714
368 415
368 976
368 993
368 2008
368 2877
368 2926
368 3181
368 4164
369 885
369 1060
369 1077
369 1504
369 1705
369 1814
369 2293
369 2583
369 2907
369 3353
369 3593
369 4201
369 4641
370 927
370 1038
370 1152
370 1319
370 1364
370 1935
370 1989
370 3372
370 3722
370 4507
371 528
371 550
371 925
371 1447
371 2009
371 2021
371 2183
371 2535
371 2932
371 3131
371 3378
371 4491
371 4915
372 747
372 1454
372 2120
372 2919
372 4010
372 4390
372 4457
373 401
373 613
373 1509
373 2045
373 2158
373 3010
373 3365
373 3969
373 4390
374 694
374 2286
374 2606
374 2828
374 3001
374 3243
374 3950
374 4128
375 873
375 896
375 1601
375 2544
375 2679
375 4305
375 4319
375 4647
375 4737
375 4846
376 1386
376 2214
376 2578
376 2830
376 2854
376 3039
376 3379
376 3744
377 1428
377 1648
377 2440
377 3299
377 3323
377 3498
377 3658
377 4473
378 1112
378 1722
378 1792
378 2269
378 2747
378 2858
378 3042
378 3242
378 3624
378 4004
378 4299
378 4342
378 4853
379 1256
379 1683
379 2966
379 3843
379 3884
379 4040
379 4048
379 4151
380 582
380 744
380 1128
380 1326
380 2577
380 2763
380 3035
380 3264
381 463
381 1834
381 2039
381 3090
381 3993
382 452
382 840
382 894
382 1224
382 1596
382 1831
382 2762
382 3926
382 4168
382 4415
383 466
383 715
383 992
383 1352
383 1605
383 2121
383 3881
383 4652
384 547
384 822
384 992
384 1519
384 2086
384 3614
384 4128
384 4874
385 651
385 748
385 1345
385 1534
385 2226
385 2279
385 4620
385 4684
385 4689
386 403
386 1108
386 1514
386 1565
386 1669
386 2013
386 2440
386 2621
386 2741
386 2816
386 3425
387 2360
387 2791
387 2806
387 3378
387 3629
387 3714
387 4294
387 4378
387 4697
388 425
388 706
388 795
388 1739
388 2926
388 3720
388 3936
388 4087
388 4571
389 1342
389 1856
389 3320
389 3878
389 3999
389 4124
389 4139
390 802
390 1131
390 1856
390 2173
390 2678
390 2964
390 3376
390 3451
390 3583
390 3785
390 4065
390 4384
390 4504
390 4640
390 4655
391 485
391 2079
391 2352
391 2963
391 3295
391 3623
391 3873
391 4724
391 4880
392 1232
392 2208
392 2654
392 2768
392 2804
392 4290
393 855
393 940
393 1964
393 2158
393 2557
393 2737
393 3381
393 3469
393 3790
393 4063
393 4366
393 4672
393 4727
393 4881
393 4905
394 803
394 1999
394 2258
394 2789
394 2805
394 2938
394 3437
394 3698
394 3780
394 4074
394 4254
394 4851
395 900
395 1260
395 1441
395 1795
395 1930
395 2126
395 3197
395 3464
395 4131
395 4551
396 1473
396 1909
396 2266
396 3051
396 3273
396 3539
396 3622
396 4343
396 4499
396 4688
396 4714
396 4913
397 1223
397 1304
397 3057
397 3182
397 3625
397 3745
397 3756
397 3976
397 4198
397 4364
397 4435
397 4969
398 741
398 1659
398 2409
398 3664
398 3936
398 4142
398 4745
399 497
399 715
399 1765
399 1980
399 1992
399 3135
399 3160
399 3285
399 3353
399 3984
399 4178
399 4247
399 4288
400 1025
400 1093
400 1213
400 3088
400 3192
400 3414
400 4799
401 1453
401 1553
401 2126
401 2621
401 3101
401 3560
401 3573
401 3734
401 4187
401 4274
401 4780
401 4959
402 1355
402 1367
402 1395
402 1998
402 3673
402 4212
402 4691
403 949
403 979
403 1054
403 1237
403 1579
403 1723
403 2322
403 2544
403 2615
403 2990
403 3142
403 3574
403 3773
403 3861
403 3999
403 4209
403 4852
404 920
404 1285
404 2868
404 2979
404 3723
404 4735
405 532
405 1104
405 2327
405 3089
405 4361
406 556
406 747
406 1203
406 1767
406 1996
406 2629
406 3953
406 4191
406 4604
407 700
407 2812
407 2954
407 3016
407 3054
407 3311
407 4171
407 4919
408 549
408 746
408 1179
408 1287
408 2465
408 2490
408 3285
408 3788
408 3913
408 4351
408 4390
408 4904
409 699
409 727
409 1050
409 1058
409 1282
409 2648
409 2757
409 3075
409 3406
409 3987
409 4494
409 4838
409 4927
410 1270
410 1334
410 2323
410 2480
410 2543
410 2623
410 2668
410 3651
410 3963
410 4791
410 4868
411 441
411 1007
411 1371
411 3444
411 3617
411 3900
411 4513
412 527
412 1129
412 1704
412 1989
412 2240
412 2840
412 3344
412 3435
412 4237
412 4342
413 557
413 1904
413 2039
413 2322
413 2941
413 3286
413 3608
413 3911
413 4113
413 4867
413 4952
414 883
414 1113
414 1887
414 2105
414 2463
414 2667
414 3277
415 2598
415 2932
415 3452
415 4883
416 804
416 1145
416 1521
416 2113
416 3532
416 3682
417 1720
417 1884
417 3520
417 4469
418 2270
418 3057
418 3449
418 3641
418 4274
419 676
419 1260
419 1570
419 1770
419 1797
419 1827
419 2257
419 2827
419 2914
419 4497
419 4970
420 1118
420 1619
420 1930
420 1935
420 2008
420 2009
420 2171
420 2339
420 3315
421 646
421 1487
421 1678
421 2205
421 2286
421 3840
422 1579
422 3724
423 929
423 1322
423 2204
423 2291
423 2551
423 2620
423 3044
423 3994
423 4012
423 4131
423 4622
424 1326
424 2000
424 2287
424 3731
424 3994
424 4148
425 1061
425 1293
425 1596
425 1818
425 2283
425 2462
425 4449
425 4863
426 667
426 1266
426 1953
426 2147
426 2250
426 2586
426 2993
426 4955
427 525
427 1581
427 2212
427 2594
427 2937
427 3194
427 3647
427 3656
427 4058
427 4338
428 506
428 1347
428 1507
428 1577
428 1864
428 2005
428 2438
428 2968
428 3352
428 3770
428 4069
428 4601
428 4617
429 1417
429 1902
429 2215
429 2394
429 2497
429 3084
429 3844
430 2277
430 2419
430 2470
430 2895
430 2930
430 2975
430 3499
430 3641
430 3699
430 3892
430 4031
430 4129
430 4575
430 4609
431 490
431 1020
431 1304
431 1552
431 1572
431 1611
431 1847
431 2043
431 2260
431 2624
431 3054
431 3233
431 3247
431 3395
431 4119
431 4461
432 665
432 1678
432 2404
432 2466
432 4130
432 4219
433 1822
433 2511
433 4274
433 4598
433 4946
434 1089
434 1113
434 1870
434 1946
434 1949
434 2002
434 2014
434 2696
434 3028
434 3556
434 3901
434 3947
434 4590
434 4799
435 478
435 625
435 1101
435 1572
435 2526
435 3006
435 3111
435 4192
435 4223
435 4763
435 4982
436 996
436 1104
436 1898
436 2937
436 3760
436 4095
436 4363
436 4626
436 4639
436 4811
436 4850
437 511
437 573
437 702
437 2299
437 3544
437 3820
437 3845
437 3932
437 4584
437 4657
438 513
438 952
438 973
438 2434
438 2980
438 3247
438 3513
438 3704
438 4146
438 4189
438 4517
438 4673
438 4740
438 4743
438 4879
439 1749
439 1786
439 1870
439 1874
439 2486
439 3088
439 3521
439 4053
439 4551
440 1478
440 1819
440 2132
440 2369
440 2474
440 3258
440 3805
440 3913
440 4105
440 4137
440 4517
440 4687
441 1266
441 2521
441 3048
441 4231
441 4817
442 830
442 874
442 1936
442 2994
442 3284
442 4693
442 4744
443 1383
443 1728
443 3468
443 3940
443 4358
444 1291
444 1559
444 1876
444 2499
444 3920
444 4512
445 732
445 999
445 1308
445 1372
445 1423
445 1845
445 2094
445 3465
445 4136
445 4475
445 4984
446 475
446 763
446 792
446 1207
446 1539
446 2996
446 4159
446 4246
446 4796
447 791
447 1730
447 2053
447 2922
447 3293
447 3677
447 4100
447 4381
448 631
448 2761
448 2897
448 3007
448 3727
448 3751
449 597
449 1315
449 2422
449 3759
449 4180
449 4196
450 812
450 964
450 2564
450 3200
450 3222
450 3265
450 3369
450 3657
450 3877
450 3969
450 4077
450 4128
450 4710
450 4971
451 589
451 1206
451 2055
451 2336
451 2700
451 2796
451 4200
451 4314
451 4405
451 4548
451 4677
451 4941
452 741
452 1129
452 2111
452 3852
452 4054
452 4135
452 4295
453 579
453 673
453 1590
453 1721
453 1816
453 2205
453 2475
453 2518
453 3047
453 4187
453 4457
453 4654
453 4693
453 4757
453 4790
453 4810
454 760
454 2360
454 2480
454 2856
454 3262
454 3282
454 3317
454 3323
454 3600
454 3839
454 3940
454 4282
455 1342
455 1668
455 1794
455 2063
455 2208
455 2511
455 2792
455 3238
455 3428
455 3521
455 3815
455 3818
455 3993
455 4978
456 1148
456 1177
456 1848
456 2026
456 2629
456 2973
456 3715
456 3734
456 3980
457 1016
457 1814
457 2166
457 2420
457 2669
457 2856
457 3305
457 3752
457 4423
457 4477
457 4518
457 4724
458 802
458 2168
458 2237
458 2275
458 2336
458 2393
458 3629
458 3930
458 3993
458 4695
459 769
459 1398
459 1443
459 1519
459 1588
459 2097
459 2351
459 2706
459 3404
459 3883
459 4812
460 1329
460 1794
460 2233
460 3099
460 3521
460 4050
460 4756
461 617
461 1684
461 1696
461 2143
461 4337
462 1298
462 1457
462 1690
462 3134
462 3146
462 3621
462 4298
462 4421
463 1321
463 2091
463 2542
463 2882
463 3781
463 4466
464 583
464 701
464 797
464 1429
464 2505
464 2579
464 3168
464 3225
464 3791
464 4122
464 4273
464 4581
464 4849
465 580
465 620
465 1705
465 2431
465 3417
465 4652
466 645
466 1104
466 1244
466 3374
466 3780
466 3792
466 4434
467 521
467 1322
467 1350
467 2339
467 3174
467 4105
468 1569
468 1619
468 2186
468 2580
468 2690
468 2754
468 3054
468 4313
469 814
469 1573
469 1830
469 4283
469 4526
469 4548
469 4853
470 1880
470 2066
470 3204
470 4299
470 4441
471 813
471 1297
471 1392
471 2197
471 2506
471 3341
471 4894
472 2079
472 2155
472 2974
472 3456
472 4214
472 4398
472 4496
472 4815
473 597
473 1356
473 1857
473 1885
473 2013
473 3114
473 3812
473 4716
473 4989
474 511
474 2916
474 3208
474 3390
474 3931
475 753
475 1327
475 3009
475 3143
475 3619
475 3648
475 3736
475 4822
476 853
476 1051
476 4570
477 869
477 1416
477 1796
477 3073
477 3192
477 3338
477 3770
477 4123
477 4562
477 4848
478 669
478 1301
478 1395
478 1847
478 2080
478 2198
478 2224
478 2352
478 2630
478 2924
478 3055
478 3163
478 3199
478 3378
478 3643
478 3915
478 4252
478 4265
479 1182
479 1631
479 2065
479 3082
479 3361
479 3431
479 4256
480 625
480 1055
480 2533
480 2706
480 2911
480 3850
480 3885
480 4671
480 4961
481 1662
481 1767
481 3008
481 3375
481 4813
482 560
482 867
482 990
482 1059
482 1263
482 1487
482 2243
482 3339
482 3445
483 1876
483 3505
483 3878
483 4956
484 920
484 1414
484 1623
484 1914
484 2805
484 3605
484 3679
484 4711
484 4781
485 616
485 1343
485 3537
485 4001
485 4457
485 4831
486 541
486 594
486 1572
486 1702
486 2376
486 2711
486 2889
486 3029
486 3528
486 3824
486 3914
486 4547
486 4667
486 4851
487 760
487 897
487 929
487 971
487 1057
487 1066
487 1139
487 2012
487 3438
487 3607
487 4314
487 4571
487 4646
488 1787
488 2979
488 3253
488 3554
488 3991
489 642
489 850
489 982
489 1119
489 2822
489 3303
489 3471
489 3725
489 4091
489 4231
489 4732
489 4768
490 2589
490 3003
490 3669
490 3835
490 3980
490 4006
490 4646
490 4695
490 4772
490 4973
491 545
491 625
491 683
491 758
491 1666
491 2021
491 2232
491 2428
491 3466
491 3482
491 4455
491 4591
491 4836
492 635
492 3434
492 4227
492 4540
492 4580
493 1182
493 1488
493 2055
493 2058
493 3289
493 3650
493 3784
493 4313
493 4554
493 4724
494 1496
494 1706
494 1912
494 2209
494 3900
494 3923
494 4553
494 4707
494 4961
495 667
495 1689
495 2045
495 2413
495 2592
495 2713
495 3043
495 3267
495 3468
496 510
496 3805
496 3832
496 4114
497 907
497 1001
497 1282
497 2250
497 2839
497 2931
497 3374
497 3649
497 3791
497 4147
497 4552
498 3311
498 4269
498 4341
498 4519
498 4751
499 950
499 999
499 1295
499 1760
499 1888
499 1910
499 2674
499 2754
499 3681
499 4320
499 4464
500 620
500 1285
500 1670
500 1888
500 2593
500 3265
500 4016
500 4172
500 4562
500 4878
501 825
501 937
501 1159
501 1341
501 1426
501 1964
501 2757
502 1153
502 1722
502 3270
502 4278
502 4379
502 4763
503 988
503 1025
503 2107
503 2520
503 3173
503 3202
503 3359
503 3501
503 4231
504 791
504 1153
504 1952
504 2111
504 3780
504 4801
505 1432
505 1776
505 2277
505 2548
505 2757
505 3098
505 3731
505 3765
505 3874
505 4719
506 1012
506 1901
506 2148
506 2379
506 2514
506 2548
506 3548
506 3694
506 4026
507 842
507 1368
507 1941
507 2887
507 2974
507 3258
507 3571
507 4305
508 1843
508 2333
508 2508
508 4518
508 4757
509 531
509 911
509 1729
509 1864
509 2813
509 3413
509 4652
510 1011
510 1248
510 1715
510 2726
510 4174
511 1006
511 1480
511 1657
511 2173
511 2980
511 3004
511 3266
511 4878
512 2467
512 2686
513 1814
513 2828
513 2834
513 3185
513 4092
513 4123
513 4245
513 4998
514 638
514 1231
514 1249
514 1290
514 1789
514 3310
514 3400
515 972
515 978
515 2428
515 3562
515 3607
516 1028
516 1616
516 1971
516 2051
516 3220
516 3945
516 4438
516 4502
516 4515
516 4796
516 4845
517 716
517 1907
517 1996
517 2457
517 2485
517 2702
517 2941
517 2993
517 4090
517 4115
517 4538
517 4614
517 4725
518 2044
518 2321
518 2430
518 2839
518 2986
518 4215
518 4379
518 4812
519 725
519 1180
519 1499
519 1507
519 1518
519 1712
519 2233
519 2737
519 3822
519 4172
519 4484
519 4887
519 4890
520 689
520 751
520 848
520 1170
520 1843
520 2260
520 2367
520 2923
520 3053
520 3854
520 3898
520 4143
520 4940
521 559
521 2482
521 2751
521 2838
521 4807
522 544
522 1024
522 1913
522 1969
522 3260
522 3292
522 4151
522 4717
523 526
523 781
523 1119
523 2494
523 3336
523 3675
523 4028
523 4348
523 4454
523 4465
523 4793
523 4996
524 722
524 1288
524 1348
524 1931
524 2554
524 4208
524 4971
525 1369
525 1631
525 2301
525 4188
525 4916
526 988
526 2745
526 2788
526 3607
526 4397
526 4956
527 1603
527 2244
527 4546
528 1345
528 1563
528 1962
528 2287
528 2748
528 2797
528 2807
528 3107
528 3256
528 4967
529 2091
529 3668
529 3818
529 4108
529 4585
530 642
530 696
530 1107
530 1582
530 2011
530 2125
530 2317
530 3040
530 3553
531 2037
531 2092
531 2476
531 3487
531 3790
531 4213
531 4459
532 1818
532 2005
532 2700
532 3176
532 3226
532 3515
532 3541
532 3937
532 4011
532 4556
532 4775
533 667
533 1309
533 1665
533 2429
533 2501
533 2674
533 3205
533 3737
533 4596
534 1030
534 1938
534 2464
534 2561
534 2665
534 3406
534 3743
534 3971
534 4185
534 4684
534 4728
534 4930
535 699
535 916
535 951
535 1451
535 2290
535 2614
535 3019
535 3249
535 3759
535 3847
535 4855
535 4954
536 1743
536 2247
536 2547
536 2662
536 2783
536 2952
536 3362
536 3496
536 4007
536 4533
536 4776
536 4882
536 4993
537 791
537 918
537 1786
537 1950
537 3247
537 4268
537 4476
537 4610
537 4672
537 4750
538 583
538 842
538 1408
538 1921
538 3051
538 3058
538 3095
538 3179
538 3301
538 4087
538 4399
539 1231
539 1332
539 1380
539 1729
539 2081
539 2943
539 4186
539 4404
539 4694
539 4862
540 868
540 876
540 1286
540 1928
540 2061
540 3175
540 3434
540 4193
540 4203
540 4424
540 4428
540 4689
541 1468
541 2198
541 3161
541 3556
541 3624
542 984
542 1118
542 1641
542 1901
542 2286
542 2696
542 3487
542 3908
542 3963
542 4403
543 1582
543 1698
543 3249
543 4777
543 4834
544 568
544 604
544 1039
544 1502
544 2900
544 4407
544 4540
544 4717
545 590
545 676
545 3065
545 3309
545 3441
545 4974
546 1045
546 1662
546 1732
546 2780
546 3188
546 3699
547 677
547 710
547 1196
547 1404
547 2506
547 4045
547 4053
547 4156
547 4355
547 4903
548 642
548 1610
548 2128
548 2707
548 2908
548 4053
548 4284
548 4518
548 4781
549 1240
549 1343
549 1481
549 2119
549 2659
549 2792
549 3697
549 4078
549 4301
550 1085
550 1883
550 2427
550 2536
550 2840
550 3454
550 3641
550 4628
550 4999
551 617
551 1066
551 1517
551 2579
551 2644
551 2750
551 3053
551 3236
551 3600
551 4462
551 4958
552 1803
552 3017
552 4303
553 1220
553 2652
553 3288
553 3572
553 3587
553 4359
553 4924
554 1316
554 1794
554 3246
554 3439
554 3484
554 3533
554 3820
554 4405
554 4542
554 4610
555 614
555 1005
555 1117
555 1187
555 1984
555 2838
555 4698
556 829
556 858
556 1067
556 1082
556 2106
556 2626
556 3267
556 3343
556 3814
556 3824
556 4655
556 4809
557 1928
557 1991
557 2839
557 3920
558 731
558 1277
558 2720
558 2898
558 3870
558 3963
558 4775
559 775
559 787
559 1086
559 1229
559 1838
559 3380
559 4400
560 1375
560 2315
560 3176
560 3769
560 3934
560 4991
561 964
561 1911
561 2003
561 2219
561 3260
561 4184
561 4416
561 4498
562 632
562 1433
562 2294
562 2807
562 2980
562 4103
562 4374
563 667
563 824
563 2128
563 2888
563 3288
563 3409
563 3770
563 4363
563 4720
564 1056
564 1502
564 1650
564 1816
564 2390
564 2497
564 3045
565 1389
565 1812
565 1836
565 2176
565 2391
565 2991
565 3097
565 3503
565 3699
565 4293
566 1120
566 2365
566 2497
566 2855
566 3211
566 4255
567 1559
567 1575
567 1697
567 1997
567 3548
567 4251
568 2297
568 2525
568 2670
568 3033
568 3140
568 4099
568 4813
569 709
569 720
569 1156
569 1519
569 1860
569 2370
569 2427
569 2450
569 2955
569 3498
569 4291
569 4528
569 4591
569 4969
570 615
570 759
570 2158
570 2938
570 3005
570 3036
570 3475
570 4081
570 4104
570 4273
570 4678
571 975
571 1112
571 1592
571 1811
571 3620
571 4550
572 642
572 1380
572 1886
572 1915
572 2073
572 2362
572 3387
572 3482
572 4337
572 4531
573 1201
573 1732
573 1902
573 2090
573 3088
573 3185
573 3299
573 3615
573 3832
573 3862
574 1412
574 1751
574 2837
574 3299
574 3727
574 3809
574 4048
574 4637
574 4938
575 623
575 924
575 1471
575 1517
575 1523
575 1930
575 2387
575 2468
575 2842
575 3384
575 3599
575 4626
575 4914
576 973
576 1547
576 2724
576 4018
577 1934
577 1981
577 2160
577 2371
577 2707
577 3848
577 4426
577 4491
577 4842
577 4980
578 1168
578 1438
578 2329
578 2348
578 2846
578 3372
578 3491
578 4744
579 1157
579 1372
579 1900
579 2453
579 2580
579 3169
579 3648
579 3875
579 4181
579 4824
580 762
580 1234
580 1304
580 2027
580 2795
580 2948
580 3267
580 3445
581 1246
581 1737
581 2359
581 3235
582 907
582 1250
582 1562
582 1893
582 2165
582 2418
582 3849
582 4544
583 965
583 1134
583 1427
583 2153
583 2477
584 650
584 706
584 729
584 2177
584 2987
584 3031
584 4121
584 4418
585 983
585 1059
585 2047
585 4230
585 4568
585 4685
585 4875
585 4905
586 664
586 686
586 1370
586 2272
586 2493
586 2654
586 3061
586 3259
586 3269
586 3546
586 3976
586 4355
586 4927
587 1241
587 1257
587 1701
587 2325
587 2364
587 2729
587 2826
587 3380
587 3538
587 4169
587 4227
587 4484
587 4665
587 4830
588 1324
588 1740
588 2712
588 2827
588 4565
588 4926
588 4934
588 4969
589 614
589 1148
589 1256
589 1744
589 1875
589 1951
589 3024
589 3316
589 3646
589 3914
589 4935
590 2331
590 2509
590 3659
590 3703
590 3962
590 4438
590 4649
591 1873
591 2695
591 3565
591 3909
591 4362
591 4686
591 4697
591 4815
592 1367
592 1644
592 2060
592 2458
592 3034
592 3868
592 3881
592 3951
592 4466
592 4508
592 4673
592 4744
592 4791
592 4890
593 1408
593 2659
593 2788
593 3384
593 3657
593 3945
593 4315
594 967
594 1330
594 1486
594 1829
594 2440
595 2274
595 2403
595 2563
595 2682
595 3065
595 3160
595 3847
595 3940
595 4499
595 4767
596 649
596 837
596 1177
596 1559
596 2086
596 3024
596 3466
596 3735
596 4057
596 4109
596 4129
596 4136
596 4651
597 1549
597 2493
597 2619
597 2972
597 3315
597 3419
597 3630
597 4076
597 4125
597 4430
597 4718
597 4896
598 941
598 1411
598 1628
598 3174
598 3655
598 4171
598 4235
598 4737
599 1387
599 1495
599 1672
599 1904
599 1927
599 1959
599 3915
599 4712
600 688
600 727
600 1373
600 1473
600 1845
600 2168
600 2325
600 3229
600 4502
601 881
601 1023
601 1357
601 1958
601 1977
601 2820
601 3703
601 4397
601 4882
602 629
602 2113
602 3429
602 4337
602 4454
602 4914
603 831
603 1040
603 1528
603 2781
603 2873
604 1137
604 1218
604 1659
604 1675
604 2099
604 2463
604 3032
604 3213
604 3710
604 3766
604 3846
604 4022
604 4810
605 881
605 947
605 977
605 1303
605 1353
605 2705
605 4270
605 4506
605 4658
606 838
606 1019
606 1581
606 1687
606 1718
606 2158
606 2344
606 2404
606 2465
606 3790
606 4589
606 4993
606 4999
607 1121
607 1524
607 1984
607 3134
607 3511
607 3677
607 3742
607 3913
607 4302
607 4398
608 1211
608 2667
608 3574
608 3679
608 4187
608 4607
609 1074
609 1257
609 1820
609 1860
609 2801
609 3211
609 3745
609 4553
610 739
610 1174
610 1329
610 1752
610 1827
610 1854
610 2533
610 3193
611 2093
611 2358
611 2740
611 3026
611 3370
611 3746
611 4114
611 4475
612 719
612 1925
612 1981
612 2177
612 2528
612 3591
612 4160
612 4605
613 885
613 920
613 1001
613 1373
613 1389
613 1406
613 1631
613 2085
613 3599
613 4139
613 4146
613 4220
613 4606
613 4630
614 1782
614 1920
614 2356
614 2517
614 3266
614 4086
614 4187
614 4667
615 770
615 811
615 1437
615 2390
615 3218
615 4008
615 4887
615 4903
616 839
616 1097
616 1362
616 1494
616 1912
616 3253
616 3613
616 3871
616 4271
617 681
617 1130
617 2012
617 3617
617 3646
617 4367
617 4663
617 4784
618 893
618 1675
618 2070
618 3574
618 3802
619 627
619 1034
619 1716
619 1726
619 1962
619 1971
619 2080
619 2426
619 3385
619 3399
619 3713
619 4682
619 4789
620 818
620 977
620 2059
620 2510
620 2664
620 3001
620 3029
620 3168
620 3629
620 3826
621 929
621 3435
621 3480
621 3765
621 3934
621 4684
621 4724
622 705
622 1553
622 2587
622 3439
622 4263
622 4274
622 4540
622 4937
623 1285
623 1983
623 2501
623 2763
623 3046
623 3360
624 656
624 1236
624 1507
624 1851
624 2010
624 2559
624 2962
624 3741
624 4442
624 4498
624 4626
624 4778
625 659
625 774
625 1245
625 1660
625 1846
625 2251
625 2523
625 3279
625 3406
625 3618
625 4132
625 4424
626 1047
626 3728
627 875
627 1703
627 2684
627 2800
627 3013
627 3949
627 4152
627 4748
628 836
628 1055
628 1296
628 3341
628 3573
628 4130
628 4951
629 1228
629 1577
629 2584
629 2872
629 3051
629 4455
629 4543
629 4664
630 1470
630 2174
630 2443
630 3648
630 3650
630 4177
630 4505
630 4602
631 2746
631 3115
631 4634
632 892
632 3651
632 4439
632 4676
633 985
633 1011
633 1908
633 1972
633 2272
633 2504
633 2524
633 4033
633 4147
633 4446
634 665
634 1614
634 1721
634 2625
634 2626
634 3605
634 3952
634 4299
634 4331
634 4503
635 1268
635 2043
635 2279
635 2737
635 3523
635 3922
635 4022
635 4515
636 715
636 1376
636 1419
636 1764
636 1837
636 2032
636 2040
636 3643
636 4108
636 4408
637 1056
637 1789
637 2939
637 3980
637 4143
637 4520
638 654
638 896
638 1471
638 3683
638 3893
638 4100
638 4489
638 4887
639 1107
639 2234
639 2792
639 2946
639 3395
639 4060
639 4600
640 776
640 1909
640 1986
640 2094
640 2682
640 2989
640 3372
640 3935
640 4428
641 1033
641 1501
641 1587
641 1698
641 1789
641 2624
641 3499
641 3562
641 3729
641 4070
641 4331
641 4592
641 4682
642 2085
642 3087
642 3763
643 2041
643 2863
643 2938
643 3706
643 3760
643 4222
643 4738
644 1608
644 2924
644 4123
644 4796
645 2984
645 3044
645 3410
645 3510
645 4657
645 4696
645 4836
646 765
646 831
646 1772
646 1970
646 2220
646 2593
646 2703
646 3936
646 4506
646 4868
647 831
647 2317
647 2371
647 3073
647 3624
647 3709
647 3981
648 766
648 1109
648 2298
648 2421
648 2819
648 3317
648 3641
648 4707
649 705
649 967
649 1190
649 1806
649 1917
649 2955
649 3814
649 3908
650 852
650 1203
650 1293
650 1308
650 1378
650 2626
650 3506
651 1361
651 1456
651 2888
651 3370
651 3590
651 3866
651 4113
651 4845
651 4961
652 1433
652 2499
652 2975
652 3032
652 3157
652 3933
652 4901
652 4952
653 657
653 1201
653 1297
653 1369
653 1451
653 1555
653 1595
653 2035
653 2624
653 2988
653 3444
653 3776
653 3862
653 4659
653 4732
653 4747
654 717
654 741
654 1313
654 2292
654 2375
654 2389
654 2710
654 3150
654 4513
655 1320
655 1467
655 1846
655 1926
655 3643
656 1300
656 1642
656 1778
656 2428
656 2969
656 4036
657 1322
657 2833
657 3135
657 3622
657 3953
657 4192
657 4277
657 4291
657 4725
658 989
658 2013
658 2609
658 3545
658 4090
658 4509
658 4978
658 4989
659 887
659 1080
659 1241
659 1788
659 2580
659 3763
659 4952
660 921
660 1282
660 1366
660 2037
660 2217
660 3880
660 4600
660 4656
660 4913
661 702
661 870
661 892
661 1116
661 2010
661 2640
661 2787
661 2849
661 3403
661 3816
661 3911
661 3966
661 4021
661 4115
661 4223
661 4384
661 4666
662 922
662 994
662 1002
662 1249
662 2248
662 2486
662 2639
662 2759
662 4326
662 4631
663 1113
663 1123
663 1185
663 1654
663 2466
663 2560
663 2973
663 3622
663 3687
663 4044
663 4177
664 1481
664 1575
664 2421
664 2953
664 2959
664 3043
664 3069
664 3531
664 4882
665 3136
665 3238
665 3589
665 3823
665 4023
665 4216
665 4561
665 4887
666 1387
666 1728
666 1944
666 2171
666 2390
666 2502
666 3137
666 3459
666 3522
667 1974
667 2037
667 2793
667 3084
667 3610
667 3827
667 4430
668 797
668 815
668 1226
668 1719
668 2038
668 2780
668 3462
668 4934
668 4955
668 4982
669 1543
669 1639
669 2164
669 3050
669 3618
669 3779
669 3924
669 4147
669 4236
669 4451
669 4545
669 4584
669 4707
670 1023
670 1104
670 1283
670 1428
670 1449
670 1628
670 1713
670 3108
670 3180
670 3425
670 3531
670 3997
670 4115
670 4327
670 4338
670 4679
671 1302
671 2256
671 2335
671 2615
671 2904
671 3031
671 3114
671 4087
671 4703
672 1170
672 1592
672 2119
672 2308
672 2371
672 2623
672 3070
672 3263
672 4749
672 4960
673 1723
673 1949
673 3481
673 3927
673 4529
674 1206
674 1277
674 1510
674 1858
674 2180
674 2544
674 3017
674 3786
674 3968
674 4433
675 996
675 1513
675 1650
675 1764
675 2124
675 2568
675 3186
675 3634
675 3889
675 4151
675 4619
675 4676
676 849
676 1411
676 2970
676 2976
676 3201
676 3477
676 4076
676 4399
676 4610
677 772
677 3422
677 3531
677 4064
677 4418
678 1019
678 1254
678 1611
678 2014
678 2498
678 2601
678 3493
678 3674
678 4417
678 4691
679 954
679 1347
679 2665
679 4808
679 4853
680 1659
680 1669
680 1712
680 2077
680 3061
680 3318
680 3376
680 3748
680 4094
680 4737
681 1623
681 1718
681 2292
681 2341
681 3243
681 3552
682 773
682 1324
682 1927
682 2365
682 2970
682 4167
682 4367
682 4404
682 4655
682 4862
683 872
683 1286
683 1324
683 1772
683 3459
683 4069
683 4134
683 4746
683 4998
684 1626
684 1673
684 1699
684 1897
684 2273
684 2456
684 3026
684 3805
684 4457
684 4851
685 819
685 1599
685 1839
685 2122
685 2698
685 3040
685 3417
685 3481
685 3714
685 4225
685 4331
685 4678
686 746
686 930
686 946
686 3156
686 4833
687 3920
688 1137
688 1207
688 2088
688 2292
688 2908
688 3042
688 3077
688 3717
688 3924
688 3990
688 4045
688 4061
688 4090
688 4582
688 4973
689 1745
689 1832
689 1986
689 2367
689 2875
689 3452
689 3635
689 3674
689 4152
689 4641
690 1470
690 3241
690 3907
690 4279
691 1058
691 1264
691 1640
691 2503
691 2787
691 3147
692 965
692 2349
692 3148
692 3943
692 4658
692 4736
692 4759
692 4959
693 990
693 1170
693 1225
693 1343
693 1372
693 1718
693 1838
693 2164
693 2192
693 2891
693 3169
693 3269
693 4055
693 4209
693 4475
693 4852
694 751
694 1299
694 1543
694 1803
694 2126
694 2783
694 3085
694 3444
694 3582
694 3594
694 3632
694 3711
694 3739
694 4570
695 1139
695 2481
695 2574
695 3299
696 1835
696 1895
696 2110
696 2578
696 2654
696 3126
696 3771
696 4704
697 770
697 1631
697 1717
697 2132
697 2546
697 2724
697 3405
697 3563
697 3569
697 4020
697 4292
697 4559
697 4572
697 4632
697 4835
697 4945
698 887
698 1284
698 1317
698 1724
698 1765
698 3192
698 3411
698 3721
698 4398
699 959
699 2328
699 2936
699 3074
699 3109
699 3140
699 4143
699 4361
699 4915
699 4922
700 2185
700 2432
700 2603
700 4417
701 708
701 1143
701 1203
701 1641
701 1708
701 2118
701 2223
701 2455
701 4003
701 4279
701 4441
701 4527
702 1274
702 1563
702 1617
702 1717
702 2444
702 2577
702 2947
702 4230
702 4703
703 865
703 2044
703 2117
703 2612
703 2614
703 3559
703 4459
703 4900
704 755
704 792
704 1128
704 1806
704 2100
704 3509
704 3688
704 3941
704 4316
705 907
705 1229
705 1394
705 1479
705 1921
705 1968
705 2424
705 2857
705 2936
705 2968
705 4179
705 4423
706 1419
706 2061
706 2149
706 2516
706 2674
706 3514
706 4005
706 4298
707 768
707 2545
707 2602
707 2665
707 3094
707 3413
707 4725
708 711
708 2205
708 3071
708 4119
708 4130
708 4460
709 778
709 2078
709 2400
709 2641
709 2976
709 3344
709 4546
709 4613
710 1453
710 1969
710 2793
710 3252
710 3995
710 4016
710 4118
711 967
711 1047
711 1230
711 1404
711 1779
711 1856
711 3982
712 886
712 1062
712 1257
712 1739
712 2108
712 2218
712 2664
712 2783
712 3661
712 3755
712 3781
712 4131
712 4684
713 714
713 833
713 2459
713 3264
713 3618
713 3998
713 4057
713 4459
713 4609
713 4940
714 1003
714 1334
714 1894
714 2394
714 2855
714 3615
715 919
715 1103
715 1531
715 2004
715 2416
715 2725
715 3839
716 1027
716 1247
716 1760
716 1818
716 2236
716 4013
716 4169
716 4433
716 4916
717 727
717 800
717 1571
717 1575
717 1933
717 2314
717 2843
717 2964
717 3274
717 3601
717 3892
717 4174
717 4391
717 4571
718 812
718 1342
718 1515
718 1695
718 1820
718 3292
718 3572
718 4061
718 4211
718 4582
719 1337
719 1704
719 1839
719 1988
719 2289
719 2457
719 3301
719 4584
719 4674
719 4882
719 4982
720 860
720 871
720 1209
720 1405
720 2363
720 2404
720 4238
720 4381
720 4395
720 4514
721 901
721 1032
721 3289
721 3879
721 4313
721 4671
721 4758
722 1371
722 1514
722 2316
722 3519
722 3778
722 4118
722 4177
722 4764
723 726
723 1706
723 2411
723 2505
723 2568
723 3231
723 4022
723 4057
723 4139
723 4157
723 4550
724 817
724 1403
724 2627
724 3754
725 1715
725 1726
725 3528
725 4232
725 4629
725 4815
726 907
726 3657
726 3978
726 4859
727 869
727 2161
727 3001
727 3053
727 3195
727 3436
727 3786
727 3870
727 3966
727 4263
727 4627
728 1757
728 1832
728 1837
728 2109
728 2255
728 3402
728 3416
728 4339
728 4371
728 4940
729 1943
729 2049
729 2074
729 2323
729 2456
729 2679
729 3271
729 3730
729 4158
729 4331
730 1011
730 1895
730 2091
730 2668
730 2859
730 3362
730 4207
730 4751
730 4942
731 747
731 1183
731 1389
731 1870
731 2115
731 2502
731 3139
731 3712
731 4045
731 4055
731 4232
731 4242
731 4523
731 4971
732 2864
732 3492
732 3896
732 4611
733 1345
733 1612
733 3060
733 3245
733 3965
733 4332
734 1681
734 2235
734 2894
734 3221
734 3275
734 3524
734 3744
734 3973
734 4617
735 1152
735 1380
735 1431
735 1765
735 2160
735 2348
735 2354
735 2811
735 3627
735 3994
735 4666
736 2028
736 3912
736 4514
736 4527
737 1087
737 2259
737 2442
737 4439
737 4991
738 1049
738 1153
738 1339
738 1429
738 2349
738 2952
738 3114
738 3116
738 3267
738 3395
738 4090
738 4985
739 1759
739 2348
739 3252
739 3990
739 4058
739 4078
739 4259
740 1951
740 2312
740 2428
740 4162
741 918
741 1421
741 1584
741 2487
741 2683
741 2969
741 3167
741 3188
741 3467
741 3519
741 4512
741 4524
741 4673
741 4914
742 1284
742 1654
742 1757
742 1865
742 2333
742 2862
742 2872
742 3056
742 3405
742 4257
742 4858
743 933
743 1072
743 1211
743 1285
743 1610
743 1796
743 2150
743 2288
743 3061
743 3627
743 4187
744 858
744 1307
744 2512
744 3789
744 3815
744 4296
745 1120
745 1459
745 2611
745 2865
745 4547
745 4772
746 1724
746 1761
746 2191
746 2546
746 2555
746 2681
746 2781
746 3264
746 3649
746 3960
746 4085
746 4521
746 4618
747 1026
747 1695
747 3666
747 3847
747 4252
748 1085
748 1087
748 1340
748 1894
748 2389
748 2474
748 4422
748 4829
749 1020
749 1449
749 2490
749 2793
749 4167
750 957
750 1191
750 1323
750 1456
750 1585
750 1977
750 2396
750 2500
750 2523
750 3000
750 3005
750 3311
750 3464
750 3516
750 4347
750 4419
750 4942
751 1323
751 1675
751 2834
751 2984
751 3354
751 3827
751 4504
751 4513
752 817
752 819
752 1842
752 2177
752 2329
752 3048
752 3067
752 3098
752 3702
752 3833
752 4395
752 4957
753 785
753 975
753 1224
753 1278
753 1287
753 2050
753 2078
753 2257
753 2268
753 2932
753 3107
754 1487
754 3880
754 3897
754 3898
754 4574
755 2127
755 2307
755 2353
755 3858
755 4069
755 4748
756 1111
756 1585
756 1961
756 2064
756 2071
756 2116
756 2640
756 3163
756 3706
756 4567
757 829
757 996
757 1060
757 1734
757 2110
757 2429
757 2449
757 3044
757 3131
757 3692
757 4017
757 4174
757 4455
757 4514
758 868
758 906
758 1000
758 1810
758 2757
758 3656
758 4129
759 1065
759 1120
759 1834
759 2715
759 3504
760 2175
760 2502
760 3106
760 4161
760 4401
760 4754
760 4876
761 1229
761 1336
761 1359
761 1958
761 2790
761 3301
761 3647
761 4029
761 4239
762 4086
763 1135
763 1193
763 1982
763 2717
763 3364
763 4072
763 4857
764 1200
764 2355
764 2543
764 2840
764 3443
764 3585
764 4449
765 815
765 1016
765 1292
765 1301
765 1498
765 1914
765 2112
765 2279
766 1474
766 2464
766 2557
766 2823
766 2853
766 3114
766 3392
766 3725
766 4136
767 1034
767 1819
767 1824
767 1983
767 2100
767 2861
767 3248
767 3319
767 3911
767 4382
767 4580
768 1694
768 1919
768 2432
768 3077
768 3482
768 3536
768 3703
768 3991
768 4080
768 4530
769 903
769 1382
769 2123
769 2538
769 2713
769 2860
769 3107
769 3246
769 3382
769 3410
769 4219
769 4483
769 4752
770 783
770 1418
770 1577
770 3908
770 3942
770 4360
770 4561
770 4815
771 1209
771 2143
771 3052
771 3234
771 3517
771 3702
771 4028
771 4544
771 4547
771 4587
772 1016
772 1557
772 1910
772 3871
772 3950
773 1793
773 2070
773 3197
773 3630
773 3650
773 3675
773 3791
773 3948
773 4044
773 4837
773 4931
774 1004
774 1407
774 1799
774 2790
774 3334
774 3691
774 3715
774 4372
775 901
775 1511
775 2205
775 2252
775 2557
775 2788
775 2831
775 2987
775 3368
775 3796
775 4062
776 1411
776 1468
776 1842
776 1931
776 3447
776 3760
776 3936
776 4591
776 4668
777 823
777 1286
777 1575
777 2758
777 3226
777 3303
777 4113
777 4213
777 4881
778 890
778 932
778 1203
778 1482
778 1838
778 2413
778 3155
778 3507
778 4009
778 4507
778 4567
778 4625
778 4666
778 4974
779 1397
779 1789
779 1967
779 1969
779 2157
779 2347
779 2573
779 3264
779 3589
779 3848
779 4199
779 4418
779 4689
779 4914
780 1083
780 1920
780 2059
780 3740
780 3781
780 3953
780 4072
780 4263
780 4333
780 4423
780 4578
780 4728
780 4842
781 1109
781 2968
781 3604
781 3611
781 3940
781 4364
781 4669
782 1350
782 1752
782 1973
782 2030
782 2192
782 2733
782 2847
782 3520
782 3709
782 4612
782 4718
782 4865
783 2458
783 2722
783 2907
783 2954
783 3423
783 4171
783 4519
783 4546
784 964
784 1863
784 1906
784 2157
784 2535
784 3063
784 3084
784 3409
784 4698
785 1953
785 2134
785 2432
785 3495
785 3979
785 4247
785 4561
786 887
786 1063
786 1167
786 2738
786 3258
786 3840
786 3908
786 4029
787 794
787 1072
787 1256
787 1586
787 1739
787 1902
787 3230
787 3798
788 792
788 1386
788 2221
788 2645
788 2704
788 4639
788 4799
789 1276
789 1318
789 1805
789 1877
789 1985
789 3589
789 4171
789 4376
790 1038
790 1396
790 2249
790 2754
790 2826
790 2916
790 2958
790 3020
790 3026
790 3526
790 3806
790 4270
790 4778
791 1373
791 2373
791 3941
791 4475
791 4887
792 1510
792 1837
792 2480
792 3364
792 3466
792 3545
792 4080
792 4811
792 4812
793 1139
793 1464
793 1885
793 2185
793 2730
793 2860
793 3504
793 4572
793 4880
793 4933
794 2554
794 2563
794 2571
794 3083
794 3910
794 4021
794 4780
795 821
795 885
795 2234
795 2751
795 2773
795 4276
795 4479
796 1995
796 2009
796 2344
796 2483
796 2812
796 2937
796 3099
796 3602
796 4809
797 1532
797 1943
797 2832
797 3199
797 3623
797 3754
797 3937
797 4653
797 4777
797 4980
798 1087
798 1467
798 1629
798 2472
798 2800
799 957
799 1056
799 1195
799 1369
799 1545
799 1701
799 1802
799 3210
799 3293
799 3584
799 3630
799 4024
799 4025
799 4067
799 4785
800 1000
800 2169
800 2474
800 3186
800 3682
800 3915
800 4048
800 4372
800 4926
801 1084
801 2381
801 3172
801 3558
801 3914
801 4490
801 4848
802 970
802 1259
802 1287
802 1454
802 1882
802 2061
802 2390
802 2480
802 2528
802 2833
802 3729
802 4995
803 1366
803 1478
803 1648
803 1733
803 2332
803 3319
803 3353
803 4297
803 4939
804 1285
804 1304
804 1673
804 2031
804 3746
804 4093
804 4313
804 4467
804 4547
805 1059
805 1524
805 4002
805 4034
806 1410
806 2095
806 2769
806 3124
806 3578
806 4039
806 4678
807 940
807 1328
807 1915
807 2067
807 2683
807 2980
807 3618
807 3809
807 4347
807 4632
807 4856
808 916
808 1006
808 1094
808 1716
808 2217
808 2932
808 3385
808 3943
808 4186
808 4541
809 2384
809 2522
809 2633
809 2706
809 3257
809 3536
809 3961
810 1268
810 1313
810 1378
810 3584
810 4112
810 4324
810 4920
811 939
811 1240
811 2435
811 3633
811 3711
811 3746
811 4115
811 4961
811 4962
812 834
812 1684
812 2390
812 2929
812 3661
812 3686
812 3743
812 3955
812 4088
812 4857
813 1056
813 1270
813 2141
813 2388
813 2846
813 3326
813 3367
813 3587
813 3974
813 4882
814 1636
814 1812
814 2944
814 3402
814 3620
814 3932
814 4504
814 4751
815 1025
815 1389
815 1440
815 2190
815 2893
815 3232
815 4056
815 4235
815 4632
815 4864
815 4964
816 2067
816 2263
816 2736
816 3574
816 3953
816 3996
816 4370
816 4499
817 880
817 1047
817 3476
817 3624
817 4036
818 1250
818 1615
818 2554
818 2917
818 3528
818 4194
818 4204
819 889
819 1118
819 1287
819 1295
819 1432
819 2278
819 3319
819 3380
819 4829
820 1542
820 1592
820 3299
820 3464
820 3539
820 3736
820 4245
820 4252
820 4544
821 1225
821 1897
821 2778
821 3016
821 3178
821 3585
821 3670
821 3671
821 4467
821 4603
821 4606
821 4807
822 1377
822 1996
822 2082
822 3327
822 3741
822 4019
822 4896
823 1113
823 1935
823 2132
823 2742
823 3558
823 3890
823 4155
823 4197
823 4588
823 4652
824 1666
824 1715
824 2085
824 2126
824 2198
824 2374
824 2792
824 4329
824 4579
824 4647
825 851
825 912
825 1126
825 1510
825 2242
825 2399
825 2799
825 2962
825 3843
825 4230
826 1848
826 1927
826 2129
826 2442
826 2513
826 2527
826 2839
826 3234
826 3271
826 4044
826 4352
826 4972
827 848
827 931
827 991
827 1644
827 1971
827 2187
827 2205
827 2718
827 3128
827 4210
828 1291
828 1494
828 1688
828 2434
828 2748
828 2791
828 2864
828 2957
828 2994
828 4034
828 4900
829 2134
829 3247
829 3591
829 4154
829 4266
829 4955
829 4968
830 960
830 1638
830 1786
830 2663
830 2784
830 3124
830 3810
830 4208
831 1154
831 1629
831 2038
831 3080
831 4439
831 4470
832 1833
832 2010
832 2092
832 2136
832 2777
832 4660
832 4687
833 1137
833 2023
833 2134
834 989
834 1182
834 1550
834 2590
834 2719
834 3136
834 3315
834 3333
834 3694
834 4436
834 4552
834 4761
834 4991
835 975
835 1051
835 1089
835 1678
835 3538
835 3564
835 3779
836 1107
836 1915
836 2218
836 2362
836 2378
836 2749
836 3754
836 4791
837 2306
837 4956
838 1285
838 1697
838 1907
838 2067
838 2100
838 2382
838 2394
838 2829
838 4566
838 4573
838 4776
839 1992
839 2713
839 4185
839 4398
839 4956
840 861
840 1039
840 1064
840 1674
840 3119
840 3879
840 4805
841 3721
841 4388
842 1012
842 1331
842 2681
842 2760
843 1633
843 3092
843 3145
843 3157
843 4199
843 4206
844 961
844 1556
844 1821
844 2636
844 3119
844 3259
844 3586
844 4851
845 1062
845 1317
845 1705
845 2518
845 3053
845 3691
845 3812
845 4088
845 4488
846 2310
846 2603
846 3135
846 3341
846 3415
846 3425
846 4295
847 1362
847 1405
847 1521
847 1906
847 2213
847 2531
847 4067
847 4125
847 4233
847 4628
847 4708
848 1043
848 2153
848 2905
848 3027
848 3037
848 3055
848 4746
848 4795
849 977
849 2993
849 3787
849 3795
849 3810
849 3928
850 1882
850 1958
850 2049
850 2717
850 3012
850 3041
850 4398
851 1173
851 2642
851 4295
851 4670
851 4946
851 4965
852 1164
852 1699
852 2284
852 2794
852 2800
852 4049
852 4567
853 978
853 1515
853 2071
853 2816
853 3240
853 4150
854 1162
854 1414
854 1874
854 2010
854 2524
854 2592
855 1204
855 1783
855 1934
855 3025
855 3140
855 3930
855 4215
855 4389
855 4702
856 1019
856 1305
856 1538
856 1749
856 2675
856 2861
856 3692
856 4238
857 1258
857 1627
857 2459
857 4079
857 4130
858 1789
858 2139
858 3322
858 3858
858 4495
858 4870
859 1198
859 1212
859 2069
859 2676
859 3749
859 4201
859 4518
860 1499
860 2289
860 2364
860 2517
860 2747
860 3091
860 4805
860 4845
861 1468
861 1602
861 2266
861 2352
861 2786
861 3105
861 3186
861 3339
861 3482
862 1732
862 2966
862 3530
862 3959
862 4045
862 4294
862 4791
863 961
863 1164
863 1388
863 1680
863 1690
863 2144
863 2168
863 2486
863 2860
863 3463
863 3707
863 4110
863 4993
864 4117
865 873
865 2214
865 2251
865 2587
865 2619
865 3459
865 4054
865 4082
865 4152
865 4526
866 1840
866 2106
866 2511
866 2579
866 2737
866 2827
867 958
867 1197
867 1555
867 1611
867 2628
867 4213
867 4245
867 4606
868 950
868 1810
868 2119
868 2482
868 3276
868 3302
868 3319
868 3716
868 4240
868 4378
869 1638
869 1915
869 2785
869 2972
869 3049
869 3303
869 3501
869 4175
869 4271
870 1006
870 1162
870 1722
870 2414
871 1065
871 1315
871 1520
871 1617
871 2358
871 2822
871 3346
871 3468
871 4039
871 4176
871 4266
871 4968
872 968
872 4937
873 1020
873 1895
873 3820
873 4184
873 4225
874 968
874 1843
874 1904
874 2023
874 2172
874 2259
874 3220
874 3786
874 4278
874 4755
874 4975
875 2580
875 3458
875 3744
875 4181
875 4246
875 4471
876 1230
876 1774
876 2329
876 2425
876 2811
876 3079
876 3086
876 3303
876 3790
876 4574
877 1233
877 1951
877 2457
878 1704
878 2784
878 4453
879 1109
879 1138
879 1338
879 1473
879 1522
879 2266
879 2486
879 2634
879 3835
880 2298
880 2438
880 2670
880 3259
880 3336
880 4231
880 4774
880 4836
880 4920
881 992
881 1126
881 1527
881 1592
881 1760
881 2107
881 2923
881 3073
881 3169
881 3573
881 3988
881 4590
881 4778
882 1072
882 1095
882 1777
882 2591
882 3920
882 4529
883 1268
883 1452
883 1531
883 2284
883 3671
883 3736
883 4283
883 4748
883 4832
884 1043
884 1739
884 2553
885 1311
885 1780
885 2416
885 2883
885 2932
885 3356
885 3862
885 4817
886 1216
886 3206
886 3223
886 3579
886 3995
886 4751
886 4803
887 925
887 990
887 1932
887 3144
887 3169
887 3637
887 4069
887 4412
887 4430
887 4580
887 4894
887 4911
888 2394
888 2729
888 2730
888 2735
888 3995
888 4308
888 4614
888 4885
888 4897
889 918
889 1160
889 1288
889 1431
889 1760
889 1841
889 2115
889 2240
889 2255
889 2331
889 2538
889 3283
889 3334
889 3733
889 3841
889 4097
889 4511
889 4566
889 4729
890 1730
890 1979
890 2100
890 2508
890 2752
890 3062
890 3198
890 4232
891 1187
891 1500
891 1658
891 1981
891 2121
891 2535
891 2810
891 2964
891 3380
891 3462
891 3598
891 3890
891 4593
892 1454
892 2010
892 2227
892 2373
892 2400
892 2776
892 4489
892 4789
893 1825
893 2208
893 2435
893 4305
893 4661
894 1903
894 2109
894 2394
894 2741
894 2968
894 3715
894 4426
894 4461
894 4984
895 1711
895 1783
895 1847
895 2000
895 4011
895 4226
895 4451
896 1015
896 1055
896 2490
896 3317
896 3319
896 3742
897 1151
897 1922
897 3346
897 3675
897 3713
897 4356
897 4551
897 4579
897 4693
898 1216
898 3382
898 3824
898 4039
898 4839
899 1672
899 2189
899 2374
899 2678
899 3497
899 3702
899 3762
899 4242
900 1042
900 1224
900 1743
900 3195
900 3541
900 3884
900 4952
901 1624
901 1880
901 2169
901 2403
901 3077
901 3095
901 4031
901 4158
901 4586
901 4960
902 1417
902 1672
902 2073
902 2831
902 3043
902 3581
902 4810
902 4848
902 4860
903 1144
903 2055
903 2071
903 3204
903 4303
903 4621
903 4644
903 4915
904 1152
904 1732
904 1904
904 1977
904 2672
904 3227
904 3647
904 4421
904 4642
905 1091
905 1484
905 1712
905 4286
906 1135
906 1309
906 1545
906 2031
906 2032
906 2206
906 4370
906 4565
907 1225
907 2258
907 2314
907 3671
907 3857
907 4685
907 4768
908 1996
908 3035
908 3046
908 3068
908 3676
908 4081
909 1617
909 1622
909 1703
909 1848
909 2534
909 3027
909 3614
909 3622
910 1129
910 1875
910 2329
910 2579
910 2669
910 2793
910 3028
910 3076
910 3413
910 3551
910 3755
910 3819
910 4985
911 1499
911 1985
911 3365
911 4175
911 4310
912 1139
912 1916
912 2500
912 2789
912 3416
912 3440
912 3458
912 4341
912 4400
912 4770
913 990
913 1195
913 1749
913 2105
913 2117
913 2167
913 2612
913 3078
913 4398
913 4636
913 4768
913 4813
913 4957
914 1854
914 1944
914 2208
914 2276
914 2631
914 2640
914 2882
914 3389
914 4260
914 4406
915 1025
915 2636
915 3669
915 4435
916 1081
916 1090
916 1245
916 1594
916 1935
916 2340
916 2783
916 3767
916 4053
916 4170
917 1353
917 1362
917 2239
917 2260
917 2979
917 3841
917 3993
917 4102
917 4706
917 4956
918 1304
918 1316
918 1517
918 3250
918 3437
918 3604
918 4532
918 4815
918 4949
919 1350
919 3838
919 4490
919 4962
920 2029
920 2057
920 4278
920 4300
920 4663
921 1622
921 1880
921 1912
921 1950
921 2487
921 3607
921 3671
921 4065
922 2462
922 3000
922 3774
922 3823
922 3974
922 4235
922 4299
923 2426
923 2907
923 3137
923 3293
923 3327
923 3363
924 1246
924 1893
924 2001
924 2049
924 2220
924 2578
924 3709
924 3890
924 4785
925 956
925 1031
925 1180
925 1400
925 1479
925 1565
925 3047
925 3181
925 3639
925 3857
925 4157
925 4904
926 1572
926 1873
926 2155
926 2609
926 2861
926 2941
926 3993
926 4109
926 4692
926 4713
927 1203
927 1970
927 2021
927 2320
927 2765
928 2123
928 3021
928 4040
928 4239
928 4431
928 4788
928 4802
928 4877
929 1704
929 2060
929 2905
929 3207
929 4046
929 4279
930 935
930 1648
930 2167
930 3396
930 3400
930 3895
930 4103
930 4412
930 4703
930 4707
931 1189
931 2033
931 2037
931 3512
931 3622
931 3816
931 4806
932 1152
932 1388
932 1450
932 2960
932 4327
933 2342
933 2439
933 2715
933 3740
933 3927
933 4061
933 4105
933 4211
933 4270
933 4298
934 1164
934 2751
934 2816
934 2924
934 2962
934 3609
934 4266
934 4855
934 4892
935 973
935 1311
935 1712
935 1839
935 2506
935 3049
935 3223
935 4101
936 951
936 1179
936 1923
936 1984
936 2015
936 3658
936 3992
936 4088
936 4383
936 4485
936 4695
937 1045
937 1802
937 2690
937 3063
937 4194
937 4281
937 4448
938 1919
938 1924
938 2001
938 3405
938 3780
938 3814
938 3926
938 4166
939 1397
939 1398
939 1630
939 1839
939 2701
939 2703
939 3441
939 4190
939 4384
939 4447
939 4501
940 956
940 1709
940 2106
940 2192
940 2381
940 2408
940 2764
940 3543
941 1284
941 1508
941 1699
941 2023
941 2247
941 2485
941 2562
941 2777
941 2899
941 3804
941 3997
941 4976
942 1500
942 1593
942 2311
942 2884
942 3805
942 3945
942 3948
942 4036
942 4512
943 1424
943 1945
943 3329
943 3477
943 3874
943 4285
944 1374
944 2050
944 3210
944 3581
944 3905
944 3924
945 1434
945 2445
945 3695
945 3844
945 4300
945 4707
945 4784
946 1115
946 1125
946 1206
946 1311
946 1362
946 1512
946 1744
946 2050
946 2460
946 3518
946 4176
946 4235
946 4238
946 4946
947 1071
947 1402
947 1438
947 2166
947 3460
947 4181
947 4500
947 4875
947 4886
947 4915
948 971
948 1550
948 1676
948 2707
948 2851
948 3154
948 3740
948 4040
949 1872
949 2568
949 3431
949 4475
949 4639
949 4843
950 1566
950 2019
950 2483
950 3238
950 4253
951 973
951 1114
951 1658
951 1674
951 3428
951 3457
951 4118
951 4624
951 4757
952 1296
952 1452
952 2241
952 4672
953 1182
953 1492
953 1753
953 2612
953 3391
953 4555
953 4658
953 4891
954 1473
954 1632
954 1678
954 2099
954 2291
954 3604
954 3948
954 4454
954 4757
955 1664
955 1704
955 2459
955 2588
955 2841
955 3010
955 3014
955 3119
955 4092
955 4348
955 4579
955 4677
956 2129
956 2867
956 3015
956 3259
956 3296
956 3885
956 4932
957 1224
957 1987
957 2890
957 3535
957 4069
957 4077
957 4109
957 4195
957 4506
957 4633
958 1569
958 1668
958 2297
958 2615
958 2672
958 3515
958 3681
958 3927
958 4187
958 4314
958 4954
959 3179
959 4129
959 4141
959 4548
960 1365
960 2387
960 2478
960 4492
960 4723
960 4972
961 1276
961 1552
961 1719
961 1730
961 2997
961 3056
961 3416
961 3637
961 3657
961 3736
961 3839
961 4201
961 4601
961 4933
962 1440
962 2331
962 2454
962 2731
962 2805
962 3053
962 3062
962 3679
962 3739
962 3982
962 4934
962 4941
963 1184
963 1234
963 1384
963 1478
963 1819
963 1881
963 2156
963 2773
963 2948
963 2991
963 2995
963 3927
963 4845
964 1332
964 1752
964 2635
964 3695
964 3892
964 4465
964 4709
964 4940
965 1125
965 1369
965 2702
965 2909
965 3216
965 4549
966 1024
966 1484
966 1516
966 1916
966 2889
966 2978
966 3321
966 4517
966 4625
967 1104
967 2268
967 3434
967 3794
967 4643
968 1376
968 1537
968 3351
968 4720
968 4964
969 1323
969 3180
969 3183
969 3433
969 3642
969 4673
969 4689
970 1162
970 1192
970 1518
970 2150
970 2223
970 2365
970 2919
970 3521
970 3600
970 3756
970 3979
971 1173
971 1359
971 1843
971 2761
971 3436
971 3836
971 4091
971 4169
971 4315
971 4359
971 4527
971 4982
972 1096
972 2658
972 3208
972 3277
972 3299
972 3344
972 4054
972 4284
972 4309
972 4598
973 1529
973 2227
973 2312
973 3207
973 3300
973 3912
973 4115
973 4209
973 4704
973 4814
974 1567
974 1759
974 2153
974 2528
974 3309
974 3372
974 3975
974 4063
974 4336
974 4459
974 4476
975 1135
975 1167
975 1315
975 2100
975 2260
975 4147
976 1734
976 1773
976 2833
976 3599
976 3918
977 1281
977 2080
977 2191
977 3497
977 3844
977 3927
977 3946
977 4261
977 4556
978 1345
978 1655
978 1803
978 1857
978 2779
978 3003
978 3287
978 3596
978 4176
978 4402
978 4793
979 1006
979 1041
979 1522
979 1576
979 4780
979 4917
979 4982
980 1520
980 1864
980 1956
980 2921
980 2998
980 4196
980 4227
980 4500
980 4526
981 1004
981 1364
981 1416
981 1841
981 2901
981 3153
981 3278
981 4599
982 1959
982 3050
982 3130
982 3161
982 3201
982 4190
982 4849
983 1207
983 1569
983 2339
983 3030
983 4054
983 4707
984 1012
984 1191
984 1589
984 1688
984 1793
984 1944
984 2036
984 2399
984 2918
984 3229
984 3732
984 4628
985 2392
985 4067
985 4655
985 4917
985 4974
986 1051
986 1578
986 1681
986 3015
986 3668
986 3833
986 3983
986 4538
986 4660
986 4803
987 1328
987 2679
987 2749
987 3187
988 1328
988 1505
988 1591
988 1643
988 2205
988 2263
988 2674
988 2979
988 3247
988 3753
988 4330
988 4972
989 1222
989 1402
989 1469
989 2359
989 2831
989 3377
989 3676
989 4011
989 4022
990 1010
990 1457
990 2281
990 2969
990 2978
990 4312
990 4703
991 1169
991 1260
991 1975
991 2471
991 2775
991 2931
991 3318
992 1233
992 2245
992 3020
992 4177
992 4858
993 1848
993 2312
993 3064
993 3169
993 3215
993 3476
993 4051
994 1722
994 1724
994 2108
994 2142
994 3952
994 4454
994 4530
994 4546
995 1654
995 2225
995 2444
995 2471
995 3647
995 3939
995 3994
996 1885
996 1955
996 2525
996 3017
996 3120
996 3123
996 3487
997 1783
997 2375
997 2565
997 4138
997 4333
997 4472
997 4768
998 1059
998 1315
998 1400
998 2286
998 3160
998 4662
998 4804
998 4823
998 4913
999 1886
999 2141
999 2380
999 2957
999 3129
999 3373
999 3575
999 3675
999 3721
999 3961
999 4033
999 4367
999 4724
1000 1410
1000 1825
1000 1983
1000 2377
1000 2908
1000 3614
1000 3736
1000 4459
1000 4555
1001 1848
1001 1935
1001 2376
1001 2591
1001 3090
1001 3542
1001 3699
1001 4350
1001 4836
1001 4928
1001 4945
1001 4986
1002 1399
1002 1451
1002 1453
1002 1858
1002 2212
1002 3346
1002 4375
1002 4825
1003 1295
1003 2796
1003 2799
1003 2990
1003 3118
1003 3149
1003 3150
1003 3335
1003 4777
1003 4906
1004 1701
1004 2564
1004 3013
1004 3388
1004 3606
1004 3821
1004 4668
1005 1919
1005 2062
1005 3374
1005 3548
1005 3785
1005 4396
1005 4676
1006 2318
1006 2326
1006 2341
1006 2369
1006 2586
1006 2662
1006 2974
1006 3142
1006 3376
1006 4537
1007 2167
1007 2797
1007 4164
1007 4610
1007 4844
1008 1100
1008 1178
1008 3035
1008 3106
1008 3343
1008 3635
1008 3879
1008 3891
1008 4187
1008 4728
1009 1251
1009 2581
1009 2911
1009 3799
1009 3998
1010 1221
1010 3616
1010 4157
1010 4376
1010 4507
1010 4831
1010 4874
1010 4898
1011 1740
1011 2307
1011 3596
1011 3901
1011 4521
1011 4549
1012 2784
1012 3035
1012 3085
1012 3533
1012 4254
1013 1714
1013 1854
1013 2522
1013 3081
1013 3134
1013 3509
1013 3552
1013 4079
1013 4424
1014 1103
1014 1171
1014 2201
1014 2366
1014 3585
1014 3878
1015 1124
1015 1261
1015 1738
1015 2886
1015 3255
1016 1176
1016 2927
1016 3015
1016 3370
1016 3577
1016 3681
1016 3711
1016 3747
1016 3862
1016 4071
1016 4103
1016 4109
1016 4273
1016 4379
1016 4826
1016 4948
1017 1205
1017 1405
1017 2562
1017 3345
1017 3606
1017 3770
1017 4076
1017 4339
1018 1312
1018 1317
1018 1347
1018 1809
1018 2024
1018 2204
1018 4576
1018 4828
1019 2147
1019 3180
1019 3295
1019 3503
1019 3876
1019 4017
1019 4205
1019 4264
1019 4425
1019 4706
1020 1417
1020 1615
1020 4298
1020 4442
1021 1369
1021 2176
1021 2763
1021 3004
1021 3200
1021 3508
1021 3568
1021 3771
1021 3890
1021 4000
1021 4537
1022 1479
1022 2065
1022 2939
1022 2957
1022 3985
1022 4079
1022 4638
1023 1523
1023 1602
1023 2255
1023 2772
1023 2948
1023 3226
1023 3866
1023 4192
1023 4848
1024 1431
1024 1773
1024 2454
1024 2684
1024 2923
1024 3404
1024 3409
1024 4527
1025 1195
1025 2577
1025 3092
1025 4710
1026 1057
1026 1616
1026 2953
1026 3038
1026 4799
1026 4894
1027 1091
1027 1163
1027 1429
1027 2205
1027 2395
1027 3031
1027 3581
1027 3977
1027 4133
1027 4180
1027 4788
1028 1085
1028 1540
1028 1786
1028 2604
1028 2843
1028 2884
1028 3534
1028 3798
1028 3920
1028 4017
1028 4274
1028 4529
1028 4873
1029 1287
1029 2197
1029 2245
1029 3743
1029 4401
1029 4411
1030 1260
1030 1500
1030 1521
1030 1721
1030 4479
1030 4758
1031 1763
1031 1975
1031 2178
1031 2438
1031 2561
1031 2836
1031 3778
1031 3948
1031 4823
1032 2298
1032 3528
1032 3628
1032 4866
1033 1596
1033 1807
1033 2793
1033 4733
1034 1258
1034 1632
1034 4410
1035 2046
1035 2057
1035 2112
1035 2284
1035 2363
1035 2839
1035 4845
1035 4957
1036 1528
1036 1612
1036 1770
1036 3177
1036 3344
1036 3975
1036 4328
1037 1615
1037 1822
1037 2320
1037 2672
1037 2729
1037 3357
1037 4439
1038 1448
1038 2586
1038 2766
1038 2816
1038 3196
1038 3850
1039 1150
1039 1302
1039 1336
1039 2411
1039 2586
1039 2635
1040 1374
1040 2207
1040 4034
1040 4380
1040 4464
1041 2210
1041 2292
1041 3683
1041 4368
1041 4736
1041 4756
1041 4970
1042 1118
1042 1453
1042 1615
1042 1906
1042 3084
1042 3428
1043 1373
1043 1406
1043 1675
1043 1855
1043 2332
1043 2586
1043 2772
1043 3284
1043 3752
1043 3892
1044 1149
1044 1567
1044 1881
1044 2616
1044 2860
1044 3357
1044 3746
1044 4894
1045 1095
1045 1639
1045 1966
1045 3225
1045 3656
1046 1953
1046 2047
1046 2108
1046 2385
1046 3147
1046 3337
1046 3449
1046 3808
1046 3907
1046 4052
1046 4682
1047 2209
1047 3088
1048 1371
1048 1402
1048 1477
1048 2133
1048 3529
1048 3585
1048 3634
1048 3918
1048 4229
1049 2076
1050 2139
1050 2479
1050 2817
1050 3074
1050 3977
1051 1362
1051 1431
1051 2124
1051 2396
1051 2535
1051 2537
1051 2800
1051 2986
1051 3055
1051 3329
1051 3841
1051 3873
1051 4061
1051 4858
1052 1522
1052 1568
1052 1842
1052 1936
1052 2263
1052 2727
1052 2924
1052 3094
1052 3351
1052 3690
1052 3763
1052 3874
1052 4501
1053 1519
1053 1662
1053 1702
1053 1923
1053 1929
1053 3248
1053 3369
1053 3531
1053 3746
1054 1556
1054 1693
1054 2239
1054 2373
1054 2725
1054 2843
1054 3060
1054 3109
1054 3932
1054 4509
1055 1156
1055 2050
1055 2922
1055 2978
1055 3739
1055 4000
1055 4006
1055 4389
1055 4532
1056 1119
1056 1378
1056 1690
1056 1724
1056 1987
1056 2322
1056 3117
1056 3145
1056 3637
1056 3676
1056 3687
1056 4000
1056 4027
1056 4346
1056 4509
1056 4596
1057 1154
1057 1487
1057 1530
1057 1665
1057 2017
1057 2101
1057 2257
1057 2355
1057 2373
1057 2510
1057 2570
1057 2894
1057 3095
1057 4027
1057 4199
1057 4329
1057 4638
1057 4726
1058 1370
1058 1422
1058 1589
1058 2123
1058 2236
1058 2505
1058 3528
1058 3695
1058 4190
1058 4266
1058 4730
1059 1620
1059 2052
1059 3305
1059 3480
1059 3675
1059 4422
1059 4556
1060 1469
1060 1656
1060 1721
1060 1739
1060 2277
1060 2906
1060 3736
1060 3993
1060 4647
1061 1794
1061 2246
1061 2858
1062 1093
1062 1252
1062 1472
1062 2465
1062 3346
1062 4315
1063 1273
1063 1432
1063 1727
1063 2025
1063 2560
1063 2826
1063 2885
1063 3539
1063 3954
1063 4172
1063 4764
1064 1866
1064 1953
1064 2505
1064 3150
1064 3830
1064 4312
1064 4925
1065 1196
1065 1789
1065 2726
1065 2992
1065 4181
1065 4847
1066 1497
1066 2913
1066 3709
1066 3812
1066 4059
1066 4164
1066 4296
1067 1630
1067 1764
1067 2342
1067 2759
1067 3062
1067 4071
1067 4097
1067 4884
1068 1109
1068 1479
1068 1946
1068 2874
1068 3388
1068 4267
1068 4996
1069 1612
1069 1678
1069 2321
1069 3348
1069 3954
1069 4161
1069 4861
1070 1812
1070 2856
1070 3581
1070 4393
1071 1511
1071 2212
1071 2518
1071 2588
1071 3053
1071 3422
1071 3811
1071 4025
1072 1116
1072 1961
1072 2874
1072 3339
1072 3636
1072 4323
1072 4327
1072 4992
1073 1129
1073 2112
1073 2876
1073 4777
1074 2546
1074 2637
1074 2714
1074 2777
1074 3557
1074 3567
1074 3909
1074 4579
1074 4621
1074 4798
1074 4883
1074 4973
1075 1085
1075 1188
1075 1691
1075 1815
1075 2336
1075 2917
1075 3093
1075 3204
1075 3852
1075 4424
1075 4425
1075 4855
1076 2246
1076 2836
1076 3344
1076 3468
1076 3760
1076 4777
1077 1634
1077 2958
1077 3179
1077 3269
1077 3292
1077 3773
1077 4472
1078 1813
1078 2088
1078 2164
1078 2692
1078 2904
1078 3457
1078 4261
1079 1350
1079 1465
1079 2001
1079 2953
1079 3283
1079 3612
1079 3865
1079 3946
1079 4719
1079 4721
1079 4722
1080 1087
1080 1168
1080 2426
1080 2817
1080 3515
1080 3528
1080 3746
1080 3959
1080 4788
1081 1378
1081 2111
1081 2275
1081 3461
1081 3583
1081 3919
1081 3987
1081 4825
1082 1403
1082 2020
1082 2156
1082 3659
1082 3943
1082 3972
1082 4081
1082 4505
1083 1168
1083 1233
1083 2657
1083 2666
1083 3219
1083 3299
1083 3655
1083 4730
1084 1150
1084 1498
1084 1684
1084 2122
1084 2836
1084 4611
1084 4880
1084 4991
1085 1555
1085 3038
1085 3116
1085 4468
1085 4713
1085 4974
1086 2687
1086 2850
1086 4661
1086 4855
1086 4966
1087 1618
1087 2064
1087 2078
1087 2231
1087 2481
1087 2745
1087 3132
1087 3451
1087 3574
1087 3833
1087 4035
1087 4080
1087 4556
1087 4875
1088 1211
1088 1534
1088 1725
1088 3027
1088 3077
1088 4147
1088 4290
1088 4507
1089 1149
1089 1550
1089 1622
1089 2572
1089 2933
1089 3028
1089 3120
1089 3342
1089 3988
1090 1419
1090 1517
1090 1823
1090 2712
1090 3121
1090 3149
1090 3242
1090 3495
1090 4195
1091 1608
1091 2213
1091 3657
1091 3667
1091 4779
1092 1762
1092 2283
1092 3626
1092 4318
1092 4762
1093 1209
1093 1299
1093 1310
1093 1517
1093 2494
1093 2929
1093 3445
1093 4608
1094 1119
1094 1302
1094 1353
1094 1390
1094 1433
1094 1627
1094 3206
1094 3311
1094 3348
1094 3909
1094 3952
1094 4054
1094 4327
1094 4547
1095 1190
1095 1291
1095 1574
1095 2593
1095 2774
1095 3259
1095 3345
1095 3960
1095 4430
1095 4708
1096 1628
1096 1734
1096 1849
1096 2315
1096 3280
1096 4017
1096 4084
1096 4497
1096 4804
1097 1346
1097 1511
1097 1913
1097 2020
1097 2443
1097 2912
1097 3515
1097 3539
1097 4549
1097 4916
1098 1137
1098 1491
1098 1574
1098 1650
1098 2559
1098 2625
1098 2929
1098 3050
1098 3469
1098 3786
1098 3903
1098 4349
1098 4892
1099 1590
1099 1713
1099 2111
1099 3145
1099 3583
1099 3787
1099 3792
1099 3878
1099 4087
1099 4661
1099 4840
1100 3096
1100 3286
1100 4085
1101 1852
1101 2255
1101 2957
1101 3307
1101 4125
1101 4130
1101 4330
1102 1334
1102 1592
1102 2331
1102 2632
1102 2660
1102 3342
1102 3978
1102 4233
1102 4300
1102 4376
1102 4589
1103 1197
1103 1212
1103 1418
1103 1513
1103 2014
1103 2214
1103 3282
1103 3488
1103 4806
1104 1175
1104 2778
1104 3175
1104 3305
1104 3816
1104 3898
1105 1437
1105 1887
1105 1929
1105 2298
1105 2653
1105 4899
1106 1964
1106 2627
1106 2640
1106 3053
1106 3057
1106 3130
1106 3218
1106 3234
1106 4631
1106 4790
1107 1428
1107 2613
1107 3447
1107 3704
1107 4780
1107 4817
1108 1369
1108 1689
1108 2036
1108 2275
1108 2741
1108 3913
1108 3918
1108 4345
1109 1388
1109 1549
1109 1728
1109 1846
1109 2033
1109 2187
1109 2870
1109 3297
1109 4346
1110 1229
1110 1873
1110 2145
1110 2970
1110 3781
1110 3961
1110 4062
1110 4199
1110 4219
1110 4927
1111 1480
1111 1534
1111 2119
1111 2218
1111 2483
1111 2499
1111 2517
1111 2764
1111 3129
1111 3144
1111 3182
1111 3587
1111 4072
1111 4449
1111 4712
1111 4969
1111 4984
1112 1766
1112 2171
1112 2260
1112 2290
1112 2300
1112 2453
1112 3062
1112 3502
1112 4177
1112 4960
1113 2680
1113 2991
1113 3111
1113 4779
1114 2086
1114 2266
1114 2557
1114 2804
1114 2817
1114 3020
1114 3230
1114 3449
1114 3635
1114 3688
1114 4080
1115 1151
1115 1758
1115 1889
1115 2460
1115 3926
1115 4445
1115 4561
1115 4736
1116 1444
1116 3093
1116 3294
1116 3396
1117 1451
1117 1934
1117 2423
1117 3129
1117 4967
1117 4997
1118 1128
1118 1403
1118 2089
1118 2432
1118 2439
1118 3417
1118 3770
1118 3935
1118 4195
1118 4582
1118 4970
1118 4972
1119 2106
1119 2601
1119 2628
1119 2757
1119 3125
1119 3213
1120 1387
1120 2814
1120 3084
1120 3352
1120 3778
1120 4068
1120 4161
1120 4842
1120 4901
1121 1612
1121 1615
1121 2138
1121 2479
1121 2711
1121 2716
1121 3679
1121 4413
1122 3305
1122 3867
1122 4669
1123 1956
1123 2029
1123 2346
1123 2551
1123 3427
1123 4428
1123 4660
1123 4895
1124 1997
1124 2371
1124 3889
1124 4367
1124 4440
1124 4832
1125 1732
1125 1751
1125 1823
1125 2088
1125 2165
1125 2509
1125 3746
1125 4770
1126 1360
1126 2051
1126 4140
1126 4870
1127 1203
1127 2808
1127 3649
1127 4009
1127 4838
1128 1586
1128 4231
1128 4853
1128 4854
1128 4868
1129 1761
1129 2772
1129 2977
1129 3536
1129 4272
1129 4428
1130 1794
1130 1811
1130 2435
1130 3348
1130 3524
1130 3802
1131 1229
1131 1297
1131 1349
1131 2079
1131 2502
1131 2942
1131 3027
1131 4193
1132 1843
1132 1941
1132 2480
1132 2756
1132 3167
1132 4640
1132 4860
1133 1170
1133 1522
1133 1593
1133 4550
1133 4660
1133 4740
1134 1357
1134 1863
1134 2311
1134 3730
1134 4294
1134 4402
1135 1350
1135 1846
1135 3403
1135 3499
1135 4134
1135 4738
1136 1137
1136 1302
1136 3107
1137 1457
1137 1771
1137 2434
1137 2564
1137 2604
1137 2894
1137 3205
1137 3242
1137 3566
1137 4024
1137 4363
1137 4432
1137 4833
1137 4888
1138 1490
1138 2882
1138 3020
1138 4442
1139 1322
1139 1665
1139 1852
1139 1904
1139 2236
1139 2277
1139 3113
1139 3227
1139 4217
1140 1711
1140 2038
1140 2394
1140 3055
1140 3393
1140 3575
1140 3777
1140 4258
1140 4419
1140 4477
1140 4831
1141 2047
1141 2947
1141 3176
1141 3188
1141 3306
1141 3834
1141 4413
1142 1212
1142 1451
1142 2393
1142 3002
1142 3231
1142 4282
1142 4822
1143 1850
1143 1957
1143 2219
1143 2270
1143 3914
1143 4072
1143 4533
1144 1210
1144 1339
1144 1834
1144 2212
1144 2558
1144 3842
1144 4279
1145 1179
1145 1477
1145 1800
1145 1969
1145 2366
1145 2617
1145 4096
1145 4180
1146 1806
1146 2770
1146 3727
1146 3734
1146 3983
1146 4612
1146 4680
1147 1418
1147 1996
1147 2480
1147 2644
1147 2858
1147 3575
1147 3691
1147 4158
1147 4874
1148 1500
1148 1819
1148 2071
1148 2222
1148 2651
1148 2886
1148 3055
1148 3772
1148 3834
1148 4236
1148 4424
1148 4465
1148 4821
1148 4999
1149 1772
1149 2885
1149 3582
1149 3631
1149 3691
1149 4448
1150 1401
1150 2237
1150 2545
1150 3324
1150 4000
1150 4012
1150 4146
1150 4865
1151 1156
1151 2861
1151 4242
1151 4674
1152 1266
1152 2035
1152 2287
1152 4258
1152 4693
1153 1618
1153 1804
1153 2182
1153 2677
1153 3036
1153 3807
1153 3868
1153 4243
1153 4426
1153 4843
1154 2065
1154 2533
1154 2593
1154 2625
1154 2976
1154 4498
1155 1177
1155 1472
1155 2542
1155 2661
1155 2702
1155 2835
1155 2924
1155 3810
1155 4923
1156 1986
1156 3029
1156 4642
1157 1716
1157 1853
1157 1913
1157 2046
1157 3492
1157 3495
1157 3599
1158 1611
1158 1692
1158 1723
1158 2124
1158 2646
1158 4683
1158 4878
1159 1245
1159 2764
1159 3098
1159 3123
1160 1495
1160 3152
1160 3480
1160 3784
1160 4171
1160 4225
1160 4529
1160 4570
1161 2892
1161 3965
1161 4279
1161 4465
1161 4644
1162 1197
1162 1400
1162 2941
1162 3211
1162 3794
1162 4264
1162 4270
1163 1456
1163 1483
1163 2080
1163 3318
1163 3356
1163 3579
1163 3791
1163 3918
1163 4226
1163 4396
1164 2784
1164 3072
1164 3210
1164 3696
1164 3707
1164 4054
1164 4060
1164 4077
1164 4727
1164 4928
1165 1547
1165 1588
1165 2639
1165 2801
1165 2931
1165 3455
1165 3739
1165 3996
1165 4403
1166 2136
1166 2895
1166 3856
1167 1311
1167 1403
1167 1739
1167 2173
1167 2275
1167 2682
1167 4219
1167 4691
1167 4861
1168 1379
1168 2261
1168 2427
1168 2532
1168 2883
1168 3184
1168 4137
1168 4151
1168 4947
1169 1355
1169 1400
1169 1410
1169 2654
1169 2932
1170 2483
1170 2817
1170 3304
1170 3657
1170 4835
1171 2292
1171 2733
1171 3213
1171 4027
1172 1230
1172 1443
1172 1717
1172 1916
1172 3137
1172 3696
1172 4259
1173 2292
1173 2358
1173 2690
1173 3870
1173 4025
1173 4080
1173 4549
1173 4848
1173 4952
1174 1801
1174 2679
1174 3856
1174 4547
1174 4748
1175 2074
1175 3351
1175 4054
1175 4382
1175 4850
1176 1424
1176 1452
1176 1486
1176 1613
1176 1940
1176 2217
1176 2922
1176 4087
1176 4296
1176 4362
1176 4522
1176 4654
1176 4906
1177 2791
1177 3230
1177 3520
1177 3683
1177 3792
1177 4714
1177 4864
1178 1226
1178 1568
1178 1830
1178 3053
1178 3597
1178 3992
1178 4608
1178 4951
1179 1188
1179 1298
1179 2409
1179 2419
1179 2556
1179 3414
1179 3487
1179 4252
1179 4308
1179 4467
1179 4540
1179 4764
1179 4940
1180 1411
1180 2281
1180 2583
1180 4583
1181 1983
1181 2062
1181 2580
1181 2597
1181 3140
1181 3495
1181 3827
1181 3844
1181 4596
1181 4706
1181 4789
1182 1434
1182 1739
1182 2176
1182 2590
1182 3062
1182 4667
1183 1304
1183 2230
1183 3178
1183 3692
1183 4388
1183 4977
1184 2069
1184 2962
1184 2978
1184 3747
1184 4484
1184 4544
1184 4647
1184 4906
1185 1422
1185 1996
1185 2141
1185 2360
1185 2597
1185 2763
1185 2882
1185 2912
1185 2987
1185 3854
1185 4343
1185 4436
1186 1314
1186 1692
1186 1921
1186 2382
1186 2406
1186 2460
1186 2904
1186 2978
1186 3415
1187 1308
1187 1654
1187 1895
1187 2336
1187 2739
1187 3119
1187 3294
1187 3380
1187 3485
1187 3710
1188 2147
1188 2755
1188 3370
1188 3479
1188 3502
1188 3843
1188 4150
1188 4898
1189 1362
1189 1646
1189 2554
1189 2659
1189 3264
1189 3332
1189 3781
1190 2033
1190 2681
1190 3376
1190 3452
1190 3476
1190 3705
1190 4641
1190 4728
1191 1853
1191 2507
1191 2619
1191 3298
1191 3344
1191 3817
1191 4001
1191 4326
1191 4401
1192 3322
1192 3923
1192 4367
1193 1937
1193 2292
1193 2482
1193 3776
1193 3841
1193 3981
1193 4458
1193 4478
1193 4758
1194 1363
1194 1997
1194 2305
1194 2438
1194 2705
1194 2846
1194 3182
1194 3204
1194 3246
1194 3280
1194 3472
1194 4332
1194 4573
1194 4625
1195 1461
1195 1667
1195 2245
1195 2980
1195 3443
1195 3672
1195 3987
1195 4275
1195 4612
1195 4629
1196 1813
1196 2534
1196 2951
1196 2963
1196 3690
1196 4002
1196 4175
1196 4510
1196 4528
1196 4847
1197 1407
1197 1484
1197 1568
1197 2555
1197 2604
1197 2918
1197 3258
1197 4698
1198 1256
1198 1288
1198 2084
1198 2643
1198 3014
1198 4314
1198 4411
1198 4684
1198 4781
1198 4866
1199 1218
1199 1755
1199 2270
1199 2489
1199 3495
1199 3559
1199 3700
1199 3785
1199 4419
1199 4951
1200 1252
1200 1442
1200 2744
1200 2850
1200 2968
1200 3230
1200 3448
1200 3617
1200 4147
1200 4271
1201 1374
1201 1693
1201 2499
1201 3403
1201 3577
1201 4052
1202 1978
1202 3197
1202 4491
1202 4602
1202 4606
1202 4699
1202 4743
1202 4805
1202 4822
1203 1257
1203 1555
1203 2340
1203 2354
1203 2897
1203 3208
1203 3303
1203 3555
1203 4243
1204 2716
1204 3046
1204 3467
1204 4028
1204 4878
1205 1223
1205 1545
1205 2203
1205 2514
1205 3360
1205 3738
1205 3773
1205 3978
1205 3983
1205 4033
1205 4670
1206 1613
1206 2043
1206 2157
1206 2580
1206 2657
1207 1624
1207 2382
1207 2734
1207 4033
1207 4200
1208 1288
1208 4016
1208 4428
1209 1552
1209 1758
1209 2590
1209 2709
1209 2834
1209 2851
1209 2926
1209 3501
1209 3755
1209 3926
1209 4333
1209 4796
1210 1845
1210 1862
1210 2799
1210 3509
1210 3567
1210 4379
1211 1217
1211 1804
1211 2832
1211 3004
1211 4408
1211 4753
1212 1701
1212 1980
1212 2038
1212 2287
1212 2946
1212 4121
1212 4266
1213 1652
1213 1828
1213 2233
1213 2429
1213 3917
1213 4333
1213 4782
1214 1293
1214 1425
1214 1567
1214 2162
1214 2258
1214 2973
1214 3155
1214 3843
1214 4924
1215 1794
1215 4090
1215 4866
1216 1409
1216 2370
1216 3112
1216 3387
1216 3535
1216 3813
1216 3981
1216 4293
1216 4897
1216 4981
1217 1549
1217 1740
1217 1998
1217 2311
1217 2724
1217 2846
1217 2869
1217 3216
1217 3660
1217 4131
1217 4194
1217 4812
1217 4912
1218 1476
1218 1506
1218 2070
1218 2501
1218 2555
1218 2851
1218 3007
1218 3103
1218 3316
1218 3517
1218 4976
1219 1476
1219 2712
1219 3295
1219 3816
1219 4182
1220 1964
1220 2733
1220 2977
1220 3639
1220 4015
1220 4240
1220 4258
1220 4538
1220 4650
1221 1442
1221 1470
1221 2217
1221 2573
1221 3563
1221 4108
1222 1484
1222 1654
1222 1802
1222 2396
1222 2581
1222 3032
1222 4463
1222 4606
1222 4617
1222 4693
1222 4720
1222 4979
1223 2175
1223 2200
1223 2297
1223 2316
1223 3676
1223 4779
1224 1327
1224 1572
1224 2938
1224 3490
1224 3908
1224 4121
1224 4222
1224 4755
1225 2462
1225 3200
1225 3778
1225 3898
1225 4301
1226 2558
1226 2758
1226 2997
1226 4130
1226 4718
1227 1783
1227 2086
1227 2744
1227 3831
1227 4307
1227 4729
1228 1750
1228 1931
1228 2071
1228 3166
1228 4138
1228 4168
1229 1471
1229 1822
1229 2009
1229 2962
1229 2964
1230 1310
1230 1969
1230 4063
1230 4536
1231 2553
1231 2992
1231 3912
1231 4572
1232 1321
1232 2069
1232 2086
1232 2417
1232 2767
1232 4491
1232 4696
1233 2155
1233 3151
1233 3289
1233 3480
1233 3643
1233 4295
1233 4928
1234 1293
1234 1469
1234 2345
1234 2482
1234 2739
1234 3536
1234 4128
1234 4779
1235 1998
1235 2554
1235 3120
1235 3463
1235 3600
1235 4131
1236 1444
1236 1671
1236 2030
1236 2242
1236 2369
1236 2675
1236 3214
1236 3397
1236 3871
1236 4426
1237 1506
1237 1759
1237 1952
1237 2449
1237 2975
1237 3765
1237 4876
1238 1391
1238 2605
1238 2969
1238 3349
1238 3607
1238 3621
1238 3956
1238 4146
1238 4562
1239 1870
1239 2261
1239 2707
1239 2758
1239 3968
1240 1845
1240 2675
1240 2760
1240 2947
1240 3149
1240 3252
1240 3483
1240 3707
1240 4859
1241 1514
1241 2608
1241 3446
1241 4196
1241 4346
1241 4868
1242 1361
1242 1812
1242 1885
1242 2055
1242 2658
1242 3296
1242 3644
1242 4110
1242 4574
1242 4629
1242 4710
1243 1689
1243 3234
1243 4645
1244 1632
1244 1938
1244 3385
1244 3440
1244 3543
1244 3678
1245 1476
1245 2853
1245 4476
1246 1261
1246 2004
1246 2082
1246 3148
1246 3203
1246 3516
1246 3631
1246 3950
1246 4957
1247 1299
1247 1593
1247 1778
1247 3052
1247 3289
1247 4049
1247 4851
1247 4942
1247 4947
1248 1614
1248 1987
1248 2492
1248 3416
1248 4853
1249 1776
1249 1936
1249 2127
1249 3463
1249 3570
1249 4619
1250 1263
1250 2006
1250 2575
1251 1753
1251 2722
1251 3049
1251 3340
1251 4536
1251 4989
1252 1445
1252 2009
1252 2035
1252 2314
1252 2640
1252 2705
1252 2824
1252 2891
1252 2922
1252 3515
1252 4073
1252 4585
1253 1294
1253 3566
1253 4747
1253 4767
1254 2751
1254 2771
1254 2867
1254 3406
1254 3476
1254 3520
1254 4765
1254 4977
1255 2165
1255 2436
1255 2942
1255 3247
1255 3982
1255 4008
1255 4632
1255 4763
1255 4819
1256 1665
1256 2363
1256 2977
1256 3866
1256 3901
1257 1807
1257 1845
1257 1864
1257 2213
1257 2358
1257 2631
1257 4478
1257 4905
1258 2395
1258 3401
1259 1664
1259 2344
1259 3113
1259 3583
1259 3768
1259 4124
1259 4665
1259 4777
1260 2467
1260 3239
1260 3418
1260 4668
1260 4739
1260 4906
1261 2109
1261 2422
1261 2513
1261 3096
1261 3352
1261 3759
1261 3948
1262 1397
1262 1480
1262 2553
1262 3402
1262 3412
1262 3703
1262 4279
1262 4456
1262 4490
1262 4521
1263 2328
1263 3167
1263 3196
1263 3217
1263 3742
1263 4763
1264 1962
1264 2497
1264 4171
1265 1361
1265 2070
1265 2402
1265 2496
1265 3044
1265 3072
1265 3333
1265 3511
1265 3911
1265 4041
1266 1627
1266 3159
1266 3904
1266 4164
1266 4585
1266 4705
1266 4908
1267 2340
1267 2558
1267 2976
1267 3735
1267 4224
1267 4593
1267 4853
1267 4934
1268 1425
1268 1932
1268 2458
1268 2487
1268 3143
1268 3406
1268 3453
1268 3570
1268 3779
1268 4773
1269 2223
1269 2549
1269 2684
1269 2824
1269 2849
1269 2928
1269 3067
1269 3126
1269 3351
1269 3440
1269 3469
1269 4639
1269 4791
1269 4841
1270 1508
1270 2093
1270 2470
1270 2843
1270 4569
1270 4739
1271 1310
1271 3292
1271 3469
1271 4949
1272 1372
1272 1619
1272 2079
1272 2744
1272 2765
1272 4684
1273 1596
1273 2334
1273 3246
1273 4454
1274 1829
1274 1899
1274 3193
1274 3584
1274 3919
1274 4330
1274 4621
1274 4897
1275 1807
1275 2662
1275 3159
1275 4922
1276 1863
1276 1903
1276 2053
1276 2357
1276 2690
1276 3939
1276 4900
1277 1339
1277 2513
1277 2624
1277 3733
1277 4403
1277 4852
1278 1903
1278 2296
1278 2450
1278 3274
1278 4127
1278 4184
1278 4460
1279 1791
1279 1926
1279 2370
1279 4731
1279 4977
1280 1323
1280 1372
1280 2184
1280 2958
1280 3254
1280 3280
1281 1999
1281 4638
1282 1548
1282 1813
1282 1874
1282 1971
1282 2536
1282 3687
1282 3755
1282 3935
1283 2085
1283 2250
1283 2531
1283 2564
1283 3042
1283 3197
1283 4408
1283 4830
1284 1457
1284 1838
1284 2137
1284 2372
1284 2960
1284 3582
1284 4369
1284 4806
1284 4889
1285 1547
1285 1686
1285 4285
1285 4435
1286 1741
1286 1993
1286 2543
1286 2594
1286 2815
1286 2841
1286 3267
1286 4838
1286 4862
1287 2402
1287 4094
1287 4317
1288 1325
1288 1629
1288 2060
1288 2491
1288 2621
1288 4555
1289 3098
1289 3966
1289 4014
1289 4186
1289 4240
1289 4436
1289 4881
1290 1579
1290 1583
1290 1751
1290 3595
1290 4580
1290 4591
1291 2233
1291 3735
1291 4641
1292 1937
1292 2274
1292 3466
1292 3891
1292 3904
1292 4544
1293 2443
1293 2817
1293 3361
1293 3606
1293 3631
1293 3724
1293 4316
1293 4572
1294 1684
1294 2377
1294 4136
1294 4290
1294 4342
1294 4386
1294 4790
1294 4836
1294 4858
1295 1490
1295 2448
1295 2778
1295 3493
1295 3536
1295 3840
1295 4433
1295 4562
1296 1794
1296 2459
1296 2749
1296 2795
1296 3301
1296 3989
1296 4118
1296 4453
1296 4571
1296 4797
1296 4928
1297 1919
1297 2159
1297 2275
1297 2711
1297 2775
1297 2814
1297 4447
1297 4844
1298 1817
1298 2294
1298 3498
1298 3790
1298 4400
1298 4583
1299 2232
1299 2300
1299 2407
1299 2734
1299 3103
1299 3452
1299 4354
1299 4981
1300 1412
1300 1622
1300 2101
1300 3391
1300 3840
1300 4289
1300 4292
1301 1592
1301 1641
1301 1680
1301 2167
1301 2408
1301 2925
1301 2946
1301 3850
1301 4405
1301 4607
1301 4660
1301 4817
1302 1565
1302 1887
1302 2086
1302 2268
1302 2808
1302 3100
1302 3253
1302 3662
1302 3840
1302 3877
1302 3996
1302 4154
1303 1570
1303 1616
1303 2071
1303 3327
1303 3473
1303 3753
1303 4038
1303 4198
1303 4745
1304 1393
1304 1858
1304 2256
1304 2564
1304 4024
1304 4439
1304 4447
1304 4741
1305 1418
1305 2710
1305 2916
1305 3567
1305 4004
1305 4031
1305 4742
1306 1618
1306 1728
1306 2919
1306 3441
1306 3892
1306 4275
1306 4788
1307 1346
1307 1905
1307 2252
1307 2363
1307 3360
1307 4818
1308 2160
1308 2348
1308 2852
1308 2985
1308 3242
1308 3255
1308 3419
1308 3672
1308 4421
1308 4643
1309 1849
1309 2392
1309 2593
1309 2602
1309 2765
1309 3032
1309 3044
1309 3184
1309 3436
1309 3959
1309 4721
1309 4799
1310 1882
1310 4440
1310 4942
1311 1830
1311 2344
1311 2954
1311 3004
1311 3453
1311 4684
1312 1373
1312 1523
1312 2735
1312 3997
1312 4554
1312 4917
1312 4932
1313 2314
1313 2540
1313 3532
1313 3662
1313 4602
1314 1601
1314 1751
1314 2050
1314 2144
1314 2733
1314 3096
1314 3190
1314 3563
1314 3645
1314 3979
1314 4621
1315 1547
1315 1564
1315 1742
1315 1976
1315 2011
1315 2287
1315 2714
1315 4018
1315 4335
1316 1464
1316 3258
1316 3366
1316 4175
1316 4694
1317 1714
1317 2625
1317 2690
1317 4167
1317 4420
1318 2980
1318 3235
1318 3766
1318 3960
1319 1350
1319 1715
1319 1768
1319 3973
1319 4281
1319 4354
1319 4503
1319 4692
1319 4881
1319 4966
1320 2110
1320 2199
1320 3009
1320 3305
1320 3886
1321 1476
1321 3128
1321 3261
1321 3441
1321 4558
1321 4966
1322 2057
1322 2463
1322 3719
1322 3856
1322 4581
1323 2113
1323 2221
1323 2290
1323 3835
1323 4263
1323 4322
1324 1347
1324 1815
1324 1823
1324 3487
1324 3642
1324 4267
1325 1639
1325 2283
1325 2463
1325 4209
1325 4975
1326 1626
1326 2382
1326 2725
1326 3440
1326 3463
1326 3521
1327 3908
1327 4182
1327 4241
1327 4532
1327 4604
1328 2303
1328 3645
1329 2477
1329 2781
1329 3021
1329 3280
1329 3283
1329 4383
1329 4470
1330 2072
1330 2376
1330 2632
1330 3151
1330 3488
1331 1658
1331 1713
1331 1806
1331 2339
1331 2686
1331 3329
1331 3816
1331 4111
1331 4488
1332 1483
1332 1938
1332 2548
1332 2593
1332 2709
1332 2822
1332 3275
1332 3406
1333 1404
1333 3585
1333 3855
1333 4589
1334 1491
1334 1630
1334 3046
1334 4345
1334 4404
1334 4573
1335 1397
1335 1720
1335 2702
1335 3215
1335 3422
1335 4703
1336 1502
1336 1655
1336 1678
1336 2764
1336 3214
1336 4745
1337 1441
1337 1859
1337 1945
1337 2362
1337 2507
1337 2552
1337 3181
1337 3216
1337 3600
1337 3762
1337 4397
1338 1437
1338 2201
1338 2459
1338 2659
1338 3099
1338 4108
1338 4285
1338 4679
1338 4691
1338 4912
1338 4959
1339 1817
1339 2622
1339 3186
1339 3769
1340 1978
1340 2844
1340 3032
1340 3054
1340 3290
1340 3452
1340 3477
1340 3593
1341 1495
1341 1732
1341 2763
1341 2806
1341 3162
1341 4218
1341 4725
1341 4782
1341 4837
1341 4919
1342 1429
1342 1515
1342 2063
1342 2136
1342 2624
1342 2644
1342 3107
1342 3578
1342 4697
1342 4791
1343 1460
1343 1532
1343 1731
1343 1986
1343 2817
1343 3678
1343 4680
1343 4996
1344 1398
1344 1475
1344 1893
1344 1951
1344 2018
1344 3029
1344 3872
1344 3980
1344 4117
1344 4474
1345 1618
1345 2011
1345 2163
1345 2312
1345 2461
1345 3669
1345 4028
1346 2099
1346 2130
1346 2616
1346 3101
1346 3425
1346 3517
1346 4115
1346 4461
1346 4860
1346 4921
1347 1870
1347 2266
1347 2386
1347 2711
1347 3468
1347 3914
1348 2887
1348 2904
1348 3280
1348 3984
1349 1571
1349 1717
1349 1719
1349 1763
1349 2522
1349 2533
1349 3018
1349 3363
1349 4703
1349 4757
1350 1709
1350 2229
1350 2660
1350 3303
1350 3323
1350 3958
1350 4187
1351 1724
1351 2856
1351 3174
1351 3445
1351 3862
1351 4438
1352 1753
1352 1898
1352 1904
1352 2127
1352 2878
1353 2170
1353 3193
1353 3470
1353 3917
1353 4662
1353 4905
1354 1408
1354 1419
1354 1429
1354 1564
1354 1612
1354 4312
1354 4607
1354 4640
1355 3803
1355 4501
1356 1670
1356 2713
1356 3781
1356 4788
1357 2129
1357 2737
1357 2961
1357 3104
1357 3647
1357 3968
1357 4481
1357 4831
1358 2977
1359 1389
1359 2340
1359 2892
1359 3689
1359 3862
1359 4171
1359 4174
1359 4354
1359 4439
1360 2682
1360 2810
1360 3191
1360 3491
1360 4395
1361 2772
1361 3347
1361 4304
1362 2613
1362 3263
1362 3292
1362 3320
1362 3333
1362 3424
1362 3569
1362 4023
1362 4304
1363 2099
1363 2157
1363 2194
1363 2691
1363 2782
1363 3183
1363 3208
1363 3212
1363 3880
1363 4126
1363 4906
1364 1503
1364 1825
1364 2356
1364 2693
1364 2788
1364 3725
1364 4102
1364 4168
1364 4495
1364 4731
1364 4949
1365 2596
1365 2690
1365 4853
1365 4874
1366 1479
1366 2012
1366 2978
1366 3265
1366 3336
1366 3475
1366 4030
1366 4166
1366 4827
1367 2760
1367 3230
1367 3409
1367 3905
1367 4047
1367 4210
1368 2116
1368 2721
1368 3482
1368 3511
1368 3970
1368 4039
1368 4518
1368 4618
1369 2432
1369 2904
1369 3225
1369 4302
1370 1435
1370 2133
1370 2825
1370 3131
1370 3273
1370 3404
1370 3683
1370 3708
1370 4026
1371 2528
1371 3730
1371 3780
1372 1457
1372 1908
1372 1949
1372 2080
1372 2249
1372 2642
1372 3858
1372 4016
1372 4400
1372 4481
1373 1714
1373 2187
1373 2502
1373 2621
1373 4398
1373 4604
1373 4915
1374 1486
1374 1537
1374 1744
1374 1927
1374 4721
1375 1572
1375 1821
1375 2224
1375 2880
1375 3468
1375 3618
1375 4112
1375 4631
1376 2273
1376 2445
1376 4559
1377 1774
1377 2018
1377 3059
1377 3224
1377 3956
1377 4265
1378 3119
1378 3514
1378 3883
1378 4857
1379 1497
1379 1563
1379 1656
1379 2818
1380 2522
1380 2970
1380 2978
1380 3036
1380 3076
1380 3454
1380 4610
1381 1471
1381 1475
1381 1539
1381 1646
1381 2031
1381 2434
1381 2800
1381 3363
1381 3691
1381 4115
1381 4623
1382 1746
1382 2473
1382 2925
1382 3345
1382 4114
1383 2023
1383 2126
1383 2653
1383 3105
1383 3273
1383 3416
1383 4206
1384 1758
1384 1876
1384 3041
1384 3383
1384 3485
1384 4409
1384 4557
1384 4955
1385 2480
1385 3519
1385 4408
1385 4577
1385 4735
1385 4956
1386 2097
1386 2277
1386 2372
1386 2397
1386 3133
1386 3429
1386 4181
1387 1494
1387 2200
1387 2343
1387 2410
1387 2628
1387 2893
1387 3213
1387 3498
1387 4060
1387 4191
1387 4473
1387 4657
1387 4804
1387 4829
1388 1552
1388 1694
1388 1697
1388 1777
1388 2132
1388 2326
1388 2496
1388 3730
1388 4508
1388 4563
1389 2058
1389 2315
1389 2787
1389 2967
1389 2988
1389 4710
1390 2013
1390 3818
1390 3893
1390 3944
1391 1836
1391 2561
1391 2867
1391 3423
1391 3746
1391 4085
1392 1807
1392 3306
1392 3630
1392 3988
1392 4170
1393 1520
1393 1989
1393 2635
1393 3014
1393 3389
1393 4519
1394 1799
1394 2400
1394 2849
1394 2907
1394 3013
1394 3178
1394 3356
1394 3606
1394 4498
1394 4880
1395 1752
1395 2014
1395 2430
1395 2749
1395 2845
1395 3015
1395 3660
1395 3959
1395 4318
1395 4488
1396 1511
1396 1712
1396 1990
1396 2112
1396 2169
1396 2277
1396 2644
1396 3694
1396 3806
1396 4090
1396 4752
1397 2356
1397 4181
1397 4437
1397 4538
1397 4748
1397 4844
1398 1743
1398 3689
1398 4636
1399 1600
1399 3044
1399 3399
1399 3647
1399 3656
1399 3827
1399 4272
1399 4720
1400 1720
1400 1818
1400 1844
1400 1848
1400 2249
1400 2922
1400 3229
1400 3299
1400 3658
1400 4598
1400 4866
1401 1735
1401 1761
1401 2008
1401 2166
1401 2673
1401 3273
1401 3419
1401 4167
1401 4578
1401 4867
1402 1460
1402 2341
1402 2523
1402 3223
1402 3813
1402 4827
1403 4482
1404 1565
1404 2004
1404 2277
1404 2677
1404 2703
1404 2868
1404 3690
1405 1659
1405 2319
1405 2729
1405 3161
1405 3312
1405 4117
1405 4384
1405 4943
1406 2032
1406 3961
1406 4082
1406 4319
1406 4768
1407 1506
1407 3234
1407 3800
1407 4815
1408 1817
1408 2870
1408 3314
1408 3508
1408 4082
1408 4279
1408 4962
1409 1745
1409 1903
1409 2479
1409 2674
1409 2867
1409 3143
1409 3529
1409 3549
1409 4017
1410 1809
1410 2305
1410 2433
1410 3461
1410 4083
1410 4743
1410 4769
1411 2090
1411 3739
1411 4104
1411 4461
1411 4951
1412 1701
1412 1820
1412 2002
1412 2766
1412 2997
1412 3497
1412 3727
1412 4469
1412 4534
1412 4569
1412 4771
1412 4918
1412 4982
1413 2012
1413 3047
1413 3847
1413 4121
1413 4837
1413 4909
1414 1538
1414 1611
1414 1888
1414 2227
1414 2391
1414 3648
1414 3662
1414 3916
1414 3922
1414 4148
1414 4273
1415 2053
1415 2291
1415 2302
1415 3810
1415 3913
1415 4478
1415 4589
1416 1940
1416 2219
1416 4136
1417 1542
1417 2145
1417 2315
1417 2550
1417 3304
1418 1715
1418 1754
1418 1780
1418 4288
1418 4648
1419 2232
1419 2545
1419 3559
1419 3954
1419 4755
1420 2796
1420 3204
1420 3805
1420 4019
1420 4036
1420 4140
1420 4288
1421 1730
1421 3900
1422 1694
1422 1986
1422 2911
1422 4034
1422 4391
1422 4556
1422 4644
1423 1968
1423 2058
1423 3364
1423 3379
1423 3581
1424 1486
1424 1849
1424 2521
1424 4185
1424 4940
1425 1696
1425 3798
1425 4855
1426 1763
1426 1949
1426 2179
1426 2581
1426 2642
1426 4039
1427 1475
1427 1557
1427 1610
1427 1745
1427 1747
1427 1886
1427 1943
1427 2439
1427 2610
1427 3029
1427 3778
1427 4121
1427 4642
1427 4807
1428 2525
1428 3303
1428 3785
1428 4416
1428 4455
1428 4495
1428 4885
1429 2028
1429 2707
1429 2839
1429 3595
1429 3960
1429 4158
1429 4612
1430 1669
1430 2916
1430 3587
1430 3631
1430 3691
1430 3747
1430 4648
1431 2173
1431 3435
1431 4806
1432 1997
1432 2076
1432 2527
1432 2793
1432 2807
1432 3174
1432 3395
1432 4310
1432 4673
1432 4684
1432 4706
1432 4835
1433 1702
1433 1746
1433 2222
1433 2673
1433 2736
1433 2784
1433 3460
1433 3765
1433 4307
1434 2799
1434 3056
1434 3663
1434 4035
1434 4733
1434 4950
1434 4953
1435 2202
1435 2245
1435 2475
1435 3486
1436 2300
1436 2454
1436 2482
1436 2767
1436 2774
1436 2810
1436 3605
1436 4293
1436 4436
1436 4629
1437 2349
1437 2941
1437 3206
1437 3491
1437 4240
1437 4531
1437 4608
1437 4945
1437 4967
1438 1552
1438 1707
1438 2697
1438 4095
1438 4436
1438 4822
1438 4939
1439 1612
1439 1973
1439 1978
1439 2156
1439 2661
1439 2674
1439 2709
1439 2739
1439 2932
1439 3260
1439 3599
1439 4015
1439 4058
1439 4182
1439 4280
1439 4748
1440 2986
1440 3309
1440 4520
1440 4546
1440 4574
1441 2900
1441 3130
1441 4150
1441 4887
1442 2041
1442 3070
1442 3259
1442 3588
1443 2152
1443 2382
1443 2842
1443 2958
1443 3028
1443 3376
1443 3403
1443 4545
1443 4683
1443 4780
1443 4871
1444 2155
1444 2325
1444 2578
1444 2585
1444 2972
1444 3264
1444 3608
1444 3682
1444 3860
1444 3937
1444 4456
1445 2457
1445 2751
1445 3092
1445 3471
1445 3564
1445 3659
1445 4245
1445 4790
1445 4968
1445 4997
1446 1616
1446 2647
1446 3255
1446 3387
1446 3421
1446 3648
1446 4155
1446 4301
1446 4590
1447 2609
1447 2808
1447 3918
1448 1656
1448 1714
1448 2565
1448 2573
1448 2682
1448 3070
1448 3077
1448 3331
1449 2586
1449 2930
1449 3205
1449 4403
1449 4622
1449 4875
1450 2496
1450 3383
1450 3401
1450 4382
1450 4794
1451 1611
1451 1665
1451 2090
1451 2158
1451 2469
1451 2712
1451 2897
1451 2941
1451 3011
1451 3629
1451 4231
1451 4395
1451 4705
1451 4747
1452 1492
1452 1577
1452 1735
1452 2293
1452 2776
1452 3501
1452 3552
1452 4049
1452 4904
1453 1638
1453 2748
1453 3864
1453 4388
1453 4735
1454 2125
1454 2731
1454 3102
1454 3516
1454 3694
1454 4566
1454 4789
1455 1668
1455 1775
1455 2152
1455 2529
1455 2592
1455 2683
1455 2873
1455 3429
1455 3460
1455 3980
1455 4353
1455 4662
1456 2012
1456 2189
1456 3249
1456 3966
1456 4474
1457 2247
1457 2748
1457 4117
1458 2109
1458 3261
1458 4391
1458 4823
1459 1915
1459 2321
1459 3024
1459 3369
1459 3495
1459 3567
1459 3611
1459 3789
1459 4771
1460 1677
1460 2692
1460 2844
1460 3469
1460 3514
1460 3535
1460 4415
1461 3059
1461 3737
1461 3806
1461 3840
1461 4719
1462 1912
1462 2547
1462 3260
1462 3883
1462 4312
1462 4828
1463 1917
1463 2503
1463 3004
1463 3622
1463 3765
1463 3941
1464 1877
1464 2133
1464 3437
1464 3606
1464 3976
1464 4049
1464 4056
1464 4101
1464 4180
1464 4368
1464 4883
1465 1749
1465 1840
1465 3694
1465 4037
1465 4527
1466 1695
1466 2700
1466 3623
1466 3702
1466 4390
1467 1875
1467 2695
1467 2696
1467 3262
1467 3425
1467 4137
1468 2213
1468 2640
1468 3678
1469 2005
1469 4162
1469 4214
1470 1616
1470 1977
1470 2969
1470 3322
1470 4382
1470 4419
1470 4758
1471 1753
1471 2105
1471 2173
1471 2441
1471 2541
1471 3754
1471 3878
1471 3894
1471 4139
1471 4405
1472 3426
1472 3620
1472 3882
1472 4592
1473 1937
1473 2251
1473 2596
1473 2762
1473 2936
1473 4061
1473 4761
1474 2510
1474 3101
1474 3610
1474 3941
1474 3984
1474 4375
1474 4381
1475 1585
1475 3766
1475 4429
1475 4962
1476 1769
1476 1859
1476 2650
1476 3023
1476 3277
1476 3310
1476 3781
1476 3936
1476 4237
1477 1582
1477 1697
1477 2274
1477 2411
1477 2442
1477 2509
1477 3195
1477 3892
1477 4526
1477 4821
1478 1911
1478 2199
1478 2363
1478 2956
1478 3264
1478 3480
1478 3535
1478 4015
1478 4278
1478 4821
1479 1572
1479 1654
1479 2514
1479 2612
1479 3336
1479 4217
1480 2643
1480 2767
1480 3370
1480 3418
1480 3704
1480 3879
1481 1606
1481 1621
1481 1932
1481 2923
1481 3278
1481 3359
1481 4021
1482 1775
1482 2007
1482 3484
1482 3530
1482 4279
1483 1929
1483 2138
1483 2929
1483 4160
1483 4804
1484 1788
1484 1953
1484 2648
1484 3046
1484 3167
1484 3573
1484 3651
1484 3757
1484 4094
1485 1627
1485 2199
1485 2690
1485 2914
1485 3197
1485 3288
1485 3727
1485 3950
1485 4272
1486 2247
1486 2287
1486 3124
1486 3405
1486 4244
1486 4429
1486 4504
1486 4802
1487 1515
1487 2651
1487 3342
1487 4214
1487 4425
1488 2421
1488 3499
1488 3776
1488 4101
1488 4745
1489 3870
1489 4003
1489 4072
1489 4271
1489 4475
1490 1608
1490 2389
1490 2410
1490 2417
1490 2590
1490 3472
1490 3505
1490 3942
1490 4825
1491 1560
1491 1575
1491 2233
1491 3303
1491 3354
1491 4035
1492 2017
1492 2018
1492 2259
1492 2291
1492 2784
1492 4482
1493 1660
1493 2256
1493 2819
1493 3629
1493 4227
1493 4407
1494 1565
1494 4424
1495 2001
1495 2207
1495 2433
1495 2536
1495 2695
1495 2706
1495 2731
1495 2872
1495 2972
1495 3403
1495 3683
1495 3862
1495 3923
1495 4037
1495 4530
1495 4910
1496 1903
1496 2449
1496 2854
1496 3282
1496 3338
1496 4008
1496 4249
1496 4508
1497 1636
1497 2879
1497 3829
1498 1771
1498 2760
1498 3168
1498 3583
1498 4119
1498 4125
1498 4270
1498 4932
1499 2737
1499 3613
1499 4109
1499 4173
1499 4659
1499 4690
1499 4740
1500 1656
1500 2863
1500 2904
1500 2989
1500 3906
1500 3978
1500 4388
1500 4896
1501 2116
1501 2402
1501 3306
1501 3370
1501 3812
1501 3829
1501 4132
1502 1516
1502 1780
1502 1983
1502 2013
1502 2752
1502 2940
1502 3444
1502 4390
1503 1557
1503 1856
1503 1875
1503 2574
1503 3567
1503 3923
1503 4450
1503 4543
1504 2205
1504 2616
1504 3053
1505 2167
1505 2232
1505 2768
1505 3440
1505 3547
1505 3731
1505 4136
1505 4701
1506 1949
1506 2448
1506 2525
1506 3209
1506 3551
1506 3818
1507 1910
1507 2258
1507 2363
1507 3532
1507 4038
1507 4727
1507 4857
1508 1670
1508 1831
1508 2695
1508 3380
1508 3801
1508 4289
1509 1914
1509 2917
1509 3438
1509 3808
1509 3859
1509 4275
1510 1583
1510 2211
1510 3405
1510 4874
1510 4900
1511 1518
1511 1803
1511 1822
1511 2148
1511 2186
1511 2686
1511 3102
1511 3182
1511 3360
1511 4265
1511 4665
1511 4967
1512 1649
1512 2040
1512 2150
1512 2364
1512 3600
1512 4859
1512 4891
1513 1920
1513 2090
1513 2171
1513 2711
1513 2741
1513 3078
1513 3093
1513 3279
1513 3777
1513 3825
1514 1545
1514 2009
1514 2605
1514 2836
1514 3119
1514 3687
1514 3988
1514 4742
1515 1557
1515 1843
1515 2468
1515 2764
1515 3409
1515 3814
1515 4027
1515 4158
1515 4199
1515 4262
1515 4357
1515 4489
1515 4793
1516 2098
1516 2136
1516 2614
1516 2777
1516 3637
1516 3763
1516 3817
1516 3919
1516 4175
1516 4297
1516 4360
1516 4771
1517 1832
1517 3350
1517 3896
1517 4242
1517 4366
1518 2265
1518 3422
1518 3894
1518 4925
1519 1546
1519 1998
1519 2312
1519 3257
1519 3276
1519 3531
1519 3706
1519 4390
1519 4568
1520 2312
1520 2996
1520 4275
1520 4552
1521 1647
1521 1661
1521 2099
1521 2120
1521 2149
1521 2180
1521 2251
1521 2371
1521 2555
1521 2809
1521 4139
1522 1872
1522 2631
1522 2853
1522 2902
1522 3161
1522 3687
1522 3700
1522 3782
1522 3878
1522 4252
1522 4359
1522 4549
1522 4706
1522 4935
1523 2150
1523 2665
1523 2941
1523 3133
1523 3952
1523 4714
1524 1885
1524 3244
1524 3312
1524 4356
1524 5000
1525 2518
1525 3096
1525 3949
1525 4307
1525 4858
1526 2071
1526 2878
1526 3779
1526 4327
1526 4881
1527 1741
1527 1951
1527 2545
1527 3104
1527 3116
1527 3365
1527 3465
1527 3556
1527 3571
1527 3646
1527 4169
1527 4545
1527 4563
1528 2458
1528 2808
1528 3001
1528 3321
1528 4251
1529 1769
1529 1879
1529 2111
1529 2136
1529 2866
1529 3392
1529 3424
1529 3650
1529 3653
1529 3663
1529 3670
1529 3745
1529 3913
1529 4268
1530 2732
1530 2897
1530 3246
1530 3433
1530 3617
1530 3865
1530 4047
1530 4084
1531 2132
1531 2781
1531 3380
1531 3408
1531 3458
1531 3468
1531 3832
1531 4230
1532 1719
1532 1798
1532 1960
1532 2754
1532 2767
1532 2873
1532 3426
1532 3760
1533 1801
1533 1987
1533 2250
1533 2293
1533 2376
1533 2431
1533 2801
1533 4978
1534 2008
1534 2693
1535 1937
1535 3128
1535 3141
1535 3377
1535 3403
1535 3466
1535 3531
1535 4223
1535 4570
1535 4777
1536 2033
1536 2566
1536 3643
1536 4558
1536 4980
1537 1652
1537 2420
1537 2792
1537 2862
1537 3093
1537 3293
1538 1819
1538 1827
1538 2682
1538 2703
1538 3043
1538 3485
1538 3541
1538 3693
1538 3975
1538 4093
1538 4670
1538 4955
1538 4970
1539 1692
1539 1851
1539 2118
1539 2276
1539 2702
1539 3050
1539 3523
1539 3757
1539 3919
1539 4115
1540 1642
1540 1789
1540 1851
1540 2555
1540 3722
1541 2847
1541 3143
1541 3198
1541 3241
1541 3933
1541 4086
1541 4658
1541 4995
1542 1591
1542 1763
1542 2050
1542 2567
1542 3271
1542 3662
1542 4341
1543 3759
1543 4974
1544 1614
1544 1844
1544 2856
1544 3242
1544 3772
1544 4523
1544 4618
1544 4922
1545 2357
1545 2608
1545 2666
1545 2823
1545 4343
1545 4428
1545 4631
1546 1829
1546 1905
1546 2111
1546 2940
1546 3192
1546 3541
1546 3606
1546 3903
1546 4546
1547 1866
1547 1879
1547 2340
1547 2733
1547 3221
1547 3743
1547 4064
1547 4239
1547 4313
1547 4390
1547 4659
1547 4783
1548 2433
1548 3516
1548 3683
1548 3727
1548 3766
1548 3814
1548 4156
1548 4428
1549 3039
1549 3425
1549 3445
1549 3584
1549 4171
1549 4587
1549 4838
1550 1847
1550 3000
1550 4004
1550 4403
1551 1811
1551 1981
1551 2522
1551 2569
1551 3856
1552 1732
1552 2149
1552 2199
1552 2345
1552 2356
1552 2487
1552 2913
1552 2927
1552 4653
1553 2438
1553 2660
1553 2729
1553 3548
1553 3945
1553 4181
1553 4240
1553 4490
1554 2116
1554 2268
1554 3029
1554 4182
1554 4853
1555 1736
1555 2081
1555 2171
1555 2279
1555 2391
1555 2478
1555 2609
1555 2893
1555 3474
1556 2007
1556 2142
1556 3979
1556 4294
1556 4366
1557 2356
1557 2541
1557 2751
1557 4491
1557 4578
1557 4755
1558 1969
1558 2353
1558 2681
1558 3140
1558 3592
1558 3810
1558 3985
1558 4993
1559 2035
1559 2217
1559 2509
1559 4177
1559 4466
1559 4888
1560 1677
1560 1916
1560 2083
1560 2347
1560 4443
1560 4807
1561 1864
1561 2755
1561 2947
1561 4282
1561 4444
1562 2301
1562 2430
1562 2477
1562 2960
1562 3230
1562 3958
1562 4304
1563 1734
1563 2091
1563 4878
1564 3609
1564 3919
1564 3941
1564 4653
1564 4969
1565 1986
1565 2047
1565 2315
1565 2358
1565 3158
1565 3460
1565 4040
1566 2341
1566 2602
1566 2850
1566 3104
1566 3487
1566 3785
1566 3886
1566 4347
1566 4987
1567 1818
1567 2781
1567 3129
1567 3211
1567 3894
1568 3542
1568 3632
1568 4114
1568 4218
1568 4284
1569 2030
1569 2489
1569 2624
1569 2637
1569 2671
1569 2774
1569 3084
1569 4572
1569 4782
1569 4810
1570 1605
1570 2677
1570 2767
1570 3128
1570 3533
1571 1967
1571 2945
1571 3298
1571 3480
1571 3992
1571 4375
1571 4754
1571 4904
1572 1813
1572 2212
1572 2707
1572 3069
1572 3215
1572 3233
1572 3776
1572 4649
1572 4725
1572 4881
1573 1982
1573 2598
1573 3635
1573 3762
1573 3799
1573 3811
1573 3948
1573 4309
1573 4452
1573 4533
1573 4653
1574 2957
1574 3011
1574 3268
1574 3507
1574 3548
1574 4326
1575 1741
1575 1776
1575 2200
1575 3010
1575 3457
1575 3821
1575 4050
1575 4570
1576 2357
1576 3750
1576 3865
1576 4323
1576 4980
1577 2344
1577 3026
1577 3100
1577 3689
1577 4317
1577 4418
1577 4907
1577 4913
1578 1911
1578 2614
1578 2987
1578 3582
1578 3722
1578 3866
1579 2187
1579 2472
1579 2569
1579 2792
1579 2966
1579 3511
1579 3622
1579 3972
1579 4468
1579 4713
1579 4941
1580 1780
1580 3419
1580 3561
1580 4757
1580 4946
1581 1625
1581 2003
1581 2062
1581 2179
1581 3779
1581 4113
1581 4624
1581 4864
1581 4991
1582 1674
1582 2563
1582 2628
1582 2780
1582 3002
1582 3559
1582 4217
1582 4327
1582 4383
1582 4519
1582 4736
1583 1589
1583 2176
1583 2957
1583 3426
1583 3680
1583 4304
1584 2281
1584 2920
1584 3103
1584 3511
1584 3530
1584 4162
1584 4291
1584 4347
1585 1599
1585 3849
1585 4362
1585 4611
1586 1728
1586 1975
1586 2212
1586 2390
1586 2543
1586 2563
1586 2990
1586 3127
1586 3254
1586 3312
1586 3791
1586 4604
1586 4695
1586 4741
1586 4871
1587 1641
1587 2193
1587 2199
1587 2468
1587 2815
1587 3516
1587 3835
1587 3862
1587 3948
1587 3970
1587 4525
1588 2545
1588 2594
1588 2988
1588 2992
1588 4817
1589 2836
1589 4734
1590 2403
1590 2877
1590 4178
1590 4415
1591 1702
1591 1721
1591 2257
1591 2369
1591 2696
1591 2699
1591 3343
1591 3588
1591 3613
1591 3762
1591 4470
1591 4926
1592 1677
1592 1825
1592 1879
1592 2058
1592 2091
1592 3043
1592 3405
1592 3895
1592 4125
1592 4305
1592 4668
1593 1711
1593 1804
1593 4078
1594 2528
1594 2882
1594 3607
1595 1652
1595 1687
1595 1936
1595 2185
1595 3055
1595 4238
1596 2661
1596 2863
1596 3125
1596 3652
1596 3982
1596 4176
1596 4950
1597 2300
1597 2387
1597 2715
1597 2842
1597 3469
1598 2290
1598 2528
1598 2599
1598 2626
1598 2680
1598 3133
1598 3477
1598 3488
1598 3749
1598 4486
1598 4977
1599 1812
1599 1953
1599 2081
1599 2828
1599 3091
1599 3574
1600 3234
1600 4630
1600 4633
1601 1624
1601 2689
1601 3306
1601 3780
1601 4454
1602 1771
1602 2290
1602 2449
1602 2617
1602 2923
1602 3967
1602 4103
1602 4534
1602 4576
1603 2512
1603 2921
1603 2995
1603 3086
1603 3923
1604 2132
1604 2366
1604 2866
1604 3203
1604 3383
1604 3437
1604 3783
1604 4416
1604 4449
1604 4470
1604 4606
1604 4773
1604 4838
1604 4869
1604 4989
1605 1647
1605 2002
1605 2460
1605 2605
1605 3293
1605 3501
1605 3538
1605 3553
1605 3921
1605 4041
1606 1827
1606 2169
1606 2195
1606 2902
1606 3058
1606 3186
1606 3383
1607 3101
1607 3655
1607 3740
1607 4705
1607 4939
1608 1732
1608 1899
1608 2490
1608 2875
1608 3333
1608 4518
1609 1677
1609 2026
1609 2308
1609 3085
1609 3265
1609 3797
1609 3848
1609 4233
1609 4242
1609 4632
1610 1656
1610 2119
1610 2647
1610 3099
1610 3596
1610 4437
1610 4692
1610 4744
1610 4947
1611 1667
1611 1761
1611 1830
1611 2052
1611 2130
1611 3465
1611 3881
1611 4149
1611 4449
1611 4464
1612 1683
1612 1790
1612 2991
1612 3617
1612 4538
1612 4575
1613 2035
1613 2235
1613 2253
1613 2859
1613 2956
1613 3308
1614 1931
1614 2615
1614 2632
1614 3020
1614 3974
1614 4209
1614 4689
1615 2364
1615 2592
1615 3704
1615 3780
1615 3808
1615 4094
1615 4787
1615 4962
1616 1807
1616 1918
1616 3022
1616 3188
1616 3467
1616 4299
1617 1767
1617 2521
1617 3502
1617 3646
1617 3915
1617 3983
1617 4548
1617 4855
1618 2699
1618 3534
1618 3612
1618 4097
1618 4167
1618 4674
1619 1782
1619 2400
1619 3379
1619 3383
1619 4052
1619 4560
1619 4859
1620 2051
1620 2073
1620 2115
1620 2195
1620 2372
1620 3634
1620 3968
1620 4072
1621 2167
1621 2282
1621 2868
1621 2901
1621 4510
1621 4956
1622 1633
1622 1694
1622 2480
1622 3870
1622 4102
1622 4144
1622 4428
1622 4531
1622 4598
1622 4926
1623 1920
1623 3500
1623 3858
1623 4347
1624 2228
1624 2408
1624 3474
1624 3604
1624 4502
1624 4978
1625 1837
1625 3082
1625 3345
1625 3558
1625 4140
1625 4776
1626 1707
1626 1752
1626 1854
1626 2026
1626 2658
1626 3415
1626 3575
1626 4738
1626 4902
1627 1659
1627 1903
1627 1911
1627 2256
1627 2344
1627 2670
1627 2842
1627 3172
1627 3667
1627 3701
1627 4312
1628 2843
1628 4529
1628 4662
1629 1722
1629 1836
1629 2596
1629 2836
1629 2989
1629 3051
1629 3764
1629 4245
1629 4925
1630 3231
1630 3338
1630 3515
1630 3942
1630 4326
1631 1835
1631 2128
1631 2488
1631 3455
1631 3628
1631 3736
1631 4366
1631 4448
1631 4918
1631 4959
1632 1881
1632 2201
1632 2739
1632 3054
1632 3400
1633 1956
1633 3491
1633 4080
1633 4357
1633 4828
1633 4952
1634 2715
1634 3527
1634 4093
1634 4605
1635 1697
1635 2580
1635 3410
1635 3627
1635 4017
1635 4234
1635 4498
1636 2314
1636 2684
1636 2945
1636 3340
1636 3722
1636 3884
1636 4359
1637 3130
1637 3482
1637 3725
1637 3853
1638 2214
1638 2393
1638 2832
1638 3622
1638 4729
1639 1678
1639 1972
1639 2005
1639 2023
1639 2257
1639 2559
1639 3212
1639 3385
1639 4165
1639 4291
1640 1684
1640 2686
1640 3345
1640 3726
1640 4228
1640 4420
1641 1942
1641 2545
1641 2938
1641 3435
1641 3804
1641 4077
1641 4084
1641 4345
1641 4740
1641 4844
1642 1696
1642 1816
1642 3822
1642 4540
1643 1749
1643 2038
1643 2268
1643 2844
1643 3831
1643 4135
1643 4147
1643 4586
1644 2889
1644 3607
1644 4720
1644 4802
1645 1944
1645 2166
1645 2304
1645 2619
1645 2994
1645 3287
1645 4563
1645 4799
1646 3001
1646 3033
1646 3468
1646 3488
1646 4772
1647 2916
1647 2958
1647 3220
1647 4092
1648 1774
1648 2883
1648 2957
1648 3470
1648 3812
1648 3876
1648 4276
1648 4987
1649 1940
1649 2198
1649 2517
1649 3050
1649 3203
1649 3936
1649 4497
1650 1909
1650 2475
1650 2674
1650 3187
1650 3421
1650 3578
1650 3829
1650 4722
1651 1683
1651 1888
1651 2379
1651 2540
1651 2774
1651 2963
1651 3062
1651 3088
1651 3281
1651 3696
1651 4113
1651 4162
1651 4595
1651 4945
1652 2576
1652 2635
1652 2744
1652 3448
1652 3998
1652 4205
1652 4536
1652 4646
1652 4778
1653 2208
1653 2448
1653 3386
1653 4254
1653 4363
1654 1662
1654 2095
1654 2643
1654 2762
1654 3956
1654 4970
1655 1850
1655 2477
1655 2622
1655 3171
1655 3410
1655 3478
1655 3708
1655 4102
1656 2764
1656 4128
1657 2258
1657 2586
1657 2730
1657 2984
1657 3402
1657 3764
1657 4267
1657 4385
1658 1770
1658 2782
1658 2807
1658 3157
1658 3247
1658 3515
1658 3856
1658 4253
1658 4476
1658 4737
1658 4861
1659 1843
1659 1922
1659 2369
1659 3154
1659 4007
1659 4573
1659 4618
1660 2638
1660 2739
1660 3759
1660 4152
1660 4497
1660 4627
1660 4684
1661 2578
1661 3390
1661 3860
1661 4379
1661 4498
1661 4721
1662 1869
1662 2375
1662 2534
1662 3444
1662 3598
1662 3630
1662 4707
1662 4853
1663 1672
1663 2355
1663 2541
1663 3780
1663 4128
1663 4310
1664 1800
1664 2521
1664 2570
1664 2946
1664 3172
1664 3417
1664 4722
1664 4725
1665 4145
1665 4531
1665 4750
1666 2064
1666 2505
1666 3412
1666 3781
1666 4760
1667 1708
1667 1824
1667 2237
1667 2306
1667 2521
1667 2642
1667 3085
1667 4253
1667 4582
1667 4826
1667 4827
1668 2064
1668 2108
1668 2950
1668 3310
1668 3345
1668 3459
1668 3652
1668 3680
1668 4170
1668 4530
1668 4885
1669 1892
1669 1970
1669 2293
1669 2430
1669 2442
1669 2865
1669 2871
1669 3696
1669 3845
1669 3990
1669 4038
1669 4649
1669 4994
1670 2911
1670 3143
1670 3361
1670 3599
1670 4304
1670 4496
1671 2108
1671 2536
1671 3176
1671 3234
1671 4076
1671 4363
1672 1902
1672 2569
1672 2731
1672 3046
1672 3523
1672 3809
1672 4276
1672 4553
1673 2013
1673 2084
1673 2287
1673 2331
1673 3482
1673 3820
1673 4310
1673 4316
1673 4652
1674 2740
1674 2998
1674 3338
1675 1774
1675 1865
1675 1934
1675 2065
1675 2096
1675 2240
1675 2429
1675 2465
1675 2924
1675 3053
1675 3407
1675 3580
1675 3795
1675 4712
1676 1821
1676 2538
1676 2865
1676 3545
1676 3844
1676 4109
1677 1709
1677 1963
1677 2123
1677 3083
1677 3378
1677 4770
1678 1679
1678 1691
1678 1770
1678 1898
1678 2805
1678 3410
1678 4478
1678 4669
1679 2531
1679 2574
1679 3114
1679 3971
1679 4871
1680 1790
1680 2336
1680 3088
1680 3465
1680 3750
1680 3781
1680 4745
1680 4770
1681 2730
1681 3465
1681 4151
1681 4764
1682 2039
1682 3183
1682 4563
1682 4627
1683 1710
1683 2190
1683 2962
1683 4836
1683 4985
1684 1794
1684 1897
1684 1972
1684 2344
1684 3648
1684 4228
1684 4241
1684 4250
1685 2002
1685 2268
1685 2461
1685 3115
1685 3492
1685 4130
1685 4317
1685 4860
1685 4980
1686 1819
1686 2121
1686 2370
1686 2650
1687 1804
1687 1885
1687 2577
1687 2860
1687 4058
1688 1759
1688 2261
1688 2270
1688 3424
1688 4365
1688 4669
1688 4963
1689 2207
1689 2662
1689 3235
1689 4498
1689 4898
1690 1797
1690 1849
1690 2079
1690 3126
1690 3128
1690 3678
1690 3818
1690 3879
1690 4053
1690 4065
1691 1725
1691 1985
1691 2267
1691 2539
1691 2801
1691 3658
1691 4059
1691 4441
1691 4453
1691 4503
1691 4977
1692 1719
1692 2022
1692 2331
1692 2388
1692 2430
1692 3431
1692 4390
1692 4711
1693 2129
1693 2614
1693 3513
1693 3635
1693 4057
1694 1790
1694 1792
1694 2616
1694 2718
1694 2856
1694 3942
1694 4395
1694 4880
1694 4908
1695 2073
1695 2687
1695 2988
1695 3050
1695 3630
1695 4084
1695 4190
1695 4624
1696 1911
1696 2076
1696 2148
1696 3048
1696 4367
1697 3769
1697 3913
1698 2070
1698 2298
1698 2302
1698 3127
1698 3509
1698 4273
1698 4595
1698 4607
1698 4727
1698 4789
1699 1729
1699 2043
1699 2186
1699 3466
1699 4704
1699 4890
1700 1934
1700 2021
1700 3046
1700 3649
1700 3868
1700 4337
1700 4582
1700 4956
1700 4979
1701 2054
1701 2243
1701 2328
1701 2563
1701 3638
1701 4480
1701 4655
1701 4780
1702 1875
1702 2146
1702 2266
1702 2560
1702 3180
1702 4267
1702 4772
1702 4853
1703 2373
1703 3127
1703 3246
1703 4955
1704 2257
1704 2600
1704 3171
1704 4244
1704 4517
1705 2899
1705 3062
1705 3149
1705 3748
1706 2106
1706 3609
1706 4778
1707 1944
1707 2055
1707 3788
1707 3873
1707 4106
1707 4458
1708 1871
1708 2101
1708 2574
1708 2814
1708 2922
1708 3379
1708 3391
1709 1854
1709 2108
1709 2147
1709 2253
1709 2255
1709 2457
1709 2592
1709 2670
1709 3324
1709 3963
1709 4104
1709 4698
1709 4887
1710 1942
1710 2682
1710 2777
1710 3670
1710 3807
1710 4316
1710 4451
1711 2078
1711 2525
1711 2753
1711 3498
1711 3512
1711 3606
1711 3750
1711 4197
1711 4228
1711 4961
1712 1751
1712 2758
1712 3350
1712 3757
1712 3943
1712 4386
1712 4596
1713 2360
1713 3517
1713 3563
1713 3862
1713 3916
1713 4557
1714 3619
1714 4956
1714 4964
1715 3828
1715 3972
1715 4730
1716 1990
1716 2031
1716 2192
1716 2237
1716 2545
1716 2653
1716 3304
1716 3932
1716 4395
1717 1868
1717 1869
1717 2422
1717 3273
1717 3300
1717 3516
1717 4380
1718 2209
1718 2554
1718 2913
1718 3475
1718 4127
1718 4446
1719 2941
1719 3683
1719 4700
1719 4880
1719 4925
1720 2050
1720 2180
1720 2237
1720 2389
1720 3149
1720 4734
1720 4750
1720 4835
1721 2019
1721 2144
1721 2289
1721 3418
1721 3650
1721 3706
1721 4445
1721 4862
1722 2526
1722 3495
1722 3588
1722 4840
1722 4869
1722 4989
1723 1806
1723 1905
1723 2129
1723 2477
1723 2690
1723 2764
1723 3032
1723 3329
1723 3984
1723 4012
1724 1858
1724 1969
1724 2040
1724 2238
1724 2698
1724 3640
1724 4087
1725 3138
1725 3664
1725 3762
1725 3902
1725 4341
1725 4619
1725 4684
1725 4997
1726 1757
1726 2048
1726 2188
1726 2937
1726 4878
1727 2295
1727 2562
1727 2794
1727 4148
1728 2471
1728 2809
1728 3057
1728 4765
1729 1813
1729 3959
1730 2480
1730 2496
1730 2617
1730 2649
1730 3224
1730 3461
1730 3568
1730 3607
1730 3764
1730 4412
1730 4551
1730 4698
1731 2025
1731 2119
1731 2211
1731 2559
1731 2699
1731 3456
1731 3457
1731 3529
1731 4093
1731 4628
1731 4732
1732 2552
1732 2693
1732 2884
1732 2907
1732 3061
1732 3521
1732 4326
1732 4643
1733 2205
1733 2580
1733 3038
1733 3639
1733 4531
1733 4642
1734 1960
1734 2016
1734 2334
1734 2609
1734 2921
1734 3108
1735 2252
1735 2436
1735 2694
1735 2789
1735 3856
1735 4403
1735 4425
1736 3431
1736 3861
1736 4776
1737 1855
1737 2239
1737 2622
1737 3230
1737 3353
1737 3364
1737 3377
1737 3743
1738 1748
1738 2152
1738 2943
1738 3882
1738 4141
1739 2509
1739 3376
1739 3763
1739 4356
1740 2120
1740 2355
1740 2554
1740 3171
1740 3998
1741 1872
1741 2445
1741 2533
1741 3983
1741 4329
1741 4913
1742 2238
1742 2309
1742 2552
1742 2871
1742 3045
1742 3351
1742 3409
1742 3489
1742 4146
1742 4479
1742 4547
1743 1862
1743 2354
1743 2891
1743 3857
1743 4752
1744 1863
1744 3412
1744 3868
1744 4590
1744 4758
1745 1995
1745 2260
1745 2394
1745 2504
1745 2615
1745 2791
1745 3020
1745 3239
1745 3805
1745 4068
1746 2569
1746 2827
1746 2984
1746 3383
1746 3758
1746 4325
1746 4869
1747 1901
1747 2620
1747 3430
1747 4798
1748 3033
1748 3444
1748 4120
1748 4548
1749 1882
1749 2471
1749 3203
1749 3315
1749 3381
1749 4815
1750 2498
1750 3193
1750 3252
1750 3477
1750 3707
1750 3811
1750 4032
1751 1799
1751 2271
1751 2272
1751 2665
1751 3111
1751 3250
1751 3601
1751 4610
1751 4955
1752 2175
1752 2846
1752 3052
1752 3510
1752 4643
1752 4835
1753 2152
1753 2370
1753 3054
1753 3404
1753 3988
1753 4279
1753 4288
1754 2337
1754 2848
1754 3253
1754 3350
1754 3840
1754 4225
1754 4251
1755 1929
1755 2621
1755 3750
1755 4955
1756 1798
1756 3870
1756 4015
1756 4216
1756 4749
1757 2583
1757 3545
1757 3711
1757 3990
1757 4634
1758 2218
1758 2653
1758 3046
1758 3242
1758 3499
1758 3534
1758 3685
1758 3798
1758 3943
1758 4087
1758 4970
1759 1818
1759 4178
1759 4305
1759 4964
1760 2426
1760 3024
1760 3072
1760 3163
1760 3566
1760 4153
1760 4208
1760 4608
1761 2112
1761 2168
1761 2565
1762 2216
1762 2609
1762 2769
1762 2908
1762 3049
1762 3309
1762 3793
1762 4298
1762 4534
1762 4725
1763 2320
1763 2725
1763 3418
1763 3718
1763 3777
1763 3791
1763 4557
1763 4791
1763 4979
1764 1870
1764 2440
1764 2728
1764 3173
1765 1820
1765 1902
1765 2188
1765 2221
1765 2266
1765 2411
1765 2472
1765 2666
1765 3108
1765 3300
1765 3897
1765 4443
1765 4744
1766 2936
1766 3495
1766 3819
1766 4923
1767 2708
1767 2972
1767 3055
1767 3183
1767 3544
1767 4097
1767 4257
1767 4576
1768 1775
1768 1875
1768 2003
1768 2112
1768 2546
1768 3170
1768 4495
1769 1809
1769 1857
1769 2264
1769 2436
1769 2596
1769 2833
1769 3988
1770 1786
1770 1950
1770 2109
1770 2236
1770 2311
1770 3057
1770 3517
1770 3996
1770 4924
1771 2745
1771 2768
1771 3477
1771 3586
1771 3882
1771 4695
1772 2225
1772 2569
1772 3175
1772 4118
1772 4120
1772 4749
1773 1789
1773 1973
1773 2213
1773 2327
1773 2955
1773 3616
1773 3984
1773 4598
1774 1902
1774 2008
1774 2716
1774 3217
1774 3226
1774 3587
1774 4996
1775 2111
1775 2176
1775 2371
1775 2459
1775 2570
1775 3013
1775 3028
1775 3614
1776 2080
1776 2413
1776 2574
1776 3068
1776 3987
1776 4962
1776 4995
1777 1885
1777 1939
1777 3641
1777 3774
1777 3941
1778 1811
1778 2269
1778 2644
1778 2938
1778 3372
1778 3883
1778 4073
1778 4146
1778 4539
1778 4561
1778 4627
1779 1786
1779 2113
1779 2168
1779 2920
1779 2956
1779 3080
1779 4238
1780 2242
1780 4806
1780 4877
1780 4953
1781 2296
1781 2303
1781 2553
1781 2878
1781 2998
1781 3512
1781 4334
1781 4810
1782 2046
1782 2445
1782 3056
1782 4069
1782 4184
1782 4907
1783 1834
1783 4563
1784 1958
1784 2166
1784 2304
1784 3594
1784 3968
1784 4050
1784 4744
1784 4896
1785 1928
1785 3660
1785 3802
1785 4114
1785 4336
1785 4511
1785 4837
1785 4912
1786 2362
1786 3377
1786 3856
1786 3929
1786 4427
1786 4570
1787 2139
1787 2992
1787 3396
1787 3419
1788 2590
1788 2848
1788 3544
1788 4505
1788 4829
1788 4953
1789 3051
1789 3368
1789 4700
1790 1848
1790 1961
1790 2077
1790 2484
1790 2860
1790 2997
1790 3556
1790 3720
1790 3778
1790 3884
1790 3935
1790 3967
1790 4333
1790 4413
1790 4848
1791 1932
1791 2011
1791 2731
1791 3408
1791 4244
1792 2158
1792 2230
1792 2316
1792 3960
1792 4623
1792 4819
1793 3431
1793 3611
1793 4217
1793 4575
1793 4742
1793 4864
1794 2579
1794 2922
1794 3596
1794 4808
1794 4988
1795 2036
1795 2389
1795 3759
1795 3815
1795 3825
1795 4564
1795 4731
1796 3652
1796 4063
1796 4099
1796 4626
1797 2564
1797 2620
1797 2671
1797 3656
1797 3774
1798 2614
1798 2921
1798 3373
1798 3683
1798 4341
1799 2287
1799 2333
1799 3612
1799 3963
1799 4173
1800 1923
1800 2172
1800 2365
1800 2565
1800 3062
1800 3376
1800 3504
1800 3588
1800 4228
1800 4787
1801 1879
1801 2096
1801 2765
1801 3534
1801 4258
1801 4279
1801 4519
1801 4530
1801 4762
1801 4910
1802 1963
1802 2283
1802 2419
1802 3989
1802 4152
1803 2452
1803 3039
1803 3917
1803 4468
1804 1883
1804 2273
1804 2811
1804 4407
1804 4787
1804 4831
1805 1807
1805 2213
1805 2842
1805 3237
1805 4172
1805 4361
1805 4804
1805 4837
1806 1919
1806 2058
1806 2068
1806 2094
1806 2301
1806 2445
1806 2600
1806 2660
1806 3182
1806 3877
1806 4315
1806 4588
1807 1818
1807 2209
1807 2218
1807 2496
1807 3326
1807 3471
1807 3551
1807 4738
1807 4953
1808 1829
1808 2284
1808 2521
1808 2683
1808 2865
1808 3374
1808 4388
1808 4462
1808 4562
1808 4744
1808 4746
1809 2335
1809 2561
1809 2595
1809 2649
1809 2870
1809 4584
1810 1968
1810 2784
1810 3374
1810 3902
1811 1904
1811 2271
1811 3990
1811 4554
1812 2592
1812 3549
1812 4115
1812 4183
1813 2519
1813 2750
1813 2797
1813 3022
1813 3295
1813 3509
1813 3709
1813 3874
1813 4237
1813 4611
1813 4795
1813 4935
1814 1850
1814 2048
1814 2217
1814 2417
1814 2428
1814 2527
1814 2627
1814 3317
1814 3396
1814 3988
1814 4073
1814 4190
1815 2382
1815 2719
1815 3495
1815 3808
1815 3880
1815 4351
1815 4363
1815 4539
1815 4746
1815 4979
1816 3845
1817 2185
1817 2853
1817 3127
1817 3201
1817 4764
1817 4997
1818 2619
1818 2731
1818 2812
1818 3087
1818 3309
1818 4458
1818 4567
1819 1951
1819 2115
1819 3335
1819 3661
1819 3722
1820 2664
1820 2851
1820 3090
1820 3188
1820 3309
1820 3979
1820 4154
1820 4337
1820 4748
1821 2351
1821 4245
1821 4645
1821 4869
1822 2830
1822 3065
1822 3964
1823 2044
1823 2440
1823 3759
1823 4703
1824 2128
1824 2235
1824 2660
1824 3683
1824 4283
1824 4294
1824 4295
1824 4469
1824 4858
1825 3291
1825 4606
1825 4891
1826 2023
1826 2152
1826 2269
1826 2322
1826 3317
1826 3959
1827 2120
1827 2404
1827 3268
1827 3362
1827 3476
1827 3930
1827 4064
1828 1941
1828 2036
1828 2253
1828 2388
1828 3912
1828 3995
1829 2086
1829 2163
1829 2924
1829 3334
1829 4934
1830 2306
1830 2689
1830 3066
1830 3482
1830 4560
1831 2013
1831 3570
1831 3692
1831 4258
1831 4835
1832 1983
1832 2051
1832 2892
1832 3954
1832 4376
1832 4461
1832 4594
1833 2164
1833 2488
1833 2531
1833 2599
1833 2976
1833 3385
1833 3466
1833 4409
1834 2278
1834 3126
1834 3224
1835 2198
1835 2675
1835 3436
1835 4433
1835 4973
1836 2620
1836 2802
1836 3144
1836 3473
1836 3641
1836 3936
1836 3942
1836 4145
1836 4323
1836 4970
1837 2324
1837 2401
1837 3277
1837 4585
1837 4892
1837 4946
1838 2339
1838 2727
1838 3395
1838 3476
1838 3705
1838 3851
1838 4538
1839 2066
1839 2514
1839 2594
1839 2653
1839 2840
1839 2855
1839 3390
1839 4440
1839 4529
1839 4803
1839 4851
1840 2999
1840 3064
1840 3284
1840 4235
1841 2395
1841 2459
1841 3193
1841 3375
1841 3390
1841 3584
1841 4374
1842 3146
1842 4019
1842 4033
1842 4263
1842 4623
1842 4929
1843 1915
1843 2581
1843 3030
1843 3152
1843 3727
1843 4587
1844 2046
1845 3008
1845 3374
1845 3933
1845 4512
1846 1979
1846 2088
1846 2273
1846 2413
1846 2567
1846 2833
1846 2905
1846 2933
1846 4631
1847 2611
1847 3639
1847 3695
1847 3741
1847 4355
1847 4854
1848 3332
1848 3722
1848 3753
1848 3785
1848 4309
1848 4785
1849 2006
1849 2489
1849 3031
1849 3090
1849 3210
1849 3933
1849 4125
1849 4300
1850 1879
1850 2277
1850 2683
1850 3409
1850 3471
1850 4018
1850 4552
1850 4622
1851 2040
1851 2536
1851 2700
1851 3929
1851 4270
1852 2043
1852 3040
1852 3202
1852 4123
1852 4473
1853 2307
1853 2439
1853 2487
1853 2609
1853 2965
1853 4855
1853 4971
1854 2607
1854 3541
1854 3736
1854 4593
1854 4716
1854 4811
1855 1856
1855 1949
1855 1995
1855 2389
1855 2608
1855 3431
1855 4741
1855 4776
1856 3940
1857 1964
1857 2967
1858 2550
1858 3488
1858 3505
1859 2660
1859 2692
1859 2955
1859 3289
1859 3931
1859 4801
1860 2541
1860 2754
1860 2882
1860 3165
1860 4225
1860 4943
1861 2244
1861 2429
1861 2833
1861 3390
1861 3708
1861 3717
1861 3795
1862 2067
1862 2845
1862 2991
1862 3375
1863 1894
1863 2083
1863 3089
1863 3559
1863 4310
1863 4360
1864 1911
1864 2787
1864 3611
1864 3849
1864 4772
1865 3257
1865 3402
1865 3448
1865 4214
1865 4646
1866 1910
1866 2230
1866 2861
1866 3305
1866 4194
1866 4523
1867 2436
1867 2915
1867 3126
1867 3208
1867 3608
1867 4029
1867 4103
1867 4970
1868 2421
1868 3036
1868 3863
1868 4506
1868 4550
1868 4990
1869 2000
1869 2660
1869 2885
1869 3282
1869 4163
1869 4393
1870 1877
1870 2749
1870 3664
1870 3854
1870 4490
1870 4901
1871 2627
1871 3617
1871 3667
1871 4269
1871 4940
1872 2809
1872 2871
1872 3969
1872 4330
1872 4515
1872 4785
1872 4953
1873 2117
1873 2264
1873 2349
1873 3236
1873 3611
1873 3892
1873 3911
1873 4292
1873 4491
1873 4495
1874 2222
1874 2540
1874 3159
1874 3811
1874 3876
1874 4380
1874 4769
1874 4933
1875 2092
1875 2180
1875 2234
1875 2435
1875 2835
1875 3410
1875 3713
1875 4063
1875 4405
1876 2427
1876 2650
1876 2963
1876 3024
1876 3075
1877 2067
1877 2251
1877 2842
1877 3493
1878 3195
1878 3327
1878 4772
1878 4994
1879 1919
1879 1923
1879 2024
1879 2125
1879 2277
1879 3101
1879 4910
1880 1920
1880 2081
1880 3601
1880 3604
1880 3818
1881 1913
1881 2014
1881 2281
1881 2450
1881 2886
1881 3023
1881 3237
1881 3430
1881 3615
1881 3672
1881 4103
1881 4460
1881 4879
1881 4990
1882 2028
1882 2581
1882 2930
1882 3137
1882 3256
1882 3906
1882 4253
1882 4271
1882 4820
1882 4919
1883 1988
1883 2682
1883 3683
1883 3796
1883 4235
1883 4682
1883 4978
1884 2335
1884 2372
1884 2438
1884 2768
1884 2909
1884 2915
1884 3026
1884 3270
1884 3841
1884 4237
1884 4285
1884 4604
1885 2444
1885 2833
1885 3338
1885 3672
1885 3739
1885 3872
1885 4254
1885 4588
1886 2135
1886 2576
1886 2673
1886 2686
1886 3963
1886 4237
1887 2065
1887 2218
1887 2676
1887 2959
1887 4162
1887 4259
1887 4758
1887 4837
1888 2687
1888 3408
1888 3738
1888 4338
1889 1921
1889 2174
1889 2254
1889 2366
1889 2893
1890 3204
1890 3540
1890 3886
1890 4191
1890 4405
1890 4477
1890 4512
1891 2321
1891 3156
1891 3404
1891 3540
1891 4390
1891 4648
1891 4739
1891 4855
1892 1903
1892 2237
1892 2393
1892 3295
1892 3555
1892 4201
1892 4525
1893 2756
1893 3753
1893 4882
1894 2082
1894 2419
1894 2440
1894 3088
1894 3157
1894 3763
1894 4231
1894 4945
1895 1956
1895 3306
1895 3400
1895 3720
1895 4316
1895 4399
1896 1902
1896 2715
1896 3750
1896 4095
1896 4505
1896 4809
1896 4989
1897 2328
1897 2711
1897 2738
1897 2753
1897 3674
1897 4191
1897 4221
1897 4906
1897 4907
1898 1981
1898 2538
1898 2886
1898 3409
1898 3446
1898 3910
1898 4944
1898 4950
1899 2079
1899 2457
1899 2505
1899 2898
1899 3438
1899 4033
1899 4147
1899 4609
1899 4765
1899 4943
1900 2538
1900 2649
1900 2817
1900 2961
1900 2998
1900 3104
1900 3310
1900 4461
1900 4542
1900 4713
1900 4814
1901 2141
1901 3012
1901 3421
1901 3593
1901 3619
1901 4101
1901 4319
1902 2754
1902 3125
1902 3194
1902 3560
1902 3863
1902 4410
1902 4588
1902 4937
1903 4022
1903 4482
1903 4789
1904 2033
1904 2518
1904 2599
1904 2640
1904 3375
1904 3417
1904 3668
1904 4080
1905 2147
1905 2265
1905 2972
1905 3957
1905 4197
1905 4759
1906 3362
1906 3716
1906 4673
1906 4784
1907 2349
1907 2393
1907 3020
1907 3303
1907 4015
1908 2002
1908 2186
1908 2612
1908 4366
1908 4421
1909 2174
1909 2280
1909 2980
1909 3077
1909 3403
1909 3432
1909 3637
1909 3711
1909 4561
1909 4866
1910 1978
1910 2094
1910 2405
1910 2624
1910 2824
1910 2958
1910 2970
1910 3381
1910 3988
1910 4304
1910 4372
1910 4641
1910 4666
1910 4825
1911 2180
1911 2534
1911 3830
1912 3227
1912 3294
1912 4119
1912 4638
1912 4763
1913 2209
1913 2515
1913 2608
1913 2671
1913 2821
1913 3503
1913 4206
1913 4235
1913 4651
1913 4959
1914 2365
1914 2430
1914 2472
1914 2842
1914 3400
1914 3675
1914 3928
1914 4172
1914 4207
1914 4668
1915 2071
1915 2150
1915 2683
1915 2697
1915 3057
1915 3234
1915 3323
1915 3818
1915 4850
1915 4913
1916 2079
1916 3419
1916 3576
1916 3842
1916 4299
1916 4484
1916 4588
1917 2489
1917 2630
1917 3048
1917 3637
1917 3645
1917 4230
1918 2459
1918 2521
1918 2523
1918 2898
1918 3536
1918 3918
1919 2008
1919 2734
1919 2768
1919 3163
1919 3272
1919 3315
1919 4646
1920 3646
1920 3854
1920 3999
1920 4964
1921 2977
1921 4058
1921 4629
1922 1930
1922 1945
1922 3406
1922 4070
1922 4531
1922 4592
1923 2180
1923 2197
1923 2344
1923 3022
1923 3224
1923 3430
1923 3777
1923 4256
1923 4762
1924 2431
1924 2726
1924 3944
1925 2029
1925 2244
1925 3270
1925 4199
1925 4349
1926 3209
1926 3246
1926 4346
1927 3494
1927 3894
1928 2409
1928 2936
1928 3545
1928 3586
1928 3639
1928 3645
1928 4785
1929 2052
1929 2455
1929 2800
1929 2815
1929 3186
1929 3772
1929 3927
1929 4274
1930 2011
1930 2668
1930 2852
1930 3195
1930 3267
1930 3541
1930 3677
1930 3799
1930 4091
1931 3925
1931 4295
1931 4639
1931 4716
1931 4738
1932 2411
1932 2735
1932 3057
1932 4212
1932 4830
1933 1992
1933 2315
1933 2383
1933 3048
1933 3116
1933 3261
1933 3431
1933 3687
1933 4249
1933 4281
1934 3282
1934 4220
1934 4247
1934 4392
1934 4686
1934 4745
1935 2373
1935 2830
1935 2918
1935 2928
1935 3241
1935 3282
1935 3462
1935 3908
1935 4301
1935 4324
1935 4631
1936 2223
1936 2581
1936 2688
1936 3915
1936 4480
1936 4875
1937 2787
1937 3897
1938 2626
1938 4534
1939 2347
1939 2560
1939 3364
1939 3721
1939 4957
1940 2575
1940 2722
1940 2791
1940 3200
1940 3708
1940 4048
1940 4055
1940 4322
1940 4372
1940 4512
1941 3131
1941 3216
1941 4308
1941 4402
1941 4877
1941 4994
1942 2040
1942 3387
1942 3615
1942 4107
1942 4285
1943 2070
1943 2275
1943 2585
1943 3098
1943 3187
1943 3788
1943 4250
1943 4417
1943 4692
1944 2639
1944 3071
1944 4522
1944 4659
1945 3434
1945 3775
1945 4165
1945 4486
1945 4982
1946 1981
1946 2122
1946 2289
1946 2935
1946 3607
1947 1971
1947 2395
1947 2480
1947 2609
1947 4157
1947 4386
1947 4534
1947 4723
1947 4847
1947 4937
1948 2545
1948 2660
1948 2964
1948 3768
1948 3837
1948 4379
1948 4519
1948 4696
1948 4981
1948 4982
1949 2636
1949 3339
1949 4135
1950 3561
1950 4483
1950 4641
1950 4770
1950 4858
1951 1957
1951 2342
1951 2863
1951 2949
1951 2994
1951 3551
1951 3858
1952 2698
1952 2763
1952 2813
1952 3518
1952 3800
1952 3852
1952 3898
1952 4142
1952 4362
1952 4559
1952 4592
1953 2054
1953 2672
1953 3280
1953 3526
1953 4316
1953 4682
1953 4766
1954 2625
1954 3180
1955 1973
1955 3262
1955 3738
1955 3864
1956 2400
1956 2757
1956 3124
1956 3278
1956 3574
1956 4452
1956 4578
1957 3556
1957 3781
1957 4152
1957 4650
1958 1981
1958 2005
1958 2231
1958 2447
1958 3192
1958 3194
1958 3627
1958 4717
1959 3277
1959 3285
1959 4146
1959 4474
1959 4784
1959 4809
1959 4867
1960 2300
1960 2451
1960 2456
1960 2760
1960 3193
1960 3251
1960 3306
1960 3488
1960 4114
1960 4894
1960 4980
1961 2056
1961 2343
1961 4151
1961 4154
1961 4540
1962 2041
1962 2796
1962 3242
1962 3524
1962 4023
1962 4330
1962 4645
1963 3752
1963 4482
1963 4532
1963 4629
1963 4839
1963 4859
1963 4957
1964 2870
1964 4229
1964 4859
1965 2122
1965 2882
1965 3623
1965 4708
1965 4970
1966 2191
1966 2334
1966 2335
1966 2910
1966 3377
1966 3578
1966 3729
1967 3406
1967 4142
1967 4831
1968 3093
1968 3727
1968 4765
1968 4838
1968 4943
1969 2797
1970 2263
1970 2795
1970 3273
1971 2185
1971 3268
1971 3576
1972 2391
1972 2402
1972 3474
1972 3665
1972 3685
1972 3701
1972 3878
1972 4089
1972 4126
1972 4767
1972 4874
1972 4898
1973 3006
1973 3421
1973 3961
1973 4353
1973 4864
1974 2038
1974 2286
1974 2626
1974 2781
1974 2884
1974 3050
1974 3274
1974 3697
1974 4142
1974 4188
1975 2783
1975 2973
1975 3301
1975 3487
1975 3711
1975 3726
1975 4263
1975 4622
1976 2533
1976 3960
1976 4196
1976 4509
1976 4753
1977 2771
1977 2795
1977 3289
1977 3390
1977 4202
1977 4612
1977 4758
1978 2537
1978 2559
1978 3159
1978 3231
1978 3652
1978 3864
1978 4633
1979 2015
1979 2116
1979 3467
1979 3989
1979 4341
1979 4575
1980 2259
1980 2416
1980 2984
1980 3482
1980 3753
1980 3841
1980 4309
1980 4422
1981 4042
1981 4382
1981 4525
1981 4612
1982 2071
1982 2160
1982 2520
1982 2696
1982 2852
1982 2856
1982 2911
1982 4526
1982 4923
1983 2103
1983 2312
1983 2716
1983 2743
1983 4027
1983 4624
1984 2018
1984 2209
1984 2429
1984 2454
1984 2498
1984 2672
1984 2883
1984 2993
1984 3485
1984 4982
1985 3406
1985 3583
1985 3999
1985 4040
1985 4307
1985 4440
1985 4892
1985 4949
1986 2295
1986 3085
1986 3266
1986 4165
1986 4177
1986 4271
1986 4418
1986 4887
1987 2434
1987 3780
1987 4954
1988 2423
1988 2851
1988 3369
1988 4853
1989 2302
1989 2317
1989 2654
1989 2689
1989 3338
1989 4784
1989 4822
1989 4983
1990 2236
1990 2533
1990 3602
1990 3707
1990 3879
1990 4277
1990 4530
1991 2953
1991 3393
1991 3400
1991 3999
1991 4877
1992 2585
1992 2939
1992 3486
1992 3803
1992 4276
1993 2518
1993 2634
1993 4664
1994 2671
1994 3010
1994 3282
1994 3915
1994 3991
1994 4784
1995 2235
1995 2545
1995 2682
1995 2853
1995 2985
1995 3263
1995 4666
1995 4676
1996 2756
1996 3067
1996 3560
1996 3847
1996 3848
1996 4319
1996 4500
1996 4544
1997 2120
1997 2202
1997 2539
1997 2889
1997 3341
1997 3409
1997 4480
1998 2284
1998 3216
1998 3339
1998 3741
1998 4016
1998 4165
1998 4286
1998 4548
1999 2274
1999 2368
1999 2583
1999 2834
1999 4064
2000 4145
2000 4329
2000 4506
2001 3358
2001 3388
2001 3885
2001 4591
2001 4903
2002 2123
2002 2327
2002 3054
2002 3443
2002 3984
2002 4267
2002 4685
2002 4749
2002 4875
2003 2404
2003 3371
2003 3444
2004 2926
2004 3781
2004 4480
2004 4503
2005 2169
2005 2500
2005 3701
2005 4061
2005 4515
2005 4738
2006 2491
2006 3023
2006 3058
2006 3128
2006 3399
2006 3630
2007 2232
2007 3125
2007 3139
2007 3227
2007 3889
2007 4032
2007 4072
2007 4113
2008 2548
2008 3308
2008 3315
2008 3320
2008 3842
2008 3932
2008 4522
2009 2359
2009 2700
2009 2894
2009 2972
2009 3080
2009 3546
2009 3692
2009 3879
2009 4148
2009 4247
2009 4700
2009 4904
2010 2332
2010 2626
2010 3016
2010 3200
2010 3407
2010 3462
2010 3876
2010 3935
2010 4649
2010 4950
2011 2601
2011 2921
2011 3623
2011 3972
2011 4287
2011 4527
2011 4651
2011 4731
2012 3025
2012 3857
2012 4393
2012 4777
2013 2169
2013 2406
2013 2821
2013 2841
2013 2910
2013 3464
2013 3613
2013 4312
2014 2471
2014 3645
2014 3747
2014 4586
2014 4885
2015 2148
2015 2303
2015 2304
2015 2434
2015 2574
2015 2734
2015 3076
2015 3149
2015 3194
2015 3202
2015 3846
2015 4183
2015 4205
2015 4433
2016 2192
2016 3381
2016 3400
2016 3530
2016 3677
2016 4367
2016 4762
2017 2332
2017 3278
2017 3686
2017 3867
2017 4038
2017 4214
2018 2046
2018 3009
2018 3525
2019 2321
2019 2748
2019 3022
2019 3538
2019 3775
2019 4159
2019 4529
2019 4590
2020 2253
2020 2393
2020 3943
2020 4148
2021 2790
2021 2882
2021 2934
2021 3873
2021 4321
2021 4351
2022 2113
2022 2627
2022 3485
2022 3655
2022 3753
2022 3822
2022 3877
2022 4163
2023 2033
2023 3646
2023 3667
2023 3724
2023 4323
2023 4883
2023 4898
2024 2293
2024 3679
2024 3775
2024 4179
2025 2860
2025 2891
2025 3335
2025 3519
2025 3922
2025 4280
2025 4414
2026 3541
2026 4445
2027 2343
2027 2740
2027 3029
2027 3145
2027 3295
2027 3342
2027 3364
2027 3424
2027 3529
2027 3581
2027 3739
2027 3919
2027 4686
2027 4817
2028 2058
2028 2193
2028 2598
2028 2889
2028 4467
2028 4973
2029 2237
2029 3542
2029 3954
2029 4839
2029 4903
2030 2841
2030 3173
2030 3871
2030 3917
2030 4177
2030 4478
2030 4826
2031 2464
2031 4068
2031 4286
2032 3066
2032 3242
2032 3502
2032 3749
2032 3872
2032 4185
2032 4332
2032 4355
2033 2257
2033 2624
2033 3071
2033 3111
2033 3117
2034 2430
2034 3091
2034 4819
2035 3704
2035 4487
2035 4693
2035 4736
2035 4831
2036 2280
2036 2321
2036 2423
2036 2457
2036 2759
2036 3226
2036 3515
2036 4673
2036 4908
2037 2112
2037 2136
2037 2414
2037 2657
2037 3499
2037 4846
2038 2341
2038 3461
2038 4105
2038 4112
2038 4276
2039 2270
2039 2593
2039 3471
2039 4618
2039 4764
2040 2295
2040 2447
2040 2585
2040 2835
2040 2921
2040 3129
2040 3211
2040 3225
2040 3447
2040 3789
2040 4334
2040 4449
2040 4634
2041 2774
2041 2848
2041 3579
2041 3860
2041 3884
2041 4279
2041 4498
2041 4877
2042 2136
2042 2356
2042 2553
2042 3006
2042 3069
2042 4266
2043 2752
2043 3604
2043 3817
2043 4738
2044 2077
2044 2520
2044 3135
2044 3436
2044 3440
2044 3560
2044 3668
2044 3895
2044 4061
2045 2741
2045 3384
2045 3948
2045 4807
2045 4917
2046 2139
2046 2552
2046 2687
2046 2736
2046 2837
2046 3470
2046 3586
2046 3863
2046 4213
2046 4248
2046 4639
2047 2741
2047 2776
2047 2784
2047 3259
2047 3815
2047 4499
2048 2321
2048 2505
2048 2674
2048 2703
2048 3890
2048 3938
2048 4098
2048 4679
2048 4729
2049 2126
2049 2709
2049 2952
2049 3426
2049 3966
2049 4136
2049 4693
2050 2624
2050 3307
2050 3939
2050 4092
2050 4826
2051 2204
2051 3155
2051 3445
2051 3606
2051 3807
2051 4298
2051 4410
2051 4466
2052 2105
2052 2404
2052 2444
2052 2683
2052 2802
2052 3542
2052 3819
2052 3841
2052 3842
2052 3871
2052 3914
2052 4098
2052 4697
2053 2692
2053 2730
2053 3107
2053 3739
2053 4166
2053 4708
2053 4877
2053 4898
2054 2512
2054 2620
2054 2865
2054 3672
2054 3895
2054 4078
2054 4452
2054 4623
2054 4772
2055 2270
2055 2558
2055 2614
2055 3082
2055 3178
2055 3266
2055 4270
2055 4571
2056 2324
2056 2632
2056 3524
2056 3881
2056 3969
2056 4866
2057 2539
2057 2817
2057 2880
2057 3216
2057 3292
2057 3720
2057 3824
2057 3983
2057 4688
2057 4704
2058 2537
2058 3280
2058 3903
2058 4564
2058 4966
2059 2296
2059 3391
2059 3618
2059 4477
2059 4665
2060 2113
2060 2184
2060 2329
2060 2990
2060 4363
2060 4508
2060 4865
2061 2591
2061 2905
2061 4212
2061 4504
2062 2161
2062 2246
2062 2297
2062 2430
2062 2506
2062 3301
2063 4016
2063 4664
2063 4678
2064 2173
2064 2688
2064 3774
2065 2594
2065 3088
2065 3751
2065 4382
2065 4641
2065 4662
2066 2565
2066 3610
2066 4478
2067 2191
2067 2414
2067 2532
2067 2748
2067 2874
2067 3062
2067 3200
2067 3620
2067 3647
2067 4433
2067 4653
2068 2234
2068 3430
2068 3755
2068 3955
2068 4610
2068 4800
2069 2268
2069 3091
2069 3227
2069 4082
2069 4562
2069 4852
2070 2719
2070 3853
2070 4474
2070 4685
2070 4965
2071 2255
2071 2637
2071 2911
2071 3260
2071 3535
2071 3854
2071 4477
2072 2329
2072 2441
2072 2576
2072 3152
2072 3606
2072 3648
2072 4127
2072 4308
2073 2087
2073 2337
2073 2609
2073 3017
2073 3271
2073 3272
2073 4114
2074 2352
2074 3019
2074 3648
2074 3910
2074 4006
2074 4161
2074 4167
2074 4422
2075 2210
2075 2973
2075 3939
2075 4207
2075 4401
2076 2677
2076 3321
2076 3795
2076 4156
2076 4223
2076 4322
2076 4391
2077 2695
2077 3832
2077 3839
2077 3966
2077 3991
2077 4006
2077 4757
2077 4790
2078 2716
2078 3193
2078 3217
2078 3248
2078 3548
2078 3735
2078 4711
2079 2669
2079 2694
2079 3992
2079 4030
2080 2334
2080 2441
2080 2827
2080 3257
2080 3522
2080 3776
2080 4210
2080 4471
2080 4689
2080 4841
2081 2169
2081 2242
2081 2442
2081 2727
2081 3109
2081 3225
2081 3272
2081 3881
2081 4314
2082 2541
2082 2643
2082 3100
2082 3668
2083 2387
2083 3337
2083 3742
2083 3985
2083 4542
2084 2560
2084 3051
2084 3840
2084 4072
2084 4537
2084 4757
2084 4887
2085 3369
2085 3447
2085 3701
2085 3923
2085 4479
2086 2407
2086 4548
2087 2798
2087 3016
2087 3429
2087 3460
2087 3878
2087 3903
2087 4300
2087 4382
2087 4479
2087 4491
2088 2286
2088 3076
2088 3105
2088 3294
2088 3376
2088 4538
2089 2805
2089 2929
2089 3165
2089 3433
2089 3512
2089 3825
2089 4175
2089 4706
2090 2673
2090 2880
2090 3075
2090 3229
2090 3689
2090 3934
2090 4199
2090 4902
2091 2684
2091 3324
2091 4019
2091 4696
2091 4719
2092 2668
2092 2983
2092 3381
2092 3710
2092 4348
2092 4530
2092 4843
2093 2443
2093 2629
2093 3065
2093 3138
2093 3519
2093 3658
2093 3880
2093 4028
2093 4544
2094 2309
2094 2496
2094 2524
2094 2700
2094 3618
2094 4838
2095 3045
2095 4362
2095 4662
2096 3723
2096 4445
2096 4482
2096 4494
2096 4624
2096 4849
2096 4886
2096 4995
2097 2227
2097 2337
2097 2373
2097 3114
2097 3394
2097 3514
2097 3874
2097 4275
2098 2215
2098 3544
2098 3588
2098 3745
2098 3840
2098 4698
2098 4705
2099 2340
2099 2687
2099 2806
2099 2979
2099 3196
2099 3404
2099 3921
2100 2137
2100 3089
2100 3154
2100 3665
2100 3835
2100 4170
2100 4913
2100 4973
2101 3874
2101 4179
2101 4937
2102 2122
2102 2132
2102 2191
2102 2214
2102 2426
2102 2641
2102 2703
2102 3088
2102 3551
2102 4505
2103 2437
2103 3054
2103 4459
2103 4614
2103 4758
2104 2522
2104 2655
2104 3602
2104 3722
2104 4111
2104 4610
2104 4891
2105 2620
2105 2733
2105 3571
2105 3583
2105 3777
2105 3847
2106 2413
2106 4027
2106 4373
2106 4601
2106 4862
2107 3231
2107 3835
2107 4695
2108 2388
2108 2486
2108 2583
2108 2607
2108 3001
2108 3100
2108 3112
2108 4750
2109 2379
2109 2478
2109 2698
2109 2831
2109 3122
2110 2281
2110 2777
2110 2779
2110 2811
2110 3987
2110 4478
2110 4919
2111 2477
2111 4366
2112 2133
2112 2305
2112 2793
2112 2796
2112 3147
2112 3397
2112 3458
2112 3700
2112 3713
2112 4017
2112 4473
2112 4701
2113 2127
2113 2944
2113 2985
2113 3352
2113 4207
2113 4644
2113 4834
2114 2157
2114 2376
2114 2571
2114 3006
2114 3522
2114 3669
2114 4101
2114 4490
2114 4519
2114 4807
2115 2993
2115 4175
2116 2143
2116 4044
2116 4218
2116 4445
2116 4638
2117 2661
2117 3975
2117 4186
2117 4201
2117 4354
2117 4441
2117 4679
2118 2615
2118 3309
2118 3696
2119 2242
2119 2441
2119 3064
2119 3366
2119 3495
2120 3456
2120 3675
2120 4553
2120 4925
2121 2756
2121 2807
2121 2816
2121 2870
2121 2876
2121 3220
2121 3718
2121 3897
2121 4232
2122 2142
2122 2231
2122 4205
2122 4325
2123 3032
2123 3670
2123 4524
2123 4955
2123 4958
2124 2930
2124 4118
2124 4192
2125 4051
2125 4335
2125 4609
2126 2820
2126 4135
2126 4381
2126 4516
2127 2445
2127 3756
2127 4138
2127 4560
2127 4660
2127 4870
2128 2553
2128 2938
2128 3066
2128 3989
2128 4053
2128 4631
2129 2266
2129 3372
2129 3691
2130 2951
2130 2980
2130 3189
2130 3218
2130 3417
2130 3672
2130 4452
2130 4833
2131 2776
2131 3332
2131 3969
2131 3999
2131 4179
2131 4504
2131 4868
2133 2887
2133 3409
2133 3427
2133 4054
2133 4736
2133 4867
2134 2382
2134 2805
2134 2963
2134 4620
2135 2972
2135 3656
2135 3920
2135 4251
2135 4511
2136 2322
2136 3409
2136 4006
2136 4115
2136 4879
2136 4934
2137 2879
2137 3046
2137 3378
2137 3788
2137 4156
2137 4353
2137 4673
2138 2141
2138 2238
2138 2529
2138 2596
2138 3173
2138 3548
2138 3740
2138 3809
2138 4544
2138 4671
2139 2566
2139 2790
2140 2643
2140 3386
2140 3950
2140 4523
2141 2181
2141 2371
2141 3383
2142 2691
2142 2911
2142 4315
2142 4489
2142 4703
2142 4967
2143 2727
2143 3520
2143 3629
2143 3927
2144 2285
2144 3408
2144 4149
2144 4156
2144 4280
2144 4429
2144 4650
2144 4785
2145 3901
2145 3947
2145 4288
2145 4432
2146 2561
2146 3046
2146 3574
2146 3652
2146 3717
2146 3764
2146 3978
2146 4449
2146 4784
2147 3260
2147 3487
2147 3658
2147 4557
2148 2376
2148 3147
2148 3297
2148 4303
2148 4411
2149 2289
2149 3059
2149 4454
2149 4822
2149 4988
2150 2468
2150 3195
2150 3361
2151 2988
2151 3039
2151 3787
2151 4802
2151 4845
2151 4951
2152 2868
2152 3504
2152 3873
2152 3923
2152 4047
2152 4333
2152 4673
2152 4889
2153 2351
2153 3076
2153 3122
2153 3749
2153 4556
2153 4949
2154 2310
2154 3604
2154 4165
2154 4416
2154 4932
2155 2359
2155 4337
2155 4519
2155 4798
2156 2666
2156 2745
2156 3221
2156 3682
2156 3730
2156 3917
2156 4700
2156 4781
2157 2378
2157 4069
2158 2262
2158 2478
2158 2779
2158 3201
2158 3941
2158 4134
2158 4445
2159 2448
2159 2545
2159 2990
2159 4694
2160 2909
2160 2925
2160 2984
2160 3795
2160 4131
2160 4245
2161 3704
2161 4354
2161 4416
2162 3053
2162 3525
2162 3696
2162 4277
2162 4322
2162 4821
2163 2522
2163 2624
2163 2669
2163 2707
2163 2822
2163 3862
2163 3874
2164 2283
2164 2566
2164 2758
2164 3039
2164 3384
2164 3387
2164 3644
2164 4097
2164 4791
2165 2871
2165 2911
2165 3561
2165 3589
2165 4572
2165 4790
2165 4851
2166 4402
2166 4628
2167 2289
2167 3028
2167 4037
2168 2327
2168 3023
2168 3219
2168 3697
2168 4099
2168 4898
2169 2176
2169 3458
2169 3847
2170 2489
2170 2538
2170 3917
2170 4138
2170 4593
2170 4779
2171 2434
2171 2501
2171 3321
2171 3704
2171 3760
2171 4264
2171 4271
2172 2179
2172 2665
2172 3671
2172 4224
2172 4544
2172 4634
2172 4686
2173 3703
2173 3946
2173 4125
2173 4395
2174 2788
2174 3011
2174 3119
2174 4276
2175 2256
2175 3377
2175 4328
2176 4523
2177 2202
2177 2842
2177 3598
2177 3640
2177 3891
2177 4696
2177 4856
2178 2276
2178 2347
2178 2615
2178 3808
2179 2560
2179 2829
2179 2994
2180 2665
2180 2975
2180 3395
2181 2185
2181 2922
2181 4020
2181 4107
2181 4153
2181 4386
2181 4698
2182 2941
2182 3017
2182 4297
2182 4493
2182 4849
2183 3292
2183 3859
2183 3930
2183 4220
2183 4275
2183 4404
2183 4685
2184 2693
2184 2838
2184 3260
2184 3471
2184 3492
2184 3543
2184 3945
2184 4718
2184 4955
2185 2494
2185 2709
2185 3934
2185 4082
2185 4456
2185 4861
2186 2486
2186 2829
2186 3659
2186 4193
2186 4218
2186 4305
2186 4662
2187 2305
2187 3380
2187 4114
2187 4613
2187 4728
2187 4847
2188 2364
2188 2726
2188 3233
2188 3390
2188 3400
2188 3408
2188 3641
2188 4225
2189 2272
2189 2791
2189 2915
2189 3520
2189 3542
2190 2232
2190 2332
2190 3610
2190 4252
2190 4277
2190 4382
2190 4449
2191 4067
2191 4595
2192 2372
2192 4184
2192 4654
2193 2263
2193 2331
2193 4488
2194 2340
2194 2421
2194 2828
2194 3070
2194 3086
2194 3531
2194 3664
2194 4711
2195 2327
2195 2746
2195 3681
2195 3998
2196 2494
2196 2886
2196 2901
2196 3289
2196 3816
2197 2388
2197 2672
2197 4524
2197 4903
2198 2418
2198 2728
2198 3146
2198 3315
2198 3622
2199 2880
2199 3553
2199 3772
2199 4281
2200 4008
2200 4311
2201 2377
2201 2861
2201 2911
2201 3576
2201 3738
2201 4388
2201 4930
2202 2544
2202 3829
2202 4121
2202 4319
2203 2468
2203 3348
2203 3860
2203 4142
2203 4607
2204 3332
2204 3828
2204 4387
2205 2324
2205 2946
2205 3285
2205 3428
2205 3715
2205 4274
2205 4710
2205 4833
2205 4867
2205 4963
2206 3382
2206 4208
2206 4539
2207 2300
2207 3077
2207 3388
2207 3653
2208 2236
2208 2752
2208 2896
2208 3265
2208 3343
2208 3888
2208 4236
2209 2571
2209 2840
2209 3985
2209 4376
2209 4509
2209 4983
2210 3145
2210 4801
2210 4854
2211 2392
2211 3058
2211 3266
2211 3560
2211 3631
2211 3767
2211 4135
2211 4173
2212 2612
2212 3368
2212 3505
2212 4209
2212 4331
2212 4500
2213 2262
2213 3456
2213 4413
2213 4555
2214 2506
2214 2870
2214 4693
2215 2546
2215 3640
2215 4621
2216 2401
2216 2874
2216 4059
2217 3031
2217 3446
2217 3684
2217 3751
2217 4761
2217 4872
2217 4963
2218 2852
2218 4364
2218 4662
2218 4666
2219 2714
2219 3979
2219 4227
2219 4734
2219 4819
2220 2381
2220 3882
2220 4367
2220 4518
2221 2300
2221 2444
2221 2669
2221 2887
2221 3259
2221 4901
2222 2289
2222 2443
2222 3302
2222 3473
2222 4394
2223 2251
2223 2361
2223 2459
2223 3004
2223 3586
2224 3096
2224 3325
2224 4186
2224 4541
2224 4785
2224 4819
2224 4971
2225 2390
2225 2747
2225 4017
2225 4142
2225 4384
2225 4673
2226 2842
2226 3587
2226 4073
2226 4382
2227 2536
2227 2866
2227 3803
2227 4989
2228 3210
2228 3292
2228 3453
2228 3569
2228 3775
2228 4053
2228 4310
2228 4396
2228 4470
2228 4643
2228 4661
2228 4719
2229 2377
2229 2748
2229 3544
2229 3713
2229 3911
2229 4817
2230 2762
2230 2976
2230 3348
2230 3627
2230 4268
2231 4558
2232 3202
2232 3883
2232 3886
2233 3058
2233 3422
2233 3446
2233 3512
2233 4329
2233 4626
2234 3157
2234 3246
2234 3423
2234 3672
2234 3691
2234 3821
2235 2938
2235 2944
2235 3374
2235 3740
2236 3831
2236 4419
2237 3050
2237 3229
2237 3793
2237 3883
2237 4231
2237 4282
2238 2334
2238 2424
2238 4414
2239 3055
2239 3477
2239 3916
2239 4610
2239 4633
2239 4852
2240 2981
2240 3246
2240 4556
2240 4808
2241 2621
2241 2796
2241 2989
2241 3731
2241 3855
2242 3183
2242 3469
2242 3743
2242 4319
2243 3127
2243 4838
2244 2539
2244 2749
2244 2854
2244 2945
2245 2521
2245 3743
2245 4758
2246 2328
2246 2665
2247 2493
2247 2604
2247 3847
2247 4169
2247 4742
2248 2959
2248 3072
2248 3793
2248 4415
2248 4975
2249 2343
2249 3079
2249 3386
2249 3427
2249 4046
2249 4165
2249 4172
2249 4208
2249 4655
2250 2267
2250 2400
2250 2862
2250 3756
2250 3799
2250 3803
2251 2514
2251 2880
2251 3206
2251 4541
2252 2582
2252 3534
2252 3807
2252 3920
2252 4461
2252 4487
2253 2537
2253 2677
2253 3233
2253 3866
2253 4383
2254 3145
2254 3751
2255 2455
2255 2796
2255 3409
2255 4253
2255 4420
2255 4598
2255 4749
2256 3569
2256 4127
2257 3086
2257 4033
2257 4820
2257 4831
2257 4853
2258 3050
2258 3765
2258 3790
2258 4300
2258 4639
2259 2331
2259 3138
2259 3430
2259 3639
2259 4062
2259 4280
2259 4604
2259 4815
2259 4840
2260 2471
2260 2781
2260 4080
2260 4364
2260 4423
2261 2438
2261 3043
2261 3838
2262 2656
2262 3061
2262 3523
2262 3614
2262 4523
2262 4548
2262 4917
2263 2532
2263 2745
2263 3284
2263 3701
2263 3772
2263 3978
2264 3330
2264 3947
2264 4175
2264 4935
2265 2280
2265 2977
2265 3741
2265 3900
2265 3952
2265 4730
2266 3169
2266 3523
2266 4287
2267 2426
2267 2947
2267 3019
2267 3308
2267 3386
2267 3886
2267 4401
2268 2393
2268 2443
2268 2690
2268 4374
2269 2631
2269 2643
2269 3374
2269 4035
2269 4183
2269 4381
2270 2506
2270 2801
2270 3537
2270 3895
2271 2404
2271 2817
2271 3054
2271 3086
2271 3656
2272 2649
2272 3960
2272 4431
2272 4520
2272 4770
2273 2369
2273 2684
2273 3005
2273 3787
2273 4275
2273 4483
2273 4788
2274 3663
2274 4223
2274 4863
2275 2302
2275 2417
2275 2616
2275 2681
2275 3276
2275 3466
2275 3948
2276 2599
2276 3333
2276 3649
2276 4326
2276 4346
2276 4475
2277 2560
2277 2821
2277 3219
2277 3314
2277 3706
2278 2479
2278 3068
2278 3110
2278 3776
2278 4574
2278 4783
2279 2506
2279 3076
2279 3489
2279 3588
2280 2621
2280 3040
2280 3078
2281 3158
2281 4654
2281 4774
2282 2370
2282 2681
2282 3027
2282 3092
2282 3233
2282 3382
2282 4090
2283 2909
2283 3047
2283 3278
2283 3549
2283 3637
2283 3804
2283 4173
2284 2564
2284 2777
2284 3271
2284 3325
2284 3741
2284 3796
2285 2505
2285 2511
2285 2672
2285 2716
2285 4563
2286 2730
2286 2902
2286 2956
2286 3510
2286 3672
2286 4213
2286 4318
2287 4124
2287 4576
2288 2761
2288 3007
2288 3344
2288 3561
2288 4122
2288 4583
2288 4885
2289 2818
2289 4051
2289 4208
2289 4526
2289 4542
2290 2326
2290 2937
2290 3528
2290 4435
2290 4780
2291 2302
2291 2568
2291 2599
2291 2716
2291 3075
2291 3619
2292 3032
2292 3850
2293 2431
2293 2832
2293 3124
2293 4319
2293 4761
2294 2299
2294 2977
2294 4989
2295 2455
2295 2722
2295 3243
2295 3847
2295 3930
2295 4110
2295 4201
2295 4447
2296 2548
2296 2656
2296 2698
2296 4086
2296 4597
2296 4937
2297 2433
2297 2912
2297 2934
2297 3031
2297 4450
2298 2299
2298 2588
2298 3310
2298 3344
2298 3776
2298 4166
2298 4251
2298 4337
2299 2466
2299 2620
2299 2810
2299 4230
2300 2749
2300 4190
2300 4595
2301 3077
2301 3332
2301 4238
2301 4994
2302 2434
2302 3179
2302 3842
2302 4296
2302 4659
2303 3054
2303 3420
2303 3591
2303 3855
2303 3875
2303 4642
2303 4925
2304 2310
2304 2778
2304 3303
2304 3449
2304 4344
2304 4739
2304 4835
2305 2517
2305 2641
2305 3590
2306 2496
2306 3967
2306 4992
2307 2461
2307 2489
2307 3661
2307 4569
2308 2484
2308 3120
2308 3141
2308 3616
2308 4085
2309 2881
2309 3454
2309 3659
2309 4374
2309 4387
2309 4504
2309 4552
2310 2525
2310 3235
2310 3268
2310 3282
2310 3583
2310 3692
2310 4232
2310 4319
2310 4578
2310 4776
2311 2417
2311 2681
2311 2828
2311 3733
2311 4635
2311 4861
2312 3975
2312 4033
2312 4263
2312 4612
2312 4744
2312 4914
2313 2722
2313 2762
2313 2879
2313 2959
2313 3036
2313 3097
2313 3282
2313 3421
2313 3424
2313 3610
2314 2363
2314 3401
2314 3430
2314 4328
2315 2632
2315 3267
2315 3285
2315 3312
2315 3855
2315 4435
2315 4531
2315 4639
2316 2399
2316 2971
2316 3670
2317 2843
2317 3241
2317 3323
2317 4344
2317 4478
2317 4788
2317 4836
2318 2327
2318 2866
2318 3468
2318 3949
2319 2431
2319 2815
2319 3125
2319 3133
2319 3162
2319 3232
2319 3457
2319 3662
2319 3900
2319 4672
2320 2829
2320 3781
2320 4102
2320 4558
2320 4677
2321 2661
2321 2946
2321 3234
2321 4222
2321 4570
2322 2544
2322 2995
2322 3066
2322 3789
2322 4139
2322 4543
2323 2373
2323 2588
2323 3592
2323 3598
2323 3682
2323 3687
2323 4149
2323 4365
2323 4701
2324 2464
2324 2487
2324 4149
2324 4466
2325 2380
2325 2764
2325 2818
2325 3019
2325 4256
2325 4290
2326 2395
2326 2479
2326 3394
2326 3544
2326 3688
2326 3820
2326 3972
2326 4428
2326 4948
2327 4110
2327 4171
2327 4350
2327 4552
2327 4623
2328 3195
2328 3405
2329 2878
2329 3106
2329 3215
2329 3780
2329 4463
2329 4844
2329 4880
2329 4935
2330 2604
2330 3143
2330 3546
2330 3715
2330 4421
2330 4543
2331 3002
2331 3115
2331 3349
2331 4756
2332 2448
2332 2758
2332 3465
2332 4059
2333 4730
2334 3112
2334 4463
2334 4860
2335 2375
2335 3848
2335 3960
2335 4107
2335 4917
2336 3207
2336 3208
2336 3292
2336 4332
2337 3022
2337 4144
2338 2669
2338 3072
2339 2723
2339 3850
2340 2619
2340 3080
2340 3403
2340 3680
2340 3735
2340 4532
2341 2508
2341 2515
2341 3341
2341 3547
2341 3910
2341 4834
2342 2417
2342 3730
2342 4903
2343 2528
2343 3544
2343 3629
2343 3723
2343 4271
2343 4620
2343 4948
2344 3292
2344 3572
2344 4872
2344 4893
2344 4989
2345 2873
2345 3560
2345 4489
2345 4491
2345 4511
2346 2461
2346 2875
2346 3220
2346 3493
2346 3788
2346 4037
2346 4266
2346 4717
2346 4778
2347 2356
2347 2392
2347 3136
2347 3711
2347 4058
2347 4861
2347 4951
2348 2404
2348 3424
2348 3443
2348 3702
2348 3851
2348 3892
2348 4775
2349 2524
2349 2724
2349 2921
2349 3314
2349 4317
2349 4851
2349 4874
2349 4970
2350 2902
2350 3396
2350 4200
2351 2559
2351 2704
2351 3147
2351 3531
2351 3559
2351 4219
2351 4630
2352 2378
2352 2507
2352 3422
2352 3921
2352 4728
2352 4873
2353 2420
2353 2531
2353 2576
2353 2581
2353 3123
2353 3190
2353 3454
2353 3490
2353 4880
2354 3720
2354 4040
2354 4721
2355 2377
2355 2912
2355 3743
2355 3989
2355 4200
2356 2390
2356 2411
2356 2840
2356 3672
2356 4010
2356 4852
2357 2509
2357 3316
2357 3353
2357 3464
2357 3647
2357 4289
2357 4628
2358 2750
2358 3122
2358 3635
2358 3936
2358 4559
2358 4610
2359 2953
2359 3716
2359 3851
2359 4267
2360 2916
2360 2956
2360 3550
2360 3791
2360 4009
2360 4104
2360 4752
2361 2444
2361 2571
2361 2760
2361 3224
2361 3928
2361 4038
2361 4155
2361 4733
2361 4772
2362 2929
2362 3130
2362 3916
2362 3945
2362 4521
2363 2883
2363 2905
2363 3420
2363 4317
2363 4714
2364 2409
2364 2773
2364 4887
2365 2508
2365 2537
2365 3028
2365 4440
2366 2472
2366 2548
2366 3830
2366 4675
2366 4866
2366 4943
2367 3224
2367 4690
2368 2821
2368 3335
2368 3650
2368 3805
2368 3830
2368 4127
2369 2580
2369 2622
2369 3072
2369 4355
2369 4916
2370 2413
2370 2835
2370 3318
2370 3591
2370 4017
2370 4390
2370 4936
2371 2436
2371 3010
2371 3111
2371 3157
2371 3967
2372 2763
2372 2806
2372 2810
2372 3337
2372 3884
2372 4922
2373 2506
2373 2972
2373 3544
2373 3646
2373 3678
2373 4034
2373 4842
2374 2982
2374 3279
2374 3501
2374 3516
2374 3604
2374 4180
2375 2971
2375 3535
2375 3650
2375 3855
2375 4162
2375 4543
2376 3246
2376 3890
2376 4467
2376 4782
2377 3410
2377 4082
2377 4261
2377 4402
2377 4495
2378 4017
2378 4220
2378 4733
2379 3156
2379 3798
2379 3994
2379 4188
2379 4519
2380 2510
2380 3646
2380 3712
2380 3821
2380 4371
2380 4876
2381 2473
2381 3257
2381 3393
2381 4087
2381 4566
2381 4913
2383 4073
2383 4120
2383 4267
2383 4602
2383 4738
2384 3209
2384 3295
2384 3733
2384 4032
2384 4336
2384 4889
2385 3519
2385 3550
2385 3583
2385 4049
2385 4130
2385 4196
2385 4232
2385 4245
2385 4881
2386 2489
2386 2678
2386 3991
2386 4297
2386 4720
2386 4968
2387 3041
2387 3200
2387 3281
2387 3878
2387 4026
2387 4981
2388 2757
2388 2906
2388 3652
2388 4862
2389 2494
2389 2771
2389 3607
2390 2731
2390 2881
2390 3316
2390 4084
2390 4164
2390 4214
2390 4411
2390 4561
2390 4989
2391 2707
2391 3660
2391 3798
2391 4545
2392 2989
2392 3239
2392 3564
2392 3849
2392 4672
2393 2688
2393 4305
2394 2469
2394 3130
2394 3171
2394 3276
2394 3445
2394 3532
2394 3704
2394 3770
2394 3971
2394 4488
2394 4586
2394 4688
2394 4798
2395 2631
2395 3221
2395 3638
2395 4194
2395 4887
2395 4950
2396 2742
2396 3058
2396 3462
2396 3538
2396 3801
2397 2588
2397 2778
2397 3259
2397 3489
2397 3753
2398 2460
2398 2838
2398 2898
2399 3875
2399 4238
2399 4627
2400 2565
2400 4452
2401 2467
2401 2545
2401 2577
2402 2441
2402 2523
2402 2954
2402 3186
2402 3218
2402 3349
2402 4649
2402 4714
2403 2512
2403 2624
2403 2947
2403 3040
2403 3201
2403 3211
2403 3352
2403 3671
2403 4090
2403 4125
2404 2628
2404 3178
2404 4039
2404 4450
2404 4518
2404 4938
2405 2973
2405 3154
2405 3626
2405 3637
2405 3662
2406 2702
2406 3724
2407 2567
2407 3008
2407 3015
2407 3042
2407 3062
2407 4877
2408 2627
2408 3138
2408 3554
2408 3928
2408 4552
2408 4894
2408 4961
2409 2467
2409 2493
2409 2797
2409 3014
2409 3418
2409 3491
2409 3943
2409 4013
2409 4230
2409 4773
2409 4794
2409 4929
2410 2532
2410 3235
2410 3532
2410 3691
2410 3737
2411 2905
2411 3697
2411 3723
2411 3872
2411 3902
2411 4027
2411 4570
2411 4645
2412 2547
2412 2781
2412 2959
2412 3178
2412 3214
2412 3215
2412 4104
2412 4301
2412 4436
2412 4705
2413 2656
2413 3161
2413 3297
2413 4296
2413 4517
2413 4662
2414 2691
2414 3693
2414 3722
2414 4039
2414 4077
2414 4133
2414 4139
2414 4949
2415 2745
2415 2905
2415 2975
2415 3127
2415 3613
2415 4657
2415 4838
2416 3733
2416 3819
2416 3827
2416 3996
2416 4166
2416 4303
2417 3553
2417 3844
2417 4150
2417 4229
2417 4623
2418 2671
2418 3166
2418 3317
2418 4042
2418 4900
2418 4933
2419 2537
2419 4532
2419 4555
2419 4573
2419 4880
2420 2990
2420 3027
2420 3219
2420 3470
2420 3948
2420 4056
2420 4071
2420 4789
2421 2924
2421 3107
2421 3837
2421 4005
2421 4046
2421 4057
2421 4721
2421 4902
2421 4939
2421 4990
2422 2978
2422 3121
2422 3231
2422 4389
2422 4597
2424 3640
2424 4839
2425 2647
2425 3377
2425 4415
2425 4509
2426 2442
2426 3194
2426 3704
2426 3962
2426 4748
2427 3789
2428 2987
2428 3844
2428 4410
2429 2622
2429 3142
2429 3373
2429 3856
2429 4087
2430 2535
2431 2646
2431 3309
2431 3860
2431 3995
2432 2496
2432 4333
2433 2899
2433 2931
2433 3334
2434 2756
2434 3037
2435 2486
2435 2723
2435 3575
2435 4206
2435 4550
2435 4761
2435 4836
2436 2467
2436 3053
2436 3583
2436 3737
2436 3817
2436 4738
2436 4742
2437 3605
2437 3796
2437 3890
2438 3157
2438 3505
2438 3640
2438 4117
2438 4261
2438 4663
2438 4767
2439 3876
2439 3975
2439 4827
2440 2647
2441 3234
2441 3427
2441 3699
2441 3963
2441 4304
2441 4986
2442 2840
2442 2934
2442 4877
2444 2447
2444 2953
2444 3232
2444 4703
2444 4848
2445 3393
2445 4265
2446 3053
2446 3706
2446 3896
2447 2569
2447 2630
2447 3511
2447 3858
2447 4048
2447 4445
2447 4681
2448 2661
2449 2812
2449 3487
2449 4352
2449 4411
2450 2780
2450 4018
2450 4320
2450 4535
2450 4547
2450 4660
2450 4924
2451 4021
2451 4177
2451 4315
2451 4515
2451 4903
2452 3010
2452 3075
2452 3157
2452 3200
2452 3632
2452 3814
2452 4581
2452 4730
2452 4950
2453 2779
2453 2855
2453 4174
2453 4260
2453 4350
2453 4428
2454 2614
2454 3036
2454 3520
2454 4734
2454 4955
2455 2662
2455 2693
2455 3072
2455 3303
2456 2850
2456 4037
2456 4411
2456 4731
2456 4988
2457 3443
2457 3504
2457 4222
2457 4261
2457 4830
2458 2995
2458 3109
2458 4853
2459 3081
2459 3175
2459 3326
2459 3731
2459 3913
2459 3948
2459 4656
2460 2475
2460 3117
2460 3182
2460 3309
2460 3795
2461 2686
2461 2807
2461 2848
2461 3411
2461 3504
2461 3756
2461 3849
2461 4226
2461 4519
2461 4826
2462 2711
2462 3079
2462 3363
2462 3409
2462 3570
2462 4482
2462 4618
2463 2684
2463 3045
2463 3384
2463 3661
2464 2861
2464 2888
2464 3072
2464 3164
2464 4057
2464 4789
2464 4864
2465 3226
2465 4116
2466 3108
2466 3269
2466 3720
2466 3727
2466 4196
2466 4452
2466 4655
2467 3554
2468 2986
2468 3083
2468 3227
2468 3502
2468 4115
2468 4503
2469 2719
2469 2835
2469 2989
2469 3149
2469 3826
2469 4422
2469 4429
2470 2559
2470 3419
2470 3605
2470 3822
2470 3870
2470 3875
2470 3925
2470 3972
2470 4519
2470 4717
2471 2538
2471 2968
2471 3160
2471 3693
2471 4376
2471 4459
2471 4679
2472 2591
2472 2783
2472 3755
2473 2496
2473 2629
2473 2915
2473 3646
2473 4357
2474 3416
2474 3808
2474 4114
2474 4543
2474 4998
2475 2775
2476 2514
2476 2674
2476 2782
2476 4609
2477 4238
2477 4755
2477 4805
2478 2906
2478 3297
2478 3575
2478 3732
2478 4556
2478 4662
2479 3029
2479 3730
2479 3836
2479 4487
2479 4747
2480 2492
2480 2808
2480 3033
2480 3184
2480 3410
2480 3821
2480 4386
2481 2519
2481 3419
2481 3991
2481 4302
2481 4683
2481 4803
2482 2756
2482 4180
2482 4651
2482 4917
2483 2653
2483 3489
2483 4052
2483 4748
2483 4769
2484 2685
2484 2735
2484 3711
2484 3735
2484 3835
2484 4261
2485 2909
2485 4157
2485 4791
2485 4907
2486 2577
2486 2712
2486 3031
2486 4113
2486 4143
2486 4274
2486 4326
2486 4692
2486 4730
2486 4779
2486 4900
2487 2658
2487 3035
2487 3273
2487 3331
2487 4438
2487 4495
2488 3879
2488 4443
2488 4828
2488 4910
2489 2856
2489 3231
2489 3530
2489 3544
2489 3991
2489 4561
2489 4739
2490 2519
2490 3546
2490 4251
2490 4613
2491 2731
2491 3612
2491 3935
2491 4016
2491 4858
2492 3239
2492 4098
2493 2622
2493 3265
2493 3659
2493 3900
2493 4515
2493 4767
2493 4771
2493 4886
2494 2573
2494 3259
2494 3797
2494 3844
2494 3956
2494 4214
2494 4431
2494 4749
2495 2947
2495 3649
2495 3708
2495 4175
2495 4227
2495 4712
2495 4793
2495 4854
2496 2531
2496 2760
2496 2763
2496 2889
2496 3742
2496 4041
2496 4097
2496 4220
2496 4386
2496 4709
2496 4826
2497 3339
2497 3355
2497 4844
2498 2617
2498 2823
2498 3540
2498 3871
2498 3900
2498 4429
2498 4993
2499 2710
2499 2764
2499 2947
2499 3453
2499 4157
2500 3235
2500 4206
2500 4296
2501 2731
2501 2993
2501 3038
2501 3230
2501 3487
2501 3636
2501 3769
2501 4992
2502 2719
2502 2935
2502 3046
2502 4156
2502 4560
2503 2586
2503 3134
2503 3150
2503 3189
2503 3487
2503 3935
2503 4176
2503 4493
2503 4782
2503 4821
2503 4859
2504 2523
2504 2560
2504 2866
2504 3145
2504 3336
2504 3413
2504 4250
2505 3216
2505 3919
2505 4337
2506 2577
2506 3601
2506 3618
2506 4186
2506 4506
2507 2638
2507 3342
2507 3726
2507 3778
2507 3908
2507 4726
2507 4754
2508 2679
2508 4000
2508 4002
2508 4701
2508 4986
2509 3106
2509 3604
2509 4072
2509 4853
2510 3056
2510 3178
2510 4733
2510 4974
2511 2694
2511 2770
2511 3241
2511 3339
2511 3661
2511 3882
2511 4325
2511 4339
2511 4355
2511 4417
2511 4422
2512 3062
2512 3085
2512 4128
2513 4637
2513 4992
2514 3109
2514 3402
2514 4644
2515 2678
2515 3042
2515 3647
2515 4209
2516 2724
2516 3690
2516 4371
2516 4733
2516 4821
2517 2621
2517 2804
2517 2922
2517 3058
2517 3455
2517 3856
2517 4371
2517 4671
2517 4991
2518 2760
2518 4145
2518 4306
2519 2576
2519 2604
2519 2729
2519 2798
2519 3297
2519 3394
2519 4328
2520 2739
2520 2993
2520 3069
2520 3158
2520 4959
2521 2752
2521 3913
2521 4050
2521 4614
2522 2995
2522 4182
2522 4250
2522 4722
2523 2682
2523 3032
2523 3948
2523 4482
2523 4506
2524 2954
2524 3544
2524 3803
2524 4046
2524 4065
2524 4616
2524 4639
2525 2528
2525 2535
2525 3411
2525 4570
2525 4947
2526 3737
2526 4050
2526 4163
2526 4272
2526 4338
2526 4403
2526 4997
2527 2563
2527 2956
2527 3188
2528 2786
2528 2815
2528 3640
2528 3709
2528 4030
2529 2634
2529 3075
2529 3230
2529 4644
2529 4716
2530 2568
2530 3595
2530 4227
2530 4459
2530 4621
2530 4989
2531 3516
2531 3700
2531 4121
2531 4248
2531 4562
2531 4931
2532 4180
2532 4466
2532 4999
2533 2572
2533 3011
2533 3593
2533 3807
2533 4173
2533 4457
2533 4507
2534 2597
2534 2693
2534 3830
2534 4032
2536 2814
2536 2877
2536 3157
2536 3217
2536 3867
2536 4254
2536 4998
2537 2810
2537 3867
2537 4008
2537 4218
2537 4693
2538 2725
2538 3055
2538 3106
2538 3749
2538 3786
2538 4238
2538 4554
2539 3242
2539 4063
2539 4315
2539 4741
2539 4980
2540 2878
2540 3603
2540 3614
2540 3983
2540 4381
2540 4692
2540 4917
2541 3795
2541 3850
2541 4518
2542 2596
2542 2772
2542 2916
2542 3075
2542 4101
2542 4151
2542 4693
2543 2799
2543 2925
2543 3486
2543 3615
2543 4114
2543 4198
2543 4220
2543 4529
2543 4746
2544 2689
2544 3537
2545 3069
2545 3276
2545 3521
2545 3540
2545 4179
2545 4536
2545 4747
2546 2917
2546 3190
2546 3527
2546 4141
2546 4362
2547 3299
2547 3773
2547 4901
2548 2965
2548 3062
2548 3250
2548 3620
2548 3624
2548 3912
2548 4010
2548 4268
2548 4419
2548 4568
2549 3343
2549 3526
2550 2829
2550 3061
2550 3341
2550 4072
2551 2768
2551 4725
2552 3339
2552 3649
2553 3029
2553 3039
2553 3603
2553 4098
2553 4280
2553 4601
2553 4718
2554 2608
2554 2678
2554 4244
2555 2573
2555 4111
2555 4169
2555 4812
2556 3456
2556 3662
2556 3817
2556 4130
2556 4569
2556 4760
2557 2573
2557 2753
2557 3233
2557 3545
2557 3884
2557 3953
2557 4304
2557 4727
2557 4788
2558 2634
2558 2688
2558 3532
2558 4199
2558 4342
2559 2585
2559 2945
2559 3056
2559 3714
2559 3868
2559 3980
2559 4077
2560 2954
2560 3457
2560 3959
2560 4661
2560 4699
2560 4729
2561 2835
2561 3564
2561 3581
2561 3687
2561 3693
2561 3884
2562 2854
2562 2961
2562 3659
2562 3836
2562 4420
2562 4542
2562 4749
2562 4767
2563 2890
2563 3115
2563 3210
2563 3555
2563 4756
2564 3024
2564 3620
2564 4127
2564 4174
2564 4905
2564 4912
2564 4922
2565 2810
2565 3146
2565 3156
2565 4357
2565 4472
2566 3407
2566 3717
2566 3724
2567 2579
2567 3000
2567 3428
2567 4043
2567 4238
2568 3526
2568 3678
2568 4969
2569 2692
2569 3070
2570 2899
2570 3349
2570 4033
2570 4176
2570 4608
2570 4908
2571 2922
2571 3003
2571 3129
2571 3196
2571 3306
2571 3639
2571 3955
2571 4643
2571 4681
2571 4711
2571 4719
2572 3633
2572 3964
2572 4147
2572 4212
2572 4225
2572 4516
2572 4590
2573 3021
2573 3293
2573 4345
2573 4525
2573 4568
2574 2841
2574 3270
2574 3498
2574 4005
2574 4240
2574 4396
2574 4935
2575 2668
2575 3391
2575 3422
2575 3475
2575 3656
2575 4062
2576 2976
2576 3526
2576 3552
2576 4001
2576 4440
2576 4480
2576 4809
2577 2645
2577 4191
2577 4245
2577 4822
2577 4943
2578 2780
2578 2785
2578 3386
2578 3586
2578 4212
2578 4304
2578 4357
2578 4368
2579 3615
2579 3836
2579 3983
2579 4166
2579 4822
2580 2613
2580 3411
2580 3416
2580 3707
2580 3947
2580 4195
2581 2978
2581 4860
2582 3663
2582 3810
2583 4031
2583 4102
2583 4130
2583 4496
2583 4844
2583 4922
2584 3121
2584 3465
2584 3837
2584 4225
2584 4545
2584 4635
2585 2737
2585 4330
2586 3554
2586 4025
2586 4204
2586 4232
2586 4552
2587 3236
2587 3498
2587 3965
2587 4527
2587 4757
2587 4904
2587 4916
2588 3447
2588 3851
2588 4330
2588 4373
2589 2609
2589 3429
2589 3487
2589 3570
2589 3966
2589 4277
2589 4424
2590 2661
2590 3878
2590 4011
2590 4065
2590 4415
2590 4798
2591 3527
2591 4145
2592 3366
2593 2999
2593 3233
2593 3749
2593 4489
2594 3044
2594 3863
2594 4521
2594 4600
2594 4729
2594 4892
2595 2854
2595 3321
2595 3721
2595 4403
2596 3529
2596 4137
2596 4276
2596 4582
2596 4703
2596 4809
2596 4918
2597 2795
2597 2950
2597 3047
2597 3347
2597 3704
2597 3718
2597 3852
2597 4183
2597 4566
2597 4882
2598 2848
2598 3115
2598 3322
2599 2625
2599 2679
2599 2873
2599 3435
2599 3610
2599 4983
2600 2937
2600 2997
2600 3386
2600 4133
2601 3359
2601 3910
2601 4367
2601 4547
2602 3446
2602 4434
2602 4757
2602 4794
2602 4832
2602 4854
2602 4890
2603 3353
2603 3846
2603 4143
2603 4148
2604 3090
2604 3887
2604 4174
2604 4365
2604 4604
2605 2673
2606 3035
2606 3717
2606 3865
2606 4305
2606 4365
2606 4484
2606 4591
2607 4070
2607 4410
2607 4479
2608 3414
2608 3558
2608 4203
2608 4310
2608 4718
2609 3933
2609 4154
2609 4163
2609 4435
2610 2921
2610 3425
2610 3757
2610 3911
2610 4303
2610 4391
2610 4678
2610 4906
2611 2860
2611 4922
2612 2647
2612 3299
2612 3425
2612 3561
2612 3600
2612 3870
2612 3920
2612 3925
2612 4283
2612 4366
2612 4735
2613 2983
2613 3032
2613 3917
2613 3995
2613 4656
2613 4755
2613 4787
2614 2724
2614 2992
2614 3204
2614 4790
2615 2851
2615 2987
2615 3851
2615 4154
2615 4323
2615 4421
2615 4791
2616 2985
2616 3167
2616 4723
2617 3021
2617 3272
2617 3724
2617 4107
2617 4871
2618 3185
2618 4058
2618 4141
2619 3192
2619 3432
2619 3754
2619 4073
2619 4193
2619 4288
2619 4575
2619 4759
2620 2671
2620 3028
2620 3077
2620 3206
2620 3371
2620 3767
2620 3815
2620 4353
2620 4426
2621 2685
2621 2795
2621 2808
2621 3774
2621 3864
2621 3880
2621 4593
2622 3046
2622 3256
2622 4959
2622 5000
2623 2789
2623 4040
2623 4240
2623 4745
2624 3180
2624 4477
2624 4678
2624 4947
2624 4963
2625 3615
2625 3667
2625 4380
2626 2871
2626 3125
2626 3753
2626 4221
2627 2959
2627 3425
2627 4453
2628 4030
2628 4193
2628 4616
2628 4878
2629 3227
2629 3251
2629 3318
2629 3449
2629 3551
2629 4040
2629 4257
2629 4787
2630 2863
2630 2911
2630 3386
2630 4195
2630 4323
2631 3174
2632 3003
2632 3146
2632 3600
2632 4013
2633 4039
2633 4725
2633 4762
2634 2756
2634 3413
2634 3566
2634 3889
2634 4064
2634 4161
2634 4456
2634 4528
2634 4785
2634 4913
2635 3340
2635 4448
2636 2683
2636 2852
2636 3182
2636 3278
2636 4411
2636 4480
2637 2983
2637 3112
2637 3996
2637 4158
2637 4252
2637 4266
2637 4278
2637 4595
2637 4811
2637 4960
2637 4968
2638 3583
2638 4029
2638 4238
2639 3276
2639 3485
2639 4254
2640 4193
2640 4515
2640 4582
2641 3155
2641 3185
2641 3962
2641 4469
2641 4500
2641 4544
2641 4740
2642 2737
2642 3451
2642 4852
2642 4974
2643 2997
2643 3291
2643 3907
2643 4028
2643 4213
2644 2680
2644 3706
2644 3877
2644 4226
2644 4762
2644 4895
2644 4991
2645 3267
2645 3696
2645 3834
2645 4234
2646 3214
2646 3238
2646 3248
2646 3594
2646 4015
2646 4997
2647 2880
2647 3172
2647 3898
2647 3918
2647 4038
2648 3135
2648 3235
2648 3263
2648 3844
2648 4291
2648 4554
2648 4675
2649 3151
2649 3152
2649 3311
2649 3983
2649 4495
2649 4648
2649 4784
2650 3062
2650 3390
2650 4082
2650 4174
2650 4179
2650 4342
2650 4912
2650 4924
2651 3079
2651 3114
2651 3392
2651 3723
2651 4112
2651 4531
2652 3236
2652 3888
2652 3931
2653 3193
2653 3969
2654 2739
2654 2793
2654 2917
2654 3414
2654 3614
2654 3886
2654 3939
2655 3088
2655 4219
2656 3239
2656 3332
2656 4435
2656 4850
2657 3086
2657 3932
2657 3979
2657 4776
2658 3331
2658 3739
2658 4137
2658 4631
2658 4678
2659 4053
2660 2725
2661 3568
2661 3576
2661 3838
2661 3849
2661 3936
2661 4171
2662 2840
2662 3405
2662 3720
2662 4057
2662 4795
2662 4833
2663 3150
2663 3473
2663 4125
2663 4540
2663 4544
2663 4616
2663 4664
2664 2679
2664 2737
2664 3371
2665 2875
2665 3208
2665 4132
2665 4206
2665 4207
2665 4721
2666 3249
2666 3552
2666 3801
2666 4309
2666 4310
2666 4747
2667 4124
2667 4874
2668 3004
2668 4521
2669 3086
2669 3839
2669 4706
2670 2726
2670 3252
2670 3496
2670 4013
2670 4071
2670 4135
2670 4943
2671 3348
2671 3699
2671 4221
2671 4820
2672 3388
2672 3469
2672 4215
2673 3149
2673 3601
2673 3741
2673 4442
2673 4694
2675 2839
2675 3431
2675 3685
2675 4027
2675 4718
2676 2750
2676 3819
2676 4144
2676 4757
2677 2743
2677 3013
2677 3181
2677 3483
2677 4093
2677 4147
2677 4249
2677 4840
2677 4931
2678 3038
2678 3474
2678 3833
2678 5000
2679 2963
2679 3358
2679 3558
2679 3854
2679 4803
2680 2904
2680 3084
2680 3091
2680 3852
2680 3898
2680 4577
2680 4805
2681 2856
2681 3163
2681 4009
2681 4132
2682 2958
2682 3835
2682 4582
2683 2757
2683 3845
2683 4050
2683 4180
2683 4337
2683 4601
2685 2920
2685 3051
2685 3903
2685 4111
2685 4131
2685 4671
2685 4983
2686 2791
2686 3326
2686 3752
2686 4036
2686 4098
2686 4158
2686 4228
2686 4370
2686 4480
2687 3335
2688 2943
2688 3242
2688 3258
2688 3296
2688 3616
2688 4626
2689 2817
2689 3470
2689 4088
2689 4574
2689 4850
2689 4968
2690 3369
2690 3767
2690 4441
2690 4456
2691 3274
2691 3596
2691 4424
2692 2878
2692 3116
2692 4263
2692 4762
2693 2710
2693 2760
2693 2798
2693 3159
2693 4443
2694 2778
2694 3385
2694 4571
2694 4656
2695 2726
2695 3100
2695 3233
2695 4779
2696 2701
2696 3650
2696 3988
2696 4804
2697 2771
2697 3530
2697 3557
2697 3690
2697 3716
2697 4375
2697 4876
2698 2717
2698 3031
2698 3950
2698 3971
2698 4419
2699 3146
2699 3292
2699 3666
2699 3868
2699 4434
2699 4679
2700 3011
2700 3091
2700 3702
2701 2814
2701 2952
2701 2966
2701 3743
2701 3750
2701 3772
2701 3787
2701 3834
2701 4566
2702 2877
2702 4270
2702 4480
2703 3333
2703 3357
2703 3907
2704 3276
2705 3118
2705 3413
2705 4053
2705 4904
2706 2995
2706 4047
2706 4492
2706 4504
2706 4780
2706 4826
2706 4850
2707 2822
2707 3741
2707 3865
2708 2740
2708 3897
2708 4061
2708 4467
2708 4562
2708 4960
2709 3132
2709 3270
2709 3776
2709 3797
2709 3799
2709 4415
2709 4592
2709 4913
2710 2911
2710 3479
2710 4032
2710 4107
2710 4503
2711 2877
2711 3663
2711 4018
2711 4119
2712 2875
2712 2965
2712 3295
2712 4120
2713 4145
2714 3543
2714 3977
2714 4087
2714 4538
2714 4797
2715 2994
2715 3026
2715 3334
2715 3412
2715 4278
2715 4356
2716 2818
2716 3022
2716 3208
2716 3542
2716 3661
2716 3762
2716 3812
2717 3104
2717 3231
2718 2802
2718 4067
2718 4546
2719 2864
2719 2867
2719 2937
2719 4459
2719 4527
2720 3118
2720 3697
2720 3959
2720 4447
2721 4227
2721 4895
2722 2970
2722 3275
2722 3316
2722 3637
2722 4366
2723 3208
2723 3967
2723 4467
2723 4547
2723 4700
2723 4891
2724 2987
2724 3053
2724 4312
2724 4573
2724 4628
2725 2968
2725 3194
2725 4051
2725 4127
2725 4984
2726 3909
2726 4317
2726 4899
2727 2741
2727 2752
2727 3246
2727 3429
2727 3649
2727 3685
2727 4066
2727 4279
2727 4889
2728 3116
2728 3983
2729 3543
2729 4206
2729 4392
2729 4951
2730 2996
2730 3592
2730 3827
2730 3962
2730 4335
2730 4525
2731 3745
2731 4089
2731 4158
2731 4312
2732 2900
2732 3593
2732 4586
2733 3573
2733 3737
2733 4115
2733 4987
2734 3334
2734 3870
2734 4926
2735 2961
2735 3159
2735 4237
2736 2882
2736 3399
2736 3445
2736 4285
2736 4497
2737 2761
2737 2826
2737 2899
2738 3175
2738 3238
2738 3362
2738 3692
2738 4136
2738 4277
2738 4480
2738 4544
2739 2951
2739 4945
2740 3131
2740 4308
2740 4495
2740 4997
2741 3188
2742 3092
2742 3516
2742 3738
2742 3980
2742 3992
2742 4196
2742 4475
2742 4763
2742 4924
2743 3102
2743 3185
2743 3367
2743 3543
2743 3804
2743 3938
2743 4048
2743 4279
2743 4408
2743 4502
2743 4632
2744 3471
2744 3853
2745 3145
2745 3375
2745 3400
2745 3482
2745 3524
2745 3697
2745 3870
2745 4442
2745 4588
2745 4639
2746 4190
2746 4724
2746 4879
2747 2913
2747 4716
2747 4957
2748 4226
2748 4272
2748 4530
2748 4789
2749 3683
2749 3884
2749 4610
2749 4620
2749 4738
2749 4898
2750 2775
2750 3506
2750 4809
2750 4862
2751 3760
2751 4081
2752 3467
2752 4609
2753 4152
2754 4262
2754 4887
2754 4930
2755 2834
2755 2968
2755 3082
2755 3921
2755 4283
2756 3344
2756 3404
2756 3765
2756 3891
2756 4725
2757 3154
2757 3765
2757 4258
2757 4312
2757 4538
2757 4600
2758 3139
2758 3216
2758 4343
2758 4378
2759 2932
2759 3302
2759 3620
2759 3774
2759 4321
2759 4948
2760 3027
2760 4079
2760 4495
2760 4677
2760 4909
2761 3359
2761 3384
2761 3558
2761 3679
2761 4050
2761 4207
2762 3188
2762 3205
2762 4390
2762 4529
2762 4671
2762 4843
2763 3209
2764 3421
2765 3139
2765 3239
2765 3494
2765 4095
2765 4358
2766 3233
2766 3805
2766 4318
2766 4384
2766 4758
2767 2860
2767 3223
2767 3688
2767 3757
2767 3990
2767 4756
2768 2922
2768 2996
2768 3207
2768 4881
2769 3157
2769 3509
2769 4176
2770 3150
2770 3516
2770 3534
2770 4032
2770 4206
2770 4597
2770 4842
2771 2919
2771 3591
2771 3959
2771 4155
2771 4976
2772 2943
2772 3111
2772 3208
2772 3866
2772 4290
2772 4704
2773 3610
2773 4665
2774 3582
2774 3792
2775 3112
2775 3741
2775 4321
2775 4617
2776 3339
2776 3414
2776 3497
2776 3576
2776 4453
2776 4769
2776 4830
2776 4921
2776 4959
2777 3056
2777 3261
2777 3269
2777 3387
2777 3392
2777 3519
2777 4241
2777 4809
2778 3005
2778 3031
2778 3454
2778 3509
2778 4465
2778 4731
2779 2900
2779 4009
2779 4760
2780 2903
2780 3445
2780 3780
2780 4945
2781 3070
2781 3600
2781 4178
2781 4576
2781 4865
2781 4939
2782 4072
2782 4195
2782 4810
2783 2816
2783 3477
2783 3483
2783 3521
2783 4270
2783 4939
2784 3363
2784 3757
2784 4423
2784 4469
2784 4965
2785 3195
2785 3399
2785 3424
2785 3739
2785 4397
2786 2904
2786 2911
2786 3418
2786 3474
2786 3720
2786 4261
2786 4322
2786 4674
2786 4797
2787 3534
2787 4058
2787 4093
2787 4418
2787 4725
2788 3026
2788 3688
2788 4022
2789 3765
2789 4445
2789 4842
2790 3639
2790 4729
2791 2832
2791 3076
2791 3104
2791 3365
2792 3194
2792 4056
2792 4386
2792 4711
2793 3295
2793 3688
2793 4036
2793 4590
2793 4971
2794 2880
2794 3433
2794 3743
2795 2799
2795 4001
2795 4246
2796 4301
2796 4449
2796 4468
2796 4620
2796 4700
2796 4942
2797 3478
2797 4204
2797 4366
2797 4409
2797 4594
2798 2933
2798 3733
2798 4453
2799 4220
2800 3032
2800 3799
2800 3896
2800 4050
2800 4786
2801 2888
2801 3520
2801 3993
2802 3502
2802 4040
2802 4124
2802 4297
2802 4322
2802 4878
2803 3610
2803 3670
2803 4127
2803 4359
2803 4562
2804 2880
2804 3526
2804 3746
2804 4386
2804 4507
2804 4961
2805 3985
2805 4809
2805 5000
2806 3085
2806 3455
2806 3529
2806 4082
2807 4471
2807 4766
2808 3282
2808 3583
2808 3637
2808 4025
2808 4238
2808 4972
2809 3819
2809 4249
2809 4848
2810 3162
2810 3720
2810 3749
2810 4022
2810 4085
2810 4383
2810 4510
2811 3571
2811 4065
2811 4082
2812 2901
2812 3166
2812 3406
2812 4093
2812 4990
2813 3114
2813 4177
2813 4329
2813 4723
2813 4975
2814 3297
2814 3444
2814 3578
2814 3618
2814 3784
2814 4748
2815 3095
2815 4282
2816 3398
2816 3679
2816 4322
2817 2843
2817 3656
2817 4795
2818 3500
2818 3850
2818 3929
2818 3983
2818 4184
2818 4419
2818 4653
2819 4621
2819 4692
2819 4973
2820 2974
2820 4194
2821 2823
2821 3259
2821 3387
2821 3402
2821 3811
2821 4016
2821 4285
2821 4403
2822 3108
2822 4687
2823 4828
2824 2851
2824 3078
2824 3131
2824 3288
2824 4144
2824 4497
2825 2838
2825 3134
2825 3208
2825 3698
2825 3954
2825 3959
2825 4459
2825 4589
2826 2901
2826 2924
2826 4116
2826 4271
2826 4430
2827 3087
2827 3536
2827 3885
2827 4239
2827 4426
2827 4548
2827 4870
2828 3394
2828 3598
2828 3985
2828 4234
2828 4344
2829 3135
2829 3847
2830 3172
2830 3837
2831 4298
2832 3844
2832 4508
2833 3484
2833 4036
2833 4661
2833 4718
2834 4098
2834 4605
2834 4989
2835 2864
2835 3935
2835 4013
2836 3157
2836 3291
2836 3330
2836 3568
2836 4110
2836 4349
2836 4528
2837 3448
2837 3782
2838 3373
2838 3666
2838 4029
2838 4495
2839 2922
2839 3195
2839 3588
2839 3863
2839 4233
2840 2968
2840 2979
2840 2991
2840 3024
2840 3039
2840 3388
2840 3435
2840 3526
2840 3576
2841 3974
2841 4234
2842 2897
2842 3689
2842 3891
2842 4161
2842 4862
2843 3683
2843 3885
2843 3978
2843 4208
2843 4340
2843 4430
2844 2911
2844 2985
2844 3054
2844 3590
2844 4045
2844 4060
2844 4525
2845 2973
2845 3143
2845 3285
2845 3867
2845 4439
2845 4503
2845 4620
2845 4795
2846 3219
2846 3574
2846 3965
2846 4890
2846 4956
2847 2869
2847 3628
2848 3628
2848 4232
2848 4500
2848 4883
2849 3021
2849 3197
2849 4033
2849 4433
2849 4786
2850 4230
2850 4513
2851 3210
2851 3632
2851 3784
2851 4007
2852 3521
2852 3827
2852 4266
2852 4551
2852 4726
2852 4742
2853 3600
2853 4227
2853 4239
2853 4650
2853 4761
2853 4857
2854 3548
2854 3661
2855 4407
2855 4555
2856 3611
2856 3673
2856 4651
2857 2890
2857 3334
2857 3688
2857 3696
2857 4310
2857 4820
2858 2950
2858 3555
2858 4079
2858 4613
2859 3058
2859 3378
2859 4856
2860 3012
2860 3299
2860 3373
2860 3783
2860 3811
2860 4041
2860 4325
2861 3087
2861 3245
2861 4145
2861 4314
2861 4502
2861 4544
2861 4917
2862 3426
2862 3518
2862 3804
2862 4342
2862 4774
2863 2877
2863 3019
2863 3623
2863 3925
2863 4113
2863 4220
2863 4468
2864 3541
2864 3648
2864 4277
2864 4338
2864 4506
2865 3171
2865 3194
2865 3298
2865 4805
2866 3022
2866 3247
2866 3366
2866 3517
2866 4053
2866 4424
2866 4475
2866 4513
2866 4808
2866 4838
2867 3200
2867 3343
2867 3693
2867 3917
2868 2891
2868 3042
2868 4059
2868 4141
2868 4449
2868 4479
2869 3692
2869 3749
2869 3795
2869 3825
2869 4334
2869 4531
2870 3275
2870 3839
2870 3941
2870 4079
2870 4099
2870 4744
2871 3338
2871 3417
2871 3418
2871 3682
2872 3046
2872 3748
2872 3950
2872 4816
2873 3045
2873 3212
2873 3454
2873 4347
2874 3100
2874 3475
2874 4056
2874 4225
2874 4442
2874 4614
2875 3378
2875 4914
2876 2997
2876 4072
2876 4849
2877 2879
2877 3084
2877 4746
2877 4997
2878 4235
2878 4484
2878 4529
2878 4969
2879 3225
2879 3948
2879 4088
2879 4421
2880 3021
2880 3127
2880 3359
2880 4810
2880 4854
2881 3534
2881 3655
2881 4324
2881 4519
2881 4775
2882 3506
2882 4591
2883 3350
2883 3461
2883 4036
2884 3302
2884 3844
2884 4076
2884 4263
2884 4805
2884 4891
2885 4089
2885 4175
2885 4809
2886 4313
2886 4483
2886 4614
2886 4888
2887 2930
2887 3199
2887 3280
2887 3625
2887 3837
2887 4020
2887 4413
2888 3041
2888 3239
2888 4154
2889 3056
2889 3531
2889 3537
2889 4205
2889 4266
2890 3246
2890 4188
2890 4611
2891 2907
2891 2970
2891 3246
2891 3265
2891 4583
2892 3120
2892 3902
2892 4190
2892 4406
2892 4460
2893 2907
2893 3061
2893 3138
2893 4252
2893 4825
2894 2903
2894 3003
2894 3485
2894 3608
2894 3611
2894 3684
2894 4588
2895 4379
2895 4489
2895 4795
2895 4813
2896 3108
2896 3416
2896 3459
2896 3511
2896 4048
2896 4909
2897 3408
2897 3417
2897 3851
2897 4140
2897 4251
2897 4733
2898 3113
2898 3119
2898 4122
2898 4780
2899 3115
2899 3906
2900 3857
2900 4089
2900 4209
2900 4383
2900 4631
2900 4766
2900 4768
2901 2951
2901 3078
2901 3451
2901 4098
2901 4119
2901 4502
2902 3436
2902 3654
2902 4493
2902 4572
2902 4915
2903 4418
2903 4793
2904 3237
2904 4425
2904 4568
2905 2908
2905 3030
2905 3124
2905 3468
2905 4095
2905 4210
2905 4416
2906 3112
2906 3550
2906 3570
2906 3644
2906 3794
2906 4357
2906 4549
2906 4863
2907 3189
2907 3323
2907 3517
2907 3546
2907 3804
2908 3183
2908 3226
2908 3452
2908 3870
2908 3995
2908 4152
2908 4625
2909 3634
2909 3843
2909 4581
2910 3116
2910 3602
2910 3745
2910 4183
2910 4530
2910 4714
2910 4728
2911 3432
2911 3520
2911 4204
2911 4288
2911 4481
2911 4517
2911 4764
2912 3051
2912 3117
2912 3477
2912 4516
2913 4272
2913 4843
2914 3977
2914 4726
2915 3707
2916 3048
2916 3076
2916 3808
2916 3815
2916 4330
2916 4859
2916 4945
2917 4177
2917 4979
2918 3110
2919 3130
2919 3421
2919 3653
2920 3666
2920 3899
2920 3909
2920 3945
2920 4694
2920 4891
2921 2923
2921 2951
2921 4218
2921 4540
2922 3131
2922 3771
2922 4443
2922 4470
2922 4718
2923 3319
2923 4078
2924 3486
2924 3683
2924 4281
2925 4186
2926 3430
2926 3569
2926 3849
2926 4697
2926 4972
2927 3058
2927 3814
2927 4517
2927 4910
2928 3254
2928 3286
2928 4245
2928 4479
2928 4564
2928 4715
2929 2940
2929 3234
2929 3666
2929 4630
2929 4711
2930 3104
2931 3845
2931 4481
2931 4893
2932 3177
2932 3730
2932 3824
2932 4008
2932 4885
2932 4932
2933 3615
2933 3619
2933 3626
2933 3883
2933 4677
2934 2979
2934 3557
2934 4462
2934 4788
2934 4799
2934 4929
2934 4947
2935 4013
2935 4792
2935 4929
2936 3417
2936 3447
2937 3783
2937 3995
2937 4646
2938 3480
2938 3638
2938 3779
2938 3812
2938 4912
2939 3103
2939 3185
2939 3221
2939 3429
2939 3603
2939 3829
2939 3844
2939 3892
2939 4386
2940 2980
2940 3465
2941 3178
2941 4181
2941 4257
2942 3115
2942 3227
2942 3792
2942 4026
2943 3165
2943 3260
2943 4019
2944 3085
2944 3250
2945 3014
2945 3996
2945 4316
2945 4618
2945 4950
2946 3726
2946 4491
2946 4707
2946 4763
2946 4812
2946 4850
2947 3680
2947 4293
2947 4380
2947 4390
2947 4421
2948 3005
2948 3143
2948 3475
2948 3958
2948 4807
2949 3073
2949 3146
2949 3515
2950 2984
2950 3755
2950 4301
2951 3287
2951 3495
2951 3633
2951 4760
2951 4933
2952 3267
2952 4554
2952 4762
2953 3867
2953 4355
2954 3357
2954 3402
2954 4038
2955 4415
2955 4506
2956 3674
2957 4664
2957 4805
2958 3748
2958 3871
2958 4112
2958 4681
2959 3530
2959 4090
2960 4269
2960 4596
2960 4741
2961 3006
2961 3061
2961 3293
2961 3828
2961 4711
2961 4776
2962 3034
2962 4590
2962 4983
2963 3305
2963 3668
2963 4453
2963 4814
2963 4859
2964 3008
2964 3268
2964 3323
2964 4074
2964 4402
2965 3036
2965 3255
2965 4467
2965 4634
2966 2978
2966 3066
2966 3482
2966 3815
2966 3832
2966 4950
2967 3560
2967 3979
2967 4360
2967 4371
2967 4538
2967 4832
2967 4846
2967 4864
2967 4989
2968 3344
2968 3358
2968 3650
2968 4033
2968 4081
2968 4240
2968 4295
2968 4404
2968 4979
2969 3778
2969 3958
2969 4009
2969 4306
2969 4395
2970 3079
2970 3217
2970 3615
2970 4001
2970 4058
2970 4806
2971 4015
2971 4355
2972 4747
2972 4776
2972 4903
2973 3196
2973 3939
2974 4177
2974 4478
2974 4728
2974 4912
2975 3026
2975 3166
2975 3466
2975 4289
2975 4876
2976 3428
2976 4090
2976 4305
2976 4678
2977 3178
2977 3182
2977 4841
2977 4951
2978 3278
2978 3701
2978 4133
2978 4181
2979 3946
2979 4371
2980 3203
2980 3222
2980 3821
2980 3875
2980 4087
2980 4264
2980 4695
2980 4758
2980 4877
2981 3188
2981 4349
2981 4470
2982 4336
2983 4393
2983 4635
2983 4758
2983 4911
2983 4971
2984 3534
2984 3893
2984 4247
2984 4522
2984 4990
2985 3374
2985 3843
2985 4624
2985 4695
2986 3335
2986 3378
2986 3484
2986 3533
2986 3534
2986 4438
2986 4760
2987 3204
2987 3868
2987 3895
2987 3937
2987 4029
2987 4269
2988 3629
2988 4657
2988 4926
2989 3719
2989 4088
2989 4480
2990 3452
2990 3882
2990 4119
2990 4246
2990 4418
2990 4556
2990 4878
2991 3885
2991 4404
2991 4445
2991 4979
2992 3404
2992 3908
2993 4175
2993 4914
2994 3226
2994 4988
2995 3315
2995 4440
2995 4612
2995 4680
2995 4754
2996 4530
2996 4570
2998 3336
2998 3398
2998 3666
2998 3941
2998 4070
2998 4310
2998 4368
2998 4505
2998 4536
2999 3865
2999 4309
3000 3333
3000 3929
3000 4098
3000 4125
3001 3106
3001 3339
3001 3892
3001 4398
3002 3178
3002 3344
3002 3648
3002 4258
3003 3805
3003 3816
3004 3180
3004 3912
3004 4339
3004 4643
3005 3596
3005 3827
3006 3445
3006 4553
3006 4735
3006 4745
3006 4796
3006 4909
3007 3236
3007 4031
3007 4866
3008 3754
3008 4873
3009 3021
3009 3022
3009 4290
3009 4715
3009 4746
3010 3444
3010 4606
3011 3567
3011 3934
3011 4472
3011 4729
3012 3070
3012 3071
3012 4585
3012 4803
3013 3176
3013 4198
3013 4366
3013 4381
3014 3652
3014 3789
3014 3806
3014 3945
3014 4156
3015 3899
3015 3981
3015 4629
3015 4739
3016 3071
3016 3480
3016 4725
3017 3697
3017 3906
3018 3307
3018 4763
3018 4958
3019 3451
3019 3463
3019 4286
3019 4796
3020 3876
3020 3891
3020 4095
3020 4558
3021 3059
3021 3917
3021 4015
3021 4412
3021 4763
3022 3485
3022 4736
3023 3604
3023 3662
3023 3727
3024 3105
3024 3279
3024 3422
3024 4609
3024 4930
3024 4941
3025 3460
3025 3658
3025 4599
3026 3961
3026 4051
3026 4425
3026 4568
3026 4729
3027 3554
3027 4624
3027 4840
3028 4012
3028 4249
3028 4832
3029 3819
3029 4575
3029 4995
3030 3144
3030 4231
3030 4315
3030 4319
3031 3109
3031 3287
3031 4538
3031 4804
3032 3123
3032 4140
3032 4419
3033 3675
3034 3389
3034 3741
3034 3903
3034 4234
3034 4466
3035 3640
3036 3599
3036 3768
3036 3812
3036 4207
3036 4376
3036 4486
3037 4328
3037 4392
3037 4841
3038 3571
3039 3552
3039 4905
3040 3858
3040 4187
3040 4460
3040 4487
3040 4689
3041 3459
3041 3995
3041 4606
3041 4819
3041 4887
3042 3791
3042 4299
3042 4891
3044 3436
3044 4019
3044 4848
3045 3214
3045 3949
3045 3975
3046 3060
3046 3098
3046 3324
3046 3648
3046 3678
3046 4017
3046 4293
3047 3728
3049 4797
3050 4821
3051 3109
3051 3564
3051 3598
3051 3764
3051 4265
3051 4365
3051 4948
3052 3068
3052 3218
3052 3600
3052 4060
3052 4132
3053 4000
3054 3081
3054 3192
3054 3434
3054 4265
3054 4284
3055 3254
3055 3504
3055 3541
3055 3635
3055 3659
3055 4338
3056 3279
3056 3873
3056 3998
3056 4043
3056 4170
3056 4329
3056 4812
3056 4936
3057 3095
3057 3120
3057 4860
3057 4964
3058 3331
3058 4503
3058 4614
3059 4356
3059 4833
3059 4853
3060 3191
3060 3676
3060 4656
3060 4812
3061 3199
3061 3477
3061 3629
3061 3763
3061 4232
3061 4795
3061 4921
3062 3508
3062 3767
3062 3863
3062 4027
3063 3447
3063 3495
3063 4699
3063 4754
3064 3539
3065 4079
3065 4197
3065 4255
3065 4638
3066 3774
3067 3189
3067 4058
3067 4094
3067 4431
3067 4626
3067 4797
3068 3432
3068 3908
3069 3121
3069 3921
3069 4018
3069 4038
3070 3817
3070 4558
3071 4144
3071 4164
3071 4498
3072 4051
3072 4272
3072 4861
3073 3392
3073 3787
3073 3852
3073 4366
3073 4641
3074 3745
3074 4798
3075 3219
3075 3243
3075 3776
3075 4687
3076 3730
3076 4597
3076 4599
3077 3419
3078 3682
3078 4461
3078 4909
3079 3241
3079 4007
3079 4173
3079 4298
3079 4419
3079 4619
3080 3887
3080 4411
3080 4931
3081 3165
3082 3120
3082 3327
3083 3366
3083 3903
3084 3629
3084 4504
3084 4808
3085 3256
3085 3550
3085 4270
3085 4457
3085 4568
3086 3164
3086 3771
3086 3878
3086 4565
3087 3718
3087 3744
3087 4203
3087 4257
3088 3102
3088 3130
3088 3189
3088 3290
3088 3797
3088 3868
3088 4258
3088 4462
3088 4627
3088 4709
3089 3579
3089 4286
3089 4548
3090 3632
3090 4924
3091 3323
3092 3427
3092 3458
3092 3739
3092 4768
3092 4953
3092 4962
3093 3483
3093 4750
3094 3807
3094 4072
3094 4369
3094 4786
3094 4968
3095 4266
3095 4501
3095 4974
3096 3556
3096 3903
3096 4249
3097 3635
3097 3912
3097 4716
3098 3933
3098 3992
3098 4071
3099 3444
3100 3488
3100 4079
3100 4340
3100 4408
3100 4440
3100 4923
3101 4291
3101 4621
3102 3367
3102 3616
3102 3984
3102 4915
3103 3871
3103 4229
3103 4982
3104 3221
3104 3263
3104 4330
3104 4515
3105 4648
3105 4894
3105 4974
3105 4982
3106 3702
3106 4400
3106 4982
3107 3271
3107 3308
3107 3414
3108 3286
3108 3390
3108 3787
3108 4440
3108 4600
3110 3415
3110 3781
3110 3840
3110 3886
3110 4894
3111 3539
3111 4123
3111 4537
3112 3114
3112 3231
3113 3158
3113 4262
3113 4391
3113 4828
3114 4312
3114 4621
3115 3288
3115 3365
3115 4074
3115 4199
3116 3997
3117 4041
3117 4249
3118 3685
3118 3804
3118 4372
3118 4428
3118 4492
3118 4838
3118 4921
3119 3746
3119 4142
3119 4670
3120 3289
3120 4650
3120 4770
3120 4883
3121 3203
3121 3765
3121 4167
3121 4182
3121 4318
3121 4477
3122 3286
3122 4777
3122 4988
3123 3151
3123 3542
3123 3562
3123 3744
3123 4057
3123 4066
3123 4684
3123 4726
3123 4954
3124 3382
3124 3598
3124 3705
3124 4372
3124 4403
3125 3499
3125 4181
3126 3301
3127 4185
3127 4771
3128 3468
3128 3803
3128 4384
3128 4552
3129 3631
3129 3910
3129 4355
3130 3192
3130 4108
3130 4898
3131 3207
3131 3614
3131 4531
3132 3293
3132 4800
3133 3469
3133 3618
3133 3959
3133 4433
3133 4742
3134 3719
3134 4101
3134 4415
3135 4340
3136 3205
3136 3392
3136 3523
3136 4530
3136 4609
3136 4821
3137 3324
3137 3559
3137 3840
3137 4144
3137 4715
3137 4837
3138 3182
3138 3348
3138 4531
3139 3807
3139 3824
3139 3961
3139 4227
3139 4384
3140 3158
3140 4059
3140 4145
3141 4473
3142 3520
3142 4763
3143 3544
3143 3916
3143 4008
3143 4209
3144 3819
3144 4552
3144 4773
3144 4813
3144 4913
3145 4017
3146 3175
3146 3224
3146 4073
3146 4595
3146 4599
3146 4676
3147 4465
3147 4754
3148 3294
3148 4659
3148 4883
3149 3647
3149 4773
3150 3530
3150 3592
3150 3933
3150 4842
3151 4208
3151 4925
3152 3600
3152 4376
3152 4608
3153 3238
3153 3360
3153 4491
3154 3547
3154 3882
3155 3170
3155 3314
3155 3593
3155 4398
3155 4607
3155 4846
3155 4865
3156 4093
3156 4194
3156 4953
3157 3741
3157 4215
3158 3199
3158 3262
3158 3717
3158 3866
3158 3958
3158 4532
3158 4638
3158 4651
3159 3705
3159 4662
3159 4876
3159 4932
3160 3230
3160 3833
3160 3898
3160 4313
3161 3534
3161 4204
3161 4794
3162 3509
3162 4505
3162 4993
3163 4330
3163 4539
3163 4548
3163 4684
3163 4693
3163 4780
3164 3297
3164 3727
3164 4162
3164 4323
3164 4402
3164 4567
3164 4856
3165 4197
3165 4336
3166 4566
3166 4811
3166 4967
3167 4046
3167 4126
3167 4608
3168 3575
3168 3940
3168 4150
3169 4264
3170 3185
3170 3599
3170 4891
3171 3374
3171 3695
3171 4013
3171 4486
3172 3267
3172 3436
3172 4040
3173 3592
3173 4166
3173 4454
3173 4493
3173 4960
3174 3399
3174 3810
3174 4354
3174 4547
3175 3299
3175 3459
3175 3499
3175 3722
3175 4012
3175 4439
3175 4664
3175 4789
3176 3964
3176 4181
3176 4812
3177 4068
3177 4566
3177 4839
3178 4753
3179 3499
3179 4384
3179 4587
3179 4640
3180 4570
3181 3269
3181 4254
3181 4335
3181 4684
3181 4817
3182 4461
3183 4967
3184 3290
3184 3656
3184 4016
3184 4143
3184 4591
3185 3414
3185 3446
3185 3509
3185 4170
3185 4281
3185 4454
3185 4559
3186 4038
3186 4181
3187 3940
3187 3943
3187 3976
3187 3983
3187 4902
3188 4539
3188 4542
3188 4556
3189 3394
3189 3516
3189 3858
3189 4738
3190 3551
3190 3629
3190 3638
3191 4506
3192 3412
3192 3960
3192 4078
3192 4483
3192 4537
3192 4653
3192 4684
3193 3243
3193 3328
3193 4256
3193 4305
3194 4030
3194 4395
3194 4576
3195 3338
3195 3409
3195 3670
3195 4203
3195 4867
3196 3812
3196 4472
3196 4863
3197 4193
3197 4410
3197 4974
3198 3384
3198 3514
3198 3866
3198 4922
3199 3592
3199 3600
3199 3852
3199 4268
3199 4521
3199 4707
3200 3958
3201 3542
3201 3916
3201 3936
3201 4430
3201 4849
3202 3313
3202 3715
3202 3755
3202 4136
3202 4189
3203 3885
3203 4038
3203 4105
3203 4487
3204 3493
3204 4067
3204 4657
3205 3870
3205 4002
3205 4147
3206 3712
3206 4184
3206 4846
3206 4985
3207 3752
3207 4580
3207 4646
3208 3821
3208 4368
3208 4711
3209 3429
3209 3542
3209 3685
3209 4161
3209 4891
3210 4408
3210 4596
3210 4936
3212 4056
3212 4073
3212 4231
3212 4467
3212 4576
3213 3502
3215 3693
3215 4252
3215 4326
3215 4355
3215 4487
3215 4764
3215 4770
3215 4895
3216 3345
3216 3400
3216 4646
3216 4652
3217 3329
3217 3542
3217 4261
3217 4752
3218 3312
3218 3541
3218 3694
3218 4237
3218 4416
3218 4704
3219 3731
3219 4538
3220 3701
3220 3846
3220 4102
3220 4117
3220 4509
3221 3389
3221 3756
3222 3250
3222 4179
3223 3504
3223 3789
3223 3800
3223 4225
3224 3631
3224 4938
3225 4954
3226 3926
3226 4550
3226 4868
3226 4948
3227 3599
3227 4976
3228 3909
3228 4080
3228 4490
3229 3766
3229 3856
3229 4550
3230 3899
3230 3991
3230 4250
3230 4513
3230 4796
3231 4529
3232 4582
3232 4636
3232 4795
3233 3694
3233 4100
3234 4563
3235 3729
3235 3891
3235 4019
3235 4777
3235 4811
3236 4784
3237 3568
3237 3629
3237 3788
3237 4455
3237 4813
3238 3860
3238 4478
3238 4555
3238 4932
3238 4967
3239 3382
3239 3470
3239 4439
3239 4467
3240 3548
3240 4078
3240 4633
3240 4706
3240 4776
3240 4973
3241 3655
3241 3702
3241 3852
3241 4299
3241 4659
3242 3699
3242 4737
3243 3539
3243 3808
3243 4502
3244 4360
3244 4397
3244 4477
3245 3289
3245 3477
3245 3641
3245 3670
3245 3698
3245 3947
3245 4762
3245 4987
3246 3265
3246 3281
3246 4521
3247 3563
3247 4158
3247 4226
3247 4623
3248 3353
3248 3990
3248 4010
3248 4584
3249 3458
3249 3813
3249 4706
3249 4992
3250 3283
3250 3398
3250 3836
3251 3347
3251 4666
3251 4714
3251 4773
3251 5000
3252 4208
3252 4474
3252 4534
3253 4251
3253 4487
3253 4738
3253 4801
3254 3818
3255 3618
3255 3669
3255 4011
3255 4047
3255 4324
3255 4388
3256 3570
3257 3471
3257 3789
3257 3992
3258 3670
3258 4199
3258 4665
3258 4848
3259 4229
3259 4313
3259 4597
3259 4886
3260 3284
3260 3500
3260 3692
3260 3786
3260 3916
3261 3451
3261 3837
3261 3899
3261 4230
3261 4443
3261 4498
3262 3287
3262 4307
3262 4628
3262 5000
3263 4136
3263 4358
3264 3734
3264 4023
3265 3664
3265 4114
3265 4144
3265 4209
3265 4698
3266 3707
3266 4021
3266 4730
3267 3747
3267 3975
3268 3962
3268 4119
3269 3449
3269 4663
3269 4882
3271 3696
3271 3847
3271 4364
3273 3656
3273 3953
3273 4331
3274 3852
3274 4638
3275 4173
3275 4381
3275 4631
3276 4005
3276 4604
3276 4741
3277 4945
3277 4947
3278 3975
3278 4066
3278 4391
3278 4638
3279 4044
3279 4212
3279 4514
3280 4462
3281 3439
3281 4285
3281 4498
3281 4681
3281 4866
3282 3551
3282 3690
3282 4159
3282 4929
3283 3925
3283 4174
3283 4226
3283 4901
3284 4644
3285 4078
3286 4314
3286 4367
3286 4841
3287 4099
3287 4561
3288 4573
3289 3443
3289 3696
3289 3726
3289 3924
3289 4556
3289 4816
3289 4895
3290 3533
3290 3623
3290 3716
3290 4115
3290 4185
3290 4643
3290 4837
3290 4956
3291 4003
3291 4447
3291 4918
3291 4963
3292 4525
3292 4725
3292 4727
3293 3646
3293 3731
3293 4098
3293 4322
3293 4610
3293 4882
3294 3424
3294 3465
3294 3470
3294 3715
3294 4082
3294 4807
3295 3601
3295 3687
3295 3801
3295 4857
3297 3359
3297 3727
3297 3763
3297 4111
3297 4747
3298 3820
3298 4971
3299 3589
3299 3958
3299 4095
3299 4829
3300 3904
3300 4123
3301 4750
3302 3661
3302 3874
3302 4089
3302 4214
3302 4622
3304 3533
3304 3649
3304 3892
3304 4308
3304 4677
3304 4934
3305 4202
3306 3594
3306 3916
3306 4047
3306 4131
3307 3316
3307 3575
3307 4048
3307 4321
3307 4356
3307 4377
3308 4195
3309 4347
3309 4437
3309 4571
3310 4272
3310 4616
3310 4812
3310 4981
3311 4132
3311 4214
3311 4751
3311 4961
3312 3497
3312 3959
3312 4130
3313 3954
3313 4277
3313 4290
3313 4425
3314 3511
3314 3537
3314 4214
3314 4772
3315 3395
3315 3869
3316 3398
3316 3928
3316 4094
3316 4563
3316 4574
3316 4685
3316 4958
3319 3811
3319 3901
3319 4603
3319 4873
3320 3417
3320 3621
3320 4204
3320 4597
3320 4681
3321 4178
3322 3947
3322 4160
3323 3659
3323 4369
3324 3496
3324 3537
3324 4668
3325 3427
3325 3491
3325 4218
3325 4233
3325 4812
3325 4899
3325 4929
3326 3762
3326 4072
3326 4225
3327 3596
3327 3680
3327 4864
3327 5000
3328 3877
3328 3966
3328 4198
3329 3738
3329 3826
3329 3920
3329 4189
3329 4401
3330 3337
3330 3429
3330 3446
3330 3787
3330 4058
3330 4661
3330 4669
3331 3806
3331 4237
3331 4604
3331 4850
3332 3661
3332 4165
3332 4397
3333 3566
3333 4297
3334 3429
3334 3951
3334 4998
3335 3897
3335 3911
3335 4169
3335 4658
3335 4942
3336 3851
3336 3950
3336 4079
3336 4239
3336 4597
3337 3850
3337 3979
3337 4188
3337 4245
3337 4275
3338 4552
3339 4534
3340 3367
3340 3976
3340 4465
3340 4767
3341 3456
3341 3783
3341 3868
3341 3910
3341 3924
3341 4645
3342 4393
3342 4962
3343 3639
3343 4012
3343 4275
3343 4834
3344 3700
3344 4089
3344 4556
3344 4763
3346 3636
3346 3661
3347 3488
3347 3935
3347 4915
3348 3945
3348 4183
3348 4186
3349 3763
3349 4279
3349 4373
3350 3458
3350 4129
3350 4318
3350 4335
3351 3426
3351 3801
3352 3944
3352 4173
3352 4379
3352 4437
3353 3576
3354 3500
3354 3828
3354 3987
3354 4004
3355 3821
3355 4189
3355 4455
3355 4500
3355 4593
3356 4121
3356 4175
3357 3391
3357 3917
3357 4003
3357 4739
3358 4066
3358 4113
3358 4968
3359 3656
3359 3837
3359 4226
3359 4965
3360 3596
3360 4065
3360 4906
3361 3651
3361 4131
3361 4183
3361 4431
3361 4535
3362 3668
3362 3859
3362 3973
3363 3582
3363 3730
3363 3737
3363 4742
3364 3552
3364 4907
3365 3629
3366 3400
3366 3520
3366 4062
3366 4094
3366 4185
3366 4412
3366 4733
3367 4246
3367 4285
3368 3673
3368 4390
3369 3416
3369 4068
3369 4982
3370 3446
3370 3510
3370 3563
3370 4146
3371 3404
3371 3419
3371 3942
3371 4042
3371 4560
3371 4770
3372 3771
3372 4544
3372 4561
3372 4767
3373 3728
3373 4048
3373 4630
3373 4685
3373 4739
3374 3476
3374 3948
3374 4046
3375 4345
3376 3671
3376 4279
3377 3802
3377 4549
3377 4582
3377 4728
3378 3478
3378 4053
3378 4311
3378 4828
3379 3742
3379 4557
3379 4987
3380 3642
3380 3649
3380 3763
3380 4474
3381 3740
3381 4439
3381 4742
3381 4745
3382 3518
3382 3782
3383 3879
3383 4041
3383 4150
3383 4188
3383 4545
3384 3593
3384 3594
3384 4009
3384 4308
3384 4477
3385 3615
3385 3734
3385 3972
3385 4360
3386 3931
3387 4409
3387 4525
3388 3586
3388 4783
3389 4717
3390 3784
3390 4026
3390 4054
3390 4761
3391 3768
3391 4605
3391 4802
3391 4882
3391 4897
3392 3506
3392 3545
3392 3596
3392 3786
3392 4669
3393 3672
3393 3998
3393 4229
3394 3687
3394 3735
3394 4291
3394 4318
3394 4963
3395 3419
3395 3921
3395 4059
3395 4312
3395 4855
3396 4393
3396 4937
3397 3408
3397 4840
3397 4886
3397 4946
3398 3441
3398 3637
3398 3668
3398 3866
3398 4158
3398 4309
3398 4655
3398 4774
3398 4918
3398 4924
3399 3462
3399 3579
3399 3731
3399 4394
3400 4847
3401 3998
3402 3921
3402 4281
3403 3575
3403 3578
3403 3980
3403 4514
3404 3444
3405 4755
3405 4846
3406 3723
3406 3805
3406 4272
3406 4365
3406 4606
3406 4685
3406 4717
3407 3762
3407 3915
3407 4094
3407 4808
3408 3750
3408 3853
3408 3959
3408 4839
3409 3800
3409 4020
3409 4351
3410 3512
3410 3722
3410 3734
3410 3772
3410 4510
3411 3699
3411 4179
3412 4242
3412 4617
3412 4647
3412 4755
3413 3580
3413 3904
3414 3701
3414 4305
3414 4801
3416 4149
3416 4901
3416 4911
3417 3969
3417 4180
3417 4757
3417 4998
3418 4367
3418 4693
3418 4829
3419 4245
3419 4383
3419 4625
3420 3567
3420 3649
3420 3885
3420 3948
3420 4661
3420 4805
3421 3590
3421 3882
3421 4125
3422 3853
3422 4601
3423 4177
3423 4905
3424 3622
3424 4057
3424 4137
3424 4534
3424 4798
3425 3475
3425 3716
3425 3754
3425 4021
3425 4499
3426 4010
3426 4110
3426 4208
3426 4661
3427 3927
3427 4429
3428 4116
3428 4163
3428 4194
3429 4201
3429 4492
3430 4023
3430 4096
3431 3657
3431 3753
3431 4295
3431 4769
3431 4803
3432 3858
3432 4127
3433 4811
3434 4083
3434 4267
3435 3486
3435 3713
3435 4078
3436 3451
3437 3687
3437 3733
3437 4248
3438 4920
3439 3470
3439 3701
3439 3754
3439 4312
3439 4495
3439 4610
3439 4652
3439 4994
3441 4075
3441 4330
3441 4699
3441 4844
3442 3512
3442 3744
3442 3904
3442 4235
3442 4531
3442 4859
3443 3762
3443 3767
3443 4124
3444 3609
3444 3772
3444 4378
3444 4457
3444 4477
3444 4664
3444 4686
3445 3662
3445 4172
3445 4568
3446 3629
3446 4057
3446 4707
3447 3704
3447 4516
3448 3761
3448 4758
3449 3559
3449 3849
3449 3974
3449 4404
3449 4712
3449 4844
3450 3546
3450 3621
3450 4034
3450 4666
3451 3541
3451 3656
3451 3821
3451 4045
3451 4993
3452 4754
3452 4865
3453 3972
3453 4193
3455 3990
3455 4331
3456 3974
3456 4266
3456 4311
3456 4386
3457 3780
3457 4446
3458 3815
3458 4297
3458 4822
3458 4962
3459 3778
3459 4000
3459 4615
3460 4154
3460 4430
3460 4713
3460 4733
3460 4827
3461 3686
3461 4922
3462 3788
3462 3814
3462 4457
3462 4927
3463 4840
3464 3976
3465 4371
3465 4437
3465 4637
3465 4959
3466 3845
3466 4377
3466 4707
3467 3702
3467 4166
3467 4196
3468 3691
3468 4875
3468 4957
3469 4344
3470 3556
3470 3750
3470 4210
3470 4457
3470 4657
3471 3814
3471 4277
3471 4338
3471 4508
3471 4604
3472 3481
3472 3896
3472 4520
3473 3617
3473 3822
3473 4068
3474 3553
3474 3682
3474 3767
3474 4623
3474 4748
3474 4863
3475 3884
3475 4200
3475 4574
3475 4882
3476 3532
3476 3714
3477 3542
3477 4973
3478 4152
3478 4192
3478 4246
3478 4483
3478 4774
3479 3547
3479 3689
3479 4910
3479 4991
3480 3503
3480 3962
3480 4573
3480 4713
3480 4742
3481 4068
3481 4608
3481 4789
3482 4125
3482 4385
3482 4491
3482 4770
3482 4836
3485 4204
3485 4516
3485 4534
3485 4656
3485 4698
3485 4966
3486 3712
3486 3895
3486 4175
3486 4523
3486 4936
3487 4198
3488 4261
3489 3578
3489 4445
3489 4587
3490 3672
3490 4652
3491 3632
3493 4088
3494 3601
3494 3716
3494 4318
3494 4454
3495 3503
3495 4004
3495 4540
3495 4708
3495 4736
3496 3499
3496 4175
3496 4412
3496 4484
3499 3592
3499 3685
3499 4341
3500 3714
3500 3822
3500 4043
3500 4497
3501 4165
3501 4308
3502 4620
3502 4625
3502 4902
3503 3829
3503 4028
3503 4281
3504 3693
3504 4647
3505 3536
3505 3759
3506 4306
3506 4520
3507 4050
3507 4948
3508 3871
3509 3698
3509 3973
3509 4432
3509 4597
3510 4496
3510 4543
3510 4579
3510 4586
3510 4708
3511 4079
3512 3988
3512 4148
3512 4398
3513 3818
3513 4261
3513 4431
3514 4060
3514 4179
3515 4396
3515 4852
3516 3601
3516 4099
3517 3994
3517 4239
3517 4329
3517 4421
3517 4502
3519 4046
3519 4533
3519 4731
3520 3850
3520 4762
3521 3609
3521 4017
3521 4142
3521 4169
3521 4284
3522 4409
3522 4424
3522 4497
3523 3661
3523 3909
3523 4399
3524 4033
3524 4562
3525 4611
3526 3963
3526 4043
3526 4207
3527 4628
3528 3941
3528 4053
3528 4282
3528 4385
3529 4252
3529 4262
3530 3742
3530 4043
3530 4924
3531 3681
3531 3954
3531 4227
3533 3933
3533 4128
3533 4359
3533 4463
3533 4552
3534 4861
3535 4085
3535 4216
3535 4501
3535 4574
3535 4665
3536 4574
3536 4755
3537 4439
3537 4727
3538 3774
3538 3962
3538 4137
3538 4169
3538 4301
3538 4916
3539 3712
3539 3999
3539 4109
3539 4893
3540 3573
3540 3840
3540 4339
3540 4449
3540 4488
3541 4807
3542 4132
3542 4344
3543 3680
3543 3681
3543 3689
3543 4772
3543 4829
3544 3784
3544 3868
3544 3949
3544 4283
3544 4324
3545 3818
3545 4236
3546 3664
3546 4004
3546 4739
3546 4814
3547 3735
3547 3832
3547 4806
3548 4505
3548 4641
3550 3986
3550 4169
3550 4847
3550 4953
3551 3920
3552 3714
3552 3896
3552 4355
3552 4804
3553 4065
3553 4171
3553 4227
3553 4239
3553 4839
3554 4701
3555 4277
3556 3867
3556 4222
3556 4280
3556 4346
3557 4215
3557 4730
3558 3617
3558 3666
3558 3711
3558 3745
3558 3873
3558 3895
3558 4819
3559 3728
3559 4372
3559 4743
3559 4976
3560 4330
3560 4519
3560 4868
3561 4222
3561 4402
3561 4542
3561 4872
3561 4954
3562 3653
3562 4017
3563 4026
3563 4212
3564 4426
3564 4660
3564 4793
3565 3971
3565 4156
3565 4640
3565 4910
3567 4456
3567 4844
3568 3650
3568 3792
3568 4168
3569 3733
3569 4162
3569 4744
3570 3594
3570 3600
3570 4419
3571 3757
3571 3857
3571 4851
3572 3780
3572 3794
3572 3966
3573 4708
3574 4183
3574 4985
3575 3857
3575 3969
3575 4246
3575 4341
3575 4475
3575 4998
3576 4110
3576 4289
3576 4316
3576 4954
3577 3668
3577 3692
3577 3888
3577 4475
3577 4890
3577 4929
3578 3981
3579 3764
3579 4676
3579 4908
3579 5000
3580 3694
3580 3948
3580 4304
3580 4365
3580 4796
3580 4860
3581 3637
3581 3876
3581 4577
3581 4698
3582 3631
3582 4521
3582 4639
3582 4763
3583 3777
3583 4184
3583 4268
3583 4390
3583 4735
3583 4984
3584 3592
3584 3932
3584 4097
3584 4623
3584 4635
3586 3674
3586 4290
3586 4976
3587 3865
3587 4231
3587 4986
3588 3794
3588 3956
3588 4064
3588 4582
3588 4663
3589 3766
3589 3889
3589 4927
3590 3839
3590 4991
3591 3683
3591 4073
3591 4380
3591 4607
3592 3860
3592 4544
3592 4632
3592 4777
3593 4529
3593 4907
3593 4995
3594 3667
3594 3842
3595 3685
3595 4943
3595 4987
3596 3905
3596 4162
3596 4210
3596 4289
3596 4350
3597 4325
3597 4356
3597 4689
3598 3807
3598 4500
3599 3668
3599 4205
3599 4369
3599 4776
3600 4446
3601 3702
3601 4246
3603 4015
3603 4788
3604 3762
3604 3962
3604 4008
3604 4147
3604 4217
3604 4924
3605 3771
3605 3835
3605 4289
3605 4686
3605 4784
3606 3931
3606 4319
3606 4505
3606 4913
3606 5000
3607 3699
3607 4218
3607 4266
3608 3610
3608 3901
3609 4248
3609 4328
3609 4352
3609 4954
3610 3770
3610 3986
3610 4263
3610 4701
3611 3617
3611 3713
3611 4005
3611 4775
3611 4954
3612 3866
3612 4311
3612 4413
3612 4997
3613 4570
3614 3701
3614 4049
3614 4639
3614 4748
3615 4756
3617 3920
3617 4404
3618 3978
3618 4074
3618 4514
3619 4560
3620 3679
3620 3704
3620 3904
3620 4075
3620 4109
3620 4850
3621 3654
3623 4069
3623 4219
3623 4897
3623 4999
3624 3632
3624 3742
3625 3762
3625 3898
3625 4541
3625 4588
3626 4119
3626 4127
3626 4197
3626 4293
3626 4877
3627 3831
3627 4501
3627 4758
3627 4790
3628 3669
3628 3834
3628 3904
3628 4295
3628 4343
3628 4518
3628 4864
3629 4433
3630 4044
3630 4143
3630 4174
3630 4287
3630 4331
3630 4357
3631 4076
3631 4318
3631 4672
3631 4917
3632 3681
3632 4602
3632 4629
3633 4211
3633 4937
3634 4230
3634 4557
3634 4756
3635 3692
3635 4179
3635 4586
3636 3814
3636 4379
3636 4398
3636 4671
3636 4798
3636 4841
3637 4349
3637 4527
3638 3964
3638 4444
3639 3696
3639 4037
3639 4712
3640 4089
3641 3943
3642 3923
3642 4151
3643 4047
3643 4543
3643 4770
3644 4306
3644 4452
3644 4987
3646 3842
3646 4144
3646 4488
3647 3812
3647 4490
3648 3671
3648 3812
3648 4863
3649 3878
3649 3886
3649 4795
3650 3816
3650 3855
3650 4796
3651 3669
3651 4153
3651 4356
3651 4391
3652 4194
3653 3990
3653 4709
3653 4777
3653 4835
3653 4867
3654 3836
3654 4281
3654 4418
3656 4520
3656 4971
3657 3970
3657 4364
3657 4439
3658 4948
3659 4704
3660 4293
3661 3877
3661 3979
3662 3827
3663 3699
3663 3983
3663 4166
3663 4391
3663 4571
3663 4633
3663 4726
3663 4805
3663 4851
3664 4000
3664 4245
3664 4258
3665 3713
3665 3885
3665 4224
3665 4541
3665 4585
3665 4912
3666 3698
3666 3805
3666 4140
3666 4254
3667 4566
3667 4777
3667 4794
3668 4748
3669 4030
3669 4313
3670 4028
3670 4359
3670 4505
3670 4523
3670 4724
3670 4858
3671 3809
3671 4060
3671 4251
3671 4438
3671 4666
3672 4102
3672 4610
3672 4763
3673 3946
3673 4168
3673 4273
3673 4535
3673 4888
3674 3948
3674 4833
3675 4441
3675 4733
3675 4856
3676 4047
3676 4166
3676 4737
3677 4369
3677 4884
3678 4486
3678 4580
3679 3761
3679 3845
3679 4291
3680 3971
3680 4117
3680 4371
3680 4710
3680 4819
3681 4551
3681 4662
3682 3963
3682 4342
3682 4513
3682 4716
3683 4317
3683 4337
3683 4380
3684 4205
3684 4803
3684 4906
3685 4042
3685 4572
3686 3993
3686 4694
3686 4846
3687 3897
3687 4355
3687 4549
3688 3823
3688 3866
3688 3878
3688 4846
3689 3920
3689 4030
3689 4314
3689 4437
3689 4717
3690 4169
3690 4319
3691 4845
3692 4188
3692 4502
3694 3734
3694 3957
3696 4585
3697 3845
3698 3946
3698 4041
3698 4048
3698 4082
3698 4390
3698 4418
3698 4644
3698 4878
3698 4951
3699 3815
3699 3946
3699 4127
3700 3880
3701 3768
3701 4655
3701 4736
3701 4782
3702 4478
3703 4658
3704 4535
3704 4630
3705 3990
3705 4311
3705 4899
3706 3755
3706 3814
3707 3863
3707 4123
3707 4625
3707 4747
3707 4914
3708 3927
3708 4104
3708 4865
3709 3910
3709 4670
3710 4722
3710 4922
3711 4033
3711 4781
3712 3752
3712 3966
3712 4278
3713 3781
3713 4303
3714 4492
3715 4292
3715 4349
3715 4542
3716 4903
3717 4846
3718 4177
3720 4456
3721 3808
3721 4422
3722 4041
3722 4211
3722 4504
3724 3743
3724 3918
3724 4184
3726 4411
3726 4543
3726 4675
3726 4922
3726 4975
3727 4097
3727 4193
3727 4425
3728 3765
3729 3764
3729 4059
3730 3963
3731 4090
3731 4251
3731 4671
3732 3862
3733 4661
3733 4710
3734 4023
3734 4118
3734 4721
3734 4869
3736 4136
3736 4573
3736 4956
3737 3790
3737 4927
3737 4976
3738 3946
3738 4257
3738 4408
3739 4771
3739 4817
3739 4841
3739 4996
3740 4058
3740 4443
3740 4481
3740 4743
3741 4080
3742 4710
3743 3884
3744 3857
3744 4111
3744 4760
3746 3969
3746 4242
3746 4483
3746 4683
3747 3939
3747 4710
3748 4722
3749 3917
3749 4237
3749 4432
3749 4453
3749 4668
3750 4265
3750 4301
3750 4644
3750 4889
3751 3884
3751 4547
3751 4616
3752 4447
3752 4564
3752 4988
3753 3891
3753 4140
3754 3771
3754 4675
3755 3821
3755 4185
3755 4340
3755 4445
3755 4461
3756 4327
3756 4447
3756 4613
3757 4516
3759 3773
3760 4017
3760 4701
3761 4472
3761 4668
3761 4918
3761 4936
3762 3929
3762 4782
3763 4158
3763 4277
3763 4396
3763 4404
3764 4265
3765 4097
3765 4152
3765 4189
3765 4816
3766 3787
3766 3803
3767 4006
3767 4159
3767 4218
3767 4886
3768 3890
3768 3939
3768 3992
3768 4282
3768 4373
3768 4715
3768 4817
3769 4014
3769 4074
3769 4546
3770 4283
3770 4763
3770 4943
3771 4757
3772 4349
3773 3777
3773 4270
3774 4425
3775 4093
3775 4684
3776 4119
3776 4883
3777 3888
3777 4758
3777 4846
3778 4275
3778 4346
3778 4510
3778 4826
3779 3948
3779 4822
3779 4986
3780 4996
3781 3961
3782 4385
3782 4985
3783 4072
3784 3914
3784 4435
3784 4471
3784 4513
3784 4848
3785 4035
3785 4248
3785 4742
3785 4981
3786 4254
3786 4262
3786 4401
3786 4440
3786 4587
3787 4662
3788 3898
3788 4861
3788 4979
3789 3898
3789 4285
3790 4263
3790 4667
3790 4917
3791 4405
3791 4476
3791 4835
3791 4915
3792 4000
3792 4443
3792 4927
3793 3839
3794 3918
3794 4078
3794 4266
3795 4580
3795 4779
3796 4556
3797 4562
3798 4453
3799 4901
3800 4449
3801 3960
3802 3980
3802 4002
3802 4056
3802 4281
3802 4696
3803 3852
3803 4122
3803 4188
3803 4476
3804 3996
3805 3870
3805 3918
3806 4659
3807 4248
3807 4554
3808 4104
3808 4607
3808 4692
3808 4894
3809 3893
3809 3998
3809 4870
3809 4871
3810 4444
3810 4931
3811 3932
3811 4397
3811 4844
3812 3924
3812 3928
3812 4028
3812 4235
3813 4170
3814 3868
3814 4395
3814 4678
3815 4574
3816 3925
3816 4020
3816 4867
3817 4011
3817 4343
3818 4346
3818 4404
3818 4593
3818 4623
3819 4698
3820 4024
3820 4334
3821 4454
3821 4756
3822 4075
3822 4791
3823 4218
3823 4811
3824 4275
3825 4866
3826 4780
3827 4097
3827 4101
3827 4544
3827 4730
3828 3947
3828 4951
3829 4073
3829 4861
3829 4990
3830 4157
3830 4302
3830 4396
3830 5000
3831 4157
3831 4542
3832 4236
3833 4654
3833 4829
3834 4419
3834 4445
3834 4881
3834 4992
3836 4613
3836 4636
3836 4986
3837 4829
3838 3843
3838 4821
3838 4972
3839 4551
3839 4854
3840 4146
3840 4335
3840 4830
3840 4921
3841 4477
3842 4225
3843 4639
3844 4348
3844 4776
3844 4938
3845 4248
3845 4559
3845 4920
3846 4600
3846 4737
3847 4081
3847 4120
3848 3855
3848 3937
3848 4036
3848 4836
3849 4943
3850 4589
3850 4886
3851 4145
3851 4694
3852 3898
3852 4488
3853 4590
3853 4907
3853 4943
3854 4327
3854 4479
3854 4529
3854 4910
3855 4120
3856 4516
3857 3876
3857 4247
3858 3877
3858 4456
3859 3985
3859 4836
3861 3994
3861 4838
3862 4317
3862 4399
3862 4925
3862 4948
3863 4870
3864 4028
3864 4189
3864 4451
3864 4890
3865 4099
3865 4252
3865 4519
3866 4255
3867 4915
3868 4028
3869 4128
3869 4561
3870 4294
3870 4824
3871 4333
3871 4703
3872 3979
3872 4425
3872 4604
3872 4855
3873 4163
3873 4190
3874 4710
3875 4508
3875 4810
3876 4133
3876 4445
3876 4670
3876 4808
3877 4012
3877 4724
3877 4769
3877 4946
3878 4297
3879 4445
3880 3914
3880 4356
3880 4566
3880 4915
3881 4510
3881 4822
3881 4862
3882 4046
3882 4682
3883 4232
3883 4311
3883 4821
3883 4929
3885 3973
3885 4979
3886 4501
3886 4573
3887 4194
3888 3979
3888 4966
3889 4003
3889 4722
3890 4423
3890 4819
3891 3957
3891 4250
3891 4252
3891 4484
3891 4518
3891 4802
3891 4875
3893 4028
3893 4268
3893 4270
3893 4664
3893 4712
3893 4987
3894 4626
3895 4318
3895 4533
3896 4894
3896 4921
3897 4108
3898 4281
3898 4754
3899 4111
3900 4307
3900 4915
3901 4051
3901 4305
3901 4332
3901 4578
3901 4768
3902 4048
3902 4507
3902 4848
3903 4287
3903 4464
3903 4849
3903 4856
3903 4859
3904 4695
3905 4776
3907 4084
3907 4306
3908 4641
3909 4272
3909 4631
3909 4743
3909 4971
3910 4241
3911 4127
3912 4046
3912 4924
3913 4082
3913 4683
3914 4772
3915 4727
3916 4597
3916 4815
3917 4878
3918 4099
3918 4121
3918 4253
3918 4483
3918 4891
3918 4893
3919 3971
3919 4064
3919 4176
3920 4299
3920 4495
3920 4867
3920 4875
3921 4436
3921 4795
3921 4963
3922 4566
3923 4011
3923 4267
3923 4563
3923 4662
3926 4017
3926 4875
3927 4055
3927 4609
3928 4017
3928 4040
3928 4503
3929 4961
3930 4608
3931 4576
3931 4811
3932 4111
3932 4174
3933 3961
3933 3989
3934 4451
3935 4702
3936 4417
3936 4963
3938 4482
3941 4570
3942 4568
3942 4701
3942 4725
3943 4236
3943 4583
3943 4713
3944 4021
3944 4600
3944 4650
3945 3946
3945 3947
3945 4076
3945 4857
3946 4557
3946 4987
3947 4066
3947 4137
3949 3952
3949 4269
3949 4852
3950 4049
3950 4574
3951 4216
3951 4383
3951 4839
3952 4267
3953 4283
3953 4366
3953 4450
3953 4868
3954 4167
3954 4393
3954 4576
3955 4371
3956 4538
3957 4209
3957 4765
3958 4061
3958 4202
3958 4960
3959 4160
3959 4674
3960 4712
3961 4442
3962 4793
3962 4809
3962 4946
3964 4004
3964 4101
3964 4152
3964 4633
3965 4289
3965 4492
3965 4890
3966 4408
3966 4514
3966 4823
3967 4130
3967 4686
3967 4707
3968 4007
3968 4673
3969 4298
3969 4961
3970 4377
3970 4616
3970 4939
3971 4588
3971 4697
3971 4739
3972 4072
3973 4216
3973 4513
3974 4913
3976 4027
3976 4398
3976 4528
3976 4572
3977 4355
3977 4707
3977 4726
3977 4988
3978 4179
3978 4333
3979 4154
3979 4183
3979 4332
3979 4826
3980 4355
3980 4398
3980 4809
3981 4122
3981 4144
3981 4262
3981 4710
3982 4399
3982 4955
3984 4828
3984 4854
3985 4096
3986 4950
3987 4118
3987 4465
3988 4361
3988 4446
3989 4020
3989 4347
3990 4085
3990 4319
3990 4459
3990 4586
3991 4134
3991 4305
3992 4172
3993 4130
3993 4414
3993 4536
3994 4677
3994 4955
3994 4969
3995 4377
3995 4994
3996 4563
3997 4583
3997 4592
3997 4665
3997 4835
3998 4357
3999 4697
3999 4957
4000 4042
4000 4344
4002 4028
4002 4075
4004 4244
4004 4370
4004 4399
4005 4297
4005 4431
4007 4164
4008 4464
4009 4623
4009 4712
4009 4877
4009 4919
4011 4738
4011 4752
4011 4774
4011 4859
4012 4906
4013 4843
4014 4367
4015 4594
4015 4838
4015 4899
4016 4222
4016 4671
4017 4768
4017 4787
4018 4641
4018 4940
4019 4501
4019 4991
4020 4051
4020 4354
4020 4995
4021 4179
4021 4376
4021 4459
4021 4631
4021 4698
4021 4862
4022 4318
4022 4894
4023 4221
4023 4677
4024 4280
4024 4785
4025 4094
4025 4130
4025 4305
4025 4587
4025 4669
4026 4652
4026 4694
4028 4315
4028 4773
4029 4394
4031 4032
4031 4091
4031 4927
4032 4723
4033 4583
4034 4558
4034 4981
4035 4393
4036 4124
4036 4147
4036 4302
4037 4481
4038 4122
4038 4258
4039 4220
4039 4663
4040 4106
4042 4109
4043 4095
4044 4260
4044 4631
4044 4865
4045 4330
4045 4732
4046 4476
4047 4429
4047 4567
4047 4896
4048 4213
4048 4295
4049 4330
4049 4609
4049 4747
4051 4552
4051 4901
4053 4812
4054 4848
4054 4893
4055 4280
4055 4479
4055 4606
4055 4642
4055 4714
4059 4292
4059 4910
4061 4343
4062 4591
4062 4695
4062 4820
4062 4884
4063 4689
4066 4214
4066 4637
4066 4993
4068 4087
4068 4690
4068 4704
4069 4077
4069 4337
4069 4340
4069 4682
4070 4518
4071 4313
4071 4475
4071 4898
4071 4980
4072 4182
4072 4435
4072 4905
4073 4877
4074 4867
4075 4373
4075 4717
4078 4554
4078 4782
4080 4102
4080 4157
4080 4776
4080 4924
4081 4407
4081 4701
4081 4843
4083 4556
4083 4655
4084 4618
4085 4502
4085 4994
4087 4602
4087 4666
4087 4745
4087 4778
4087 4842
4088 4454
4088 4629
4088 4666
4090 4521
4090 4783
4091 4794
4092 4101
4093 4253
4094 4974
4095 4578
4095 4592
4096 4104
4096 4441
4096 4696
4098 4623
4099 4337
4099 4526
4100 4999
4102 4201
4102 4416
4102 4898
4103 4265
4103 4877
4104 4833
4106 4381
4108 4345
4108 4348
4108 4461
4108 4495
4108 4579
4108 4944
4109 4116
4109 4217
4109 4284
4109 4863
4110 4118
4110 4753
4111 4138
4113 4288
4113 4757
4114 4285
4114 4923
4115 4478
4117 4263
4117 4936
4118 4409
4118 4580
4118 4588
4118 4648
4118 4671
4119 4131
4119 4202
4119 4555
4120 4129
4121 4549
4121 4720
4121 4899
4122 4505
4122 4879
4123 4756
4123 4885
4124 4287
4125 4586
4125 4946
4127 4212
4127 4392
4128 4223
4128 4456
4128 4524
4129 4940
4129 4952
4130 4535
4130 4850
4131 4296
4131 4378
4132 4743
4134 4646
4134 4919
4136 4714
4137 4147
4137 4251
4138 4730
4140 4851
4141 4252
4141 4311
4141 4325
4142 4234
4142 4303
4142 4530
4142 4540
4143 4512
4144 4304
4145 4304
4145 4576
4146 4716
4147 4910
4148 4313
4148 4835
4148 4848
4149 4375
4149 4411
4149 4998
4150 4207
4150 4981
4150 4998
4152 4899
4153 4207
4154 4280
4154 4816
4154 4972
4155 4306
4156 4451
4156 4843
4157 4671
4158 4550
4159 4416
4159 4706
4160 4558
4161 4335
4161 4981
4162 4432
4162 4638
4162 4967
4164 4248
4164 4332
4165 4413
4167 4290
4169 4408
4169 4933
4170 4202
4170 4405
4171 4637
4173 4442
4173 4456
4173 4875
4174 4294
4174 4604
4174 4843
4175 4333
4175 4671
4175 4755
4175 4794
4175 4811
4176 4479
4177 4200
4177 4333
4177 4341
4178 4312
4179 4895
4180 4785
4180 4843
4180 4986
4181 4328
4183 4306
4183 4716
4183 4834
4184 4322
4184 4842
4185 4680
4186 4264
4186 4447
4187 4331
4187 4345
4187 4531
4188 4465
4188 4639
4191 4774
4192 4282
4192 4822
4195 4766
4196 4310
4196 4858
4197 4207
4197 4819
4197 4921
4198 4575
4198 4667
4199 4219
4199 4360
4199 4971
4200 4257
4200 4625
4200 4666
4200 4705
4202 4404
4202 4682
4203 4207
4203 4342
4203 4688
4205 4640
4206 4578
4206 4988
4207 4303
4207 4469
4207 4603
4207 4967
4208 4525
4209 4701
4209 4967
4210 4749
4211 4374
4212 4318
4212 4457
4212 4606
4213 4295
4213 4378
4213 4638
4215 4248
4215 4910
4215 4978
4217 4369
4217 4751
4218 4697
4220 4511
4220 4748
4221 4904
4222 4831
4223 4797
4224 4987
4226 4565
4227 4241
4227 4268
4227 4808
4228 4881
4229 4488
4229 4495
4229 4615
4229 4963
4230 4344
4230 4428
4230 4608
4231 4489
4232 4617
4232 4760
4232 4913
4233 4385
4233 4714
4234 4430
4234 4452
4235 4500
4235 4505
4235 4577
4235 4972
4236 4760
4238 4650
4238 4778
4239 4270
4239 4377
4239 4542
4239 4600
4240 4557
4240 4876
4241 4536
4241 4647
4243 4574
4243 4737
4245 4316
4245 4333
4247 4332
4247 4535
4247 4790
4247 4914
4248 4937
4250 4513
4251 4292
4251 4387
4251 4493
4251 4664
4252 4681
4252 4697
4253 4347
4253 4833
4253 4961
4253 4971
4254 4884
4254 4924
4256 4368
4256 4516
4257 4340
4257 4407
4257 4713
4257 4932
4259 4840
4260 4559
4260 4634
4260 4746
4261 4262
4261 4435
4261 4568
4261 4797
4262 4819
4262 4992
4263 4849
4264 4369
4265 4276
4266 4469
4266 4539
4266 4627
4267 4594
4267 4611
4267 4779
4268 4772
4269 4485
4269 4881
4272 4440
4272 4663
4273 4817
4274 4396
4275 4933
4276 4319
4276 4702
4276 4899
4276 4963
4277 4940
4278 4316
4278 4400
4280 4740
4281 4983
4282 4422
4282 4729
4283 4635
4283 4786
4283 4971
4284 4296
4284 4894
4285 4391
4285 4430
4285 4873
4287 4419
4288 4367
4288 4621
4289 4990
4290 4528
4291 4498
4291 4784
4291 4876
4293 4977
4295 4325
4296 4498
4296 4856
4296 4904
4297 4360
4297 4401
4297 4540
4297 4677
4297 4901
4298 4388
4298 4417
4298 4646
4298 4969
4298 4991
4299 4382
4299 4423
4300 4416
4303 4481
4305 4322
4305 4963
4306 4308
4306 4435
4307 4500
4307 4765
4308 4633
4308 4670
4311 4920
4312 4908
4314 4977
4316 4928
4317 4844
4319 4554
4319 4737
4319 4802
4320 4488
4320 4526
4320 4803
4320 4969
4322 4357
4322 4733
4324 4882
4325 4598
4326 4727
4326 4750
4327 4993
4328 4478
4328 4547
4328 4806
4330 4898
4331 4509
4331 4542
4331 4565
4331 4825
4333 4356
4333 4361
4334 4789
4335 4337
4335 4460
4335 4541
4335 4792
4336 4669
4338 4466
4339 4503
4340 4400
4340 4959
4341 4490
4342 4435
4342 4563
4342 4624
4342 4982
4342 4993
4343 4846
4343 4868
4345 4514
4345 4587
4345 4873
4346 4498
4346 4502
4346 4570
4347 4950
4351 4516
4351 4561
4352 4561
4352 4749
4354 4610
4354 4873
4354 4936
4356 4749
4356 4751
4357 4415
4357 4916
4357 4956
4357 4992
4358 4439
4358 4972
4359 4790
4360 4811
4361 4447
4362 4485
4362 4654
4365 4402
4365 4797
4366 4549
4366 4676
4366 4731
4366 4777
4367 4419
4367 4627
4367 4671
4368 4517
4368 4533
4371 4805
4371 4994
4372 4939
4373 4480
4374 4907
4375 4445
4375 4475
4375 4874
4375 4920
4375 4987
4376 4607
4379 4452
4379 4690
4380 4539
4381 4572
4381 4632
4381 4818
4381 4878
4382 4603
4384 4875
4385 4613
4385 4866
4386 4659
4387 4694
4389 4400
4389 4502
4392 4561
4392 4776
4393 4617
4394 4487
4395 4853
4397 4712
4397 4764
4398 4628
4399 4732
4400 4447
4401 4902
4404 4557
4405 4655
4405 4809
4405 4975
4406 4417
4406 4925
4406 4959
4407 4442
4407 4779
4409 4674
4410 4623
4411 4467
4412 4806
4414 4469
4414 4558
4415 4824
4416 4703
4416 4945
4419 4780
4419 4963
4420 4939
4420 4962
4421 4855
4421 4939
4422 4494
4422 4776
4422 4851
4422 5000
4423 4957
4424 4453
4424 4456
4424 4745
4424 4860
4425 4587
4427 4909
4430 4898
4431 4604
4432 4891
4438 4472
4438 4673
4438 4963
4438 4999
4439 4495
4440 4976
4443 4824
4444 4652
4444 4958
4445 4817
4447 4736
4447 4988
4448 4549
4448 4914
4450 4772
4450 4987
4455 4996
4456 4852
4457 4507
4457 4516
4457 4875
4457 4879
4458 4655
4458 4898
4460 4577
4460 4758
4461 4828
4462 4901
4463 4520
4464 4575
4467 4596
4467 4961
4468 4915
4468 4969
4468 4993
4469 4796
4471 4972
4473 4763
4474 4653
4475 4606
4478 4481
4479 4858
4479 4862
4480 4671
4480 4727
4480 4928
4483 4644
4485 4592
4485 4627
4485 4741
4485 4918
4486 4911
4487 4676
4487 4698
4487 4794
4488 4497
4488 4731
4488 4872
4491 4534
4491 4863
4493 4596
4494 4602
4494 4709
4494 4944
4494 4952
4496 4611
4496 4740
4498 4638
4498 4677
4498 4695
4499 4924
4500 4609
4500 4748
4501 4765
4502 4552
4502 4598
4502 4800
4502 4853
4503 4808
4504 4798
4504 4824
4505 4718
4506 4520
4506 4532
4506 4616
4507 4549
4507 4833
4509 4911
4511 4581
4511 4653
4514 4699
4517 4637
4517 4947
4518 4607
4518 4812
4519 4947
4520 4755
4520 4928
4521 4644
4521 4768
4522 4802
4522 4884
4523 4549
4523 4791
4524 4573
4527 4683
4527 4749
4528 4674
4528 4726
4529 4663
4530 4703
4530 4799
4530 4962
4532 4808
4535 4725
4535 4866
4535 4904
4536 4831
4537 4589
4537 4624
4540 4748
4540 4931
4541 4663
4542 4674
4543 4644
4543 4854
4544 4674
4544 4977
4546 4718
4546 4919
4547 4658
4547 4865
4547 4996
4548 4781
4553 4577
4553 4622
4553 4741
4555 4705
4556 4631
4556 4886
4557 4882
4560 4883
4562 4985
4564 4642
4564 4879
4565 4620
4565 4642
4565 4646
4566 4615
4566 4839
4566 4889
4567 4744
4569 4901
4570 4606
4570 4739
4570 4782
4570 4888
4571 4853
4574 4723
4575 4915
4577 4885
4579 4956
4582 4814
4584 4721
4584 4924
4585 4844
4588 4592
4590 4814
4594 4633
4595 4664
4595 4789
4595 4977
4600 4677
4601 4754
4602 4787
4604 4937
4605 4634
4606 4823
4607 4858
4607 4864
4608 4633
4608 4665
4613 4651
4614 4762
4615 4768
4615 4834
4616 4931
4620 4937
4621 4633
4621 4777
4622 4831
4622 4920
4627 4944
4628 4913
4630 5000
4631 4659
4631 4843
4633 4662
4633 4789
4634 4679
4638 4778
4638 4910
4639 4798
4640 4954
4644 4667
4647 4906
4648 4941
4650 4888
4650 4890
4650 4963
4652 4819
4653 4986
4654 4673
4654 4822
4655 4909
4656 4683
4657 4918
4658 4963
4659 4981
4661 4992
4662 4777
4662 4870
4667 4701
4670 4854
4674 4821
4674 4963
4677 4738
4677 4860
4678 4691
4678 4761
4679 4734
4682 4739
4683 4687
4684 4694
4684 4828
4684 4854
4688 4956
4696 4943
4697 4707
4699 4763
4700 4811
4701 4710
4702 4739
4702 4995
4708 4889
4709 4759
4709 4848
4710 4946
4711 4789
4712 4990
4714 4750
4715 4775
4715 4816
4716 4905
4721 4965
4725 4861
4727 4829
4731 4883
4734 4778
4740 4849
4741 4787
4741 4848
4744 4753
4744 4932
4748 4982
4751 4833
4752 4808
4758 4842
4759 4794
4768 4818
4769 4841
4771 4832
4772 4930
4775 4995
4777 4909
4781 4818
4784 4787
4785 4906
4790 4946
4790 4987
4792 4960
4793 4983
4796 4815
4796 4996
4807 4942
4818 5000
4820 4927
4820 4933
4823 4878
4823 4920
4829 4932
4830 4956
4836 4976
4837 4909
4837 4996
4841 4903
4844 4962
4845 4924
4850 4873
4851 4999
4852 4880
4852 4914
4853 4985
4856 4881
4865 4901
4869 4879
4876 4885
4886 4997
4891 4998
4899 4996
4902 4906
4904 4982
4905 4998
4908 4988
4911 4920
4913 4967
4925 4976
4933 4941
4936 4961
4939 4979
4939 4986
4976 4994
